2026-03-14 10:45:57 | INFO | Starting new run with seed 0
2026-03-14 10:45:57 | INFO | Starting new run with seed 0
2026-03-14 10:46:15 | INFO | Model forward ContrastiveModel(
  (encoder): CNNEncoder(
    (cnn_layers): Sequential(
      (0): Conv1d(1, 32, kernel_size=(10,), stride=(1,))
      (1): BatchNorm1d(32, eps=1e-05, momentum=0.1, affine=True, track_running_stats=True)
      (2): ReLU()
      (3): MaxPool1d(kernel_size=2, stride=2, padding=0, dilation=1, ceil_mode=False)
      (4): Dropout(p=0.1, inplace=False)
      (5): Conv1d(32, 64, kernel_size=(10,), stride=(1,))
      (6): BatchNorm1d(64, eps=1e-05, momentum=0.1, affine=True, track_running_stats=True)
      (7): ReLU()
      (8): MaxPool1d(kernel_size=2, stride=2, padding=0, dilation=1, ceil_mode=False)
      (9): Dropout(p=0.1, inplace=False)
      (10): Conv1d(64, 128, kernel_size=(10,), stride=(1,))
      (11): BatchNorm1d(128, eps=1e-05, momentum=0.1, affine=True, track_running_stats=True)
      (12): ReLU()
      (13): MaxPool1d(kernel_size=2, stride=2, padding=0, dilation=1, ceil_mode=False)
      (14): Dropout(p=0.1, inplace=False)
      (15): Conv1d(128, 256, kernel_size=(10,), stride=(1,))
      (16): BatchNorm1d(256, eps=1e-05, momentum=0.1, affine=True, track_running_stats=True)
      (17): ReLU()
      (18): MaxPool1d(kernel_size=2, stride=2, padding=0, dilation=1, ceil_mode=False)
      (19): Dropout(p=0.1, inplace=False)
    )
    (linear_layer): Sequential(
      (0): Linear(in_features=18176, out_features=64, bias=True)
      (1): ReLU()
    )
  )
  (projection_head): Sequential(
    (0): Linear(in_features=64, out_features=32, bias=True)
    (1): BatchNorm1d(32, eps=1e-05, momentum=0.1, affine=True, track_running_stats=True)
  )
  (loss_fn): NCELoss()
)
2026-03-14 10:46:15 | INFO | Model forward ContrastiveModel(
  (encoder): CNNEncoder(
    (cnn_layers): Sequential(
      (0): Conv1d(1, 32, kernel_size=(10,), stride=(1,))
      (1): BatchNorm1d(32, eps=1e-05, momentum=0.1, affine=True, track_running_stats=True)
      (2): ReLU()
      (3): MaxPool1d(kernel_size=2, stride=2, padding=0, dilation=1, ceil_mode=False)
      (4): Dropout(p=0.1, inplace=False)
      (5): Conv1d(32, 64, kernel_size=(10,), stride=(1,))
      (6): BatchNorm1d(64, eps=1e-05, momentum=0.1, affine=True, track_running_stats=True)
      (7): ReLU()
      (8): MaxPool1d(kernel_size=2, stride=2, padding=0, dilation=1, ceil_mode=False)
      (9): Dropout(p=0.1, inplace=False)
      (10): Conv1d(64, 128, kernel_size=(10,), stride=(1,))
      (11): BatchNorm1d(128, eps=1e-05, momentum=0.1, affine=True, track_running_stats=True)
      (12): ReLU()
      (13): MaxPool1d(kernel_size=2, stride=2, padding=0, dilation=1, ceil_mode=False)
      (14): Dropout(p=0.1, inplace=False)
      (15): Conv1d(128, 256, kernel_size=(10,), stride=(1,))
      (16): BatchNorm1d(256, eps=1e-05, momentum=0.1, affine=True, track_running_stats=True)
      (17): ReLU()
      (18): MaxPool1d(kernel_size=2, stride=2, padding=0, dilation=1, ceil_mode=False)
      (19): Dropout(p=0.1, inplace=False)
    )
    (linear_layer): Sequential(
      (0): Linear(in_features=18176, out_features=64, bias=True)
      (1): ReLU()
    )
  )
  (projection_head): Sequential(
    (0): Linear(in_features=64, out_features=32, bias=True)
    (1): BatchNorm1d(32, eps=1e-05, momentum=0.1, affine=True, track_running_stats=True)
  )
  (loss_fn): NCELoss()
)
2026-03-14 10:47:13 | INFO | [Epoch 000] total_loss=8.426427, Lr0=0.001000, time=57.80s
2026-03-14 10:47:13 | INFO | Best model logged 8.426426887512207
2026-03-14 10:48:01 | INFO | [Epoch 001] total_loss=7.209098, Lr0=0.001000, time=48.10s
2026-03-14 10:48:01 | INFO | Best model logged 7.209097862243652
2026-03-14 10:48:49 | INFO | [Epoch 002] total_loss=6.662164, Lr0=0.001000, time=47.70s
2026-03-14 10:48:49 | INFO | Best model logged 6.662164211273193
2026-03-14 10:49:36 | INFO | [Epoch 003] total_loss=6.560104, Lr0=0.001000, time=47.19s
2026-03-14 10:49:36 | INFO | Best model logged 6.5601043701171875
2026-03-14 10:50:24 | INFO | [Epoch 004] total_loss=6.555343, Lr0=0.001000, time=47.35s
2026-03-14 10:50:24 | INFO | Best model logged 6.555342674255371
2026-03-14 10:51:12 | INFO | [Epoch 005] total_loss=6.381335, Lr0=0.001000, time=47.69s
2026-03-14 10:51:12 | INFO | Best model logged 6.3813347816467285
2026-03-14 10:51:59 | INFO | [Epoch 006] total_loss=6.283160, Lr0=0.001000, time=47.00s
2026-03-14 10:51:59 | INFO | Best model logged 6.283160209655762
2026-03-14 10:52:46 | INFO | [Epoch 007] total_loss=6.243450, Lr0=0.001000, time=46.93s
2026-03-14 10:52:46 | INFO | Best model logged 6.243450164794922
2026-03-14 10:53:33 | INFO | [Epoch 008] total_loss=6.257747, Lr0=0.001000, time=47.29s
2026-03-14 10:54:21 | INFO | [Epoch 009] total_loss=6.216917, Lr0=0.001000, time=47.67s
2026-03-14 10:54:21 | INFO | Best model logged 6.216917037963867
2026-03-14 10:55:08 | INFO | [Epoch 010] total_loss=6.199637, Lr0=0.001000, time=47.04s
2026-03-14 10:55:08 | INFO | Best model logged 6.199637413024902
2026-03-14 10:55:55 | INFO | [Epoch 011] total_loss=6.136220, Lr0=0.001000, time=47.11s
2026-03-14 10:55:55 | INFO | Best model logged 6.136220455169678
2026-03-14 10:56:43 | INFO | [Epoch 012] total_loss=6.051981, Lr0=0.001000, time=48.02s
2026-03-14 10:56:43 | INFO | Best model logged 6.051980972290039
2026-03-14 10:57:30 | INFO | [Epoch 013] total_loss=6.015517, Lr0=0.001000, time=47.18s
2026-03-14 10:57:30 | INFO | Best model logged 6.015517234802246
2026-03-14 10:58:18 | INFO | [Epoch 014] total_loss=5.943827, Lr0=0.001000, time=47.38s
2026-03-14 10:58:18 | INFO | Best model logged 5.943827152252197
2026-03-14 10:59:06 | INFO | [Epoch 015] total_loss=5.876505, Lr0=0.001000, time=48.03s
2026-03-14 10:59:06 | INFO | Best model logged 5.876505374908447
2026-03-14 10:59:55 | INFO | [Epoch 016] total_loss=5.835953, Lr0=0.001000, time=48.84s
2026-03-14 10:59:55 | INFO | Best model logged 5.8359527587890625
2026-03-14 11:00:43 | INFO | [Epoch 017] total_loss=5.802072, Lr0=0.001000, time=48.07s
2026-03-14 11:00:43 | INFO | Best model logged 5.802071571350098
2026-03-14 11:01:32 | INFO | [Epoch 018] total_loss=5.766903, Lr0=0.001000, time=48.83s
2026-03-14 11:01:32 | INFO | Best model logged 5.766902923583984
2026-03-14 11:02:20 | INFO | [Epoch 019] total_loss=5.665638, Lr0=0.001000, time=48.45s
2026-03-14 11:02:20 | INFO | Best model logged 5.665637969970703
2026-03-14 11:03:09 | INFO | [Epoch 020] total_loss=5.413281, Lr0=0.001000, time=48.12s
2026-03-14 11:03:09 | INFO | Best model logged 5.413281440734863
2026-03-14 11:03:57 | INFO | [Epoch 021] total_loss=5.273438, Lr0=0.001000, time=48.01s
2026-03-14 11:03:57 | INFO | Best model logged 5.2734375
2026-03-14 11:04:45 | INFO | [Epoch 022] total_loss=5.121653, Lr0=0.001000, time=47.96s
2026-03-14 11:04:45 | INFO | Best model logged 5.121653079986572
2026-03-14 11:05:33 | INFO | [Epoch 023] total_loss=4.992581, Lr0=0.001000, time=48.06s
2026-03-14 11:05:33 | INFO | Best model logged 4.992580890655518
2026-03-14 11:06:20 | INFO | [Epoch 024] total_loss=4.845818, Lr0=0.001000, time=47.68s
2026-03-14 11:06:21 | INFO | Best model logged 4.845818042755127
2026-03-14 11:07:08 | INFO | [Epoch 025] total_loss=4.780990, Lr0=0.001000, time=47.43s
2026-03-14 11:07:08 | INFO | Best model logged 4.780989646911621
2026-03-14 11:07:56 | INFO | [Epoch 026] total_loss=4.673076, Lr0=0.001000, time=48.12s
2026-03-14 11:07:56 | INFO | Best model logged 4.6730756759643555
2026-03-14 11:08:44 | INFO | [Epoch 027] total_loss=4.583479, Lr0=0.001000, time=48.20s
2026-03-14 11:08:44 | INFO | Best model logged 4.583478927612305
2026-03-14 11:09:32 | INFO | [Epoch 028] total_loss=4.549768, Lr0=0.001000, time=47.22s
2026-03-14 11:09:32 | INFO | Best model logged 4.549768447875977
2026-03-14 11:10:20 | INFO | [Epoch 029] total_loss=4.507123, Lr0=0.001000, time=47.56s
2026-03-14 11:10:20 | INFO | Best model logged 4.5071234703063965
2026-03-14 11:11:08 | INFO | [Epoch 030] total_loss=4.451725, Lr0=0.001000, time=48.62s
2026-03-14 11:11:08 | INFO | Best model logged 4.451725006103516
2026-03-14 11:11:56 | INFO | [Epoch 031] total_loss=4.454634, Lr0=0.001000, time=47.68s
2026-03-14 11:12:44 | INFO | [Epoch 032] total_loss=4.406789, Lr0=0.001000, time=48.15s
2026-03-14 11:12:44 | INFO | Best model logged 4.4067888259887695
2026-03-14 11:13:32 | INFO | [Epoch 033] total_loss=4.352098, Lr0=0.001000, time=47.36s
2026-03-14 11:13:32 | INFO | Best model logged 4.352097988128662
2026-03-14 11:14:20 | INFO | [Epoch 034] total_loss=4.389584, Lr0=0.001000, time=48.30s
2026-03-14 11:15:08 | INFO | [Epoch 035] total_loss=4.334166, Lr0=0.001000, time=47.95s
2026-03-14 11:15:08 | INFO | Best model logged 4.334166049957275
2026-03-14 11:15:55 | INFO | [Epoch 036] total_loss=4.375559, Lr0=0.001000, time=47.35s
2026-03-14 11:16:43 | INFO | [Epoch 037] total_loss=4.300157, Lr0=0.001000, time=47.58s
2026-03-14 11:16:43 | INFO | Best model logged 4.300156593322754
2026-03-14 11:17:31 | INFO | [Epoch 038] total_loss=4.308993, Lr0=0.001000, time=48.38s
2026-03-14 11:18:20 | INFO | [Epoch 039] total_loss=4.244379, Lr0=0.001000, time=48.29s
2026-03-14 11:18:20 | INFO | Best model logged 4.244379043579102
2026-03-14 11:19:07 | INFO | [Epoch 040] total_loss=4.278482, Lr0=0.001000, time=47.39s
2026-03-14 11:19:55 | INFO | [Epoch 041] total_loss=4.227891, Lr0=0.001000, time=48.04s
2026-03-14 11:19:55 | INFO | Best model logged 4.227891445159912
2026-03-14 11:20:42 | INFO | [Epoch 042] total_loss=4.201142, Lr0=0.001000, time=47.08s
2026-03-14 11:20:42 | INFO | Best model logged 4.201142311096191
2026-03-14 11:21:30 | INFO | [Epoch 043] total_loss=4.189664, Lr0=0.001000, time=47.55s
2026-03-14 11:21:30 | INFO | Best model logged 4.189663887023926
2026-03-14 11:22:17 | INFO | [Epoch 044] total_loss=4.225627, Lr0=0.001000, time=47.37s
2026-03-14 11:23:05 | INFO | [Epoch 045] total_loss=4.176122, Lr0=0.001000, time=48.20s
2026-03-14 11:23:06 | INFO | Best model logged 4.176121711730957
2026-03-14 11:23:53 | INFO | [Epoch 046] total_loss=4.200012, Lr0=0.001000, time=47.02s
2026-03-14 11:24:40 | INFO | [Epoch 047] total_loss=4.223235, Lr0=0.001000, time=47.03s
2026-03-14 11:25:27 | INFO | [Epoch 048] total_loss=4.196418, Lr0=0.001000, time=47.58s
2026-03-14 11:26:15 | INFO | [Epoch 049] total_loss=4.155651, Lr0=0.001000, time=48.20s
2026-03-14 11:26:15 | INFO | Best model logged 4.155651092529297
2026-03-14 11:27:03 | INFO | [Epoch 050] total_loss=4.173525, Lr0=0.001000, time=47.32s
2026-03-14 11:27:51 | INFO | [Epoch 051] total_loss=4.135413, Lr0=0.001000, time=47.98s
2026-03-14 11:27:51 | INFO | Best model logged 4.13541316986084
2026-03-14 11:28:39 | INFO | [Epoch 052] total_loss=4.206533, Lr0=0.001000, time=47.84s
2026-03-14 11:29:26 | INFO | [Epoch 053] total_loss=4.103072, Lr0=0.001000, time=47.59s
2026-03-14 11:29:26 | INFO | Best model logged 4.103072166442871
2026-03-14 11:30:15 | INFO | [Epoch 054] total_loss=4.105924, Lr0=0.001000, time=48.18s
2026-03-14 11:31:03 | INFO | [Epoch 055] total_loss=4.108605, Lr0=0.001000, time=48.83s
2026-03-14 11:31:53 | INFO | [Epoch 056] total_loss=4.133238, Lr0=0.001000, time=49.21s
2026-03-14 11:32:40 | INFO | [Epoch 057] total_loss=4.109596, Lr0=0.001000, time=47.50s
2026-03-14 11:33:28 | INFO | [Epoch 058] total_loss=4.111276, Lr0=0.001000, time=47.86s
2026-03-14 11:34:16 | INFO | [Epoch 059] total_loss=4.074276, Lr0=0.001000, time=47.85s
2026-03-14 11:34:16 | INFO | Best model logged 4.074275970458984
2026-03-14 11:35:05 | INFO | [Epoch 060] total_loss=4.091634, Lr0=0.001000, time=48.65s
2026-03-14 11:35:52 | INFO | [Epoch 061] total_loss=4.091611, Lr0=0.001000, time=47.62s
2026-03-14 11:36:40 | INFO | [Epoch 062] total_loss=4.072763, Lr0=0.001000, time=48.06s
2026-03-14 11:36:40 | INFO | Best model logged 4.072763442993164
2026-03-14 11:37:29 | INFO | [Epoch 063] total_loss=4.095178, Lr0=0.001000, time=48.26s
2026-03-14 11:38:17 | INFO | [Epoch 064] total_loss=4.061894, Lr0=0.001000, time=47.99s
2026-03-14 11:38:17 | INFO | Best model logged 4.061894416809082
2026-03-14 11:39:04 | INFO | [Epoch 065] total_loss=4.097434, Lr0=0.001000, time=47.73s
2026-03-14 11:39:52 | INFO | [Epoch 066] total_loss=4.059376, Lr0=0.001000, time=47.75s
2026-03-14 11:39:52 | INFO | Best model logged 4.059375762939453
2026-03-14 11:40:41 | INFO | [Epoch 067] total_loss=4.124537, Lr0=0.001000, time=48.47s
2026-03-14 11:41:29 | INFO | [Epoch 068] total_loss=4.050525, Lr0=0.001000, time=48.26s
2026-03-14 11:41:29 | INFO | Best model logged 4.050525188446045
2026-03-14 11:42:16 | INFO | [Epoch 069] total_loss=4.092739, Lr0=0.001000, time=47.41s
2026-03-14 11:43:04 | INFO | [Epoch 070] total_loss=4.072993, Lr0=0.001000, time=47.66s
2026-03-14 11:43:52 | INFO | [Epoch 071] total_loss=4.037732, Lr0=0.001000, time=48.16s
2026-03-14 11:43:52 | INFO | Best model logged 4.037732124328613
2026-03-14 11:44:40 | INFO | [Epoch 072] total_loss=4.043140, Lr0=0.001000, time=48.08s
2026-03-14 11:45:28 | INFO | [Epoch 073] total_loss=4.101125, Lr0=0.001000, time=48.04s
2026-03-14 11:46:17 | INFO | [Epoch 074] total_loss=4.033091, Lr0=0.001000, time=48.52s
2026-03-14 11:46:17 | INFO | Best model logged 4.033091068267822
2026-03-14 11:47:05 | INFO | [Epoch 075] total_loss=4.069246, Lr0=0.001000, time=48.12s
2026-03-14 11:47:53 | INFO | [Epoch 076] total_loss=4.047232, Lr0=0.001000, time=47.63s
2026-03-14 11:48:41 | INFO | [Epoch 077] total_loss=4.048664, Lr0=0.001000, time=47.77s
2026-03-14 11:49:29 | INFO | [Epoch 078] total_loss=4.032713, Lr0=0.001000, time=48.25s
2026-03-14 11:49:29 | INFO | Best model logged 4.032713413238525
2026-03-14 11:50:16 | INFO | [Epoch 079] total_loss=4.068612, Lr0=0.001000, time=47.42s
2026-03-14 11:51:04 | INFO | [Epoch 080] total_loss=4.021197, Lr0=0.001000, time=47.22s
2026-03-14 11:51:04 | INFO | Best model logged 4.021197319030762
2026-03-14 11:51:51 | INFO | [Epoch 081] total_loss=4.052836, Lr0=0.001000, time=47.48s
2026-03-14 11:52:39 | INFO | [Epoch 082] total_loss=4.023504, Lr0=0.001000, time=48.15s
2026-03-14 11:53:27 | INFO | [Epoch 083] total_loss=4.027631, Lr0=0.001000, time=47.51s
2026-03-14 11:54:15 | INFO | [Epoch 084] total_loss=4.036343, Lr0=0.001000, time=47.91s
2026-03-14 11:55:03 | INFO | [Epoch 085] total_loss=4.032397, Lr0=0.001000, time=48.05s
2026-03-14 11:55:50 | INFO | [Epoch 086] total_loss=4.029239, Lr0=0.001000, time=47.29s
2026-03-14 11:56:37 | INFO | [Epoch 087] total_loss=4.037643, Lr0=0.001000, time=47.37s
2026-03-14 11:57:25 | INFO | [Epoch 088] total_loss=4.034298, Lr0=0.001000, time=47.46s
2026-03-14 11:58:13 | INFO | [Epoch 089] total_loss=4.105203, Lr0=0.001000, time=47.92s
2026-03-14 11:59:01 | INFO | [Epoch 090] total_loss=4.093183, Lr0=0.001000, time=48.08s
2026-03-14 11:59:49 | INFO | [Epoch 091] total_loss=4.020901, Lr0=0.001000, time=48.10s
2026-03-14 11:59:49 | INFO | Best model logged 4.020900726318359
2026-03-14 12:00:37 | INFO | [Epoch 092] total_loss=4.015870, Lr0=0.001000, time=48.31s
2026-03-14 12:00:37 | INFO | Best model logged 4.015870094299316
2026-03-14 12:01:27 | INFO | [Epoch 093] total_loss=4.013624, Lr0=0.001000, time=49.16s
2026-03-14 12:01:27 | INFO | Best model logged 4.0136237144470215
2026-03-14 12:02:15 | INFO | [Epoch 094] total_loss=4.014993, Lr0=0.001000, time=48.41s
2026-03-14 12:03:03 | INFO | [Epoch 095] total_loss=4.025742, Lr0=0.001000, time=48.23s
2026-03-14 12:03:52 | INFO | [Epoch 096] total_loss=3.997150, Lr0=0.001000, time=49.01s
2026-03-14 12:03:52 | INFO | Best model logged 3.997150421142578
2026-03-14 12:04:41 | INFO | [Epoch 097] total_loss=4.007075, Lr0=0.001000, time=47.95s
2026-03-14 12:05:29 | INFO | [Epoch 098] total_loss=4.001449, Lr0=0.001000, time=48.28s
2026-03-14 12:06:16 | INFO | [Epoch 099] total_loss=4.023184, Lr0=0.001000, time=47.50s
2026-03-14 12:07:04 | INFO | [Epoch 100] total_loss=4.004031, Lr0=0.001000, time=47.87s
2026-03-14 12:07:52 | INFO | [Epoch 101] total_loss=4.008975, Lr0=0.001000, time=47.82s
2026-03-14 12:08:40 | INFO | [Epoch 102] total_loss=4.029292, Lr0=0.001000, time=47.75s
2026-03-14 12:09:28 | INFO | [Epoch 103] total_loss=4.009139, Lr0=0.001000, time=47.72s
2026-03-14 12:10:16 | INFO | [Epoch 104] total_loss=4.011506, Lr0=0.000999, time=48.69s
2026-03-14 12:11:04 | INFO | [Epoch 105] total_loss=4.008918, Lr0=0.000999, time=47.68s
2026-03-14 12:11:52 | INFO | [Epoch 106] total_loss=4.064547, Lr0=0.000999, time=47.76s
2026-03-14 12:12:40 | INFO | [Epoch 107] total_loss=4.013733, Lr0=0.000998, time=48.12s
2026-03-14 12:13:28 | INFO | [Epoch 108] total_loss=4.013372, Lr0=0.000998, time=47.87s
2026-03-14 12:14:15 | INFO | [Epoch 109] total_loss=4.014362, Lr0=0.000998, time=47.66s
2026-03-14 12:15:03 | INFO | [Epoch 110] total_loss=4.013217, Lr0=0.000997, time=47.81s
2026-03-14 12:15:52 | INFO | [Epoch 111] total_loss=3.995775, Lr0=0.000996, time=48.38s
2026-03-14 12:15:52 | INFO | Best model logged 3.995774745941162
2026-03-14 12:16:40 | INFO | [Epoch 112] total_loss=3.990787, Lr0=0.000996, time=47.88s
2026-03-14 12:16:40 | INFO | Best model logged 3.9907870292663574
2026-03-14 12:17:27 | INFO | [Epoch 113] total_loss=4.137551, Lr0=0.000995, time=47.75s
2026-03-14 12:18:15 | INFO | [Epoch 114] total_loss=4.027565, Lr0=0.000994, time=47.96s
2026-03-14 12:19:04 | INFO | [Epoch 115] total_loss=3.998296, Lr0=0.000994, time=48.83s
2026-03-14 12:19:52 | INFO | [Epoch 116] total_loss=4.076242, Lr0=0.000993, time=47.76s
2026-03-14 12:20:39 | INFO | [Epoch 117] total_loss=4.001986, Lr0=0.000992, time=47.26s
2026-03-14 12:21:27 | INFO | [Epoch 118] total_loss=3.994959, Lr0=0.000991, time=48.00s
2026-03-14 12:22:15 | INFO | [Epoch 119] total_loss=3.994063, Lr0=0.000990, time=47.71s
2026-03-14 12:23:02 | INFO | [Epoch 120] total_loss=4.010942, Lr0=0.000989, time=47.31s
2026-03-14 12:23:50 | INFO | [Epoch 121] total_loss=4.106062, Lr0=0.000988, time=47.64s
2026-03-14 12:24:38 | INFO | [Epoch 122] total_loss=3.993692, Lr0=0.000987, time=47.79s
2026-03-14 12:25:25 | INFO | [Epoch 123] total_loss=3.982654, Lr0=0.000986, time=47.32s
2026-03-14 12:25:25 | INFO | Best model logged 3.982654094696045
2026-03-14 12:26:12 | INFO | [Epoch 124] total_loss=3.989313, Lr0=0.000985, time=47.16s
2026-03-14 12:27:00 | INFO | [Epoch 125] total_loss=3.976552, Lr0=0.000983, time=47.64s
2026-03-14 12:27:00 | INFO | Best model logged 3.9765520095825195
2026-03-14 12:27:48 | INFO | [Epoch 126] total_loss=3.976193, Lr0=0.000982, time=48.22s
2026-03-14 12:27:48 | INFO | Best model logged 3.976193428039551
2026-03-14 12:28:36 | INFO | [Epoch 127] total_loss=3.995993, Lr0=0.000981, time=47.61s
2026-03-14 12:29:24 | INFO | [Epoch 128] total_loss=3.981306, Lr0=0.000979, time=47.76s
2026-03-14 12:30:12 | INFO | [Epoch 129] total_loss=3.975300, Lr0=0.000978, time=48.30s
2026-03-14 12:30:12 | INFO | Best model logged 3.975299835205078
2026-03-14 12:31:01 | INFO | [Epoch 130] total_loss=3.976139, Lr0=0.000976, time=48.51s
2026-03-14 12:31:49 | INFO | [Epoch 131] total_loss=3.968203, Lr0=0.000975, time=48.49s
2026-03-14 12:31:49 | INFO | Best model logged 3.968202829360962
2026-03-14 12:32:38 | INFO | [Epoch 132] total_loss=3.986377, Lr0=0.000973, time=48.40s
2026-03-14 12:33:26 | INFO | [Epoch 133] total_loss=3.970360, Lr0=0.000972, time=48.74s
2026-03-14 12:34:14 | INFO | [Epoch 134] total_loss=4.014777, Lr0=0.000970, time=47.78s
2026-03-14 12:35:02 | INFO | [Epoch 135] total_loss=3.993910, Lr0=0.000968, time=47.75s
2026-03-14 12:35:50 | INFO | [Epoch 136] total_loss=3.981235, Lr0=0.000967, time=48.47s
2026-03-14 12:36:38 | INFO | [Epoch 137] total_loss=4.032819, Lr0=0.000965, time=47.77s
2026-03-14 12:37:26 | INFO | [Epoch 138] total_loss=4.038939, Lr0=0.000963, time=48.18s
2026-03-14 12:38:15 | INFO | [Epoch 139] total_loss=3.974047, Lr0=0.000961, time=48.46s
2026-03-14 12:39:03 | INFO | [Epoch 140] total_loss=3.958971, Lr0=0.000959, time=48.16s
2026-03-14 12:39:03 | INFO | Best model logged 3.958970546722412
2026-03-14 12:39:51 | INFO | [Epoch 141] total_loss=3.980702, Lr0=0.000957, time=48.44s
2026-03-14 12:40:39 | INFO | [Epoch 142] total_loss=3.959662, Lr0=0.000955, time=47.81s
2026-03-14 12:41:27 | INFO | [Epoch 143] total_loss=3.963186, Lr0=0.000953, time=47.82s
2026-03-14 12:42:16 | INFO | [Epoch 144] total_loss=3.945275, Lr0=0.000951, time=48.44s
2026-03-14 12:42:16 | INFO | Best model logged 3.945274829864502
2026-03-14 12:43:03 | INFO | [Epoch 145] total_loss=3.966848, Lr0=0.000949, time=47.49s
2026-03-14 12:43:51 | INFO | [Epoch 146] total_loss=3.969041, Lr0=0.000947, time=47.57s
2026-03-14 12:44:39 | INFO | [Epoch 147] total_loss=3.967831, Lr0=0.000944, time=47.79s
2026-03-14 12:45:27 | INFO | [Epoch 148] total_loss=3.975598, Lr0=0.000942, time=48.25s
2026-03-14 12:46:14 | INFO | [Epoch 149] total_loss=3.971659, Lr0=0.000940, time=47.41s
2026-03-14 12:47:02 | INFO | [Epoch 150] total_loss=3.965580, Lr0=0.000937, time=47.85s
2026-03-14 12:47:51 | INFO | [Epoch 151] total_loss=3.951286, Lr0=0.000935, time=48.53s
2026-03-14 12:48:39 | INFO | [Epoch 152] total_loss=3.989976, Lr0=0.000932, time=47.90s
2026-03-14 12:49:26 | INFO | [Epoch 153] total_loss=3.981665, Lr0=0.000930, time=47.62s
2026-03-14 12:50:14 | INFO | [Epoch 154] total_loss=3.953619, Lr0=0.000927, time=47.47s
2026-03-14 12:51:02 | INFO | [Epoch 155] total_loss=3.970592, Lr0=0.000925, time=47.91s
2026-03-14 12:51:49 | INFO | [Epoch 156] total_loss=3.934390, Lr0=0.000922, time=47.78s
2026-03-14 12:51:49 | INFO | Best model logged 3.934390068054199
2026-03-14 12:52:37 | INFO | [Epoch 157] total_loss=3.965944, Lr0=0.000920, time=47.37s
2026-03-14 12:53:25 | INFO | [Epoch 158] total_loss=3.984463, Lr0=0.000917, time=48.44s
2026-03-14 12:54:13 | INFO | [Epoch 159] total_loss=3.993339, Lr0=0.000914, time=47.56s
2026-03-14 12:55:00 | INFO | [Epoch 160] total_loss=3.957118, Lr0=0.000911, time=47.71s
2026-03-14 12:55:48 | INFO | [Epoch 161] total_loss=3.934186, Lr0=0.000908, time=47.95s
2026-03-14 12:55:48 | INFO | Best model logged 3.9341864585876465
2026-03-14 12:56:37 | INFO | [Epoch 162] total_loss=3.936810, Lr0=0.000906, time=48.09s
2026-03-14 12:57:24 | INFO | [Epoch 163] total_loss=3.937639, Lr0=0.000903, time=47.84s
2026-03-14 12:58:13 | INFO | [Epoch 164] total_loss=3.949728, Lr0=0.000900, time=48.53s
2026-03-14 12:59:02 | INFO | [Epoch 165] total_loss=3.929165, Lr0=0.000897, time=49.00s
2026-03-14 12:59:02 | INFO | Best model logged 3.9291648864746094
2026-03-14 12:59:51 | INFO | [Epoch 166] total_loss=3.911819, Lr0=0.000894, time=48.81s
2026-03-14 12:59:51 | INFO | Best model logged 3.9118189811706543
2026-03-14 13:00:39 | INFO | [Epoch 167] total_loss=3.925886, Lr0=0.000891, time=48.12s
2026-03-14 13:01:27 | INFO | [Epoch 168] total_loss=3.953733, Lr0=0.000888, time=48.28s
2026-03-14 13:02:16 | INFO | [Epoch 169] total_loss=3.944437, Lr0=0.000884, time=48.47s
2026-03-14 13:03:04 | INFO | [Epoch 170] total_loss=3.927168, Lr0=0.000881, time=47.81s
2026-03-14 13:03:51 | INFO | [Epoch 171] total_loss=3.930523, Lr0=0.000878, time=47.69s
2026-03-14 13:04:39 | INFO | [Epoch 172] total_loss=3.959661, Lr0=0.000875, time=47.39s
2026-03-14 13:05:28 | INFO | [Epoch 173] total_loss=3.941543, Lr0=0.000872, time=49.04s
2026-03-14 13:06:16 | INFO | [Epoch 174] total_loss=3.955996, Lr0=0.000868, time=48.07s
2026-03-14 13:07:03 | INFO | [Epoch 175] total_loss=4.009863, Lr0=0.000865, time=47.56s
2026-03-14 13:07:52 | INFO | [Epoch 176] total_loss=3.947064, Lr0=0.000861, time=48.02s
2026-03-14 13:08:40 | INFO | [Epoch 177] total_loss=3.909262, Lr0=0.000858, time=48.77s
2026-03-14 13:08:40 | INFO | Best model logged 3.909261703491211
2026-03-14 13:09:28 | INFO | [Epoch 178] total_loss=3.914295, Lr0=0.000855, time=47.43s
2026-03-14 13:10:15 | INFO | [Epoch 179] total_loss=3.929116, Lr0=0.000851, time=47.60s
2026-03-14 13:11:04 | INFO | [Epoch 180] total_loss=3.916270, Lr0=0.000848, time=48.58s
2026-03-14 13:11:52 | INFO | [Epoch 181] total_loss=3.924962, Lr0=0.000844, time=48.06s
2026-03-14 13:12:40 | INFO | [Epoch 182] total_loss=3.908460, Lr0=0.000840, time=47.74s
2026-03-14 13:12:40 | INFO | Best model logged 3.9084601402282715
2026-03-14 13:13:27 | INFO | [Epoch 183] total_loss=3.912029, Lr0=0.000837, time=47.51s
2026-03-14 13:14:16 | INFO | [Epoch 184] total_loss=3.906260, Lr0=0.000833, time=48.74s
2026-03-14 13:14:16 | INFO | Best model logged 3.9062602519989014
2026-03-14 13:15:04 | INFO | [Epoch 185] total_loss=3.909821, Lr0=0.000830, time=48.06s
2026-03-14 13:15:52 | INFO | [Epoch 186] total_loss=3.933484, Lr0=0.000826, time=47.55s
2026-03-14 13:16:40 | INFO | [Epoch 187] total_loss=3.924993, Lr0=0.000822, time=47.68s
2026-03-14 13:17:28 | INFO | [Epoch 188] total_loss=3.912538, Lr0=0.000818, time=48.68s
2026-03-14 13:18:16 | INFO | [Epoch 189] total_loss=3.921540, Lr0=0.000815, time=47.60s
2026-03-14 13:19:03 | INFO | [Epoch 190] total_loss=3.917303, Lr0=0.000811, time=47.04s
2026-03-14 13:19:51 | INFO | [Epoch 191] total_loss=3.904497, Lr0=0.000807, time=48.03s
2026-03-14 13:19:51 | INFO | Best model logged 3.904496669769287
2026-03-14 13:20:38 | INFO | [Epoch 192] total_loss=3.902537, Lr0=0.000803, time=47.34s
2026-03-14 13:20:38 | INFO | Best model logged 3.902536630630493
2026-03-14 13:21:26 | INFO | [Epoch 193] total_loss=3.902193, Lr0=0.000799, time=47.44s
2026-03-14 13:21:26 | INFO | Best model logged 3.9021925926208496
2026-03-14 13:22:13 | INFO | [Epoch 194] total_loss=3.920745, Lr0=0.000795, time=47.01s
2026-03-14 13:23:01 | INFO | [Epoch 195] total_loss=3.923596, Lr0=0.000791, time=47.69s
2026-03-14 13:23:48 | INFO | [Epoch 196] total_loss=3.951410, Lr0=0.000787, time=47.23s
2026-03-14 13:24:35 | INFO | [Epoch 197] total_loss=3.886444, Lr0=0.000783, time=47.24s
2026-03-14 13:24:35 | INFO | Best model logged 3.886444091796875
2026-03-14 13:25:23 | INFO | [Epoch 198] total_loss=3.902345, Lr0=0.000779, time=47.64s
2026-03-14 13:26:10 | INFO | [Epoch 199] total_loss=3.880637, Lr0=0.000775, time=47.48s
2026-03-14 13:26:10 | INFO | Best model logged 3.8806369304656982
2026-03-14 13:26:58 | INFO | [Epoch 200] total_loss=3.882799, Lr0=0.000771, time=47.39s
2026-03-14 13:27:45 | INFO | [Epoch 201] total_loss=3.907779, Lr0=0.000767, time=47.34s
2026-03-14 13:28:33 | INFO | [Epoch 202] total_loss=3.900413, Lr0=0.000763, time=48.21s
2026-03-14 13:29:21 | INFO | [Epoch 203] total_loss=3.918425, Lr0=0.000758, time=47.88s
2026-03-14 13:30:10 | INFO | [Epoch 204] total_loss=3.876283, Lr0=0.000754, time=48.34s
2026-03-14 13:30:10 | INFO | Best model logged 3.8762826919555664
2026-03-14 13:30:58 | INFO | [Epoch 205] total_loss=3.874620, Lr0=0.000750, time=48.68s
2026-03-14 13:30:58 | INFO | Best model logged 3.8746204376220703
2026-03-14 13:31:48 | INFO | [Epoch 206] total_loss=3.886282, Lr0=0.000746, time=49.18s
2026-03-14 13:32:35 | INFO | [Epoch 207] total_loss=3.889184, Lr0=0.000742, time=47.89s
2026-03-14 13:33:23 | INFO | [Epoch 208] total_loss=3.883728, Lr0=0.000737, time=47.69s
2026-03-14 13:34:11 | INFO | [Epoch 209] total_loss=3.872265, Lr0=0.000733, time=48.29s
2026-03-14 13:34:11 | INFO | Best model logged 3.872265338897705
2026-03-14 13:35:00 | INFO | [Epoch 210] total_loss=3.872788, Lr0=0.000729, time=48.41s
2026-03-14 13:35:47 | INFO | [Epoch 211] total_loss=3.897930, Lr0=0.000724, time=47.29s
2026-03-14 13:36:35 | INFO | [Epoch 212] total_loss=3.881390, Lr0=0.000720, time=47.95s
2026-03-14 13:37:23 | INFO | [Epoch 213] total_loss=3.878541, Lr0=0.000716, time=48.06s
2026-03-14 13:38:11 | INFO | [Epoch 214] total_loss=3.875060, Lr0=0.000711, time=47.69s
2026-03-14 13:38:59 | INFO | [Epoch 215] total_loss=3.863062, Lr0=0.000707, time=47.70s
2026-03-14 13:38:59 | INFO | Best model logged 3.8630616664886475
2026-03-14 13:39:46 | INFO | [Epoch 216] total_loss=3.868346, Lr0=0.000702, time=47.77s
2026-03-14 13:40:35 | INFO | [Epoch 217] total_loss=3.880405, Lr0=0.000698, time=48.12s
2026-03-14 13:41:22 | INFO | [Epoch 218] total_loss=3.863381, Lr0=0.000694, time=47.79s
2026-03-14 13:42:11 | INFO | [Epoch 219] total_loss=3.855215, Lr0=0.000689, time=48.18s
2026-03-14 13:42:11 | INFO | Best model logged 3.855215072631836
2026-03-14 13:42:59 | INFO | [Epoch 220] total_loss=3.893373, Lr0=0.000685, time=48.10s
2026-03-14 13:43:48 | INFO | [Epoch 221] total_loss=3.864455, Lr0=0.000680, time=48.80s
2026-03-14 13:44:35 | INFO | [Epoch 222] total_loss=3.854634, Lr0=0.000676, time=47.68s
2026-03-14 13:44:35 | INFO | Best model logged 3.8546338081359863
2026-03-14 13:45:23 | INFO | [Epoch 223] total_loss=3.843123, Lr0=0.000671, time=47.57s
2026-03-14 13:45:23 | INFO | Best model logged 3.843122959136963
2026-03-14 13:46:12 | INFO | [Epoch 224] total_loss=3.859911, Lr0=0.000666, time=48.77s
2026-03-14 13:47:00 | INFO | [Epoch 225] total_loss=3.844594, Lr0=0.000662, time=47.84s
2026-03-14 13:47:47 | INFO | [Epoch 226] total_loss=3.844476, Lr0=0.000657, time=47.67s
2026-03-14 13:48:35 | INFO | [Epoch 227] total_loss=3.894991, Lr0=0.000653, time=47.91s
2026-03-14 13:49:24 | INFO | [Epoch 228] total_loss=3.885938, Lr0=0.000648, time=48.75s
2026-03-14 13:50:11 | INFO | [Epoch 229] total_loss=3.849201, Lr0=0.000644, time=47.58s
2026-03-14 13:50:59 | INFO | [Epoch 230] total_loss=3.845507, Lr0=0.000639, time=47.11s
2026-03-14 13:51:46 | INFO | [Epoch 231] total_loss=3.853887, Lr0=0.000634, time=47.86s
2026-03-14 13:52:34 | INFO | [Epoch 232] total_loss=3.827925, Lr0=0.000630, time=47.13s
2026-03-14 13:52:34 | INFO | Best model logged 3.8279247283935547
2026-03-14 13:53:21 | INFO | [Epoch 233] total_loss=3.824200, Lr0=0.000625, time=47.73s
2026-03-14 13:53:21 | INFO | Best model logged 3.824199914932251
2026-03-14 13:54:09 | INFO | [Epoch 234] total_loss=3.833692, Lr0=0.000620, time=47.11s
2026-03-14 13:54:57 | INFO | [Epoch 235] total_loss=3.865876, Lr0=0.000616, time=47.92s
2026-03-14 13:55:44 | INFO | [Epoch 236] total_loss=3.894061, Lr0=0.000611, time=47.46s
2026-03-14 13:56:31 | INFO | [Epoch 237] total_loss=3.828699, Lr0=0.000606, time=47.29s
2026-03-14 13:57:19 | INFO | [Epoch 238] total_loss=3.851396, Lr0=0.000602, time=47.35s
2026-03-14 13:58:07 | INFO | [Epoch 239] total_loss=3.836915, Lr0=0.000597, time=48.24s
2026-03-14 13:58:54 | INFO | [Epoch 240] total_loss=3.835542, Lr0=0.000592, time=47.48s
2026-03-14 13:59:42 | INFO | [Epoch 241] total_loss=3.838528, Lr0=0.000588, time=47.82s
2026-03-14 14:00:31 | INFO | [Epoch 242] total_loss=3.841772, Lr0=0.000583, time=48.61s
2026-03-14 14:01:20 | INFO | [Epoch 243] total_loss=3.807402, Lr0=0.000578, time=48.88s
2026-03-14 14:01:20 | INFO | Best model logged 3.8074021339416504
2026-03-14 14:02:08 | INFO | [Epoch 244] total_loss=3.856321, Lr0=0.000574, time=48.52s
2026-03-14 14:02:56 | INFO | [Epoch 245] total_loss=3.808635, Lr0=0.000569, time=48.04s
2026-03-14 14:03:45 | INFO | [Epoch 246] total_loss=3.793664, Lr0=0.000564, time=48.62s
2026-03-14 14:03:45 | INFO | Best model logged 3.7936642169952393
2026-03-14 14:04:33 | INFO | [Epoch 247] total_loss=3.815796, Lr0=0.000559, time=48.34s
2026-03-14 14:05:21 | INFO | [Epoch 248] total_loss=3.810153, Lr0=0.000555, time=47.57s
2026-03-14 14:06:09 | INFO | [Epoch 249] total_loss=3.811438, Lr0=0.000550, time=47.97s
2026-03-14 14:06:57 | INFO | [Epoch 250] total_loss=3.813584, Lr0=0.000545, time=48.00s
2026-03-14 14:07:45 | INFO | [Epoch 251] total_loss=3.793195, Lr0=0.000541, time=47.96s
2026-03-14 14:07:45 | INFO | Best model logged 3.7931952476501465
2026-03-14 14:08:32 | INFO | [Epoch 252] total_loss=3.818360, Lr0=0.000536, time=47.36s
2026-03-14 14:09:21 | INFO | [Epoch 253] total_loss=3.793719, Lr0=0.000531, time=48.64s
2026-03-14 14:10:09 | INFO | [Epoch 254] total_loss=3.782598, Lr0=0.000526, time=47.88s
2026-03-14 14:10:09 | INFO | Best model logged 3.7825984954833984
2026-03-14 14:10:56 | INFO | [Epoch 255] total_loss=3.796281, Lr0=0.000522, time=47.49s
2026-03-14 14:11:44 | INFO | [Epoch 256] total_loss=3.803315, Lr0=0.000517, time=47.68s
2026-03-14 14:12:32 | INFO | [Epoch 257] total_loss=3.794158, Lr0=0.000512, time=48.07s
2026-03-14 14:13:20 | INFO | [Epoch 258] total_loss=3.801721, Lr0=0.000508, time=47.88s
2026-03-14 14:14:08 | INFO | [Epoch 259] total_loss=3.777283, Lr0=0.000503, time=47.62s
2026-03-14 14:14:08 | INFO | Best model logged 3.77728271484375
2026-03-14 14:14:56 | INFO | [Epoch 260] total_loss=3.753976, Lr0=0.000498, time=47.77s
2026-03-14 14:14:56 | INFO | Best model logged 3.7539758682250977
2026-03-14 14:15:43 | INFO | [Epoch 261] total_loss=3.803962, Lr0=0.000494, time=47.78s
2026-03-14 14:16:31 | INFO | [Epoch 262] total_loss=3.796002, Lr0=0.000489, time=47.46s
2026-03-14 14:17:19 | INFO | [Epoch 263] total_loss=3.789685, Lr0=0.000484, time=47.80s
2026-03-14 14:18:08 | INFO | [Epoch 264] total_loss=3.768973, Lr0=0.000480, time=48.94s
2026-03-14 14:18:55 | INFO | [Epoch 265] total_loss=3.784576, Lr0=0.000475, time=47.22s
2026-03-14 14:19:43 | INFO | [Epoch 266] total_loss=3.765702, Lr0=0.000470, time=47.76s
2026-03-14 14:20:30 | INFO | [Epoch 267] total_loss=3.776060, Lr0=0.000466, time=47.49s
2026-03-14 14:21:18 | INFO | [Epoch 268] total_loss=3.773625, Lr0=0.000461, time=48.18s
2026-03-14 14:22:06 | INFO | [Epoch 269] total_loss=3.769594, Lr0=0.000456, time=47.65s
2026-03-14 14:22:53 | INFO | [Epoch 270] total_loss=3.754213, Lr0=0.000452, time=47.43s
2026-03-14 14:23:41 | INFO | [Epoch 271] total_loss=3.762458, Lr0=0.000447, time=47.48s
2026-03-14 14:24:29 | INFO | [Epoch 272] total_loss=3.759256, Lr0=0.000443, time=47.85s
2026-03-14 14:25:08 | INFO | [Epoch 273] total_loss=3.805953, Lr0=0.000438, time=39.48s
2026-03-14 14:25:48 | INFO | [Epoch 274] total_loss=3.797737, Lr0=0.000434, time=39.40s
2026-03-14 14:26:28 | INFO | [Epoch 275] total_loss=3.789863, Lr0=0.000429, time=39.86s
2026-03-14 14:27:07 | INFO | [Epoch 276] total_loss=3.767644, Lr0=0.000424, time=39.24s
2026-03-14 14:27:47 | INFO | [Epoch 277] total_loss=3.758642, Lr0=0.000420, time=39.69s
2026-03-14 14:28:26 | INFO | [Epoch 278] total_loss=3.759878, Lr0=0.000415, time=39.86s
2026-03-14 14:29:07 | INFO | [Epoch 279] total_loss=3.748388, Lr0=0.000411, time=40.13s
2026-03-14 14:29:07 | INFO | Best model logged 3.7483878135681152
2026-03-14 14:29:46 | INFO | [Epoch 280] total_loss=3.752341, Lr0=0.000406, time=39.39s
2026-03-14 14:30:25 | INFO | [Epoch 281] total_loss=3.744278, Lr0=0.000402, time=39.40s
2026-03-14 14:30:25 | INFO | Best model logged 3.7442784309387207
2026-03-14 14:31:05 | INFO | [Epoch 282] total_loss=3.745994, Lr0=0.000398, time=39.80s
2026-03-14 14:31:45 | INFO | [Epoch 283] total_loss=3.751649, Lr0=0.000393, time=39.65s
2026-03-14 14:32:24 | INFO | [Epoch 284] total_loss=3.733004, Lr0=0.000389, time=39.36s
2026-03-14 14:32:24 | INFO | Best model logged 3.733004093170166
2026-03-14 14:33:04 | INFO | [Epoch 285] total_loss=3.779291, Lr0=0.000384, time=39.48s
2026-03-14 14:33:44 | INFO | [Epoch 286] total_loss=3.772484, Lr0=0.000380, time=39.85s
2026-03-14 14:34:23 | INFO | [Epoch 287] total_loss=3.758574, Lr0=0.000376, time=39.36s
2026-03-14 14:35:02 | INFO | [Epoch 288] total_loss=3.750853, Lr0=0.000371, time=39.35s
2026-03-14 14:35:42 | INFO | [Epoch 289] total_loss=3.735482, Lr0=0.000367, time=39.49s
2026-03-14 14:36:22 | INFO | [Epoch 290] total_loss=3.734694, Lr0=0.000363, time=40.38s
2026-03-14 14:37:02 | INFO | [Epoch 291] total_loss=3.739414, Lr0=0.000358, time=39.31s
2026-03-14 14:37:41 | INFO | [Epoch 292] total_loss=3.752485, Lr0=0.000354, time=39.37s
2026-03-14 14:38:21 | INFO | [Epoch 293] total_loss=3.745513, Lr0=0.000350, time=39.72s
2026-03-14 14:39:01 | INFO | [Epoch 294] total_loss=3.745405, Lr0=0.000346, time=39.75s
2026-03-14 14:39:40 | INFO | [Epoch 295] total_loss=3.721765, Lr0=0.000342, time=39.51s
2026-03-14 14:39:40 | INFO | Best model logged 3.72176456451416
2026-03-14 14:40:19 | INFO | [Epoch 296] total_loss=3.720439, Lr0=0.000337, time=39.35s
2026-03-14 14:40:19 | INFO | Best model logged 3.7204394340515137
2026-03-14 14:40:59 | INFO | [Epoch 297] total_loss=3.738678, Lr0=0.000333, time=39.55s
2026-03-14 14:41:39 | INFO | [Epoch 298] total_loss=3.751244, Lr0=0.000329, time=39.69s
2026-03-14 14:42:18 | INFO | [Epoch 299] total_loss=3.717484, Lr0=0.000325, time=39.40s
2026-03-14 14:42:18 | INFO | Best model logged 3.7174839973449707
2026-03-14 14:42:58 | INFO | [Epoch 300] total_loss=3.711362, Lr0=0.000321, time=39.74s
2026-03-14 14:42:58 | INFO | Best model logged 3.711361885070801
2026-03-14 14:43:38 | INFO | [Epoch 301] total_loss=3.719177, Lr0=0.000317, time=39.96s
2026-03-14 14:44:17 | INFO | [Epoch 302] total_loss=3.707543, Lr0=0.000313, time=39.37s
2026-03-14 14:44:17 | INFO | Best model logged 3.70754337310791
2026-03-14 14:44:57 | INFO | [Epoch 303] total_loss=3.703801, Lr0=0.000309, time=39.73s
2026-03-14 14:44:57 | INFO | Best model logged 3.703800678253174
2026-03-14 14:45:37 | INFO | [Epoch 304] total_loss=3.701879, Lr0=0.000305, time=39.36s
2026-03-14 14:45:37 | INFO | Best model logged 3.701878547668457
2026-03-14 14:46:17 | INFO | [Epoch 305] total_loss=3.739231, Lr0=0.000301, time=40.16s
2026-03-14 14:46:56 | INFO | [Epoch 306] total_loss=3.708158, Lr0=0.000297, time=39.37s
2026-03-14 14:47:36 | INFO | [Epoch 307] total_loss=3.689959, Lr0=0.000293, time=39.38s
2026-03-14 14:47:36 | INFO | Best model logged 3.6899585723876953
2026-03-14 14:48:15 | INFO | [Epoch 308] total_loss=3.689155, Lr0=0.000289, time=39.65s
2026-03-14 14:48:15 | INFO | Best model logged 3.689154624938965
2026-03-14 14:48:55 | INFO | [Epoch 309] total_loss=3.715154, Lr0=0.000285, time=39.73s
2026-03-14 14:49:35 | INFO | [Epoch 310] total_loss=3.691275, Lr0=0.000282, time=39.73s
2026-03-14 14:50:15 | INFO | [Epoch 311] total_loss=3.680263, Lr0=0.000278, time=39.74s
2026-03-14 14:50:15 | INFO | Best model logged 3.680262565612793
2026-03-14 14:50:55 | INFO | [Epoch 312] total_loss=3.678711, Lr0=0.000274, time=39.94s
2026-03-14 14:50:55 | INFO | Best model logged 3.6787109375
2026-03-14 14:51:34 | INFO | [Epoch 313] total_loss=3.701687, Lr0=0.000270, time=39.43s
2026-03-14 14:52:13 | INFO | [Epoch 314] total_loss=3.697010, Lr0=0.000267, time=39.37s
2026-03-14 14:52:53 | INFO | [Epoch 315] total_loss=3.687095, Lr0=0.000263, time=39.43s
2026-03-14 14:53:33 | INFO | [Epoch 316] total_loss=3.694131, Lr0=0.000260, time=40.26s
2026-03-14 14:54:13 | INFO | [Epoch 317] total_loss=3.691333, Lr0=0.000256, time=39.59s
2026-03-14 14:54:52 | INFO | [Epoch 318] total_loss=3.672366, Lr0=0.000252, time=39.58s
2026-03-14 14:54:52 | INFO | Best model logged 3.672365665435791
2026-03-14 14:55:33 | INFO | [Epoch 319] total_loss=3.677942, Lr0=0.000249, time=40.12s
2026-03-14 14:56:12 | INFO | [Epoch 320] total_loss=3.691729, Lr0=0.000245, time=39.85s
2026-03-14 14:56:52 | INFO | [Epoch 321] total_loss=3.677612, Lr0=0.000242, time=39.70s
2026-03-14 14:57:32 | INFO | [Epoch 322] total_loss=3.683823, Lr0=0.000239, time=39.52s
2026-03-14 14:58:12 | INFO | [Epoch 323] total_loss=3.672799, Lr0=0.000235, time=40.19s
2026-03-14 14:58:51 | INFO | [Epoch 324] total_loss=3.681453, Lr0=0.000232, time=39.61s
2026-03-14 14:59:31 | INFO | [Epoch 325] total_loss=3.659658, Lr0=0.000228, time=39.86s
2026-03-14 14:59:31 | INFO | Best model logged 3.6596577167510986
2026-03-14 15:00:11 | INFO | [Epoch 326] total_loss=3.661755, Lr0=0.000225, time=39.66s
2026-03-14 15:00:51 | INFO | [Epoch 327] total_loss=3.661056, Lr0=0.000222, time=40.42s
2026-03-14 15:01:31 | INFO | [Epoch 328] total_loss=3.658245, Lr0=0.000219, time=39.64s
2026-03-14 15:01:31 | INFO | Best model logged 3.6582446098327637
2026-03-14 15:02:11 | INFO | [Epoch 329] total_loss=3.647512, Lr0=0.000216, time=39.88s
2026-03-14 15:02:11 | INFO | Best model logged 3.6475119590759277
2026-03-14 15:02:51 | INFO | [Epoch 330] total_loss=3.645101, Lr0=0.000212, time=39.76s
2026-03-14 15:02:51 | INFO | Best model logged 3.6451010704040527
2026-03-14 15:03:31 | INFO | [Epoch 331] total_loss=3.673483, Lr0=0.000209, time=40.24s
2026-03-14 15:04:11 | INFO | [Epoch 332] total_loss=3.643040, Lr0=0.000206, time=39.54s
2026-03-14 15:04:11 | INFO | Best model logged 3.6430399417877197
2026-03-14 15:04:51 | INFO | [Epoch 333] total_loss=3.650082, Lr0=0.000203, time=40.07s
2026-03-14 15:05:31 | INFO | [Epoch 334] total_loss=3.636941, Lr0=0.000200, time=40.07s
2026-03-14 15:05:31 | INFO | Best model logged 3.636941432952881
2026-03-14 15:06:11 | INFO | [Epoch 335] total_loss=3.655089, Lr0=0.000197, time=39.96s
2026-03-14 15:06:51 | INFO | [Epoch 336] total_loss=3.646983, Lr0=0.000194, time=39.82s
2026-03-14 15:07:30 | INFO | [Epoch 337] total_loss=3.625280, Lr0=0.000192, time=39.65s
2026-03-14 15:07:30 | INFO | Best model logged 3.6252799034118652
2026-03-14 15:08:10 | INFO | [Epoch 338] total_loss=3.643198, Lr0=0.000189, time=40.01s
2026-03-14 15:08:50 | INFO | [Epoch 339] total_loss=3.642939, Lr0=0.000186, time=39.44s
2026-03-14 15:09:30 | INFO | [Epoch 340] total_loss=3.648392, Lr0=0.000183, time=39.64s
2026-03-14 15:10:09 | INFO | [Epoch 341] total_loss=3.636031, Lr0=0.000180, time=39.48s
2026-03-14 15:10:49 | INFO | [Epoch 342] total_loss=3.637115, Lr0=0.000178, time=39.97s
2026-03-14 15:11:29 | INFO | [Epoch 343] total_loss=3.629566, Lr0=0.000175, time=39.50s
2026-03-14 15:12:08 | INFO | [Epoch 344] total_loss=3.639217, Lr0=0.000173, time=39.49s
2026-03-14 15:12:48 | INFO | [Epoch 345] total_loss=3.633797, Lr0=0.000170, time=39.99s
2026-03-14 15:13:27 | INFO | [Epoch 346] total_loss=3.623055, Lr0=0.000168, time=39.42s
2026-03-14 15:13:27 | INFO | Best model logged 3.6230554580688477
2026-03-14 15:14:07 | INFO | [Epoch 347] total_loss=3.614619, Lr0=0.000165, time=39.57s
2026-03-14 15:14:07 | INFO | Best model logged 3.614619016647339
2026-03-14 15:14:47 | INFO | [Epoch 348] total_loss=3.614848, Lr0=0.000163, time=39.79s
2026-03-14 15:15:27 | INFO | [Epoch 349] total_loss=3.632581, Lr0=0.000160, time=40.23s
2026-03-14 15:16:07 | INFO | [Epoch 350] total_loss=3.622231, Lr0=0.000158, time=39.48s
2026-03-14 15:16:46 | INFO | [Epoch 351] total_loss=3.619491, Lr0=0.000156, time=39.46s
2026-03-14 15:17:26 | INFO | [Epoch 352] total_loss=3.602550, Lr0=0.000153, time=39.84s
2026-03-14 15:17:26 | INFO | Best model logged 3.6025502681732178
2026-03-14 15:18:06 | INFO | [Epoch 353] total_loss=3.601472, Lr0=0.000151, time=40.01s
2026-03-14 15:18:06 | INFO | Best model logged 3.6014723777770996
2026-03-14 15:18:46 | INFO | [Epoch 354] total_loss=3.602703, Lr0=0.000149, time=39.57s
2026-03-14 15:19:25 | INFO | [Epoch 355] total_loss=3.602736, Lr0=0.000147, time=39.50s
2026-03-14 15:20:05 | INFO | [Epoch 356] total_loss=3.618187, Lr0=0.000145, time=39.77s
2026-03-14 15:20:45 | INFO | [Epoch 357] total_loss=3.603026, Lr0=0.000143, time=39.91s
2026-03-14 15:21:25 | INFO | [Epoch 358] total_loss=3.590844, Lr0=0.000141, time=39.63s
2026-03-14 15:21:25 | INFO | Best model logged 3.59084415435791
2026-03-14 15:22:04 | INFO | [Epoch 359] total_loss=3.590369, Lr0=0.000139, time=39.63s
2026-03-14 15:22:04 | INFO | Best model logged 3.5903687477111816
2026-03-14 15:22:44 | INFO | [Epoch 360] total_loss=3.594039, Lr0=0.000137, time=40.03s
2026-03-14 15:23:24 | INFO | [Epoch 361] total_loss=3.600735, Lr0=0.000135, time=39.70s
2026-03-14 15:24:04 | INFO | [Epoch 362] total_loss=3.603810, Lr0=0.000133, time=39.51s
2026-03-14 15:24:43 | INFO | [Epoch 363] total_loss=3.601290, Lr0=0.000132, time=39.51s
2026-03-14 15:25:23 | INFO | [Epoch 364] total_loss=3.591619, Lr0=0.000130, time=40.20s
2026-03-14 15:26:03 | INFO | [Epoch 365] total_loss=3.600823, Lr0=0.000128, time=39.48s
2026-03-14 15:26:42 | INFO | [Epoch 366] total_loss=3.596628, Lr0=0.000127, time=39.61s
2026-03-14 15:27:22 | INFO | [Epoch 367] total_loss=3.595794, Lr0=0.000125, time=39.57s
2026-03-14 15:28:02 | INFO | [Epoch 368] total_loss=3.585917, Lr0=0.000124, time=40.09s
2026-03-14 15:28:02 | INFO | Best model logged 3.585916519165039
2026-03-14 15:28:42 | INFO | [Epoch 369] total_loss=3.587950, Lr0=0.000122, time=39.58s
2026-03-14 15:29:21 | INFO | [Epoch 370] total_loss=3.583575, Lr0=0.000121, time=39.66s
2026-03-14 15:29:21 | INFO | Best model logged 3.5835752487182617
2026-03-14 15:30:02 | INFO | [Epoch 371] total_loss=3.592504, Lr0=0.000119, time=40.24s
2026-03-14 15:30:41 | INFO | [Epoch 372] total_loss=3.591849, Lr0=0.000118, time=39.57s
2026-03-14 15:31:21 | INFO | [Epoch 373] total_loss=3.603195, Lr0=0.000117, time=39.73s
2026-03-14 15:32:01 | INFO | [Epoch 374] total_loss=3.603251, Lr0=0.000115, time=39.62s
2026-03-14 15:32:41 | INFO | [Epoch 375] total_loss=3.567045, Lr0=0.000114, time=40.13s
2026-03-14 15:32:41 | INFO | Best model logged 3.567044734954834
2026-03-14 15:33:21 | INFO | [Epoch 376] total_loss=3.569368, Lr0=0.000113, time=39.86s
2026-03-14 15:34:01 | INFO | [Epoch 377] total_loss=3.568856, Lr0=0.000112, time=39.85s
2026-03-14 15:34:41 | INFO | [Epoch 378] total_loss=3.600018, Lr0=0.000111, time=40.06s
2026-03-14 15:35:21 | INFO | [Epoch 379] total_loss=3.577437, Lr0=0.000110, time=40.37s
2026-03-14 15:36:01 | INFO | [Epoch 380] total_loss=3.569798, Lr0=0.000109, time=39.79s
2026-03-14 15:36:41 | INFO | [Epoch 381] total_loss=3.575491, Lr0=0.000108, time=39.98s
2026-03-14 15:37:21 | INFO | [Epoch 382] total_loss=3.564721, Lr0=0.000107, time=39.97s
2026-03-14 15:37:21 | INFO | Best model logged 3.56472110748291
2026-03-14 15:38:00 | INFO | [Epoch 383] total_loss=3.572629, Lr0=0.000106, time=39.51s
2026-03-14 15:38:40 | INFO | [Epoch 384] total_loss=3.562327, Lr0=0.000106, time=39.74s
2026-03-14 15:38:40 | INFO | Best model logged 3.562326669692993
2026-03-14 15:39:20 | INFO | [Epoch 385] total_loss=3.571981, Lr0=0.000105, time=39.56s
2026-03-14 15:40:00 | INFO | [Epoch 386] total_loss=3.601768, Lr0=0.000104, time=40.14s
2026-03-14 15:40:40 | INFO | [Epoch 387] total_loss=3.570629, Lr0=0.000104, time=39.87s
2026-03-14 15:41:19 | INFO | [Epoch 388] total_loss=3.576943, Lr0=0.000103, time=39.71s
2026-03-14 15:41:59 | INFO | [Epoch 389] total_loss=3.552216, Lr0=0.000102, time=39.57s
2026-03-14 15:41:59 | INFO | Best model logged 3.552216053009033
2026-03-14 15:42:39 | INFO | [Epoch 390] total_loss=3.569864, Lr0=0.000102, time=40.35s
2026-03-14 15:43:19 | INFO | [Epoch 391] total_loss=3.559067, Lr0=0.000102, time=39.68s
2026-03-14 15:43:58 | INFO | [Epoch 392] total_loss=3.550498, Lr0=0.000101, time=39.45s
2026-03-14 15:43:59 | INFO | Best model logged 3.5504980087280273
2026-03-14 15:44:39 | INFO | [Epoch 393] total_loss=3.561185, Lr0=0.000101, time=40.04s
2026-03-14 15:45:18 | INFO | [Epoch 394] total_loss=3.551134, Lr0=0.000101, time=39.87s
2026-03-14 15:45:58 | INFO | [Epoch 395] total_loss=3.568374, Lr0=0.000100, time=39.38s
2026-03-14 15:46:38 | INFO | [Epoch 396] total_loss=3.565502, Lr0=0.000100, time=39.79s
2026-03-14 15:47:18 | INFO | [Epoch 397] total_loss=3.566613, Lr0=0.000100, time=40.10s
2026-03-14 15:47:57 | INFO | [Epoch 398] total_loss=3.564714, Lr0=0.000100, time=39.55s
2026-03-14 15:48:37 | INFO | [Epoch 399] total_loss=3.556573, Lr0=0.000100, time=39.74s
2026-03-14 15:48:37 | INFO | Training complete.
2026-03-14 15:48:37 | INFO | Best checkpoint: ./save/cnn_overlap_new/contrastive_SWELLDataset/encoder_best_.pt
2026-03-14 15:48:54 | INFO | Model forward EncoderClassifierModel(
  (encoder): CNNEncoder(
    (cnn_layers): Sequential(
      (0): Conv1d(1, 32, kernel_size=(10,), stride=(1,))
      (1): BatchNorm1d(32, eps=1e-05, momentum=0.1, affine=True, track_running_stats=True)
      (2): ReLU()
      (3): MaxPool1d(kernel_size=2, stride=2, padding=0, dilation=1, ceil_mode=False)
      (4): Dropout(p=0.0, inplace=False)
      (5): Conv1d(32, 64, kernel_size=(10,), stride=(1,))
      (6): BatchNorm1d(64, eps=1e-05, momentum=0.1, affine=True, track_running_stats=True)
      (7): ReLU()
      (8): MaxPool1d(kernel_size=2, stride=2, padding=0, dilation=1, ceil_mode=False)
      (9): Dropout(p=0.0, inplace=False)
      (10): Conv1d(64, 128, kernel_size=(10,), stride=(1,))
      (11): BatchNorm1d(128, eps=1e-05, momentum=0.1, affine=True, track_running_stats=True)
      (12): ReLU()
      (13): MaxPool1d(kernel_size=2, stride=2, padding=0, dilation=1, ceil_mode=False)
      (14): Dropout(p=0.0, inplace=False)
      (15): Conv1d(128, 256, kernel_size=(10,), stride=(1,))
      (16): BatchNorm1d(256, eps=1e-05, momentum=0.1, affine=True, track_running_stats=True)
      (17): ReLU()
      (18): MaxPool1d(kernel_size=2, stride=2, padding=0, dilation=1, ceil_mode=False)
      (19): Dropout(p=0.0, inplace=False)
    )
    (linear_layer): Sequential(
      (0): Linear(in_features=18176, out_features=64, bias=True)
      (1): ReLU()
    )
  )
  (classifier): Linear(in_features=64, out_features=1, bias=True)
  (loss_fn): BCEWithLogitsLoss()
)
2026-03-14 15:48:54 | INFO | Model forward EncoderClassifierModel(
  (encoder): CNNEncoder(
    (cnn_layers): Sequential(
      (0): Conv1d(1, 32, kernel_size=(10,), stride=(1,))
      (1): BatchNorm1d(32, eps=1e-05, momentum=0.1, affine=True, track_running_stats=True)
      (2): ReLU()
      (3): MaxPool1d(kernel_size=2, stride=2, padding=0, dilation=1, ceil_mode=False)
      (4): Dropout(p=0.0, inplace=False)
      (5): Conv1d(32, 64, kernel_size=(10,), stride=(1,))
      (6): BatchNorm1d(64, eps=1e-05, momentum=0.1, affine=True, track_running_stats=True)
      (7): ReLU()
      (8): MaxPool1d(kernel_size=2, stride=2, padding=0, dilation=1, ceil_mode=False)
      (9): Dropout(p=0.0, inplace=False)
      (10): Conv1d(64, 128, kernel_size=(10,), stride=(1,))
      (11): BatchNorm1d(128, eps=1e-05, momentum=0.1, affine=True, track_running_stats=True)
      (12): ReLU()
      (13): MaxPool1d(kernel_size=2, stride=2, padding=0, dilation=1, ceil_mode=False)
      (14): Dropout(p=0.0, inplace=False)
      (15): Conv1d(128, 256, kernel_size=(10,), stride=(1,))
      (16): BatchNorm1d(256, eps=1e-05, momentum=0.1, affine=True, track_running_stats=True)
      (17): ReLU()
      (18): MaxPool1d(kernel_size=2, stride=2, padding=0, dilation=1, ceil_mode=False)
      (19): Dropout(p=0.0, inplace=False)
    )
    (linear_layer): Sequential(
      (0): Linear(in_features=18176, out_features=64, bias=True)
      (1): ReLU()
    )
  )
  (classifier): Linear(in_features=64, out_features=1, bias=True)
  (loss_fn): BCEWithLogitsLoss()
)
2026-03-14 15:48:56 | INFO | [Epoch 000] total_loss=0.614672, Lr0=0.000100Lr1=0.001000, time=1.62s
2026-03-14 15:48:56 | INFO | [Epoch 000] total_loss=0.614672, Lr0=0.000100Lr1=0.001000, time=1.52s
2026-03-14 15:48:56 | INFO | Validation — loss=0.6243, acc=0.6819, f1=0.4054, recall=0.5, precision=0.341
2026-03-14 15:48:56 | INFO | Best model logged 0.4054
2026-03-14 15:48:57 | INFO | Validation — loss=0.6246, acc=0.6819, f1=0.4054, recall=0.5, precision=0.341
2026-03-14 15:48:57 | INFO | Best model logged 0.4054
2026-03-14 15:48:57 | INFO | [Epoch 001] total_loss=0.409276, Lr0=0.000100Lr1=0.000999, time=0.55s
2026-03-14 15:48:58 | INFO | [Epoch 001] total_loss=0.409278, Lr0=0.000100Lr1=0.000999, time=0.57s
2026-03-14 15:48:58 | INFO | Validation — loss=1.2945, acc=0.6819, f1=0.4054, recall=0.5, precision=0.341
2026-03-14 15:48:59 | INFO | [Epoch 002] total_loss=0.273285, Lr0=0.000100Lr1=0.000998, time=0.58s
2026-03-14 15:48:59 | INFO | Validation — loss=2.0640, acc=0.6819, f1=0.4054, recall=0.5, precision=0.341
2026-03-14 15:48:59 | INFO | [Epoch 002] total_loss=0.273366, Lr0=0.000100Lr1=0.000998, time=0.55s
2026-03-14 15:48:59 | INFO | Validation — loss=0.7749, acc=0.6819, f1=0.4054, recall=0.5, precision=0.341
2026-03-14 15:49:00 | INFO | [Epoch 003] total_loss=0.192548, Lr0=0.000100Lr1=0.000996, time=0.54s
2026-03-14 15:49:01 | INFO | Validation — loss=1.4428, acc=0.6819, f1=0.4054, recall=0.5, precision=0.341
2026-03-14 15:49:01 | INFO | Validation — loss=1.1956, acc=0.6819, f1=0.4054, recall=0.5, precision=0.341
2026-03-14 15:49:01 | INFO | [Epoch 003] total_loss=0.192393, Lr0=0.000100Lr1=0.000996, time=0.57s
2026-03-14 15:49:01 | INFO | [Epoch 004] total_loss=0.159771, Lr0=0.000099Lr1=0.000994, time=0.54s
2026-03-14 15:49:02 | INFO | Validation — loss=0.7392, acc=0.6819, f1=0.4054, recall=0.5, precision=0.341
2026-03-14 15:49:02 | INFO | Validation — loss=0.9813, acc=0.6819, f1=0.4054, recall=0.5, precision=0.341
2026-03-14 15:49:03 | INFO | [Epoch 005] total_loss=0.138549, Lr0=0.000099Lr1=0.000991, time=0.56s
2026-03-14 15:49:03 | INFO | [Epoch 004] total_loss=0.160625, Lr0=0.000099Lr1=0.000994, time=0.54s
2026-03-14 15:49:04 | INFO | Validation — loss=0.6354, acc=0.6819, f1=0.4054, recall=0.5, precision=0.341
2026-03-14 15:49:04 | INFO | [Epoch 006] total_loss=0.104357, Lr0=0.000099Lr1=0.000988, time=0.54s
2026-03-14 15:49:04 | INFO | Validation — loss=0.6937, acc=0.6819, f1=0.4054, recall=0.5, precision=0.341
2026-03-14 15:49:05 | INFO | [Epoch 005] total_loss=0.140780, Lr0=0.000099Lr1=0.000991, time=0.57s
2026-03-14 15:49:05 | INFO | Validation — loss=0.6483, acc=0.6819, f1=0.4054, recall=0.5, precision=0.341
2026-03-14 15:49:05 | INFO | [Epoch 007] total_loss=0.095083, Lr0=0.000098Lr1=0.000984, time=0.53s
2026-03-14 15:49:06 | INFO | Validation — loss=0.6412, acc=0.6819, f1=0.4054, recall=0.5, precision=0.341
2026-03-14 15:49:06 | INFO | Validation — loss=0.6554, acc=0.6944, f1=0.4567, recall=0.5229, precision=0.7482
2026-03-14 15:49:06 | INFO | Best model logged 0.4567
2026-03-14 15:49:07 | INFO | [Epoch 006] total_loss=0.102959, Lr0=0.000099Lr1=0.000988, time=0.60s
2026-03-14 15:49:07 | INFO | [Epoch 008] total_loss=0.096456, Lr0=0.000098Lr1=0.000980, time=0.56s
2026-03-14 15:49:08 | INFO | Validation — loss=0.6092, acc=0.6819, f1=0.4054, recall=0.5, precision=0.341
2026-03-14 15:49:08 | INFO | Validation — loss=0.6267, acc=0.6819, f1=0.4054, recall=0.5, precision=0.341
2026-03-14 15:49:08 | INFO | [Epoch 009] total_loss=0.079290, Lr0=0.000098Lr1=0.000976, time=0.54s
2026-03-14 15:49:08 | INFO | [Epoch 007] total_loss=0.090421, Lr0=0.000098Lr1=0.000984, time=0.55s
2026-03-14 15:49:09 | INFO | Validation — loss=0.7950, acc=0.6819, f1=0.4054, recall=0.5, precision=0.341
2026-03-14 15:49:10 | INFO | [Epoch 010] total_loss=0.059623, Lr0=0.000097Lr1=0.000970, time=0.58s
2026-03-14 15:49:10 | INFO | Validation — loss=0.6952, acc=0.5182, f1=0.4879, recall=0.4953, precision=0.4958
2026-03-14 15:49:10 | INFO | Best model logged 0.4879
2026-03-14 15:49:10 | INFO | [Epoch 008] total_loss=0.093698, Lr0=0.000098Lr1=0.000980, time=0.58s
2026-03-14 15:49:10 | INFO | Validation — loss=0.7804, acc=0.4533, f1=0.4432, recall=0.5788, precision=0.614
2026-03-14 15:49:11 | INFO | [Epoch 011] total_loss=0.034144, Lr0=0.000097Lr1=0.000965, time=0.57s
2026-03-14 15:49:12 | INFO | Validation — loss=0.6092, acc=0.6819, f1=0.4054, recall=0.5, precision=0.341
2026-03-14 15:49:12 | INFO | Validation — loss=1.1378, acc=0.5549, f1=0.5527, recall=0.6694, precision=0.6975
2026-03-14 15:49:12 | INFO | Best model logged 0.5527
2026-03-14 15:49:12 | INFO | [Epoch 009] total_loss=0.069797, Lr0=0.000098Lr1=0.000976, time=0.56s
2026-03-14 15:49:12 | INFO | [Epoch 012] total_loss=0.050129, Lr0=0.000096Lr1=0.000959, time=0.55s
2026-03-14 15:49:13 | INFO | Validation — loss=1.4077, acc=0.5058, f1=0.498, recall=0.6352, precision=0.6879
2026-03-14 15:49:13 | INFO | Validation — loss=0.6067, acc=0.6891, f1=0.4291, recall=0.5112, precision=0.8434
2026-03-14 15:49:14 | INFO | [Epoch 013] total_loss=0.024335, Lr0=0.000095Lr1=0.000952, time=0.50s
2026-03-14 15:49:14 | INFO | [Epoch 010] total_loss=0.051685, Lr0=0.000097Lr1=0.000970, time=0.54s
2026-03-14 15:49:15 | INFO | Validation — loss=1.4915, acc=0.4101, f1=0.3813, recall=0.5632, precision=0.6493
2026-03-14 15:49:15 | INFO | [Epoch 014] total_loss=0.031759, Lr0=0.000095Lr1=0.000946, time=0.54s
2026-03-14 15:49:15 | INFO | Validation — loss=0.7068, acc=0.5403, f1=0.5395, recall=0.6402, precision=0.652
2026-03-14 15:49:15 | INFO | Best model logged 0.5395
2026-03-14 15:49:16 | INFO | [Epoch 011] total_loss=0.025328, Lr0=0.000097Lr1=0.000965, time=0.57s
2026-03-14 15:49:16 | INFO | Validation — loss=3.2872, acc=0.3563, f1=0.3016, recall=0.528, precision=0.6654
2026-03-14 15:49:16 | INFO | [Epoch 015] total_loss=0.031839, Lr0=0.000094Lr1=0.000938, time=0.53s
2026-03-14 15:49:17 | INFO | Validation — loss=0.6060, acc=0.6419, f1=0.624, recall=0.6483, precision=0.6293
2026-03-14 15:49:17 | INFO | Best model logged 0.624
2026-03-14 15:49:17 | INFO | Validation — loss=3.1252, acc=0.3374, f1=0.2727, recall=0.514, precision=0.6565
2026-03-14 15:49:18 | INFO | [Epoch 012] total_loss=0.034023, Lr0=0.000096Lr1=0.000959, time=0.55s
2026-03-14 15:49:18 | INFO | [Epoch 016] total_loss=0.017095, Lr0=0.000093Lr1=0.000930, time=0.59s
2026-03-14 15:49:19 | INFO | Validation — loss=1.9989, acc=0.4068, f1=0.3755, recall=0.5628, precision=0.6599
2026-03-14 15:49:19 | INFO | Validation — loss=1.0337, acc=0.508, f1=0.5001, recall=0.6381, precision=0.6927
2026-03-14 15:49:19 | INFO | [Epoch 017] total_loss=0.007351, Lr0=0.000092Lr1=0.000922, time=0.54s
2026-03-14 15:49:20 | INFO | [Epoch 013] total_loss=0.020822, Lr0=0.000095Lr1=0.000952, time=0.58s
2026-03-14 15:49:20 | INFO | Validation — loss=2.1581, acc=0.4077, f1=0.3763, recall=0.564, precision=0.6637
2026-03-14 15:49:21 | INFO | [Epoch 018] total_loss=0.005761, Lr0=0.000091Lr1=0.000914, time=0.57s
2026-03-14 15:49:21 | INFO | Validation — loss=1.8845, acc=0.3376, f1=0.2741, recall=0.5132, precision=0.632
2026-03-14 15:49:21 | INFO | [Epoch 014] total_loss=0.043986, Lr0=0.000095Lr1=0.000946, time=0.57s
2026-03-14 15:49:22 | INFO | Validation — loss=1.9923, acc=0.4297, f1=0.4067, recall=0.5779, precision=0.659
2026-03-14 15:49:22 | INFO | [Epoch 019] total_loss=0.004894, Lr0=0.000091Lr1=0.000905, time=0.55s
2026-03-14 15:49:23 | INFO | Validation — loss=1.0227, acc=0.5529, f1=0.5504, recall=0.6687, precision=0.6987
2026-03-14 15:49:23 | INFO | Validation — loss=2.0632, acc=0.4157, f1=0.3883, recall=0.5679, precision=0.6546
2026-03-14 15:49:23 | INFO | [Epoch 015] total_loss=0.057322, Lr0=0.000094Lr1=0.000938, time=0.57s
2026-03-14 15:49:24 | INFO | [Epoch 020] total_loss=0.004203, Lr0=0.000090Lr1=0.000895, time=0.55s
2026-03-14 15:49:24 | INFO | Validation — loss=2.5051, acc=0.3828, f1=0.3405, recall=0.5475, precision=0.67
2026-03-14 15:49:25 | INFO | Validation — loss=1.6345, acc=0.4402, f1=0.4201, recall=0.5854, precision=0.6618
2026-03-14 15:49:25 | INFO | [Epoch 021] total_loss=0.002980, Lr0=0.000089Lr1=0.000885, time=0.56s
2026-03-14 15:49:25 | INFO | [Epoch 016] total_loss=0.021987, Lr0=0.000093Lr1=0.000930, time=0.56s
2026-03-14 15:49:26 | INFO | Validation — loss=2.0622, acc=0.4166, f1=0.3895, recall=0.5685, precision=0.655
2026-03-14 15:49:26 | INFO | [Epoch 022] total_loss=0.002684, Lr0=0.000088Lr1=0.000875, time=0.50s
2026-03-14 15:49:26 | INFO | Validation — loss=1.1554, acc=0.5723, f1=0.5723, recall=0.6593, precision=0.6592
2026-03-14 15:49:27 | INFO | [Epoch 017] total_loss=0.027173, Lr0=0.000092Lr1=0.000922, time=0.58s
2026-03-14 15:49:27 | INFO | Validation — loss=1.9472, acc=0.4393, f1=0.419, recall=0.5846, precision=0.6607
2026-03-14 15:49:28 | INFO | [Epoch 023] total_loss=0.002224, Lr0=0.000087Lr1=0.000865, time=0.55s
2026-03-14 15:49:28 | INFO | Validation — loss=0.7238, acc=0.6693, f1=0.6672, recall=0.7387, precision=0.7164
2026-03-14 15:49:28 | INFO | Best model logged 0.6672
2026-03-14 15:49:29 | INFO | Validation — loss=1.9657, acc=0.4488, f1=0.4309, recall=0.5918, precision=0.6648
2026-03-14 15:49:29 | INFO | [Epoch 018] total_loss=0.010336, Lr0=0.000091Lr1=0.000914, time=0.60s
2026-03-14 15:49:29 | INFO | [Epoch 024] total_loss=0.001969, Lr0=0.000086Lr1=0.000854, time=0.55s
2026-03-14 15:49:30 | INFO | Validation — loss=2.0263, acc=0.4502, f1=0.4328, recall=0.5924, precision=0.6637
2026-03-14 15:49:30 | INFO | Validation — loss=2.4893, acc=0.3668, f1=0.3172, recall=0.5357, precision=0.6672
2026-03-14 15:49:30 | INFO | [Epoch 025] total_loss=0.003267, Lr0=0.000084Lr1=0.000842, time=0.52s
2026-03-14 15:49:31 | INFO | [Epoch 019] total_loss=0.007691, Lr0=0.000091Lr1=0.000905, time=0.58s
2026-03-14 15:49:31 | INFO | Validation — loss=1.6478, acc=0.4942, f1=0.4855, recall=0.6241, precision=0.6762
2026-03-14 15:49:32 | INFO | [Epoch 026] total_loss=0.004369, Lr0=0.000083Lr1=0.000831, time=0.57s
2026-03-14 15:49:32 | INFO | Validation — loss=2.9659, acc=0.3508, f1=0.2932, recall=0.524, precision=0.6644
2026-03-14 15:49:33 | INFO | Validation — loss=1.2262, acc=0.5696, f1=0.5684, recall=0.6787, precision=0.6988
2026-03-14 15:49:33 | INFO | Best model logged 0.5684
2026-03-14 15:49:33 | INFO | [Epoch 020] total_loss=0.005208, Lr0=0.000090Lr1=0.000895, time=0.55s
2026-03-14 15:49:33 | INFO | [Epoch 027] total_loss=0.007270, Lr0=0.000082Lr1=0.000819, time=0.54s
2026-03-14 15:49:34 | INFO | Validation — loss=2.4313, acc=0.3786, f1=0.3344, recall=0.5444, precision=0.6693
2026-03-14 15:49:34 | INFO | Validation — loss=0.9032, acc=0.6279, f1=0.6277, recall=0.7149, precision=0.7079
2026-03-14 15:49:34 | INFO | Best model logged 0.6277
2026-03-14 15:49:34 | INFO | [Epoch 021] total_loss=0.003978, Lr0=0.000089Lr1=0.000885, time=0.57s
2026-03-14 15:49:35 | INFO | [Epoch 028] total_loss=0.006021, Lr0=0.000081Lr1=0.000807, time=0.52s
2026-03-14 15:49:35 | INFO | Validation — loss=1.0272, acc=0.6379, f1=0.6377, recall=0.7257, precision=0.718
2026-03-14 15:49:35 | INFO | Best model logged 0.6377
2026-03-14 15:49:36 | INFO | Validation — loss=1.3064, acc=0.4967, f1=0.4881, recall=0.6267, precision=0.6794
2026-03-14 15:49:36 | INFO | [Epoch 029] total_loss=0.012445, Lr0=0.000080Lr1=0.000794, time=0.55s
2026-03-14 15:49:36 | INFO | [Epoch 022] total_loss=0.003218, Lr0=0.000088Lr1=0.000875, time=0.55s
2026-03-14 15:49:37 | INFO | Validation — loss=2.7447, acc=0.3808, f1=0.343, recall=0.5395, precision=0.6186
2026-03-14 15:49:37 | INFO | [Epoch 030] total_loss=0.010392, Lr0=0.000078Lr1=0.000781, time=0.57s
2026-03-14 15:49:38 | INFO | Validation — loss=1.2057, acc=0.5383, f1=0.5349, recall=0.6559, precision=0.6888
2026-03-14 15:49:38 | INFO | Validation — loss=2.0746, acc=0.4573, f1=0.4416, recall=0.5974, precision=0.6654
2026-03-14 15:49:38 | INFO | [Epoch 023] total_loss=0.003536, Lr0=0.000087Lr1=0.000865, time=0.62s
2026-03-14 15:49:39 | INFO | [Epoch 031] total_loss=0.009222, Lr0=0.000077Lr1=0.000768, time=0.57s
2026-03-14 15:49:39 | INFO | Validation — loss=1.9162, acc=0.4348, f1=0.4134, recall=0.5813, precision=0.6591
2026-03-14 15:49:40 | INFO | Validation — loss=1.4437, acc=0.5618, f1=0.5606, recall=0.6696, precision=0.6886
2026-03-14 15:49:40 | INFO | [Epoch 024] total_loss=0.002677, Lr0=0.000086Lr1=0.000854, time=0.57s
2026-03-14 15:49:40 | INFO | [Epoch 032] total_loss=0.007116, Lr0=0.000076Lr1=0.000755, time=0.51s
2026-03-14 15:49:41 | INFO | Validation — loss=1.3514, acc=0.5405, f1=0.5385, recall=0.6504, precision=0.6727
2026-03-14 15:49:41 | INFO | Validation — loss=1.3849, acc=0.53, f1=0.5261, recall=0.6493, precision=0.6847
2026-03-14 15:49:41 | INFO | [Epoch 033] total_loss=0.013137, Lr0=0.000074Lr1=0.000741, time=0.51s
2026-03-14 15:49:42 | INFO | [Epoch 025] total_loss=0.005156, Lr0=0.000084Lr1=0.000842, time=0.55s
2026-03-14 15:49:42 | INFO | Validation — loss=2.6380, acc=0.4041, f1=0.3738, recall=0.5581, precision=0.6424
2026-03-14 15:49:43 | INFO | [Epoch 034] total_loss=0.005450, Lr0=0.000073Lr1=0.000727, time=0.51s
2026-03-14 15:49:43 | INFO | Validation — loss=1.1423, acc=0.5761, f1=0.5752, recall=0.6832, precision=0.7006
2026-03-14 15:49:43 | INFO | Validation — loss=2.8443, acc=0.3895, f1=0.3505, recall=0.5516, precision=0.665
2026-03-14 15:49:44 | INFO | [Epoch 026] total_loss=0.004325, Lr0=0.000083Lr1=0.000831, time=0.56s
2026-03-14 15:49:44 | INFO | [Epoch 035] total_loss=0.005969, Lr0=0.000072Lr1=0.000713, time=0.52s
2026-03-14 15:49:45 | INFO | Validation — loss=2.5374, acc=0.4061, f1=0.3765, recall=0.5595, precision=0.6434
2026-03-14 15:49:45 | INFO | Validation — loss=1.0637, acc=0.6097, f1=0.6096, recall=0.7075, precision=0.7116
2026-03-14 15:49:45 | INFO | [Epoch 036] total_loss=0.004219, Lr0=0.000070Lr1=0.000699, time=0.51s
2026-03-14 15:49:45 | INFO | [Epoch 027] total_loss=0.009362, Lr0=0.000082Lr1=0.000819, time=0.57s
2026-03-14 15:49:46 | INFO | Validation — loss=2.4084, acc=0.4235, f1=0.3993, recall=0.5723, precision=0.6512
2026-03-14 15:49:47 | INFO | [Epoch 037] total_loss=0.002729, Lr0=0.000069Lr1=0.000684, time=0.54s
2026-03-14 15:49:47 | INFO | Validation — loss=0.7151, acc=0.7142, f1=0.7116, recall=0.7837, precision=0.754
2026-03-14 15:49:47 | INFO | Best model logged 0.7116
2026-03-14 15:49:47 | INFO | [Epoch 028] total_loss=0.006045, Lr0=0.000081Lr1=0.000807, time=0.53s
2026-03-14 15:49:47 | INFO | Validation — loss=1.5547, acc=0.504, f1=0.4969, recall=0.6309, precision=0.6783
2026-03-14 15:49:48 | INFO | [Epoch 038] total_loss=0.001891, Lr0=0.000067Lr1=0.000670, time=0.56s
2026-03-14 15:49:49 | INFO | Validation — loss=1.2737, acc=0.5945, f1=0.5943, recall=0.6962, precision=0.7058
2026-03-14 15:49:49 | INFO | Validation — loss=1.8437, acc=0.4778, f1=0.4664, recall=0.6119, precision=0.6703
2026-03-14 15:49:49 | INFO | [Epoch 029] total_loss=0.006448, Lr0=0.000080Lr1=0.000794, time=0.57s
2026-03-14 15:49:49 | INFO | [Epoch 039] total_loss=0.000977, Lr0=0.000066Lr1=0.000655, time=0.56s
2026-03-14 15:49:50 | INFO | Validation — loss=1.9211, acc=0.4718, f1=0.4591, recall=0.6078, precision=0.6696
2026-03-14 15:49:50 | INFO | Validation — loss=2.4959, acc=0.4177, f1=0.3917, recall=0.5682, precision=0.6497
2026-03-14 15:49:51 | INFO | [Epoch 040] total_loss=0.001956, Lr0=0.000064Lr1=0.000640, time=0.55s
2026-03-14 15:49:51 | INFO | [Epoch 030] total_loss=0.007436, Lr0=0.000078Lr1=0.000781, time=0.56s
2026-03-14 15:49:52 | INFO | Validation — loss=2.9810, acc=0.3861, f1=0.3487, recall=0.5456, precision=0.6371
2026-03-14 15:49:52 | INFO | [Epoch 041] total_loss=0.000782, Lr0=0.000063Lr1=0.000625, time=0.51s
2026-03-14 15:49:52 | INFO | Validation — loss=2.7609, acc=0.369, f1=0.3251, recall=0.5323, precision=0.6188
2026-03-14 15:49:53 | INFO | [Epoch 031] total_loss=0.006889, Lr0=0.000077Lr1=0.000768, time=0.59s
2026-03-14 15:49:53 | INFO | Validation — loss=2.5978, acc=0.417, f1=0.3908, recall=0.5677, precision=0.6494
2026-03-14 15:49:53 | INFO | [Epoch 042] total_loss=0.000780, Lr0=0.000061Lr1=0.000609, time=0.52s
2026-03-14 15:49:54 | INFO | Validation — loss=1.8645, acc=0.4451, f1=0.4267, recall=0.5881, precision=0.6596
2026-03-14 15:49:54 | INFO | Validation — loss=2.1992, acc=0.4493, f1=0.4318, recall=0.5914, precision=0.6619
2026-03-14 15:49:55 | INFO | [Epoch 032] total_loss=0.005713, Lr0=0.000076Lr1=0.000755, time=0.57s
2026-03-14 15:49:55 | INFO | [Epoch 043] total_loss=0.000328, Lr0=0.000060Lr1=0.000594, time=0.56s
2026-03-14 15:49:56 | INFO | Validation — loss=2.0253, acc=0.4711, f1=0.4583, recall=0.6073, precision=0.6693
2026-03-14 15:49:56 | INFO | Validation — loss=1.7166, acc=0.4829, f1=0.4726, recall=0.6152, precision=0.6707
2026-03-14 15:49:56 | INFO | [Epoch 044] total_loss=0.000523, Lr0=0.000058Lr1=0.000579, time=0.55s
2026-03-14 15:49:56 | INFO | [Epoch 033] total_loss=0.003541, Lr0=0.000074Lr1=0.000741, time=0.55s
2026-03-14 15:49:57 | INFO | Validation — loss=2.0031, acc=0.4746, f1=0.4626, recall=0.61, precision=0.6705
2026-03-14 15:49:58 | INFO | [Epoch 045] total_loss=0.000438, Lr0=0.000057Lr1=0.000563, time=0.51s
2026-03-14 15:49:58 | INFO | Validation — loss=1.9415, acc=0.454, f1=0.4381, recall=0.5937, precision=0.6592
2026-03-14 15:49:58 | INFO | [Epoch 034] total_loss=0.008196, Lr0=0.000073Lr1=0.000727, time=0.55s
2026-03-14 15:49:58 | INFO | Validation — loss=1.9942, acc=0.4782, f1=0.4669, recall=0.6124, precision=0.671
2026-03-14 15:49:59 | INFO | [Epoch 046] total_loss=0.000585, Lr0=0.000055Lr1=0.000548, time=0.54s
2026-03-14 15:50:00 | INFO | Validation — loss=0.8320, acc=0.6633, f1=0.662, recall=0.7391, precision=0.7205
2026-03-14 15:50:00 | INFO | Validation — loss=1.9351, acc=0.4835, f1=0.4731, recall=0.6163, precision=0.6728
2026-03-14 15:50:00 | INFO | [Epoch 035] total_loss=0.004626, Lr0=0.000072Lr1=0.000713, time=0.57s
2026-03-14 15:50:00 | INFO | [Epoch 047] total_loss=0.000395, Lr0=0.000054Lr1=0.000532, time=0.56s
2026-03-14 15:50:01 | INFO | Validation — loss=1.9823, acc=0.4786, f1=0.4674, recall=0.6127, precision=0.6712
2026-03-14 15:50:01 | INFO | Validation — loss=0.6382, acc=0.7607, f1=0.7463, recall=0.7768, precision=0.7432
2026-03-14 15:50:01 | INFO | Best model logged 0.7463
2026-03-14 15:50:02 | INFO | [Epoch 048] total_loss=0.000251, Lr0=0.000052Lr1=0.000516, time=0.52s
2026-03-14 15:50:02 | INFO | [Epoch 036] total_loss=0.004205, Lr0=0.000070Lr1=0.000699, time=0.56s
2026-03-14 15:50:02 | INFO | Validation — loss=2.1148, acc=0.4644, f1=0.4504, recall=0.6023, precision=0.6664
2026-03-14 15:50:02 | INFO | Early stopping at epoch 48. Best: 0.637700
2026-03-14 15:50:02 | INFO | Training complete.
2026-03-14 15:50:02 | INFO | Best checkpoint: ./save/cnn_overlap_new/contrastive_SWELLDataset/finetuned_best_0.pt
2026-03-14 15:50:03 | INFO | Validation — loss=0.7000, acc=0.7415, f1=0.719, recall=0.7359, precision=0.7134
2026-03-14 15:50:04 | INFO | [Epoch 037] total_loss=0.002948, Lr0=0.000069Lr1=0.000684, time=0.59s
2026-03-14 15:50:05 | INFO | Validation — loss=0.6914, acc=0.7404, f1=0.7231, recall=0.7485, precision=0.7197
2026-03-14 15:50:06 | INFO | [Epoch 038] total_loss=0.001728, Lr0=0.000067Lr1=0.000670, time=0.56s
2026-03-14 15:50:07 | INFO | Validation — loss=0.6566, acc=0.7742, f1=0.7658, recall=0.8128, precision=0.7715
2026-03-14 15:50:07 | INFO | Best model logged 0.7658
2026-03-14 15:50:08 | INFO | [Epoch 039] total_loss=0.001145, Lr0=0.000066Lr1=0.000655, time=0.59s
2026-03-14 15:50:09 | INFO | Validation — loss=1.0985, acc=0.6392, f1=0.6391, recall=0.729, precision=0.7223
2026-03-14 15:50:09 | INFO | [Epoch 040] total_loss=0.001471, Lr0=0.000064Lr1=0.000640, time=0.55s
2026-03-14 15:50:11 | INFO | Validation — loss=1.3565, acc=0.5774, f1=0.5766, recall=0.684, precision=0.7006
2026-03-14 15:50:11 | INFO | [Epoch 041] total_loss=0.000452, Lr0=0.000063Lr1=0.000625, time=0.57s
2026-03-14 15:50:12 | INFO | Validation — loss=1.2021, acc=0.6128, f1=0.6127, recall=0.7094, precision=0.712
2026-03-14 15:50:13 | INFO | [Epoch 042] total_loss=0.000608, Lr0=0.000061Lr1=0.000609, time=0.57s
2026-03-14 15:50:13 | INFO | Model forward EncoderClassifierModel(
  (encoder): CNNEncoder(
    (cnn_layers): Sequential(
      (0): Conv1d(1, 32, kernel_size=(10,), stride=(1,))
      (1): BatchNorm1d(32, eps=1e-05, momentum=0.1, affine=True, track_running_stats=True)
      (2): ReLU()
      (3): MaxPool1d(kernel_size=2, stride=2, padding=0, dilation=1, ceil_mode=False)
      (4): Dropout(p=0.0, inplace=False)
      (5): Conv1d(32, 64, kernel_size=(10,), stride=(1,))
      (6): BatchNorm1d(64, eps=1e-05, momentum=0.1, affine=True, track_running_stats=True)
      (7): ReLU()
      (8): MaxPool1d(kernel_size=2, stride=2, padding=0, dilation=1, ceil_mode=False)
      (9): Dropout(p=0.0, inplace=False)
      (10): Conv1d(64, 128, kernel_size=(10,), stride=(1,))
      (11): BatchNorm1d(128, eps=1e-05, momentum=0.1, affine=True, track_running_stats=True)
      (12): ReLU()
      (13): MaxPool1d(kernel_size=2, stride=2, padding=0, dilation=1, ceil_mode=False)
      (14): Dropout(p=0.0, inplace=False)
      (15): Conv1d(128, 256, kernel_size=(10,), stride=(1,))
      (16): BatchNorm1d(256, eps=1e-05, momentum=0.1, affine=True, track_running_stats=True)
      (17): ReLU()
      (18): MaxPool1d(kernel_size=2, stride=2, padding=0, dilation=1, ceil_mode=False)
      (19): Dropout(p=0.0, inplace=False)
    )
    (linear_layer): Sequential(
      (0): Linear(in_features=18176, out_features=64, bias=True)
      (1): ReLU()
    )
  )
  (classifier): Linear(in_features=64, out_features=1, bias=True)
  (loss_fn): BCEWithLogitsLoss()
)
2026-03-14 15:50:14 | INFO | [Epoch 000] total_loss=0.609603, Lr0=0.000100Lr1=0.001000, time=0.51s
2026-03-14 15:50:14 | INFO | Validation — loss=1.1196, acc=0.6348, f1=0.6347, recall=0.7251, precision=0.7196
2026-03-14 15:50:14 | INFO | Validation — loss=0.6275, acc=0.7069, f1=0.4141, recall=0.5, precision=0.3534
2026-03-14 15:50:14 | INFO | Best model logged 0.4141
2026-03-14 15:50:15 | INFO | [Epoch 043] total_loss=0.000356, Lr0=0.000060Lr1=0.000594, time=0.56s
2026-03-14 15:50:15 | INFO | [Epoch 001] total_loss=0.385587, Lr0=0.000100Lr1=0.000999, time=0.54s
2026-03-14 15:50:16 | INFO | Validation — loss=1.4666, acc=0.7069, f1=0.4141, recall=0.5, precision=0.3534
2026-03-14 15:50:16 | INFO | Validation — loss=1.1044, acc=0.6459, f1=0.6457, recall=0.7333, precision=0.724
2026-03-14 15:50:16 | INFO | [Epoch 002] total_loss=0.198152, Lr0=0.000100Lr1=0.000998, time=0.55s
2026-03-14 15:50:17 | INFO | [Epoch 044] total_loss=0.000428, Lr0=0.000058Lr1=0.000579, time=0.56s
2026-03-14 15:50:17 | INFO | Validation — loss=2.9670, acc=0.7069, f1=0.4141, recall=0.5, precision=0.3534
2026-03-14 15:50:18 | INFO | [Epoch 003] total_loss=0.134819, Lr0=0.000100Lr1=0.000996, time=0.51s
2026-03-14 15:50:18 | INFO | Validation — loss=1.0089, acc=0.6719, f1=0.671, recall=0.7516, precision=0.7335
2026-03-14 15:50:18 | INFO | [Epoch 045] total_loss=0.000382, Lr0=0.000057Lr1=0.000563, time=0.57s
2026-03-14 15:50:19 | INFO | Validation — loss=2.2532, acc=0.7069, f1=0.4141, recall=0.5, precision=0.3534
2026-03-14 15:50:19 | INFO | [Epoch 004] total_loss=0.121683, Lr0=0.000099Lr1=0.000994, time=0.57s
2026-03-14 15:50:20 | INFO | Validation — loss=0.9326, acc=0.6902, f1=0.6885, recall=0.7646, precision=0.7409
2026-03-14 15:50:20 | INFO | Validation — loss=1.2624, acc=0.7069, f1=0.4141, recall=0.5, precision=0.3534
2026-03-14 15:50:20 | INFO | [Epoch 046] total_loss=0.000670, Lr0=0.000055Lr1=0.000548, time=0.56s
2026-03-14 15:50:20 | INFO | [Epoch 005] total_loss=0.099929, Lr0=0.000099Lr1=0.000991, time=0.52s
2026-03-14 15:50:21 | INFO | Validation — loss=1.0842, acc=0.7069, f1=0.4141, recall=0.5, precision=0.3534
2026-03-14 15:50:22 | INFO | Validation — loss=0.8945, acc=0.7004, f1=0.6981, recall=0.771, precision=0.744
2026-03-14 15:50:22 | INFO | [Epoch 006] total_loss=0.066795, Lr0=0.000099Lr1=0.000988, time=0.56s
2026-03-14 15:50:22 | INFO | [Epoch 047] total_loss=0.000376, Lr0=0.000054Lr1=0.000532, time=0.59s
2026-03-14 15:50:23 | INFO | Validation — loss=1.6979, acc=0.7069, f1=0.4141, recall=0.5, precision=0.3534
2026-03-14 15:50:23 | INFO | [Epoch 007] total_loss=0.040749, Lr0=0.000098Lr1=0.000984, time=0.55s
2026-03-14 15:50:23 | INFO | Validation — loss=0.9646, acc=0.675, f1=0.6739, recall=0.7533, precision=0.734
2026-03-14 15:50:24 | INFO | [Epoch 048] total_loss=0.000236, Lr0=0.000052Lr1=0.000516, time=0.55s
2026-03-14 15:50:24 | INFO | Validation — loss=1.2213, acc=0.7069, f1=0.4141, recall=0.5, precision=0.3534
2026-03-14 15:50:25 | INFO | [Epoch 008] total_loss=0.027913, Lr0=0.000098Lr1=0.000980, time=0.57s
2026-03-14 15:50:25 | INFO | Validation — loss=1.0650, acc=0.6472, f1=0.6469, recall=0.7335, precision=0.7233
2026-03-14 15:50:25 | INFO | Validation — loss=2.9344, acc=0.7069, f1=0.4141, recall=0.5, precision=0.3534
2026-03-14 15:50:26 | INFO | [Epoch 049] total_loss=0.000600, Lr0=0.000051Lr1=0.000501, time=0.57s
2026-03-14 15:50:26 | INFO | [Epoch 009] total_loss=0.054659, Lr0=0.000098Lr1=0.000976, time=0.53s
2026-03-14 15:50:27 | INFO | Validation — loss=1.5643, acc=0.7069, f1=0.4141, recall=0.5, precision=0.3534
2026-03-14 15:50:27 | INFO | Validation — loss=1.0548, acc=0.659, f1=0.6584, recall=0.742, precision=0.7278
2026-03-14 15:50:27 | INFO | [Epoch 010] total_loss=0.038070, Lr0=0.000097Lr1=0.000970, time=0.54s
2026-03-14 15:50:28 | INFO | [Epoch 050] total_loss=0.000389, Lr0=0.000049Lr1=0.000485, time=0.56s
2026-03-14 15:50:28 | INFO | Validation — loss=1.5055, acc=0.7069, f1=0.4141, recall=0.5, precision=0.3534
2026-03-14 15:50:29 | INFO | [Epoch 011] total_loss=0.035898, Lr0=0.000097Lr1=0.000965, time=0.51s
2026-03-14 15:50:29 | INFO | Validation — loss=0.8919, acc=0.7182, f1=0.7149, recall=0.7826, precision=0.7506
2026-03-14 15:50:29 | INFO | Validation — loss=0.6580, acc=0.6571, f1=0.5889, recall=0.5896, precision=0.5884
2026-03-14 15:50:29 | INFO | Best model logged 0.5889
2026-03-14 15:50:29 | INFO | [Epoch 051] total_loss=0.000324, Lr0=0.000047Lr1=0.000469, time=0.56s
2026-03-14 15:50:30 | INFO | [Epoch 012] total_loss=0.025498, Lr0=0.000096Lr1=0.000959, time=0.50s
2026-03-14 15:50:31 | INFO | Validation — loss=0.9352, acc=0.6995, f1=0.6971, recall=0.769, precision=0.7418
2026-03-14 15:50:31 | INFO | Validation — loss=0.6163, acc=0.7126, f1=0.5202, recall=0.5437, precision=0.6328
2026-03-14 15:50:31 | INFO | [Epoch 013] total_loss=0.015967, Lr0=0.000095Lr1=0.000952, time=0.53s
2026-03-14 15:50:31 | INFO | [Epoch 052] total_loss=0.000378, Lr0=0.000046Lr1=0.000453, time=0.56s
2026-03-14 15:50:32 | INFO | Validation — loss=1.6918, acc=0.4749, f1=0.4683, recall=0.6285, precision=0.6791
2026-03-14 15:50:32 | INFO | Validation — loss=1.0283, acc=0.6668, f1=0.6658, recall=0.7458, precision=0.7281
2026-03-14 15:50:32 | INFO | [Epoch 014] total_loss=0.015436, Lr0=0.000095Lr1=0.000946, time=0.52s
2026-03-14 15:50:33 | INFO | [Epoch 053] total_loss=0.000355, Lr0=0.000044Lr1=0.000438, time=0.58s
2026-03-14 15:50:33 | INFO | Validation — loss=1.1241, acc=0.681, f1=0.6485, recall=0.6699, precision=0.6463
2026-03-14 15:50:33 | INFO | Best model logged 0.6485
2026-03-14 15:50:34 | INFO | [Epoch 015] total_loss=0.026180, Lr0=0.000094Lr1=0.000938, time=0.51s
2026-03-14 15:50:34 | INFO | Validation — loss=1.1444, acc=0.6372, f1=0.6371, recall=0.7256, precision=0.7183
2026-03-14 15:50:35 | INFO | Validation — loss=0.7958, acc=0.6188, f1=0.4881, recall=0.4943, precision=0.4927
2026-03-14 15:50:35 | INFO | [Epoch 054] total_loss=0.000318, Lr0=0.000043Lr1=0.000422, time=0.55s
2026-03-14 15:50:35 | INFO | [Epoch 016] total_loss=0.013407, Lr0=0.000093Lr1=0.000930, time=0.56s
2026-03-14 15:50:36 | INFO | Validation — loss=0.7372, acc=0.7373, f1=0.7128, recall=0.7437, precision=0.7081
2026-03-14 15:50:36 | INFO | Best model logged 0.7128
2026-03-14 15:50:36 | INFO | Validation — loss=1.1572, acc=0.635, f1=0.6349, recall=0.7242, precision=0.7178
2026-03-14 15:50:37 | INFO | [Epoch 017] total_loss=0.038320, Lr0=0.000092Lr1=0.000922, time=0.55s
2026-03-14 15:50:37 | INFO | [Epoch 055] total_loss=0.000321, Lr0=0.000041Lr1=0.000407, time=0.56s
2026-03-14 15:50:37 | INFO | Validation — loss=1.1449, acc=0.6824, f1=0.6475, recall=0.6662, precision=0.6445
2026-03-14 15:50:38 | INFO | [Epoch 018] total_loss=0.032886, Lr0=0.000091Lr1=0.000914, time=0.50s
2026-03-14 15:50:38 | INFO | Validation — loss=1.2106, acc=0.6208, f1=0.6208, recall=0.7139, precision=0.7126
2026-03-14 15:50:39 | INFO | [Epoch 056] total_loss=0.000233, Lr0=0.000040Lr1=0.000392, time=0.57s
2026-03-14 15:50:39 | INFO | Validation — loss=1.4334, acc=0.5012, f1=0.4994, recall=0.6338, precision=0.6543
2026-03-14 15:50:39 | INFO | [Epoch 019] total_loss=0.014616, Lr0=0.000091Lr1=0.000905, time=0.54s
2026-03-14 15:50:40 | INFO | Validation — loss=1.2321, acc=0.6185, f1=0.6185, recall=0.7123, precision=0.7117
2026-03-14 15:50:40 | INFO | Validation — loss=2.1793, acc=0.357, f1=0.3237, recall=0.5415, precision=0.6299
2026-03-14 15:50:40 | INFO | [Epoch 057] total_loss=0.000253, Lr0=0.000038Lr1=0.000376, time=0.56s
2026-03-14 15:50:41 | INFO | [Epoch 020] total_loss=0.027540, Lr0=0.000090Lr1=0.000895, time=0.52s
2026-03-14 15:50:41 | INFO | Validation — loss=1.5000, acc=0.5913, f1=0.3849, recall=0.4243, precision=0.359
2026-03-14 15:50:42 | INFO | Validation — loss=1.2653, acc=0.6145, f1=0.6145, recall=0.7097, precision=0.7109
2026-03-14 15:50:42 | INFO | [Epoch 021] total_loss=0.008508, Lr0=0.000089Lr1=0.000885, time=0.55s
2026-03-14 15:50:42 | INFO | [Epoch 058] total_loss=0.000279, Lr0=0.000037Lr1=0.000361, time=0.60s
2026-03-14 15:50:43 | INFO | Validation — loss=1.7281, acc=0.6896, f1=0.4096, recall=0.4882, precision=0.3636
2026-03-14 15:50:43 | INFO | [Epoch 022] total_loss=0.006667, Lr0=0.000088Lr1=0.000875, time=0.54s
2026-03-14 15:50:43 | INFO | Validation — loss=1.2327, acc=0.6183, f1=0.6183, recall=0.7121, precision=0.7117
2026-03-14 15:50:43 | INFO | Early stopping at epoch 58. Best: 0.765800
2026-03-14 15:50:43 | INFO | Training complete.
2026-03-14 15:50:43 | INFO | Best checkpoint: ./save/cnn_overlap_new/contrastive_SWELLDataset/finetuned_best_0.pt
2026-03-14 15:50:44 | INFO | Validation — loss=1.4229, acc=0.7066, f1=0.4414, recall=0.5086, precision=0.602
2026-03-14 15:50:45 | INFO | [Epoch 023] total_loss=0.003309, Lr0=0.000087Lr1=0.000865, time=0.54s
2026-03-14 15:50:45 | INFO | Validation — loss=1.0439, acc=0.7046, f1=0.4818, recall=0.5228, precision=0.5971
2026-03-14 15:50:46 | INFO | [Epoch 024] total_loss=0.003663, Lr0=0.000086Lr1=0.000854, time=0.51s
2026-03-14 15:50:47 | INFO | Validation — loss=1.0093, acc=0.6137, f1=0.4719, recall=0.4818, precision=0.4753
2026-03-14 15:50:47 | INFO | [Epoch 025] total_loss=0.001381, Lr0=0.000084Lr1=0.000842, time=0.51s
2026-03-14 15:50:48 | INFO | Validation — loss=1.1404, acc=0.6245, f1=0.5311, recall=0.5306, precision=0.533
2026-03-14 15:50:48 | INFO | [Epoch 026] total_loss=0.001484, Lr0=0.000083Lr1=0.000831, time=0.51s
2026-03-14 15:50:49 | INFO | Validation — loss=1.2037, acc=0.6153, f1=0.5124, recall=0.5131, precision=0.5145
2026-03-14 15:50:50 | INFO | [Epoch 027] total_loss=0.001192, Lr0=0.000082Lr1=0.000819, time=0.51s
2026-03-14 15:50:50 | INFO | Validation — loss=1.1594, acc=0.6215, f1=0.5235, recall=0.5235, precision=0.5257
2026-03-14 15:50:51 | INFO | [Epoch 028] total_loss=0.001425, Lr0=0.000081Lr1=0.000807, time=0.56s
2026-03-14 15:50:52 | INFO | Validation — loss=1.1060, acc=0.6222, f1=0.5242, recall=0.5242, precision=0.5265
2026-03-14 15:50:52 | INFO | [Epoch 029] total_loss=0.000857, Lr0=0.000080Lr1=0.000794, time=0.56s
2026-03-14 15:50:53 | INFO | Validation — loss=1.0865, acc=0.6188, f1=0.5154, recall=0.516, precision=0.5179
2026-03-14 15:50:54 | INFO | [Epoch 030] total_loss=0.001058, Lr0=0.000078Lr1=0.000781, time=0.55s
2026-03-14 15:50:54 | INFO | Model forward EncoderClassifierModel(
  (encoder): CNNEncoder(
    (cnn_layers): Sequential(
      (0): Conv1d(1, 32, kernel_size=(10,), stride=(1,))
      (1): BatchNorm1d(32, eps=1e-05, momentum=0.1, affine=True, track_running_stats=True)
      (2): ReLU()
      (3): MaxPool1d(kernel_size=2, stride=2, padding=0, dilation=1, ceil_mode=False)
      (4): Dropout(p=0.0, inplace=False)
      (5): Conv1d(32, 64, kernel_size=(10,), stride=(1,))
      (6): BatchNorm1d(64, eps=1e-05, momentum=0.1, affine=True, track_running_stats=True)
      (7): ReLU()
      (8): MaxPool1d(kernel_size=2, stride=2, padding=0, dilation=1, ceil_mode=False)
      (9): Dropout(p=0.0, inplace=False)
      (10): Conv1d(64, 128, kernel_size=(10,), stride=(1,))
      (11): BatchNorm1d(128, eps=1e-05, momentum=0.1, affine=True, track_running_stats=True)
      (12): ReLU()
      (13): MaxPool1d(kernel_size=2, stride=2, padding=0, dilation=1, ceil_mode=False)
      (14): Dropout(p=0.0, inplace=False)
      (15): Conv1d(128, 256, kernel_size=(10,), stride=(1,))
      (16): BatchNorm1d(256, eps=1e-05, momentum=0.1, affine=True, track_running_stats=True)
      (17): ReLU()
      (18): MaxPool1d(kernel_size=2, stride=2, padding=0, dilation=1, ceil_mode=False)
      (19): Dropout(p=0.0, inplace=False)
    )
    (linear_layer): Sequential(
      (0): Linear(in_features=18176, out_features=64, bias=True)
      (1): ReLU()
    )
  )
  (classifier): Linear(in_features=64, out_features=1, bias=True)
  (loss_fn): BCEWithLogitsLoss()
)
2026-03-14 15:50:55 | INFO | Validation — loss=1.0931, acc=0.6317, f1=0.5415, recall=0.5408, precision=0.5435
2026-03-14 15:50:55 | INFO | [Epoch 000] total_loss=0.609603, Lr0=0.000100Lr1=0.001000, time=0.55s
2026-03-14 15:50:55 | INFO | [Epoch 031] total_loss=0.000893, Lr0=0.000077Lr1=0.000768, time=0.51s
2026-03-14 15:50:56 | INFO | Validation — loss=1.0834, acc=0.6282, f1=0.5328, recall=0.5323, precision=0.5353
2026-03-14 15:50:56 | INFO | Validation — loss=0.6152, acc=0.7069, f1=0.4141, recall=0.5, precision=0.3534
2026-03-14 15:50:56 | INFO | Best model logged 0.4141
2026-03-14 15:50:56 | INFO | [Epoch 032] total_loss=0.000714, Lr0=0.000076Lr1=0.000755, time=0.56s
2026-03-14 15:50:57 | INFO | [Epoch 001] total_loss=0.385525, Lr0=0.000100Lr1=0.000999, time=0.55s
2026-03-14 15:50:57 | INFO | Validation — loss=1.0706, acc=0.6262, f1=0.528, recall=0.5279, precision=0.5307
2026-03-14 15:50:58 | INFO | [Epoch 033] total_loss=0.001089, Lr0=0.000074Lr1=0.000741, time=0.55s
2026-03-14 15:50:58 | INFO | Validation — loss=1.1561, acc=0.7069, f1=0.4141, recall=0.5, precision=0.3534
2026-03-14 15:50:58 | INFO | [Epoch 002] total_loss=0.198688, Lr0=0.000100Lr1=0.000998, time=0.55s
2026-03-14 15:50:59 | INFO | Validation — loss=1.0795, acc=0.6135, f1=0.5025, recall=0.5044, precision=0.5051
2026-03-14 15:50:59 | INFO | [Epoch 034] total_loss=0.000545, Lr0=0.000073Lr1=0.000727, time=0.53s
2026-03-14 15:51:00 | INFO | Validation — loss=2.8520, acc=0.7069, f1=0.4141, recall=0.5, precision=0.3534
2026-03-14 15:51:00 | INFO | Validation — loss=1.0750, acc=0.6227, f1=0.524, recall=0.524, precision=0.5265
2026-03-14 15:51:00 | INFO | [Epoch 003] total_loss=0.135640, Lr0=0.000100Lr1=0.000996, time=0.55s
2026-03-14 15:51:00 | INFO | [Epoch 035] total_loss=0.001128, Lr0=0.000072Lr1=0.000713, time=0.55s
2026-03-14 15:51:01 | INFO | Validation — loss=1.0743, acc=0.6317, f1=0.5408, recall=0.5401, precision=0.5429
2026-03-14 15:51:01 | INFO | Validation — loss=2.1975, acc=0.7069, f1=0.4141, recall=0.5, precision=0.3534
2026-03-14 15:51:02 | INFO | [Epoch 036] total_loss=0.000877, Lr0=0.000070Lr1=0.000699, time=0.58s
2026-03-14 15:51:02 | INFO | [Epoch 004] total_loss=0.115985, Lr0=0.000099Lr1=0.000994, time=0.57s
2026-03-14 15:51:03 | INFO | Validation — loss=1.0960, acc=0.6135, f1=0.4962, recall=0.4993, precision=0.4992
2026-03-14 15:51:03 | INFO | Early stopping at epoch 36. Best: 0.712800
2026-03-14 15:51:03 | INFO | Training complete.
2026-03-14 15:51:03 | INFO | Best checkpoint: ./save/cnn_overlap_new/contrastive_SWELLDataset/finetuned_best_1.pt
2026-03-14 15:51:03 | INFO | Validation — loss=1.1653, acc=0.7069, f1=0.4141, recall=0.5, precision=0.3534
2026-03-14 15:51:04 | INFO | [Epoch 005] total_loss=0.095627, Lr0=0.000099Lr1=0.000991, time=0.60s
2026-03-14 15:51:05 | INFO | Validation — loss=1.6241, acc=0.7069, f1=0.4141, recall=0.5, precision=0.3534
2026-03-14 15:51:06 | INFO | [Epoch 006] total_loss=0.059582, Lr0=0.000099Lr1=0.000988, time=0.56s
2026-03-14 15:51:07 | INFO | Validation — loss=3.0853, acc=0.7069, f1=0.4141, recall=0.5, precision=0.3534
2026-03-14 15:51:07 | INFO | [Epoch 007] total_loss=0.044950, Lr0=0.000098Lr1=0.000984, time=0.56s
2026-03-14 15:51:09 | INFO | Validation — loss=2.2149, acc=0.7069, f1=0.4141, recall=0.5, precision=0.3534
2026-03-14 15:51:09 | INFO | [Epoch 008] total_loss=0.025017, Lr0=0.000098Lr1=0.000980, time=0.55s
2026-03-14 15:51:11 | INFO | Validation — loss=2.4791, acc=0.7069, f1=0.4141, recall=0.5, precision=0.3534
2026-03-14 15:51:11 | INFO | [Epoch 009] total_loss=0.046964, Lr0=0.000098Lr1=0.000976, time=0.55s
2026-03-14 15:51:12 | INFO | Validation — loss=2.3444, acc=0.7069, f1=0.4141, recall=0.5, precision=0.3534
2026-03-14 15:51:13 | INFO | [Epoch 010] total_loss=0.035311, Lr0=0.000097Lr1=0.000970, time=0.56s
2026-03-14 15:51:13 | INFO | Model forward EncoderClassifierModel(
  (encoder): CNNEncoder(
    (cnn_layers): Sequential(
      (0): Conv1d(1, 32, kernel_size=(10,), stride=(1,))
      (1): BatchNorm1d(32, eps=1e-05, momentum=0.1, affine=True, track_running_stats=True)
      (2): ReLU()
      (3): MaxPool1d(kernel_size=2, stride=2, padding=0, dilation=1, ceil_mode=False)
      (4): Dropout(p=0.0, inplace=False)
      (5): Conv1d(32, 64, kernel_size=(10,), stride=(1,))
      (6): BatchNorm1d(64, eps=1e-05, momentum=0.1, affine=True, track_running_stats=True)
      (7): ReLU()
      (8): MaxPool1d(kernel_size=2, stride=2, padding=0, dilation=1, ceil_mode=False)
      (9): Dropout(p=0.0, inplace=False)
      (10): Conv1d(64, 128, kernel_size=(10,), stride=(1,))
      (11): BatchNorm1d(128, eps=1e-05, momentum=0.1, affine=True, track_running_stats=True)
      (12): ReLU()
      (13): MaxPool1d(kernel_size=2, stride=2, padding=0, dilation=1, ceil_mode=False)
      (14): Dropout(p=0.0, inplace=False)
      (15): Conv1d(128, 256, kernel_size=(10,), stride=(1,))
      (16): BatchNorm1d(256, eps=1e-05, momentum=0.1, affine=True, track_running_stats=True)
      (17): ReLU()
      (18): MaxPool1d(kernel_size=2, stride=2, padding=0, dilation=1, ceil_mode=False)
      (19): Dropout(p=0.0, inplace=False)
    )
    (linear_layer): Sequential(
      (0): Linear(in_features=18176, out_features=64, bias=True)
      (1): ReLU()
    )
  )
  (classifier): Linear(in_features=64, out_features=1, bias=True)
  (loss_fn): BCEWithLogitsLoss()
)
2026-03-14 15:51:14 | INFO | [Epoch 000] total_loss=0.610145, Lr0=0.000100Lr1=0.001000, time=0.51s
2026-03-14 15:51:14 | INFO | Validation — loss=1.0866, acc=0.7087, f1=0.4208, recall=0.5031, precision=0.8541
2026-03-14 15:51:14 | INFO | Best model logged 0.4208
2026-03-14 15:51:15 | INFO | Validation — loss=0.6074, acc=0.7054, f1=0.4136, recall=0.5, precision=0.3527
2026-03-14 15:51:15 | INFO | Best model logged 0.4136
2026-03-14 15:51:15 | INFO | [Epoch 011] total_loss=0.013144, Lr0=0.000097Lr1=0.000965, time=0.55s
2026-03-14 15:51:15 | INFO | [Epoch 001] total_loss=0.397963, Lr0=0.000100Lr1=0.000999, time=0.50s
2026-03-14 15:51:16 | INFO | Validation — loss=0.5128, acc=0.7629, f1=0.6517, recall=0.6384, precision=0.7356
2026-03-14 15:51:16 | INFO | Best model logged 0.6517
2026-03-14 15:51:16 | INFO | Validation — loss=1.4366, acc=0.7054, f1=0.4136, recall=0.5, precision=0.3527
2026-03-14 15:51:16 | INFO | [Epoch 002] total_loss=0.255461, Lr0=0.000100Lr1=0.000998, time=0.52s
2026-03-14 15:51:16 | INFO | [Epoch 012] total_loss=0.015851, Lr0=0.000096Lr1=0.000959, time=0.57s
2026-03-14 15:51:17 | INFO | Validation — loss=2.0427, acc=0.7054, f1=0.4136, recall=0.5, precision=0.3527
2026-03-14 15:51:18 | INFO | Validation — loss=0.9219, acc=0.7034, f1=0.6673, recall=0.6843, precision=0.6625
2026-03-14 15:51:18 | INFO | Best model logged 0.6673
2026-03-14 15:51:18 | INFO | [Epoch 003] total_loss=0.175669, Lr0=0.000100Lr1=0.000996, time=0.51s
2026-03-14 15:51:18 | INFO | [Epoch 013] total_loss=0.016164, Lr0=0.000095Lr1=0.000952, time=0.56s
2026-03-14 15:51:18 | INFO | Validation — loss=2.1723, acc=0.7054, f1=0.4136, recall=0.5, precision=0.3527
2026-03-14 15:51:19 | INFO | [Epoch 004] total_loss=0.135736, Lr0=0.000099Lr1=0.000994, time=0.55s
2026-03-14 15:51:20 | INFO | Validation — loss=1.1279, acc=0.5999, f1=0.4816, recall=0.4853, precision=0.4828
2026-03-14 15:51:20 | INFO | Validation — loss=1.8312, acc=0.7054, f1=0.4136, recall=0.5, precision=0.3527
2026-03-14 15:51:20 | INFO | [Epoch 014] total_loss=0.015112, Lr0=0.000095Lr1=0.000946, time=0.57s
2026-03-14 15:51:20 | INFO | [Epoch 005] total_loss=0.089349, Lr0=0.000099Lr1=0.000991, time=0.56s
2026-03-14 15:51:21 | INFO | Validation — loss=0.9137, acc=0.7054, f1=0.4136, recall=0.5, precision=0.3527
2026-03-14 15:51:21 | INFO | Validation — loss=1.8592, acc=0.7071, f1=0.415, recall=0.5004, precision=0.8535
2026-03-14 15:51:22 | INFO | [Epoch 006] total_loss=0.118130, Lr0=0.000099Lr1=0.000988, time=0.53s
2026-03-14 15:51:22 | INFO | [Epoch 015] total_loss=0.014757, Lr0=0.000094Lr1=0.000938, time=0.56s
2026-03-14 15:51:22 | INFO | Validation — loss=0.7417, acc=0.7054, f1=0.4136, recall=0.5, precision=0.3527
2026-03-14 15:51:23 | INFO | [Epoch 007] total_loss=0.083921, Lr0=0.000098Lr1=0.000984, time=0.51s
2026-03-14 15:51:23 | INFO | Validation — loss=0.8740, acc=0.6328, f1=0.5417, recall=0.5409, precision=0.5439
2026-03-14 15:51:24 | INFO | [Epoch 016] total_loss=0.007188, Lr0=0.000093Lr1=0.000930, time=0.56s
2026-03-14 15:51:24 | INFO | Validation — loss=0.8517, acc=0.7054, f1=0.4136, recall=0.5, precision=0.3527
2026-03-14 15:51:24 | INFO | [Epoch 008] total_loss=0.102010, Lr0=0.000098Lr1=0.000980, time=0.54s
2026-03-14 15:51:25 | INFO | Validation — loss=1.6284, acc=0.518, f1=0.5163, recall=0.6544, precision=0.6785
2026-03-14 15:51:25 | INFO | Validation — loss=0.9392, acc=0.2946, f1=0.2276, recall=0.5, precision=0.1473
2026-03-14 15:51:26 | INFO | [Epoch 017] total_loss=0.010430, Lr0=0.000092Lr1=0.000922, time=0.56s
2026-03-14 15:51:26 | INFO | [Epoch 009] total_loss=0.067218, Lr0=0.000098Lr1=0.000976, time=0.53s
2026-03-14 15:51:26 | INFO | Validation — loss=0.5522, acc=0.7554, f1=0.5711, recall=0.5848, precision=0.8712
2026-03-14 15:51:26 | INFO | Best model logged 0.5711
2026-03-14 15:51:27 | INFO | Validation — loss=1.2334, acc=0.631, f1=0.548, recall=0.5474, precision=0.5489
2026-03-14 15:51:27 | INFO | [Epoch 010] total_loss=0.061727, Lr0=0.000097Lr1=0.000970, time=0.51s
2026-03-14 15:51:27 | INFO | [Epoch 018] total_loss=0.007399, Lr0=0.000091Lr1=0.000914, time=0.55s
2026-03-14 15:51:28 | INFO | Validation — loss=1.2741, acc=0.7056, f1=0.4145, recall=0.5004, precision=0.8528
2026-03-14 15:51:28 | INFO | [Epoch 011] total_loss=0.039063, Lr0=0.000097Lr1=0.000965, time=0.56s
2026-03-14 15:51:29 | INFO | Validation — loss=0.7466, acc=0.6707, f1=0.562, recall=0.5605, precision=0.5759
2026-03-14 15:51:29 | INFO | [Epoch 019] total_loss=0.006293, Lr0=0.000091Lr1=0.000905, time=0.56s
2026-03-14 15:51:29 | INFO | Validation — loss=1.6548, acc=0.7056, f1=0.4145, recall=0.5004, precision=0.8528
2026-03-14 15:51:30 | INFO | [Epoch 012] total_loss=0.033369, Lr0=0.000096Lr1=0.000959, time=0.53s
2026-03-14 15:51:30 | INFO | Validation — loss=1.0654, acc=0.6227, f1=0.5311, recall=0.5307, precision=0.5327
2026-03-14 15:51:31 | INFO | Validation — loss=1.6339, acc=0.7075, f1=0.4211, recall=0.5035, precision=0.8534
2026-03-14 15:51:31 | INFO | [Epoch 020] total_loss=0.005784, Lr0=0.000090Lr1=0.000895, time=0.57s
2026-03-14 15:51:31 | INFO | [Epoch 013] total_loss=0.033815, Lr0=0.000095Lr1=0.000952, time=0.53s
2026-03-14 15:51:32 | INFO | Validation — loss=1.9892, acc=0.7054, f1=0.4136, recall=0.5, precision=0.3527
2026-03-14 15:51:32 | INFO | Validation — loss=1.0586, acc=0.6257, f1=0.5331, recall=0.5326, precision=0.535
2026-03-14 15:51:32 | INFO | [Epoch 014] total_loss=0.040239, Lr0=0.000095Lr1=0.000946, time=0.51s
2026-03-14 15:51:33 | INFO | [Epoch 021] total_loss=0.002391, Lr0=0.000089Lr1=0.000885, time=0.57s
2026-03-14 15:51:33 | INFO | Validation — loss=0.8604, acc=0.7399, f1=0.5428, recall=0.5656, precision=0.7939
2026-03-14 15:51:34 | INFO | [Epoch 015] total_loss=0.029495, Lr0=0.000094Lr1=0.000938, time=0.54s
2026-03-14 15:51:34 | INFO | Validation — loss=1.1716, acc=0.6075, f1=0.4973, recall=0.4992, precision=0.4991
2026-03-14 15:51:34 | INFO | Validation — loss=1.0318, acc=0.7268, f1=0.4944, recall=0.5393, precision=0.8065
2026-03-14 15:51:35 | INFO | [Epoch 022] total_loss=0.001204, Lr0=0.000088Lr1=0.000875, time=0.56s
2026-03-14 15:51:35 | INFO | [Epoch 016] total_loss=0.031045, Lr0=0.000093Lr1=0.000930, time=0.56s
2026-03-14 15:51:36 | INFO | Validation — loss=1.0851, acc=0.6421, f1=0.5605, recall=0.5596, precision=0.5618
2026-03-14 15:51:36 | INFO | Validation — loss=1.9606, acc=0.7059, f1=0.4153, recall=0.5008, precision=0.8529
2026-03-14 15:51:36 | INFO | [Epoch 023] total_loss=0.000896, Lr0=0.000087Lr1=0.000865, time=0.57s
2026-03-14 15:51:36 | INFO | [Epoch 017] total_loss=0.015773, Lr0=0.000092Lr1=0.000922, time=0.54s
2026-03-14 15:51:37 | INFO | Validation — loss=1.5700, acc=0.7153, f1=0.4499, recall=0.5173, precision=0.8351
2026-03-14 15:51:38 | INFO | Validation — loss=1.1327, acc=0.6257, f1=0.5292, recall=0.5289, precision=0.5316
2026-03-14 15:51:38 | INFO | [Epoch 018] total_loss=0.017859, Lr0=0.000091Lr1=0.000914, time=0.53s
2026-03-14 15:51:38 | INFO | [Epoch 024] total_loss=0.001293, Lr0=0.000086Lr1=0.000854, time=0.58s
2026-03-14 15:51:38 | INFO | Validation — loss=1.9810, acc=0.7096, f1=0.4285, recall=0.507, precision=0.8542
2026-03-14 15:51:39 | INFO | [Epoch 019] total_loss=0.010126, Lr0=0.000091Lr1=0.000905, time=0.57s
2026-03-14 15:51:39 | INFO | Validation — loss=1.1809, acc=0.6808, f1=0.6314, recall=0.6386, precision=0.6279
2026-03-14 15:51:40 | INFO | Validation — loss=2.8122, acc=0.7054, f1=0.4136, recall=0.5, precision=0.3527
2026-03-14 15:51:40 | INFO | [Epoch 025] total_loss=0.000536, Lr0=0.000084Lr1=0.000842, time=0.55s
2026-03-14 15:51:40 | INFO | [Epoch 020] total_loss=0.012683, Lr0=0.000090Lr1=0.000895, time=0.56s
2026-03-14 15:51:41 | INFO | Validation — loss=1.3806, acc=0.7219, f1=0.7027, recall=0.7443, precision=0.7043
2026-03-14 15:51:41 | INFO | Best model logged 0.7027
2026-03-14 15:51:41 | INFO | Validation — loss=1.5604, acc=0.7252, f1=0.4814, recall=0.5336, precision=0.8598
2026-03-14 15:51:42 | INFO | [Epoch 026] total_loss=0.000673, Lr0=0.000083Lr1=0.000831, time=0.54s
2026-03-14 15:51:42 | INFO | [Epoch 021] total_loss=0.011570, Lr0=0.000089Lr1=0.000885, time=0.55s
2026-03-14 15:51:43 | INFO | Validation — loss=2.5110, acc=0.7063, f1=0.417, recall=0.5016, precision=0.853
2026-03-14 15:51:43 | INFO | Validation — loss=1.3657, acc=0.7237, f1=0.701, recall=0.7355, precision=0.699
2026-03-14 15:51:43 | INFO | [Epoch 022] total_loss=0.019149, Lr0=0.000088Lr1=0.000875, time=0.54s
2026-03-14 15:51:44 | INFO | [Epoch 027] total_loss=0.000761, Lr0=0.000082Lr1=0.000819, time=0.57s
2026-03-14 15:51:44 | INFO | Validation — loss=1.1162, acc=0.7326, f1=0.5053, recall=0.5463, precision=0.8584
2026-03-14 15:51:45 | INFO | [Epoch 023] total_loss=0.008117, Lr0=0.000087Lr1=0.000865, time=0.53s
2026-03-14 15:51:45 | INFO | Validation — loss=1.3305, acc=0.7232, f1=0.6992, recall=0.7315, precision=0.6964
2026-03-14 15:51:45 | INFO | Validation — loss=2.0043, acc=0.707, f1=0.4195, recall=0.5027, precision=0.8533
2026-03-14 15:51:45 | INFO | [Epoch 028] total_loss=0.001216, Lr0=0.000081Lr1=0.000807, time=0.58s
2026-03-14 15:51:46 | INFO | [Epoch 024] total_loss=0.007528, Lr0=0.000086Lr1=0.000854, time=0.56s
2026-03-14 15:51:47 | INFO | Validation — loss=1.3344, acc=0.7156, f1=0.6879, recall=0.7146, precision=0.684
2026-03-14 15:51:47 | INFO | Validation — loss=1.4156, acc=0.7211, f1=0.4679, recall=0.5266, precision=0.8583
2026-03-14 15:51:47 | INFO | [Epoch 025] total_loss=0.007525, Lr0=0.000084Lr1=0.000842, time=0.58s
2026-03-14 15:51:47 | INFO | [Epoch 029] total_loss=0.000758, Lr0=0.000080Lr1=0.000794, time=0.59s
2026-03-14 15:51:48 | INFO | Validation — loss=2.4472, acc=0.7063, f1=0.417, recall=0.5016, precision=0.853
2026-03-14 15:51:49 | INFO | Validation — loss=1.2886, acc=0.7258, f1=0.7003, recall=0.7301, precision=0.6963
2026-03-14 15:51:49 | INFO | [Epoch 026] total_loss=0.004188, Lr0=0.000083Lr1=0.000831, time=0.57s
2026-03-14 15:51:49 | INFO | [Epoch 030] total_loss=0.000652, Lr0=0.000078Lr1=0.000781, time=0.57s
2026-03-14 15:51:49 | INFO | Validation — loss=2.1200, acc=0.71, f1=0.4301, recall=0.5078, precision=0.8543
2026-03-14 15:51:50 | INFO | [Epoch 027] total_loss=0.002898, Lr0=0.000082Lr1=0.000819, time=0.58s
2026-03-14 15:51:50 | INFO | Validation — loss=1.2614, acc=0.7186, f1=0.688, recall=0.7107, precision=0.6829
2026-03-14 15:51:51 | INFO | [Epoch 031] total_loss=0.000500, Lr0=0.000077Lr1=0.000768, time=0.57s
2026-03-14 15:51:51 | INFO | Validation — loss=2.9537, acc=0.7054, f1=0.4136, recall=0.5, precision=0.3527
2026-03-14 15:51:51 | INFO | [Epoch 028] total_loss=0.003439, Lr0=0.000081Lr1=0.000807, time=0.54s
2026-03-14 15:51:52 | INFO | Validation — loss=1.2678, acc=0.7115, f1=0.6782, recall=0.6978, precision=0.6731
2026-03-14 15:51:52 | INFO | Validation — loss=2.1607, acc=0.7093, f1=0.4277, recall=0.5066, precision=0.8541
2026-03-14 15:51:53 | INFO | [Epoch 032] total_loss=0.000309, Lr0=0.000076Lr1=0.000755, time=0.57s
2026-03-14 15:51:53 | INFO | [Epoch 029] total_loss=0.001923, Lr0=0.000080Lr1=0.000794, time=0.52s
2026-03-14 15:51:54 | INFO | Validation — loss=2.1845, acc=0.7089, f1=0.4261, recall=0.5059, precision=0.8539
2026-03-14 15:51:54 | INFO | Early stopping at epoch 29. Best: 0.571100
2026-03-14 15:51:54 | INFO | Training complete.
2026-03-14 15:51:54 | INFO | Best checkpoint: ./save/cnn_overlap_new/contrastive_SWELLDataset/finetuned_best_2.pt
2026-03-14 15:51:54 | INFO | Validation — loss=1.2976, acc=0.7066, f1=0.6712, recall=0.6886, precision=0.6662
2026-03-14 15:51:55 | INFO | [Epoch 033] total_loss=0.000263, Lr0=0.000074Lr1=0.000741, time=0.55s
2026-03-14 15:51:56 | INFO | Validation — loss=1.3000, acc=0.6852, f1=0.6395, recall=0.6491, precision=0.6356
2026-03-14 15:51:56 | INFO | [Epoch 034] total_loss=0.000246, Lr0=0.000073Lr1=0.000727, time=0.57s
2026-03-14 15:51:58 | INFO | Validation — loss=1.3108, acc=0.6868, f1=0.642, recall=0.6521, precision=0.6379
2026-03-14 15:51:58 | INFO | [Epoch 035] total_loss=0.000309, Lr0=0.000072Lr1=0.000713, time=0.57s
2026-03-14 15:51:59 | INFO | Validation — loss=1.3277, acc=0.6905, f1=0.6475, recall=0.6588, precision=0.6432
2026-03-14 15:52:00 | INFO | [Epoch 036] total_loss=0.000369, Lr0=0.000070Lr1=0.000699, time=0.55s
2026-03-14 15:52:01 | INFO | Validation — loss=1.3290, acc=0.6868, f1=0.642, recall=0.6521, precision=0.6379
2026-03-14 15:52:02 | INFO | [Epoch 037] total_loss=0.000266, Lr0=0.000069Lr1=0.000684, time=0.57s
2026-03-14 15:52:03 | INFO | Validation — loss=1.3373, acc=0.687, f1=0.6426, recall=0.6529, precision=0.6385
2026-03-14 15:52:03 | INFO | [Epoch 038] total_loss=0.000391, Lr0=0.000067Lr1=0.000670, time=0.55s
2026-03-14 15:52:04 | INFO | Model forward EncoderClassifierModel(
  (encoder): CNNEncoder(
    (cnn_layers): Sequential(
      (0): Conv1d(1, 32, kernel_size=(10,), stride=(1,))
      (1): BatchNorm1d(32, eps=1e-05, momentum=0.1, affine=True, track_running_stats=True)
      (2): ReLU()
      (3): MaxPool1d(kernel_size=2, stride=2, padding=0, dilation=1, ceil_mode=False)
      (4): Dropout(p=0.0, inplace=False)
      (5): Conv1d(32, 64, kernel_size=(10,), stride=(1,))
      (6): BatchNorm1d(64, eps=1e-05, momentum=0.1, affine=True, track_running_stats=True)
      (7): ReLU()
      (8): MaxPool1d(kernel_size=2, stride=2, padding=0, dilation=1, ceil_mode=False)
      (9): Dropout(p=0.0, inplace=False)
      (10): Conv1d(64, 128, kernel_size=(10,), stride=(1,))
      (11): BatchNorm1d(128, eps=1e-05, momentum=0.1, affine=True, track_running_stats=True)
      (12): ReLU()
      (13): MaxPool1d(kernel_size=2, stride=2, padding=0, dilation=1, ceil_mode=False)
      (14): Dropout(p=0.0, inplace=False)
      (15): Conv1d(128, 256, kernel_size=(10,), stride=(1,))
      (16): BatchNorm1d(256, eps=1e-05, momentum=0.1, affine=True, track_running_stats=True)
      (17): ReLU()
      (18): MaxPool1d(kernel_size=2, stride=2, padding=0, dilation=1, ceil_mode=False)
      (19): Dropout(p=0.0, inplace=False)
    )
    (linear_layer): Sequential(
      (0): Linear(in_features=18176, out_features=64, bias=True)
      (1): ReLU()
    )
  )
  (classifier): Linear(in_features=64, out_features=1, bias=True)
  (loss_fn): BCEWithLogitsLoss()
)
2026-03-14 15:52:05 | INFO | Validation — loss=1.3672, acc=0.6981, f1=0.661, recall=0.6771, precision=0.6564
2026-03-14 15:52:05 | INFO | [Epoch 000] total_loss=0.622574, Lr0=0.000100Lr1=0.001000, time=0.51s
2026-03-14 15:52:05 | INFO | [Epoch 039] total_loss=0.000310, Lr0=0.000066Lr1=0.000655, time=0.55s
2026-03-14 15:52:05 | INFO | Validation — loss=0.6102, acc=0.7074, f1=0.4143, recall=0.5, precision=0.3537
2026-03-14 15:52:05 | INFO | Best model logged 0.4143
2026-03-14 15:52:06 | INFO | [Epoch 001] total_loss=0.440710, Lr0=0.000100Lr1=0.000999, time=0.60s
2026-03-14 15:52:06 | INFO | Validation — loss=1.3763, acc=0.6967, f1=0.6591, recall=0.6747, precision=0.6545
2026-03-14 15:52:07 | INFO | Validation — loss=0.9554, acc=0.7074, f1=0.4143, recall=0.5, precision=0.3537
2026-03-14 15:52:07 | INFO | [Epoch 040] total_loss=0.000199, Lr0=0.000064Lr1=0.000640, time=0.55s
2026-03-14 15:52:07 | INFO | [Epoch 002] total_loss=0.256784, Lr0=0.000100Lr1=0.000998, time=0.53s
2026-03-14 15:52:08 | INFO | Validation — loss=1.3816, acc=0.6833, f1=0.638, recall=0.6478, precision=0.6341
2026-03-14 15:52:08 | INFO | Validation — loss=0.7791, acc=0.7074, f1=0.4143, recall=0.5, precision=0.3537
2026-03-14 15:52:09 | INFO | [Epoch 041] total_loss=0.000226, Lr0=0.000063Lr1=0.000625, time=0.57s
2026-03-14 15:52:09 | INFO | [Epoch 003] total_loss=0.172388, Lr0=0.000100Lr1=0.000996, time=0.53s
2026-03-14 15:52:10 | INFO | Validation — loss=0.6219, acc=0.7074, f1=0.4143, recall=0.5, precision=0.3537
2026-03-14 15:52:10 | INFO | Validation — loss=1.3909, acc=0.6741, f1=0.6234, recall=0.6302, precision=0.6202
2026-03-14 15:52:10 | INFO | [Epoch 004] total_loss=0.123896, Lr0=0.000099Lr1=0.000994, time=0.55s
2026-03-14 15:52:11 | INFO | [Epoch 042] total_loss=0.000250, Lr0=0.000061Lr1=0.000609, time=0.56s
2026-03-14 15:52:11 | INFO | Validation — loss=1.1630, acc=0.7074, f1=0.4143, recall=0.5, precision=0.3537
2026-03-14 15:52:11 | INFO | [Epoch 005] total_loss=0.124014, Lr0=0.000099Lr1=0.000991, time=0.55s
2026-03-14 15:52:12 | INFO | Validation — loss=1.3845, acc=0.6741, f1=0.6228, recall=0.6293, precision=0.6197
2026-03-14 15:52:12 | INFO | Validation — loss=1.9816, acc=0.7074, f1=0.4143, recall=0.5, precision=0.3537
2026-03-14 15:52:12 | INFO | [Epoch 043] total_loss=0.000157, Lr0=0.000060Lr1=0.000594, time=0.58s
2026-03-14 15:52:13 | INFO | [Epoch 006] total_loss=0.119992, Lr0=0.000099Lr1=0.000988, time=0.53s
2026-03-14 15:52:14 | INFO | Validation — loss=1.5972, acc=0.7074, f1=0.4143, recall=0.5, precision=0.3537
2026-03-14 15:52:14 | INFO | Validation — loss=1.3727, acc=0.6704, f1=0.6164, recall=0.6216, precision=0.6137
2026-03-14 15:52:14 | INFO | [Epoch 007] total_loss=0.093746, Lr0=0.000098Lr1=0.000984, time=0.56s
2026-03-14 15:52:14 | INFO | [Epoch 044] total_loss=0.000155, Lr0=0.000058Lr1=0.000579, time=0.57s
2026-03-14 15:52:15 | INFO | Validation — loss=2.9044, acc=0.7074, f1=0.4143, recall=0.5, precision=0.3537
2026-03-14 15:52:15 | INFO | Validation — loss=1.3790, acc=0.6635, f1=0.606, recall=0.6098, precision=0.6037
2026-03-14 15:52:16 | INFO | [Epoch 008] total_loss=0.066028, Lr0=0.000098Lr1=0.000980, time=0.55s
2026-03-14 15:52:16 | INFO | [Epoch 045] total_loss=0.000246, Lr0=0.000057Lr1=0.000563, time=0.57s
2026-03-14 15:52:16 | INFO | Validation — loss=0.9198, acc=0.7074, f1=0.4143, recall=0.5, precision=0.3537
2026-03-14 15:52:17 | INFO | [Epoch 009] total_loss=0.054794, Lr0=0.000098Lr1=0.000976, time=0.55s
2026-03-14 15:52:17 | INFO | Validation — loss=1.4010, acc=0.6564, f1=0.5941, recall=0.5964, precision=0.5926
2026-03-14 15:52:17 | INFO | Early stopping at epoch 45. Best: 0.702700
2026-03-14 15:52:17 | INFO | Training complete.
2026-03-14 15:52:17 | INFO | Best checkpoint: ./save/cnn_overlap_new/contrastive_SWELLDataset/finetuned_best_1.pt
2026-03-14 15:52:18 | INFO | Validation — loss=1.1647, acc=0.7074, f1=0.4143, recall=0.5, precision=0.3537
2026-03-14 15:52:18 | INFO | [Epoch 010] total_loss=0.056540, Lr0=0.000097Lr1=0.000970, time=0.53s
2026-03-14 15:52:19 | INFO | Validation — loss=1.7025, acc=0.7074, f1=0.4143, recall=0.5, precision=0.3537
2026-03-14 15:52:20 | INFO | [Epoch 011] total_loss=0.058078, Lr0=0.000097Lr1=0.000965, time=0.55s
2026-03-14 15:52:20 | INFO | Validation — loss=2.2184, acc=0.7074, f1=0.4143, recall=0.5, precision=0.3537
2026-03-14 15:52:21 | INFO | [Epoch 012] total_loss=0.059273, Lr0=0.000096Lr1=0.000959, time=0.57s
2026-03-14 15:52:22 | INFO | Validation — loss=3.1571, acc=0.7074, f1=0.4143, recall=0.5, precision=0.3537
2026-03-14 15:52:22 | INFO | [Epoch 013] total_loss=0.042840, Lr0=0.000095Lr1=0.000952, time=0.55s
2026-03-14 15:52:23 | INFO | Validation — loss=2.1455, acc=0.7104, f1=0.4253, recall=0.5052, precision=0.8548
2026-03-14 15:52:23 | INFO | Best model logged 0.4253
2026-03-14 15:52:24 | INFO | [Epoch 014] total_loss=0.031933, Lr0=0.000095Lr1=0.000946, time=0.54s
2026-03-14 15:52:24 | INFO | Validation — loss=0.5217, acc=0.8312, f1=0.7441, recall=0.7116, precision=0.9037
2026-03-14 15:52:24 | INFO | Best model logged 0.7441
2026-03-14 15:52:25 | INFO | [Epoch 015] total_loss=0.047691, Lr0=0.000094Lr1=0.000938, time=0.50s
2026-03-14 15:52:26 | INFO | Validation — loss=1.2090, acc=0.747, f1=0.5432, recall=0.5676, precision=0.8683
2026-03-14 15:52:26 | INFO | [Epoch 016] total_loss=0.052201, Lr0=0.000093Lr1=0.000930, time=0.57s
2026-03-14 15:52:27 | INFO | Validation — loss=1.2802, acc=0.7535, f1=0.562, recall=0.5788, precision=0.8708
2026-03-14 15:52:28 | INFO | [Epoch 017] total_loss=0.040040, Lr0=0.000092Lr1=0.000922, time=0.55s
2026-03-14 15:52:28 | INFO | Model forward EncoderClassifierModel(
  (encoder): CNNEncoder(
    (cnn_layers): Sequential(
      (0): Conv1d(1, 32, kernel_size=(10,), stride=(1,))
      (1): BatchNorm1d(32, eps=1e-05, momentum=0.1, affine=True, track_running_stats=True)
      (2): ReLU()
      (3): MaxPool1d(kernel_size=2, stride=2, padding=0, dilation=1, ceil_mode=False)
      (4): Dropout(p=0.0, inplace=False)
      (5): Conv1d(32, 64, kernel_size=(10,), stride=(1,))
      (6): BatchNorm1d(64, eps=1e-05, momentum=0.1, affine=True, track_running_stats=True)
      (7): ReLU()
      (8): MaxPool1d(kernel_size=2, stride=2, padding=0, dilation=1, ceil_mode=False)
      (9): Dropout(p=0.0, inplace=False)
      (10): Conv1d(64, 128, kernel_size=(10,), stride=(1,))
      (11): BatchNorm1d(128, eps=1e-05, momentum=0.1, affine=True, track_running_stats=True)
      (12): ReLU()
      (13): MaxPool1d(kernel_size=2, stride=2, padding=0, dilation=1, ceil_mode=False)
      (14): Dropout(p=0.0, inplace=False)
      (15): Conv1d(128, 256, kernel_size=(10,), stride=(1,))
      (16): BatchNorm1d(256, eps=1e-05, momentum=0.1, affine=True, track_running_stats=True)
      (17): ReLU()
      (18): MaxPool1d(kernel_size=2, stride=2, padding=0, dilation=1, ceil_mode=False)
      (19): Dropout(p=0.0, inplace=False)
    )
    (linear_layer): Sequential(
      (0): Linear(in_features=18176, out_features=64, bias=True)
      (1): ReLU()
    )
  )
  (classifier): Linear(in_features=64, out_features=1, bias=True)
  (loss_fn): BCEWithLogitsLoss()
)
2026-03-14 15:52:28 | INFO | Validation — loss=0.6367, acc=0.8081, f1=0.6962, recall=0.672, precision=0.8933
2026-03-14 15:52:29 | INFO | [Epoch 000] total_loss=0.610144, Lr0=0.000100Lr1=0.001000, time=0.55s
2026-03-14 15:52:29 | INFO | [Epoch 018] total_loss=0.021281, Lr0=0.000091Lr1=0.000914, time=0.53s
2026-03-14 15:52:30 | INFO | Validation — loss=2.3281, acc=0.7144, f1=0.4395, recall=0.512, precision=0.8562
2026-03-14 15:52:30 | INFO | Validation — loss=0.6067, acc=0.7054, f1=0.4136, recall=0.5, precision=0.3527
2026-03-14 15:52:30 | INFO | Best model logged 0.4136
2026-03-14 15:52:30 | INFO | [Epoch 019] total_loss=0.015186, Lr0=0.000091Lr1=0.000905, time=0.53s
2026-03-14 15:52:30 | INFO | [Epoch 001] total_loss=0.397928, Lr0=0.000100Lr1=0.000999, time=0.54s
2026-03-14 15:52:31 | INFO | Validation — loss=2.6514, acc=0.709, f1=0.4203, recall=0.5028, precision=0.8543
2026-03-14 15:52:32 | INFO | [Epoch 020] total_loss=0.015660, Lr0=0.000090Lr1=0.000895, time=0.52s
2026-03-14 15:52:32 | INFO | Validation — loss=1.2520, acc=0.7054, f1=0.4136, recall=0.5, precision=0.3527
2026-03-14 15:52:32 | INFO | [Epoch 002] total_loss=0.255410, Lr0=0.000100Lr1=0.000998, time=0.60s
2026-03-14 15:52:32 | INFO | Validation — loss=2.1088, acc=0.7163, f1=0.446, recall=0.5152, precision=0.8569
2026-03-14 15:52:33 | INFO | [Epoch 021] total_loss=0.032614, Lr0=0.000089Lr1=0.000885, time=0.52s
2026-03-14 15:52:33 | INFO | Validation — loss=2.0714, acc=0.7054, f1=0.4136, recall=0.5, precision=0.3527
2026-03-14 15:52:34 | INFO | Validation — loss=1.5340, acc=0.7292, f1=0.4889, recall=0.5372, precision=0.8616
2026-03-14 15:52:34 | INFO | [Epoch 003] total_loss=0.175946, Lr0=0.000100Lr1=0.000996, time=0.56s
2026-03-14 15:52:34 | INFO | [Epoch 022] total_loss=0.012062, Lr0=0.000088Lr1=0.000875, time=0.52s
2026-03-14 15:52:35 | INFO | Validation — loss=0.4516, acc=0.8528, f1=0.7848, recall=0.7484, precision=0.9139
2026-03-14 15:52:35 | INFO | Best model logged 0.7848
2026-03-14 15:52:35 | INFO | Validation — loss=1.7183, acc=0.7054, f1=0.4136, recall=0.5, precision=0.3527
2026-03-14 15:52:35 | INFO | [Epoch 023] total_loss=0.013509, Lr0=0.000087Lr1=0.000865, time=0.52s
2026-03-14 15:52:36 | INFO | [Epoch 004] total_loss=0.139382, Lr0=0.000099Lr1=0.000994, time=0.56s
2026-03-14 15:52:36 | INFO | Validation — loss=1.6700, acc=0.7329, f1=0.5008, recall=0.5436, precision=0.863
2026-03-14 15:52:37 | INFO | [Epoch 024] total_loss=0.008466, Lr0=0.000086Lr1=0.000854, time=0.50s
2026-03-14 15:52:37 | INFO | Validation — loss=1.8146, acc=0.7054, f1=0.4136, recall=0.5, precision=0.3527
2026-03-14 15:52:38 | INFO | Validation — loss=1.6249, acc=0.7399, f1=0.5224, recall=0.5556, precision=0.8656
2026-03-14 15:52:38 | INFO | [Epoch 005] total_loss=0.095365, Lr0=0.000099Lr1=0.000991, time=0.56s
2026-03-14 15:52:38 | INFO | [Epoch 025] total_loss=0.005316, Lr0=0.000084Lr1=0.000842, time=0.55s
2026-03-14 15:52:39 | INFO | Validation — loss=1.8120, acc=0.7054, f1=0.4136, recall=0.5, precision=0.3527
2026-03-14 15:52:39 | INFO | Validation — loss=1.8669, acc=0.7296, f1=0.4904, recall=0.538, precision=0.8617
2026-03-14 15:52:39 | INFO | [Epoch 026] total_loss=0.004846, Lr0=0.000083Lr1=0.000831, time=0.53s
2026-03-14 15:52:39 | INFO | [Epoch 006] total_loss=0.113879, Lr0=0.000099Lr1=0.000988, time=0.57s
2026-03-14 15:52:40 | INFO | Validation — loss=1.7393, acc=0.7317, f1=0.4971, recall=0.5416, precision=0.8625
2026-03-14 15:52:41 | INFO | Validation — loss=2.2653, acc=0.7054, f1=0.4136, recall=0.5, precision=0.3527
2026-03-14 15:52:41 | INFO | [Epoch 027] total_loss=0.003792, Lr0=0.000082Lr1=0.000819, time=0.51s
2026-03-14 15:52:41 | INFO | [Epoch 007] total_loss=0.077972, Lr0=0.000098Lr1=0.000984, time=0.56s
2026-03-14 15:52:41 | INFO | Validation — loss=1.3555, acc=0.7643, f1=0.5914, recall=0.5972, precision=0.875
2026-03-14 15:52:42 | INFO | [Epoch 028] total_loss=0.003758, Lr0=0.000081Lr1=0.000807, time=0.55s
2026-03-14 15:52:43 | INFO | Validation — loss=2.0807, acc=0.7054, f1=0.4136, recall=0.5, precision=0.3527
2026-03-14 15:52:43 | INFO | Validation — loss=1.5769, acc=0.7519, f1=0.5573, recall=0.576, precision=0.8702
2026-03-14 15:52:43 | INFO | [Epoch 008] total_loss=0.116803, Lr0=0.000098Lr1=0.000980, time=0.56s
2026-03-14 15:52:43 | INFO | [Epoch 029] total_loss=0.002542, Lr0=0.000080Lr1=0.000794, time=0.55s
2026-03-14 15:52:44 | INFO | Validation — loss=1.9175, acc=0.7317, f1=0.4971, recall=0.5416, precision=0.8625
2026-03-14 15:52:44 | INFO | Validation — loss=1.3463, acc=0.7054, f1=0.4136, recall=0.5, precision=0.3527
2026-03-14 15:52:45 | INFO | [Epoch 030] total_loss=0.002730, Lr0=0.000078Lr1=0.000781, time=0.55s
2026-03-14 15:52:45 | INFO | [Epoch 009] total_loss=0.071577, Lr0=0.000098Lr1=0.000976, time=0.58s
2026-03-14 15:52:46 | INFO | Validation — loss=1.7303, acc=0.739, f1=0.5196, recall=0.554, precision=0.8652
2026-03-14 15:52:46 | INFO | [Epoch 031] total_loss=0.001688, Lr0=0.000077Lr1=0.000768, time=0.55s
2026-03-14 15:52:46 | INFO | Validation — loss=1.2159, acc=0.7054, f1=0.4136, recall=0.5, precision=0.3527
2026-03-14 15:52:47 | INFO | [Epoch 010] total_loss=0.059649, Lr0=0.000097Lr1=0.000970, time=0.60s
2026-03-14 15:52:47 | INFO | Validation — loss=1.7635, acc=0.7343, f1=0.5052, recall=0.546, precision=0.8635
2026-03-14 15:52:47 | INFO | [Epoch 032] total_loss=0.002106, Lr0=0.000076Lr1=0.000755, time=0.51s
2026-03-14 15:52:48 | INFO | Validation — loss=1.5231, acc=0.7054, f1=0.4136, recall=0.5, precision=0.3527
2026-03-14 15:52:48 | INFO | Validation — loss=1.6987, acc=0.7432, f1=0.5322, recall=0.5612, precision=0.8668
2026-03-14 15:52:49 | INFO | [Epoch 011] total_loss=0.035573, Lr0=0.000097Lr1=0.000965, time=0.55s
2026-03-14 15:52:49 | INFO | [Epoch 033] total_loss=0.001078, Lr0=0.000074Lr1=0.000741, time=0.52s
2026-03-14 15:52:50 | INFO | Validation — loss=2.0396, acc=0.7292, f1=0.4889, recall=0.5372, precision=0.8616
2026-03-14 15:52:50 | INFO | Validation — loss=1.6120, acc=0.7054, f1=0.4136, recall=0.5, precision=0.3527
2026-03-14 15:52:50 | INFO | [Epoch 034] total_loss=0.000899, Lr0=0.000073Lr1=0.000727, time=0.55s
2026-03-14 15:52:50 | INFO | [Epoch 012] total_loss=0.031578, Lr0=0.000096Lr1=0.000959, time=0.57s
2026-03-14 15:52:51 | INFO | Validation — loss=2.0890, acc=0.7285, f1=0.4867, recall=0.536, precision=0.8613
2026-03-14 15:52:51 | INFO | [Epoch 035] total_loss=0.000737, Lr0=0.000072Lr1=0.000713, time=0.51s
2026-03-14 15:52:52 | INFO | Validation — loss=1.7348, acc=0.7063, f1=0.417, recall=0.5016, precision=0.853
2026-03-14 15:52:52 | INFO | Best model logged 0.417
2026-03-14 15:52:52 | INFO | Validation — loss=2.0194, acc=0.7315, f1=0.4964, recall=0.5412, precision=0.8624
2026-03-14 15:52:52 | INFO | [Epoch 013] total_loss=0.034102, Lr0=0.000095Lr1=0.000952, time=0.60s
2026-03-14 15:52:53 | INFO | [Epoch 036] total_loss=0.002187, Lr0=0.000070Lr1=0.000699, time=0.52s
2026-03-14 15:52:53 | INFO | Validation — loss=1.9831, acc=0.7315, f1=0.4964, recall=0.5412, precision=0.8624
2026-03-14 15:52:53 | INFO | Validation — loss=1.7242, acc=0.7066, f1=0.4178, recall=0.502, precision=0.8531
2026-03-14 15:52:53 | INFO | Best model logged 0.4178
2026-03-14 15:52:54 | INFO | [Epoch 037] total_loss=0.000775, Lr0=0.000069Lr1=0.000684, time=0.56s
2026-03-14 15:52:54 | INFO | [Epoch 014] total_loss=0.035878, Lr0=0.000095Lr1=0.000946, time=0.55s
2026-03-14 15:52:55 | INFO | Validation — loss=1.9836, acc=0.7324, f1=0.4993, recall=0.5428, precision=0.8628
2026-03-14 15:52:55 | INFO | Validation — loss=1.1221, acc=0.7293, f1=0.5011, recall=0.5431, precision=0.8183
2026-03-14 15:52:55 | INFO | Best model logged 0.5011
2026-03-14 15:52:55 | INFO | [Epoch 038] total_loss=0.001509, Lr0=0.000067Lr1=0.000670, time=0.54s
2026-03-14 15:52:56 | INFO | [Epoch 015] total_loss=0.030295, Lr0=0.000094Lr1=0.000938, time=0.60s
2026-03-14 15:52:56 | INFO | Validation — loss=2.2560, acc=0.7252, f1=0.476, recall=0.5304, precision=0.8601
2026-03-14 15:52:57 | INFO | [Epoch 039] total_loss=0.001142, Lr0=0.000066Lr1=0.000655, time=0.54s
2026-03-14 15:52:57 | INFO | Validation — loss=1.7543, acc=0.7068, f1=0.4186, recall=0.5023, precision=0.8532
2026-03-14 15:52:58 | INFO | Validation — loss=2.1787, acc=0.7285, f1=0.4867, recall=0.536, precision=0.8613
2026-03-14 15:52:58 | INFO | [Epoch 016] total_loss=0.026646, Lr0=0.000093Lr1=0.000930, time=0.54s
2026-03-14 15:52:58 | INFO | [Epoch 040] total_loss=0.000625, Lr0=0.000064Lr1=0.000640, time=0.53s
2026-03-14 15:52:59 | INFO | Validation — loss=2.0444, acc=0.7338, f1=0.5037, recall=0.5452, precision=0.8633
2026-03-14 15:52:59 | INFO | Validation — loss=1.8626, acc=0.7061, f1=0.4161, recall=0.5012, precision=0.8529
2026-03-14 15:52:59 | INFO | [Epoch 041] total_loss=0.000935, Lr0=0.000063Lr1=0.000625, time=0.57s
2026-03-14 15:52:59 | INFO | [Epoch 017] total_loss=0.016270, Lr0=0.000092Lr1=0.000922, time=0.54s
2026-03-14 15:53:00 | INFO | Validation — loss=2.0794, acc=0.732, f1=0.4979, recall=0.542, precision=0.8626
2026-03-14 15:53:01 | INFO | Validation — loss=1.4549, acc=0.7158, f1=0.4548, recall=0.5192, precision=0.7974
2026-03-14 15:53:01 | INFO | [Epoch 042] total_loss=0.000639, Lr0=0.000061Lr1=0.000609, time=0.56s
2026-03-14 15:53:01 | INFO | [Epoch 018] total_loss=0.019027, Lr0=0.000091Lr1=0.000914, time=0.55s
2026-03-14 15:53:02 | INFO | Validation — loss=1.9813, acc=0.7355, f1=0.5088, recall=0.548, precision=0.8639
2026-03-14 15:53:02 | INFO | Early stopping at epoch 42. Best: 0.784800
2026-03-14 15:53:02 | INFO | Training complete.
2026-03-14 15:53:02 | INFO | Best checkpoint: ./save/cnn_overlap_new/contrastive_SWELLDataset/finetuned_best_3.pt
2026-03-14 15:53:02 | INFO | Validation — loss=1.2799, acc=0.7268, f1=0.4866, recall=0.5363, precision=0.8604
2026-03-14 15:53:03 | INFO | [Epoch 019] total_loss=0.012458, Lr0=0.000091Lr1=0.000905, time=0.55s
2026-03-14 15:53:04 | INFO | Validation — loss=3.5828, acc=0.7054, f1=0.4136, recall=0.5, precision=0.3527
2026-03-14 15:53:05 | INFO | [Epoch 020] total_loss=0.015299, Lr0=0.000090Lr1=0.000895, time=0.54s
2026-03-14 15:53:06 | INFO | Validation — loss=2.3745, acc=0.7116, f1=0.4358, recall=0.5105, precision=0.8549
2026-03-14 15:53:07 | INFO | [Epoch 021] total_loss=0.014519, Lr0=0.000089Lr1=0.000885, time=0.58s
2026-03-14 15:53:08 | INFO | Validation — loss=2.0388, acc=0.7139, f1=0.4438, recall=0.5145, precision=0.8557
2026-03-14 15:53:08 | INFO | [Epoch 022] total_loss=0.021089, Lr0=0.000088Lr1=0.000875, time=0.56s
2026-03-14 15:53:10 | INFO | Validation — loss=1.3948, acc=0.7252, f1=0.4814, recall=0.5336, precision=0.8598
2026-03-14 15:53:10 | INFO | [Epoch 023] total_loss=0.012221, Lr0=0.000087Lr1=0.000865, time=0.53s
2026-03-14 15:53:11 | INFO | Validation — loss=1.6907, acc=0.7121, f1=0.4374, recall=0.5113, precision=0.8551
2026-03-14 15:53:12 | INFO | [Epoch 024] total_loss=0.010140, Lr0=0.000086Lr1=0.000854, time=0.57s
2026-03-14 15:53:12 | INFO | Model forward EncoderClassifierModel(
  (encoder): CNNEncoder(
    (cnn_layers): Sequential(
      (0): Conv1d(1, 32, kernel_size=(10,), stride=(1,))
      (1): BatchNorm1d(32, eps=1e-05, momentum=0.1, affine=True, track_running_stats=True)
      (2): ReLU()
      (3): MaxPool1d(kernel_size=2, stride=2, padding=0, dilation=1, ceil_mode=False)
      (4): Dropout(p=0.0, inplace=False)
      (5): Conv1d(32, 64, kernel_size=(10,), stride=(1,))
      (6): BatchNorm1d(64, eps=1e-05, momentum=0.1, affine=True, track_running_stats=True)
      (7): ReLU()
      (8): MaxPool1d(kernel_size=2, stride=2, padding=0, dilation=1, ceil_mode=False)
      (9): Dropout(p=0.0, inplace=False)
      (10): Conv1d(64, 128, kernel_size=(10,), stride=(1,))
      (11): BatchNorm1d(128, eps=1e-05, momentum=0.1, affine=True, track_running_stats=True)
      (12): ReLU()
      (13): MaxPool1d(kernel_size=2, stride=2, padding=0, dilation=1, ceil_mode=False)
      (14): Dropout(p=0.0, inplace=False)
      (15): Conv1d(128, 256, kernel_size=(10,), stride=(1,))
      (16): BatchNorm1d(256, eps=1e-05, momentum=0.1, affine=True, track_running_stats=True)
      (17): ReLU()
      (18): MaxPool1d(kernel_size=2, stride=2, padding=0, dilation=1, ceil_mode=False)
      (19): Dropout(p=0.0, inplace=False)
    )
    (linear_layer): Sequential(
      (0): Linear(in_features=18176, out_features=64, bias=True)
      (1): ReLU()
    )
  )
  (classifier): Linear(in_features=64, out_features=1, bias=True)
  (loss_fn): BCEWithLogitsLoss()
)
2026-03-14 15:53:13 | INFO | [Epoch 000] total_loss=0.623683, Lr0=0.000100Lr1=0.001000, time=0.51s
2026-03-14 15:53:13 | INFO | Validation — loss=1.3305, acc=0.7266, f1=0.4865, recall=0.5362, precision=0.8551
2026-03-14 15:53:13 | INFO | Validation — loss=0.6191, acc=0.6931, f1=0.4094, recall=0.5, precision=0.3465
2026-03-14 15:53:13 | INFO | Best model logged 0.4094
2026-03-14 15:53:14 | INFO | [Epoch 025] total_loss=0.008342, Lr0=0.000084Lr1=0.000842, time=0.54s
2026-03-14 15:53:14 | INFO | [Epoch 001] total_loss=0.430466, Lr0=0.000100Lr1=0.000999, time=0.52s
2026-03-14 15:53:15 | INFO | Validation — loss=1.6394, acc=0.6931, f1=0.4094, recall=0.5, precision=0.3465
2026-03-14 15:53:15 | INFO | Validation — loss=2.1285, acc=0.7116, f1=0.4358, recall=0.5105, precision=0.8549
2026-03-14 15:53:15 | INFO | [Epoch 002] total_loss=0.268761, Lr0=0.000100Lr1=0.000998, time=0.57s
2026-03-14 15:53:15 | INFO | [Epoch 026] total_loss=0.004477, Lr0=0.000083Lr1=0.000831, time=0.55s
2026-03-14 15:53:16 | INFO | Validation — loss=1.8268, acc=0.6931, f1=0.4094, recall=0.5, precision=0.3465
2026-03-14 15:53:17 | INFO | [Epoch 003] total_loss=0.217428, Lr0=0.000100Lr1=0.000996, time=0.57s
2026-03-14 15:53:17 | INFO | Validation — loss=2.5623, acc=0.7054, f1=0.4136, recall=0.5, precision=0.3527
2026-03-14 15:53:17 | INFO | [Epoch 027] total_loss=0.004619, Lr0=0.000082Lr1=0.000819, time=0.57s
2026-03-14 15:53:18 | INFO | Validation — loss=0.8829, acc=0.6931, f1=0.4094, recall=0.5, precision=0.3465
2026-03-14 15:53:18 | INFO | [Epoch 004] total_loss=0.131750, Lr0=0.000099Lr1=0.000994, time=0.52s
2026-03-14 15:53:19 | INFO | Validation — loss=2.1588, acc=0.7072, f1=0.4203, recall=0.5031, precision=0.8534
2026-03-14 15:53:19 | INFO | Validation — loss=1.7919, acc=0.6931, f1=0.4094, recall=0.5, precision=0.3465
2026-03-14 15:53:19 | INFO | [Epoch 028] total_loss=0.003443, Lr0=0.000081Lr1=0.000807, time=0.57s
2026-03-14 15:53:19 | INFO | [Epoch 005] total_loss=0.106083, Lr0=0.000099Lr1=0.000991, time=0.52s
2026-03-14 15:53:20 | INFO | Validation — loss=2.4152, acc=0.6931, f1=0.4094, recall=0.5, precision=0.3465
2026-03-14 15:53:20 | INFO | Validation — loss=2.8321, acc=0.7054, f1=0.4136, recall=0.5, precision=0.3527
2026-03-14 15:53:21 | INFO | [Epoch 006] total_loss=0.064525, Lr0=0.000099Lr1=0.000988, time=0.55s
2026-03-14 15:53:21 | INFO | [Epoch 029] total_loss=0.002687, Lr0=0.000080Lr1=0.000794, time=0.55s
2026-03-14 15:53:22 | INFO | Validation — loss=5.1624, acc=0.6931, f1=0.4094, recall=0.5, precision=0.3465
2026-03-14 15:53:22 | INFO | [Epoch 007] total_loss=0.064183, Lr0=0.000098Lr1=0.000984, time=0.56s
2026-03-14 15:53:22 | INFO | Validation — loss=2.0150, acc=0.7121, f1=0.4374, recall=0.5113, precision=0.8551
2026-03-14 15:53:23 | INFO | [Epoch 030] total_loss=0.002402, Lr0=0.000078Lr1=0.000781, time=0.56s
2026-03-14 15:53:23 | INFO | Validation — loss=5.1418, acc=0.6931, f1=0.4094, recall=0.5, precision=0.3465
2026-03-14 15:53:23 | INFO | [Epoch 008] total_loss=0.048139, Lr0=0.000098Lr1=0.000980, time=0.52s
2026-03-14 15:53:24 | INFO | Validation — loss=2.3054, acc=0.7068, f1=0.4186, recall=0.5023, precision=0.8532
2026-03-14 15:53:24 | INFO | Validation — loss=5.2948, acc=0.6931, f1=0.4094, recall=0.5, precision=0.3465
2026-03-14 15:53:25 | INFO | [Epoch 031] total_loss=0.004806, Lr0=0.000077Lr1=0.000768, time=0.58s
2026-03-14 15:53:25 | INFO | [Epoch 009] total_loss=0.059333, Lr0=0.000098Lr1=0.000976, time=0.56s
2026-03-14 15:53:26 | INFO | Validation — loss=2.2823, acc=0.6931, f1=0.4094, recall=0.5, precision=0.3465
2026-03-14 15:53:26 | INFO | Validation — loss=2.6191, acc=0.7061, f1=0.4161, recall=0.5012, precision=0.8529
2026-03-14 15:53:26 | INFO | [Epoch 010] total_loss=0.061931, Lr0=0.000097Lr1=0.000970, time=0.52s
2026-03-14 15:53:26 | INFO | [Epoch 032] total_loss=0.005698, Lr0=0.000076Lr1=0.000755, time=0.59s
2026-03-14 15:53:27 | INFO | Validation — loss=1.3075, acc=0.6928, f1=0.4093, recall=0.4998, precision=0.3465
2026-03-14 15:53:28 | INFO | [Epoch 011] total_loss=0.038991, Lr0=0.000097Lr1=0.000965, time=0.54s
2026-03-14 15:53:28 | INFO | Validation — loss=2.6326, acc=0.7061, f1=0.4161, recall=0.5012, precision=0.8529
2026-03-14 15:53:28 | INFO | [Epoch 033] total_loss=0.002210, Lr0=0.000074Lr1=0.000741, time=0.58s
2026-03-14 15:53:28 | INFO | Validation — loss=0.6190, acc=0.6931, f1=0.6554, recall=0.6645, precision=0.6514
2026-03-14 15:53:28 | INFO | Best model logged 0.6554
2026-03-14 15:53:29 | INFO | [Epoch 012] total_loss=0.020931, Lr0=0.000096Lr1=0.000959, time=0.53s
2026-03-14 15:53:29 | INFO | Validation — loss=2.3631, acc=0.7096, f1=0.4285, recall=0.507, precision=0.8542
2026-03-14 15:53:30 | INFO | Validation — loss=1.4732, acc=0.5011, f1=0.5003, recall=0.608, precision=0.6179
2026-03-14 15:53:30 | INFO | [Epoch 034] total_loss=0.001652, Lr0=0.000073Lr1=0.000727, time=0.57s
2026-03-14 15:53:30 | INFO | [Epoch 013] total_loss=0.026914, Lr0=0.000095Lr1=0.000952, time=0.56s
2026-03-14 15:53:31 | INFO | Validation — loss=1.9304, acc=0.4258, f1=0.4072, recall=0.5808, precision=0.6522
2026-03-14 15:53:31 | INFO | Validation — loss=2.4722, acc=0.71, f1=0.4301, recall=0.5078, precision=0.8543
2026-03-14 15:53:31 | INFO | Early stopping at epoch 34. Best: 0.501100
2026-03-14 15:53:31 | INFO | Training complete.
2026-03-14 15:53:31 | INFO | Best checkpoint: ./save/cnn_overlap_new/contrastive_SWELLDataset/finetuned_best_2.pt
2026-03-14 15:53:32 | INFO | [Epoch 014] total_loss=0.008565, Lr0=0.000095Lr1=0.000946, time=0.52s
2026-03-14 15:53:32 | INFO | Validation — loss=2.3465, acc=0.4224, f1=0.402, recall=0.5802, precision=0.659
2026-03-14 15:53:33 | INFO | [Epoch 015] total_loss=0.014485, Lr0=0.000094Lr1=0.000938, time=0.52s
2026-03-14 15:53:34 | INFO | Validation — loss=1.4079, acc=0.517, f1=0.5167, recall=0.5962, precision=0.5922
2026-03-14 15:53:34 | INFO | [Epoch 016] total_loss=0.011489, Lr0=0.000093Lr1=0.000930, time=0.51s
2026-03-14 15:53:35 | INFO | Validation — loss=3.3427, acc=0.3103, f1=0.2404, recall=0.5025, precision=0.654
2026-03-14 15:53:36 | INFO | [Epoch 017] total_loss=0.011053, Lr0=0.000092Lr1=0.000922, time=0.51s
2026-03-14 15:53:36 | INFO | Validation — loss=1.6623, acc=0.5032, f1=0.503, recall=0.5987, precision=0.6019
2026-03-14 15:53:37 | INFO | [Epoch 018] total_loss=0.021587, Lr0=0.000091Lr1=0.000914, time=0.51s
2026-03-14 15:53:38 | INFO | Validation — loss=1.0625, acc=0.6014, f1=0.5806, recall=0.6058, precision=0.5903
2026-03-14 15:53:38 | INFO | [Epoch 019] total_loss=0.014949, Lr0=0.000091Lr1=0.000905, time=0.58s
2026-03-14 15:53:39 | INFO | Validation — loss=2.1436, acc=0.4542, f1=0.4453, recall=0.5912, precision=0.6312
2026-03-14 15:53:40 | INFO | [Epoch 020] total_loss=0.014013, Lr0=0.000090Lr1=0.000895, time=0.52s
2026-03-14 15:53:40 | INFO | Validation — loss=0.9836, acc=0.6785, f1=0.6237, recall=0.6242, precision=0.6232
2026-03-14 15:53:41 | INFO | [Epoch 021] total_loss=0.013086, Lr0=0.000089Lr1=0.000885, time=0.53s
2026-03-14 15:53:42 | INFO | Validation — loss=1.6926, acc=0.5145, f1=0.5135, recall=0.6253, precision=0.638
2026-03-14 15:53:42 | INFO | Model forward EncoderClassifierModel(
  (encoder): CNNEncoder(
    (cnn_layers): Sequential(
      (0): Conv1d(1, 32, kernel_size=(10,), stride=(1,))
      (1): BatchNorm1d(32, eps=1e-05, momentum=0.1, affine=True, track_running_stats=True)
      (2): ReLU()
      (3): MaxPool1d(kernel_size=2, stride=2, padding=0, dilation=1, ceil_mode=False)
      (4): Dropout(p=0.0, inplace=False)
      (5): Conv1d(32, 64, kernel_size=(10,), stride=(1,))
      (6): BatchNorm1d(64, eps=1e-05, momentum=0.1, affine=True, track_running_stats=True)
      (7): ReLU()
      (8): MaxPool1d(kernel_size=2, stride=2, padding=0, dilation=1, ceil_mode=False)
      (9): Dropout(p=0.0, inplace=False)
      (10): Conv1d(64, 128, kernel_size=(10,), stride=(1,))
      (11): BatchNorm1d(128, eps=1e-05, momentum=0.1, affine=True, track_running_stats=True)
      (12): ReLU()
      (13): MaxPool1d(kernel_size=2, stride=2, padding=0, dilation=1, ceil_mode=False)
      (14): Dropout(p=0.0, inplace=False)
      (15): Conv1d(128, 256, kernel_size=(10,), stride=(1,))
      (16): BatchNorm1d(256, eps=1e-05, momentum=0.1, affine=True, track_running_stats=True)
      (17): ReLU()
      (18): MaxPool1d(kernel_size=2, stride=2, padding=0, dilation=1, ceil_mode=False)
      (19): Dropout(p=0.0, inplace=False)
    )
    (linear_layer): Sequential(
      (0): Linear(in_features=18176, out_features=64, bias=True)
      (1): ReLU()
    )
  )
  (classifier): Linear(in_features=64, out_features=1, bias=True)
  (loss_fn): BCEWithLogitsLoss()
)
2026-03-14 15:53:42 | INFO | [Epoch 022] total_loss=0.007573, Lr0=0.000088Lr1=0.000875, time=0.53s
2026-03-14 15:53:43 | INFO | [Epoch 000] total_loss=0.622574, Lr0=0.000100Lr1=0.001000, time=0.64s
2026-03-14 15:53:43 | INFO | Validation — loss=1.2747, acc=0.5662, f1=0.5614, recall=0.6179, precision=0.6035
2026-03-14 15:53:43 | INFO | [Epoch 023] total_loss=0.004518, Lr0=0.000087Lr1=0.000865, time=0.54s
2026-03-14 15:53:44 | INFO | Validation — loss=0.6115, acc=0.7074, f1=0.4143, recall=0.5, precision=0.3537
2026-03-14 15:53:44 | INFO | Best model logged 0.4143
2026-03-14 15:53:44 | INFO | Validation — loss=1.6266, acc=0.5007, f1=0.4993, recall=0.6124, precision=0.6261
2026-03-14 15:53:45 | INFO | [Epoch 001] total_loss=0.440715, Lr0=0.000100Lr1=0.000999, time=0.57s
2026-03-14 15:53:45 | INFO | [Epoch 024] total_loss=0.003237, Lr0=0.000086Lr1=0.000854, time=0.52s
2026-03-14 15:53:46 | INFO | Validation — loss=1.5959, acc=0.5154, f1=0.5144, recall=0.6265, precision=0.6395
2026-03-14 15:53:46 | INFO | Validation — loss=1.3649, acc=0.7074, f1=0.4143, recall=0.5, precision=0.3537
2026-03-14 15:53:46 | INFO | [Epoch 025] total_loss=0.003380, Lr0=0.000084Lr1=0.000842, time=0.53s
2026-03-14 15:53:46 | INFO | [Epoch 002] total_loss=0.256845, Lr0=0.000100Lr1=0.000998, time=0.55s
2026-03-14 15:53:47 | INFO | Validation — loss=1.7491, acc=0.52, f1=0.5196, recall=0.623, precision=0.6296
2026-03-14 15:53:47 | INFO | [Epoch 026] total_loss=0.002792, Lr0=0.000083Lr1=0.000831, time=0.51s
2026-03-14 15:53:47 | INFO | Validation — loss=1.1379, acc=0.7074, f1=0.4143, recall=0.5, precision=0.3537
2026-03-14 15:53:48 | INFO | [Epoch 003] total_loss=0.170247, Lr0=0.000100Lr1=0.000996, time=0.56s
2026-03-14 15:53:48 | INFO | Validation — loss=1.4473, acc=0.5642, f1=0.5597, recall=0.6172, precision=0.6033
2026-03-14 15:53:49 | INFO | [Epoch 027] total_loss=0.001485, Lr0=0.000082Lr1=0.000819, time=0.58s
2026-03-14 15:53:49 | INFO | Validation — loss=1.3350, acc=0.7074, f1=0.4143, recall=0.5, precision=0.3537
2026-03-14 15:53:50 | INFO | Validation — loss=1.2866, acc=0.5978, f1=0.5849, recall=0.6225, precision=0.6044
2026-03-14 15:53:50 | INFO | [Epoch 004] total_loss=0.116812, Lr0=0.000099Lr1=0.000994, time=0.55s
2026-03-14 15:53:50 | INFO | [Epoch 028] total_loss=0.001194, Lr0=0.000081Lr1=0.000807, time=0.56s
2026-03-14 15:53:51 | INFO | Validation — loss=1.8147, acc=0.5306, f1=0.5306, recall=0.6253, precision=0.6262
2026-03-14 15:53:51 | INFO | Validation — loss=1.6651, acc=0.7074, f1=0.4143, recall=0.5, precision=0.3537
2026-03-14 15:53:52 | INFO | [Epoch 029] total_loss=0.001817, Lr0=0.000080Lr1=0.000794, time=0.55s
2026-03-14 15:53:52 | INFO | [Epoch 005] total_loss=0.109441, Lr0=0.000099Lr1=0.000991, time=0.60s
2026-03-14 15:53:52 | INFO | Validation — loss=1.6903, acc=0.551, f1=0.5506, recall=0.6339, precision=0.6275
2026-03-14 15:53:53 | INFO | [Epoch 030] total_loss=0.000797, Lr0=0.000078Lr1=0.000781, time=0.53s
2026-03-14 15:53:53 | INFO | Validation — loss=3.1779, acc=0.7074, f1=0.4143, recall=0.5, precision=0.3537
2026-03-14 15:53:53 | INFO | [Epoch 006] total_loss=0.124314, Lr0=0.000099Lr1=0.000988, time=0.57s
2026-03-14 15:53:54 | INFO | Validation — loss=1.6885, acc=0.5567, f1=0.5555, recall=0.6302, precision=0.6202
2026-03-14 15:53:54 | INFO | [Epoch 031] total_loss=0.000518, Lr0=0.000077Lr1=0.000768, time=0.59s
2026-03-14 15:53:55 | INFO | Validation — loss=2.6550, acc=0.7074, f1=0.4143, recall=0.5, precision=0.3537
2026-03-14 15:53:55 | INFO | Validation — loss=1.6931, acc=0.5544, f1=0.5527, recall=0.6232, precision=0.6125
2026-03-14 15:53:55 | INFO | Early stopping at epoch 31. Best: 0.655400
2026-03-14 15:53:55 | INFO | Training complete.
2026-03-14 15:53:55 | INFO | Best checkpoint: ./save/cnn_overlap_new/contrastive_SWELLDataset/finetuned_best_4.pt
2026-03-14 15:53:55 | INFO | [Epoch 007] total_loss=0.118229, Lr0=0.000098Lr1=0.000984, time=0.62s
2026-03-14 15:53:56 | INFO | Validation — loss=1.4821, acc=0.7074, f1=0.4143, recall=0.5, precision=0.3537
2026-03-14 15:53:57 | INFO | [Epoch 008] total_loss=0.069514, Lr0=0.000098Lr1=0.000980, time=0.60s
2026-03-14 15:53:58 | INFO | Validation — loss=0.7610, acc=0.7074, f1=0.4143, recall=0.5, precision=0.3537
2026-03-14 15:53:59 | INFO | [Epoch 009] total_loss=0.057369, Lr0=0.000098Lr1=0.000976, time=0.59s
2026-03-14 15:54:00 | INFO | Validation — loss=1.1072, acc=0.7074, f1=0.4143, recall=0.5, precision=0.3537
2026-03-14 15:54:01 | INFO | [Epoch 010] total_loss=0.059078, Lr0=0.000097Lr1=0.000970, time=0.56s
2026-03-14 15:54:02 | INFO | Validation — loss=2.0758, acc=0.7074, f1=0.4143, recall=0.5, precision=0.3537
2026-03-14 15:54:02 | INFO | [Epoch 011] total_loss=0.052698, Lr0=0.000097Lr1=0.000965, time=0.56s
2026-03-14 15:54:04 | INFO | Validation — loss=2.1155, acc=0.7074, f1=0.4143, recall=0.5, precision=0.3537
2026-03-14 15:54:04 | INFO | [Epoch 012] total_loss=0.043348, Lr0=0.000096Lr1=0.000959, time=0.56s
2026-03-14 15:54:05 | INFO | Validation — loss=2.3064, acc=0.7074, f1=0.4143, recall=0.5, precision=0.3537
2026-03-14 15:54:05 | INFO | Model forward EncoderClassifierModel(
  (encoder): CNNEncoder(
    (cnn_layers): Sequential(
      (0): Conv1d(1, 32, kernel_size=(10,), stride=(1,))
      (1): BatchNorm1d(32, eps=1e-05, momentum=0.1, affine=True, track_running_stats=True)
      (2): ReLU()
      (3): MaxPool1d(kernel_size=2, stride=2, padding=0, dilation=1, ceil_mode=False)
      (4): Dropout(p=0.0, inplace=False)
      (5): Conv1d(32, 64, kernel_size=(10,), stride=(1,))
      (6): BatchNorm1d(64, eps=1e-05, momentum=0.1, affine=True, track_running_stats=True)
      (7): ReLU()
      (8): MaxPool1d(kernel_size=2, stride=2, padding=0, dilation=1, ceil_mode=False)
      (9): Dropout(p=0.0, inplace=False)
      (10): Conv1d(64, 128, kernel_size=(10,), stride=(1,))
      (11): BatchNorm1d(128, eps=1e-05, momentum=0.1, affine=True, track_running_stats=True)
      (12): ReLU()
      (13): MaxPool1d(kernel_size=2, stride=2, padding=0, dilation=1, ceil_mode=False)
      (14): Dropout(p=0.0, inplace=False)
      (15): Conv1d(128, 256, kernel_size=(10,), stride=(1,))
      (16): BatchNorm1d(256, eps=1e-05, momentum=0.1, affine=True, track_running_stats=True)
      (17): ReLU()
      (18): MaxPool1d(kernel_size=2, stride=2, padding=0, dilation=1, ceil_mode=False)
      (19): Dropout(p=0.0, inplace=False)
    )
    (linear_layer): Sequential(
      (0): Linear(in_features=18176, out_features=64, bias=True)
      (1): ReLU()
    )
  )
  (classifier): Linear(in_features=64, out_features=1, bias=True)
  (loss_fn): BCEWithLogitsLoss()
)
2026-03-14 15:54:06 | INFO | [Epoch 000] total_loss=0.608679, Lr0=0.000100Lr1=0.001000, time=0.52s
2026-03-14 15:54:06 | INFO | [Epoch 013] total_loss=0.033078, Lr0=0.000095Lr1=0.000952, time=0.58s
2026-03-14 15:54:07 | INFO | Validation — loss=0.6050, acc=0.7106, f1=0.4154, recall=0.5, precision=0.3553
2026-03-14 15:54:07 | INFO | Best model logged 0.4154
2026-03-14 15:54:07 | INFO | Validation — loss=1.9972, acc=0.71, f1=0.4237, recall=0.5044, precision=0.8546
2026-03-14 15:54:07 | INFO | Best model logged 0.4237
2026-03-14 15:54:07 | INFO | [Epoch 001] total_loss=0.389197, Lr0=0.000100Lr1=0.000999, time=0.56s
2026-03-14 15:54:08 | INFO | [Epoch 014] total_loss=0.034050, Lr0=0.000095Lr1=0.000946, time=0.55s
2026-03-14 15:54:08 | INFO | Validation — loss=1.7861, acc=0.7106, f1=0.4154, recall=0.5, precision=0.3553
2026-03-14 15:54:09 | INFO | [Epoch 002] total_loss=0.217818, Lr0=0.000100Lr1=0.000998, time=0.56s
2026-03-14 15:54:09 | INFO | Validation — loss=0.5505, acc=0.8207, f1=0.7229, recall=0.6936, precision=0.8989
2026-03-14 15:54:09 | INFO | Best model logged 0.7229
2026-03-14 15:54:10 | INFO | [Epoch 015] total_loss=0.047404, Lr0=0.000094Lr1=0.000938, time=0.54s
2026-03-14 15:54:10 | INFO | Validation — loss=2.2053, acc=0.7106, f1=0.4154, recall=0.5, precision=0.3553
2026-03-14 15:54:10 | INFO | [Epoch 003] total_loss=0.122000, Lr0=0.000100Lr1=0.000996, time=0.54s
2026-03-14 15:54:11 | INFO | Validation — loss=1.1616, acc=0.7708, f1=0.6085, recall=0.6084, precision=0.8777
2026-03-14 15:54:11 | INFO | Validation — loss=2.7624, acc=0.7106, f1=0.4154, recall=0.5, precision=0.3553
2026-03-14 15:54:11 | INFO | [Epoch 016] total_loss=0.063804, Lr0=0.000093Lr1=0.000930, time=0.55s
2026-03-14 15:54:11 | INFO | [Epoch 004] total_loss=0.115738, Lr0=0.000099Lr1=0.000994, time=0.58s
2026-03-14 15:54:12 | INFO | Validation — loss=3.1160, acc=0.7106, f1=0.4154, recall=0.5, precision=0.3553
2026-03-14 15:54:13 | INFO | Validation — loss=1.9188, acc=0.7336, f1=0.503, recall=0.5448, precision=0.8632
2026-03-14 15:54:13 | INFO | [Epoch 005] total_loss=0.089620, Lr0=0.000099Lr1=0.000991, time=0.56s
2026-03-14 15:54:13 | INFO | [Epoch 017] total_loss=0.051658, Lr0=0.000092Lr1=0.000922, time=0.56s
2026-03-14 15:54:14 | INFO | Validation — loss=3.8701, acc=0.7106, f1=0.4154, recall=0.5, precision=0.3553
2026-03-14 15:54:14 | INFO | [Epoch 006] total_loss=0.066775, Lr0=0.000099Lr1=0.000988, time=0.56s
2026-03-14 15:54:14 | INFO | Validation — loss=1.9948, acc=0.7135, f1=0.4362, recall=0.5104, precision=0.8559
2026-03-14 15:54:15 | INFO | [Epoch 018] total_loss=0.024982, Lr0=0.000091Lr1=0.000914, time=0.56s
2026-03-14 15:54:15 | INFO | Validation — loss=4.6562, acc=0.7106, f1=0.4154, recall=0.5, precision=0.3553
2026-03-14 15:54:16 | INFO | [Epoch 007] total_loss=0.049759, Lr0=0.000098Lr1=0.000984, time=0.52s
2026-03-14 15:54:16 | INFO | Validation — loss=2.3266, acc=0.7097, f1=0.4228, recall=0.504, precision=0.8545
2026-03-14 15:54:16 | INFO | Validation — loss=3.2869, acc=0.7106, f1=0.4154, recall=0.5, precision=0.3553
2026-03-14 15:54:17 | INFO | [Epoch 019] total_loss=0.020883, Lr0=0.000091Lr1=0.000905, time=0.55s
2026-03-14 15:54:17 | INFO | [Epoch 008] total_loss=0.031428, Lr0=0.000098Lr1=0.000980, time=0.55s
2026-03-14 15:54:18 | INFO | Validation — loss=4.2088, acc=0.7106, f1=0.4154, recall=0.5, precision=0.3553
2026-03-14 15:54:18 | INFO | Validation — loss=2.5654, acc=0.7111, f1=0.4279, recall=0.5064, precision=0.855
2026-03-14 15:54:18 | INFO | [Epoch 009] total_loss=0.033355, Lr0=0.000098Lr1=0.000976, time=0.57s
2026-03-14 15:54:18 | INFO | [Epoch 020] total_loss=0.013565, Lr0=0.000090Lr1=0.000895, time=0.55s
2026-03-14 15:54:19 | INFO | Validation — loss=3.9747, acc=0.7106, f1=0.4154, recall=0.5, precision=0.3553
2026-03-14 15:54:20 | INFO | Validation — loss=1.9690, acc=0.7247, f1=0.4745, recall=0.5296, precision=0.8599
2026-03-14 15:54:20 | INFO | [Epoch 010] total_loss=0.021696, Lr0=0.000097Lr1=0.000970, time=0.58s
2026-03-14 15:54:20 | INFO | [Epoch 021] total_loss=0.013588, Lr0=0.000089Lr1=0.000885, time=0.57s
2026-03-14 15:54:20 | INFO | Validation — loss=4.3117, acc=0.7106, f1=0.4154, recall=0.5, precision=0.3553
2026-03-14 15:54:21 | INFO | [Epoch 011] total_loss=0.013370, Lr0=0.000097Lr1=0.000965, time=0.52s
2026-03-14 15:54:21 | INFO | Validation — loss=1.4036, acc=0.7381, f1=0.5167, recall=0.5524, precision=0.8649
2026-03-14 15:54:22 | INFO | Validation — loss=3.7784, acc=0.7106, f1=0.4154, recall=0.5, precision=0.3553
2026-03-14 15:54:22 | INFO | [Epoch 022] total_loss=0.010046, Lr0=0.000088Lr1=0.000875, time=0.55s
2026-03-14 15:54:22 | INFO | [Epoch 012] total_loss=0.009461, Lr0=0.000096Lr1=0.000959, time=0.52s
2026-03-14 15:54:23 | INFO | Validation — loss=3.4355, acc=0.7106, f1=0.4154, recall=0.5, precision=0.3553
2026-03-14 15:54:23 | INFO | Validation — loss=0.9232, acc=0.7825, f1=0.6377, recall=0.6284, precision=0.8824
2026-03-14 15:54:24 | INFO | [Epoch 013] total_loss=0.009622, Lr0=0.000095Lr1=0.000952, time=0.52s
2026-03-14 15:54:24 | INFO | [Epoch 023] total_loss=0.012991, Lr0=0.000087Lr1=0.000865, time=0.58s
2026-03-14 15:54:24 | INFO | Validation — loss=2.8007, acc=0.7106, f1=0.4154, recall=0.5, precision=0.3553
2026-03-14 15:54:25 | INFO | [Epoch 014] total_loss=0.011580, Lr0=0.000095Lr1=0.000946, time=0.54s
2026-03-14 15:54:25 | INFO | Validation — loss=2.0114, acc=0.7228, f1=0.4682, recall=0.5264, precision=0.8592
2026-03-14 15:54:25 | INFO | [Epoch 024] total_loss=0.009283, Lr0=0.000086Lr1=0.000854, time=0.56s
2026-03-14 15:54:26 | INFO | Validation — loss=2.5615, acc=0.7106, f1=0.4154, recall=0.5, precision=0.3553
2026-03-14 15:54:26 | INFO | [Epoch 015] total_loss=0.005643, Lr0=0.000094Lr1=0.000938, time=0.52s
2026-03-14 15:54:27 | INFO | Validation — loss=1.6977, acc=0.7406, f1=0.5246, recall=0.5568, precision=0.8659
2026-03-14 15:54:27 | INFO | Validation — loss=2.2290, acc=0.7106, f1=0.4154, recall=0.5, precision=0.3553
2026-03-14 15:54:27 | INFO | [Epoch 025] total_loss=0.005473, Lr0=0.000084Lr1=0.000842, time=0.56s
2026-03-14 15:54:27 | INFO | [Epoch 016] total_loss=0.003438, Lr0=0.000093Lr1=0.000930, time=0.55s
2026-03-14 15:54:28 | INFO | Validation — loss=2.4550, acc=0.7106, f1=0.4154, recall=0.5, precision=0.3553
2026-03-14 15:54:28 | INFO | Validation — loss=1.9379, acc=0.7296, f1=0.4904, recall=0.538, precision=0.8617
2026-03-14 15:54:29 | INFO | [Epoch 017] total_loss=0.002104, Lr0=0.000092Lr1=0.000922, time=0.53s
2026-03-14 15:54:29 | INFO | [Epoch 026] total_loss=0.004546, Lr0=0.000083Lr1=0.000831, time=0.57s
2026-03-14 15:54:30 | INFO | Validation — loss=2.9466, acc=0.7106, f1=0.4154, recall=0.5, precision=0.3553
2026-03-14 15:54:30 | INFO | [Epoch 018] total_loss=0.002134, Lr0=0.000091Lr1=0.000914, time=0.55s
2026-03-14 15:54:30 | INFO | Validation — loss=1.8705, acc=0.7245, f1=0.4737, recall=0.5292, precision=0.8598
2026-03-14 15:54:31 | INFO | [Epoch 027] total_loss=0.004242, Lr0=0.000082Lr1=0.000819, time=0.54s
2026-03-14 15:54:31 | INFO | Validation — loss=3.2369, acc=0.7106, f1=0.4154, recall=0.5, precision=0.3553
2026-03-14 15:54:32 | INFO | [Epoch 019] total_loss=0.001884, Lr0=0.000091Lr1=0.000905, time=0.51s
2026-03-14 15:54:32 | INFO | Validation — loss=1.2661, acc=0.7631, f1=0.5882, recall=0.5952, precision=0.8746
2026-03-14 15:54:32 | INFO | Validation — loss=3.3788, acc=0.7106, f1=0.4154, recall=0.5, precision=0.3553
2026-03-14 15:54:33 | INFO | [Epoch 028] total_loss=0.004763, Lr0=0.000081Lr1=0.000807, time=0.55s
2026-03-14 15:54:33 | INFO | [Epoch 020] total_loss=0.001099, Lr0=0.000090Lr1=0.000895, time=0.58s
2026-03-14 15:54:34 | INFO | Validation — loss=3.3415, acc=0.7106, f1=0.4154, recall=0.5, precision=0.3553
2026-03-14 15:54:34 | INFO | Early stopping at epoch 20. Best: 0.415400
2026-03-14 15:54:34 | INFO | Training complete.
2026-03-14 15:54:34 | INFO | Best checkpoint: ./save/cnn_overlap_new/contrastive_SWELLDataset/finetuned_best_5.pt
2026-03-14 15:54:34 | INFO | Validation — loss=1.5941, acc=0.7458, f1=0.5398, recall=0.5656, precision=0.8678
2026-03-14 15:54:34 | INFO | [Epoch 029] total_loss=0.002358, Lr0=0.000080Lr1=0.000794, time=0.56s
2026-03-14 15:54:36 | INFO | Validation — loss=1.8432, acc=0.7329, f1=0.5008, recall=0.5436, precision=0.863
2026-03-14 15:54:36 | INFO | [Epoch 030] total_loss=0.002707, Lr0=0.000078Lr1=0.000781, time=0.57s
2026-03-14 15:54:37 | INFO | Validation — loss=1.3760, acc=0.7547, f1=0.5652, recall=0.5808, precision=0.8713
2026-03-14 15:54:38 | INFO | [Epoch 031] total_loss=0.001361, Lr0=0.000077Lr1=0.000768, time=0.58s
2026-03-14 15:54:39 | INFO | Validation — loss=1.5181, acc=0.7439, f1=0.5343, recall=0.5624, precision=0.8671
2026-03-14 15:54:40 | INFO | [Epoch 032] total_loss=0.001637, Lr0=0.000076Lr1=0.000755, time=0.61s
2026-03-14 15:54:41 | INFO | Validation — loss=1.5836, acc=0.7453, f1=0.5385, recall=0.5648, precision=0.8676
2026-03-14 15:54:42 | INFO | [Epoch 033] total_loss=0.000922, Lr0=0.000074Lr1=0.000741, time=0.58s
2026-03-14 15:54:43 | INFO | Validation — loss=1.7809, acc=0.739, f1=0.5196, recall=0.554, precision=0.8652
2026-03-14 15:54:43 | INFO | [Epoch 034] total_loss=0.000853, Lr0=0.000073Lr1=0.000727, time=0.60s
2026-03-14 15:54:44 | INFO | Model forward EncoderClassifierModel(
  (encoder): CNNEncoder(
    (cnn_layers): Sequential(
      (0): Conv1d(1, 32, kernel_size=(10,), stride=(1,))
      (1): BatchNorm1d(32, eps=1e-05, momentum=0.1, affine=True, track_running_stats=True)
      (2): ReLU()
      (3): MaxPool1d(kernel_size=2, stride=2, padding=0, dilation=1, ceil_mode=False)
      (4): Dropout(p=0.0, inplace=False)
      (5): Conv1d(32, 64, kernel_size=(10,), stride=(1,))
      (6): BatchNorm1d(64, eps=1e-05, momentum=0.1, affine=True, track_running_stats=True)
      (7): ReLU()
      (8): MaxPool1d(kernel_size=2, stride=2, padding=0, dilation=1, ceil_mode=False)
      (9): Dropout(p=0.0, inplace=False)
      (10): Conv1d(64, 128, kernel_size=(10,), stride=(1,))
      (11): BatchNorm1d(128, eps=1e-05, momentum=0.1, affine=True, track_running_stats=True)
      (12): ReLU()
      (13): MaxPool1d(kernel_size=2, stride=2, padding=0, dilation=1, ceil_mode=False)
      (14): Dropout(p=0.0, inplace=False)
      (15): Conv1d(128, 256, kernel_size=(10,), stride=(1,))
      (16): BatchNorm1d(256, eps=1e-05, momentum=0.1, affine=True, track_running_stats=True)
      (17): ReLU()
      (18): MaxPool1d(kernel_size=2, stride=2, padding=0, dilation=1, ceil_mode=False)
      (19): Dropout(p=0.0, inplace=False)
    )
    (linear_layer): Sequential(
      (0): Linear(in_features=18176, out_features=64, bias=True)
      (1): ReLU()
    )
  )
  (classifier): Linear(in_features=64, out_features=1, bias=True)
  (loss_fn): BCEWithLogitsLoss()
)
2026-03-14 15:54:45 | INFO | [Epoch 000] total_loss=0.628393, Lr0=0.000100Lr1=0.001000, time=0.52s
2026-03-14 15:54:45 | INFO | Validation — loss=1.8325, acc=0.7376, f1=0.5153, recall=0.5516, precision=0.8647
2026-03-14 15:54:45 | INFO | Early stopping at epoch 34. Best: 0.722900
2026-03-14 15:54:45 | INFO | Training complete.
2026-03-14 15:54:45 | INFO | Best checkpoint: ./save/cnn_overlap_new/contrastive_SWELLDataset/finetuned_best_3.pt
2026-03-14 15:54:45 | INFO | Validation — loss=0.6551, acc=0.6827, f1=0.4057, recall=0.5, precision=0.3413
2026-03-14 15:54:45 | INFO | Best model logged 0.4057
2026-03-14 15:54:46 | INFO | [Epoch 001] total_loss=0.443774, Lr0=0.000100Lr1=0.000999, time=0.49s
2026-03-14 15:54:47 | INFO | Validation — loss=1.1626, acc=0.6827, f1=0.4057, recall=0.5, precision=0.3413
2026-03-14 15:54:47 | INFO | [Epoch 002] total_loss=0.275297, Lr0=0.000100Lr1=0.000998, time=0.53s
2026-03-14 15:54:48 | INFO | Validation — loss=3.9718, acc=0.6827, f1=0.4057, recall=0.5, precision=0.3413
2026-03-14 15:54:49 | INFO | [Epoch 003] total_loss=0.202836, Lr0=0.000100Lr1=0.000996, time=0.50s
2026-03-14 15:54:49 | INFO | Validation — loss=3.4958, acc=0.6827, f1=0.4057, recall=0.5, precision=0.3413
2026-03-14 15:54:50 | INFO | [Epoch 004] total_loss=0.158029, Lr0=0.000099Lr1=0.000994, time=0.55s
2026-03-14 15:54:51 | INFO | Validation — loss=2.7741, acc=0.6827, f1=0.4057, recall=0.5, precision=0.3413
2026-03-14 15:54:51 | INFO | [Epoch 005] total_loss=0.095245, Lr0=0.000099Lr1=0.000991, time=0.52s
2026-03-14 15:54:52 | INFO | Validation — loss=2.6950, acc=0.6827, f1=0.4057, recall=0.5, precision=0.3413
2026-03-14 15:54:53 | INFO | [Epoch 006] total_loss=0.110737, Lr0=0.000099Lr1=0.000988, time=0.53s
2026-03-14 15:54:53 | INFO | Validation — loss=2.8163, acc=0.6827, f1=0.4057, recall=0.5, precision=0.3413
2026-03-14 15:54:54 | INFO | [Epoch 007] total_loss=0.098582, Lr0=0.000098Lr1=0.000984, time=0.55s
2026-03-14 15:54:55 | INFO | Validation — loss=0.9512, acc=0.6827, f1=0.4057, recall=0.5, precision=0.3413
2026-03-14 15:54:55 | INFO | [Epoch 008] total_loss=0.084115, Lr0=0.000098Lr1=0.000980, time=0.56s
2026-03-14 15:54:55 | INFO | Model forward EncoderClassifierModel(
  (encoder): CNNEncoder(
    (cnn_layers): Sequential(
      (0): Conv1d(1, 32, kernel_size=(10,), stride=(1,))
      (1): BatchNorm1d(32, eps=1e-05, momentum=0.1, affine=True, track_running_stats=True)
      (2): ReLU()
      (3): MaxPool1d(kernel_size=2, stride=2, padding=0, dilation=1, ceil_mode=False)
      (4): Dropout(p=0.0, inplace=False)
      (5): Conv1d(32, 64, kernel_size=(10,), stride=(1,))
      (6): BatchNorm1d(64, eps=1e-05, momentum=0.1, affine=True, track_running_stats=True)
      (7): ReLU()
      (8): MaxPool1d(kernel_size=2, stride=2, padding=0, dilation=1, ceil_mode=False)
      (9): Dropout(p=0.0, inplace=False)
      (10): Conv1d(64, 128, kernel_size=(10,), stride=(1,))
      (11): BatchNorm1d(128, eps=1e-05, momentum=0.1, affine=True, track_running_stats=True)
      (12): ReLU()
      (13): MaxPool1d(kernel_size=2, stride=2, padding=0, dilation=1, ceil_mode=False)
      (14): Dropout(p=0.0, inplace=False)
      (15): Conv1d(128, 256, kernel_size=(10,), stride=(1,))
      (16): BatchNorm1d(256, eps=1e-05, momentum=0.1, affine=True, track_running_stats=True)
      (17): ReLU()
      (18): MaxPool1d(kernel_size=2, stride=2, padding=0, dilation=1, ceil_mode=False)
      (19): Dropout(p=0.0, inplace=False)
    )
    (linear_layer): Sequential(
      (0): Linear(in_features=18176, out_features=64, bias=True)
      (1): ReLU()
    )
  )
  (classifier): Linear(in_features=64, out_features=1, bias=True)
  (loss_fn): BCEWithLogitsLoss()
)
2026-03-14 15:54:56 | INFO | [Epoch 000] total_loss=0.623683, Lr0=0.000100Lr1=0.001000, time=0.58s
2026-03-14 15:54:56 | INFO | Validation — loss=0.4987, acc=0.7368, f1=0.5648, recall=0.5852, precision=0.8609
2026-03-14 15:54:56 | INFO | Best model logged 0.5648
2026-03-14 15:54:57 | INFO | [Epoch 009] total_loss=0.066246, Lr0=0.000098Lr1=0.000976, time=0.51s
2026-03-14 15:54:57 | INFO | Validation — loss=0.6232, acc=0.6931, f1=0.4094, recall=0.5, precision=0.3465
2026-03-14 15:54:57 | INFO | Best model logged 0.4094
2026-03-14 15:54:57 | INFO | Validation — loss=0.1646, acc=0.9241, f1=0.9058, recall=0.8804, precision=0.95
2026-03-14 15:54:57 | INFO | Best model logged 0.9058
2026-03-14 15:54:58 | INFO | [Epoch 001] total_loss=0.430453, Lr0=0.000100Lr1=0.000999, time=0.55s
2026-03-14 15:54:58 | INFO | [Epoch 010] total_loss=0.059530, Lr0=0.000097Lr1=0.000970, time=0.51s
2026-03-14 15:54:59 | INFO | Validation — loss=3.5008, acc=0.3173, f1=0.2409, recall=0.5, precision=0.1587
2026-03-14 15:54:59 | INFO | Validation — loss=1.1496, acc=0.6931, f1=0.4094, recall=0.5, precision=0.3465
2026-03-14 15:54:59 | INFO | [Epoch 011] total_loss=0.058034, Lr0=0.000097Lr1=0.000965, time=0.53s
2026-03-14 15:55:00 | INFO | [Epoch 002] total_loss=0.269291, Lr0=0.000100Lr1=0.000998, time=0.56s
2026-03-14 15:55:00 | INFO | Validation — loss=0.3210, acc=0.8752, f1=0.8675, recall=0.9086, precision=0.8588
2026-03-14 15:55:01 | INFO | [Epoch 012] total_loss=0.040651, Lr0=0.000096Lr1=0.000959, time=0.53s
2026-03-14 15:55:01 | INFO | Validation — loss=1.6608, acc=0.6931, f1=0.4094, recall=0.5, precision=0.3465
2026-03-14 15:55:01 | INFO | Validation — loss=0.1630, acc=0.9437, f1=0.9377, recall=0.9584, precision=0.9247
2026-03-14 15:55:01 | INFO | Best model logged 0.9377
2026-03-14 15:55:01 | INFO | [Epoch 003] total_loss=0.221608, Lr0=0.000100Lr1=0.000996, time=0.56s
2026-03-14 15:55:02 | INFO | [Epoch 013] total_loss=0.033599, Lr0=0.000095Lr1=0.000952, time=0.51s
2026-03-14 15:55:03 | INFO | Validation — loss=0.2519, acc=0.897, f1=0.8891, recall=0.9227, precision=0.8769
2026-03-14 15:55:03 | INFO | Validation — loss=2.5860, acc=0.6931, f1=0.4094, recall=0.5, precision=0.3465
2026-03-14 15:55:03 | INFO | [Epoch 004] total_loss=0.133857, Lr0=0.000099Lr1=0.000994, time=0.55s
2026-03-14 15:55:03 | INFO | [Epoch 014] total_loss=0.026163, Lr0=0.000095Lr1=0.000946, time=0.57s
2026-03-14 15:55:04 | INFO | Validation — loss=0.0238, acc=0.9927, f1=0.9915, recall=0.9896, precision=0.9935
2026-03-14 15:55:04 | INFO | Best model logged 0.9915
2026-03-14 15:55:04 | INFO | Validation — loss=2.9689, acc=0.6931, f1=0.4094, recall=0.5, precision=0.3465
2026-03-14 15:55:05 | INFO | [Epoch 015] total_loss=0.013096, Lr0=0.000094Lr1=0.000938, time=0.52s
2026-03-14 15:55:05 | INFO | [Epoch 005] total_loss=0.107480, Lr0=0.000099Lr1=0.000991, time=0.55s
2026-03-14 15:55:05 | INFO | Validation — loss=0.1472, acc=0.9426, f1=0.936, recall=0.9529, precision=0.9244
2026-03-14 15:55:06 | INFO | [Epoch 016] total_loss=0.012766, Lr0=0.000093Lr1=0.000930, time=0.52s
2026-03-14 15:55:06 | INFO | Validation — loss=1.7640, acc=0.6931, f1=0.4094, recall=0.5, precision=0.3465
2026-03-14 15:55:07 | INFO | Validation — loss=0.1028, acc=0.9619, f1=0.9573, recall=0.9706, precision=0.9471
2026-03-14 15:55:07 | INFO | [Epoch 006] total_loss=0.067063, Lr0=0.000099Lr1=0.000988, time=0.57s
2026-03-14 15:55:07 | INFO | [Epoch 017] total_loss=0.009690, Lr0=0.000092Lr1=0.000922, time=0.56s
2026-03-14 15:55:08 | INFO | Validation — loss=0.0298, acc=0.9875, f1=0.9856, recall=0.9841, precision=0.9871
2026-03-14 15:55:08 | INFO | Validation — loss=2.3915, acc=0.6931, f1=0.4094, recall=0.5, precision=0.3465
2026-03-14 15:55:09 | INFO | [Epoch 018] total_loss=0.012786, Lr0=0.000091Lr1=0.000914, time=0.54s
2026-03-14 15:55:09 | INFO | [Epoch 007] total_loss=0.069527, Lr0=0.000098Lr1=0.000984, time=0.56s
2026-03-14 15:55:09 | INFO | Validation — loss=0.1740, acc=0.9435, f1=0.9375, recall=0.9586, precision=0.9244
2026-03-14 15:55:10 | INFO | Validation — loss=2.6382, acc=0.6931, f1=0.4094, recall=0.5, precision=0.3465
2026-03-14 15:55:10 | INFO | [Epoch 019] total_loss=0.036393, Lr0=0.000091Lr1=0.000905, time=0.55s
2026-03-14 15:55:11 | INFO | [Epoch 008] total_loss=0.056128, Lr0=0.000098Lr1=0.000980, time=0.59s
2026-03-14 15:55:11 | INFO | Validation — loss=0.0708, acc=0.9786, f1=0.9749, recall=0.9663, precision=0.9848
2026-03-14 15:55:11 | INFO | [Epoch 020] total_loss=0.019427, Lr0=0.000090Lr1=0.000895, time=0.51s
2026-03-14 15:55:12 | INFO | Validation — loss=2.0597, acc=0.6931, f1=0.4094, recall=0.5, precision=0.3465
2026-03-14 15:55:12 | INFO | Validation — loss=0.1196, acc=0.9515, f1=0.9458, recall=0.9611, precision=0.9347
2026-03-14 15:55:12 | INFO | [Epoch 009] total_loss=0.065679, Lr0=0.000098Lr1=0.000976, time=0.58s
2026-03-14 15:55:13 | INFO | [Epoch 021] total_loss=0.008808, Lr0=0.000089Lr1=0.000885, time=0.53s
2026-03-14 15:55:13 | INFO | Validation — loss=0.0484, acc=0.9818, f1=0.9787, recall=0.9731, precision=0.9848
2026-03-14 15:55:14 | INFO | Validation — loss=2.1727, acc=0.6931, f1=0.4094, recall=0.5, precision=0.3465
2026-03-14 15:55:14 | INFO | [Epoch 022] total_loss=0.017538, Lr0=0.000088Lr1=0.000875, time=0.56s
2026-03-14 15:55:14 | INFO | [Epoch 010] total_loss=0.061782, Lr0=0.000097Lr1=0.000970, time=0.55s
2026-03-14 15:55:15 | INFO | Validation — loss=0.2154, acc=0.9181, f1=0.9103, recall=0.9348, precision=0.8971
2026-03-14 15:55:15 | INFO | [Epoch 023] total_loss=0.009605, Lr0=0.000087Lr1=0.000865, time=0.55s
2026-03-14 15:55:15 | INFO | Validation — loss=1.0303, acc=0.6922, f1=0.409, recall=0.4993, precision=0.3464
2026-03-14 15:55:16 | INFO | [Epoch 011] total_loss=0.032735, Lr0=0.000097Lr1=0.000965, time=0.61s
2026-03-14 15:55:16 | INFO | Validation — loss=0.0742, acc=0.9713, f1=0.9671, recall=0.9703, precision=0.964
2026-03-14 15:55:17 | INFO | [Epoch 024] total_loss=0.009288, Lr0=0.000086Lr1=0.000854, time=0.52s
2026-03-14 15:55:17 | INFO | Validation — loss=1.2839, acc=0.4136, f1=0.3908, recall=0.5738, precision=0.6562
2026-03-14 15:55:18 | INFO | Validation — loss=0.0318, acc=0.9887, f1=0.9869, recall=0.9849, precision=0.9888
2026-03-14 15:55:18 | INFO | [Epoch 012] total_loss=0.019866, Lr0=0.000096Lr1=0.000959, time=0.57s
2026-03-14 15:55:18 | INFO | [Epoch 025] total_loss=0.015247, Lr0=0.000084Lr1=0.000842, time=0.55s
2026-03-14 15:55:19 | INFO | Validation — loss=0.0566, acc=0.9751, f1=0.9707, recall=0.962, precision=0.9808
2026-03-14 15:55:19 | INFO | Validation — loss=1.1202, acc=0.5592, f1=0.5573, recall=0.6274, precision=0.616
2026-03-14 15:55:19 | INFO | Best model logged 0.5573
2026-03-14 15:55:19 | INFO | [Epoch 026] total_loss=0.009420, Lr0=0.000083Lr1=0.000831, time=0.53s
2026-03-14 15:55:20 | INFO | [Epoch 013] total_loss=0.016277, Lr0=0.000095Lr1=0.000952, time=0.55s
2026-03-14 15:55:20 | INFO | Validation — loss=0.0170, acc=0.9938, f1=0.9928, recall=0.9945, precision=0.9912
2026-03-14 15:55:20 | INFO | Best model logged 0.9928
2026-03-14 15:55:21 | INFO | [Epoch 027] total_loss=0.006970, Lr0=0.000082Lr1=0.000819, time=0.50s
2026-03-14 15:55:21 | INFO | Validation — loss=1.7801, acc=0.4546, f1=0.4475, recall=0.5858, precision=0.6169
2026-03-14 15:55:22 | INFO | Validation — loss=0.0361, acc=0.9842, f1=0.9817, recall=0.9789, precision=0.9846
2026-03-14 15:55:22 | INFO | [Epoch 014] total_loss=0.008895, Lr0=0.000095Lr1=0.000946, time=0.55s
2026-03-14 15:55:22 | INFO | [Epoch 028] total_loss=0.008249, Lr0=0.000081Lr1=0.000807, time=0.56s
2026-03-14 15:55:23 | INFO | Validation — loss=2.0697, acc=0.4419, f1=0.4277, recall=0.5908, precision=0.6519
2026-03-14 15:55:23 | INFO | Validation — loss=0.0446, acc=0.9866, f1=0.9847, recall=0.9878, precision=0.9818
2026-03-14 15:55:23 | INFO | [Epoch 015] total_loss=0.010120, Lr0=0.000094Lr1=0.000938, time=0.55s
2026-03-14 15:55:23 | INFO | [Epoch 029] total_loss=0.003676, Lr0=0.000080Lr1=0.000794, time=0.52s
2026-03-14 15:55:24 | INFO | Validation — loss=0.0832, acc=0.9706, f1=0.9662, recall=0.9669, precision=0.9655
2026-03-14 15:55:25 | INFO | Validation — loss=1.8010, acc=0.4592, f1=0.4539, recall=0.5841, precision=0.6082
2026-03-14 15:55:25 | INFO | [Epoch 030] total_loss=0.004956, Lr0=0.000078Lr1=0.000781, time=0.55s
2026-03-14 15:55:25 | INFO | [Epoch 016] total_loss=0.007291, Lr0=0.000093Lr1=0.000930, time=0.57s
2026-03-14 15:55:26 | INFO | Validation — loss=0.0220, acc=0.9918, f1=0.9905, recall=0.9889, precision=0.9921
2026-03-14 15:55:26 | INFO | [Epoch 031] total_loss=0.002600, Lr0=0.000077Lr1=0.000768, time=0.55s
2026-03-14 15:55:26 | INFO | Validation — loss=3.0079, acc=0.3387, f1=0.2845, recall=0.5229, precision=0.6585
2026-03-14 15:55:27 | INFO | [Epoch 017] total_loss=0.008605, Lr0=0.000092Lr1=0.000922, time=0.54s
2026-03-14 15:55:27 | INFO | Validation — loss=0.0318, acc=0.9878, f1=0.9858, recall=0.9818, precision=0.99
2026-03-14 15:55:28 | INFO | [Epoch 032] total_loss=0.001621, Lr0=0.000076Lr1=0.000755, time=0.57s
2026-03-14 15:55:28 | INFO | Validation — loss=2.0786, acc=0.4508, f1=0.4402, recall=0.592, precision=0.6389
2026-03-14 15:55:28 | INFO | Validation — loss=0.0388, acc=0.9833, f1=0.9806, recall=0.9784, precision=0.983
2026-03-14 15:55:29 | INFO | [Epoch 018] total_loss=0.017204, Lr0=0.000091Lr1=0.000914, time=0.57s
2026-03-14 15:55:29 | INFO | [Epoch 033] total_loss=0.001752, Lr0=0.000074Lr1=0.000741, time=0.57s
2026-03-14 15:55:30 | INFO | Validation — loss=0.0497, acc=0.98, f1=0.9767, recall=0.9735, precision=0.9801
2026-03-14 15:55:30 | INFO | Validation — loss=2.3138, acc=0.3825, f1=0.3498, recall=0.5512, precision=0.6434
2026-03-14 15:55:30 | INFO | [Epoch 034] total_loss=0.000778, Lr0=0.000073Lr1=0.000727, time=0.56s
2026-03-14 15:55:30 | INFO | [Epoch 019] total_loss=0.008568, Lr0=0.000091Lr1=0.000905, time=0.54s
2026-03-14 15:55:31 | INFO | Validation — loss=0.0501, acc=0.9804, f1=0.9772, recall=0.9733, precision=0.9814
2026-03-14 15:55:32 | INFO | Validation — loss=4.7368, acc=0.3072, f1=0.2352, recall=0.5002, precision=0.6535
2026-03-14 15:55:32 | INFO | [Epoch 035] total_loss=0.000957, Lr0=0.000072Lr1=0.000713, time=0.55s
2026-03-14 15:55:32 | INFO | [Epoch 020] total_loss=0.009119, Lr0=0.000090Lr1=0.000895, time=0.58s
2026-03-14 15:55:33 | INFO | Validation — loss=0.0377, acc=0.9835, f1=0.9809, recall=0.978, precision=0.9839
2026-03-14 15:55:33 | INFO | [Epoch 036] total_loss=0.000656, Lr0=0.000070Lr1=0.000699, time=0.51s
2026-03-14 15:55:34 | INFO | Validation — loss=1.9259, acc=0.4521, f1=0.4415, recall=0.594, precision=0.6426
2026-03-14 15:55:34 | INFO | Validation — loss=0.0335, acc=0.986, f1=0.9838, recall=0.982, precision=0.9855
2026-03-14 15:55:34 | INFO | [Epoch 021] total_loss=0.007626, Lr0=0.000089Lr1=0.000885, time=0.59s
2026-03-14 15:55:34 | INFO | [Epoch 037] total_loss=0.000680, Lr0=0.000069Lr1=0.000684, time=0.56s
2026-03-14 15:55:35 | INFO | Validation — loss=0.0354, acc=0.9849, f1=0.9825, recall=0.9818, precision=0.9832
2026-03-14 15:55:35 | INFO | Validation — loss=2.4977, acc=0.4235, f1=0.4056, recall=0.5767, precision=0.6416
2026-03-14 15:55:36 | INFO | [Epoch 038] total_loss=0.000557, Lr0=0.000067Lr1=0.000670, time=0.54s
2026-03-14 15:55:36 | INFO | [Epoch 022] total_loss=0.005435, Lr0=0.000088Lr1=0.000875, time=0.56s
2026-03-14 15:55:37 | INFO | Validation — loss=0.0345, acc=0.9851, f1=0.9828, recall=0.9819, precision=0.9836
2026-03-14 15:55:37 | INFO | Validation — loss=2.2693, acc=0.4426, f1=0.4341, recall=0.5756, precision=0.6069
2026-03-14 15:55:37 | INFO | [Epoch 039] total_loss=0.000764, Lr0=0.000066Lr1=0.000655, time=0.55s
2026-03-14 15:55:38 | INFO | [Epoch 023] total_loss=0.002975, Lr0=0.000087Lr1=0.000865, time=0.55s
2026-03-14 15:55:38 | INFO | Validation — loss=0.0365, acc=0.9849, f1=0.9825, recall=0.982, precision=0.9831
2026-03-14 15:55:39 | INFO | [Epoch 040] total_loss=0.001306, Lr0=0.000064Lr1=0.000640, time=0.57s
2026-03-14 15:55:39 | INFO | Validation — loss=2.8674, acc=0.3795, f1=0.3445, recall=0.5509, precision=0.6547
2026-03-14 15:55:39 | INFO | Validation — loss=0.0314, acc=0.9866, f1=0.9846, recall=0.9846, precision=0.9846
2026-03-14 15:55:39 | INFO | [Epoch 024] total_loss=0.004710, Lr0=0.000086Lr1=0.000854, time=0.57s
2026-03-14 15:55:40 | INFO | [Epoch 041] total_loss=0.001008, Lr0=0.000063Lr1=0.000625, time=0.55s
2026-03-14 15:55:41 | INFO | Validation — loss=0.0296, acc=0.9878, f1=0.9858, recall=0.9835, precision=0.9882
2026-03-14 15:55:41 | INFO | Validation — loss=1.0306, acc=0.6615, f1=0.6281, recall=0.6413, precision=0.626
2026-03-14 15:55:41 | INFO | Best model logged 0.6281
2026-03-14 15:55:41 | INFO | [Epoch 042] total_loss=0.001088, Lr0=0.000061Lr1=0.000609, time=0.57s
2026-03-14 15:55:41 | INFO | [Epoch 025] total_loss=0.004089, Lr0=0.000084Lr1=0.000842, time=0.54s
2026-03-14 15:55:42 | INFO | Validation — loss=0.0312, acc=0.9862, f1=0.984, recall=0.9826, precision=0.9855
2026-03-14 15:55:43 | INFO | Validation — loss=1.3290, acc=0.5887, f1=0.5725, recall=0.6034, precision=0.588
2026-03-14 15:55:43 | INFO | [Epoch 043] total_loss=0.000754, Lr0=0.000060Lr1=0.000594, time=0.55s
2026-03-14 15:55:43 | INFO | [Epoch 026] total_loss=0.002326, Lr0=0.000083Lr1=0.000831, time=0.58s
2026-03-14 15:55:44 | INFO | Validation — loss=0.0286, acc=0.9873, f1=0.9854, recall=0.9851, precision=0.9856
2026-03-14 15:55:44 | INFO | [Epoch 044] total_loss=0.000565, Lr0=0.000058Lr1=0.000579, time=0.55s
2026-03-14 15:55:44 | INFO | Validation — loss=1.8141, acc=0.5145, f1=0.5142, recall=0.5938, precision=0.5901
2026-03-14 15:55:45 | INFO | Validation — loss=0.0268, acc=0.9887, f1=0.9869, recall=0.9857, precision=0.9881
2026-03-14 15:55:45 | INFO | [Epoch 027] total_loss=0.001022, Lr0=0.000082Lr1=0.000819, time=0.59s
2026-03-14 15:55:45 | INFO | [Epoch 045] total_loss=0.000429, Lr0=0.000057Lr1=0.000563, time=0.52s
2026-03-14 15:55:46 | INFO | Validation — loss=0.0283, acc=0.9891, f1=0.9874, recall=0.9854, precision=0.9894
2026-03-14 15:55:46 | INFO | Validation — loss=1.9833, acc=0.5025, f1=0.5025, recall=0.5919, precision=0.5924
2026-03-14 15:55:47 | INFO | [Epoch 046] total_loss=0.000512, Lr0=0.000055Lr1=0.000548, time=0.54s
2026-03-14 15:55:47 | INFO | [Epoch 028] total_loss=0.001026, Lr0=0.000081Lr1=0.000807, time=0.55s
2026-03-14 15:55:48 | INFO | Validation — loss=0.0283, acc=0.9889, f1=0.9871, recall=0.9855, precision=0.9888
2026-03-14 15:55:48 | INFO | Early stopping at epoch 46. Best: 0.992800
2026-03-14 15:55:48 | INFO | Training complete.
2026-03-14 15:55:48 | INFO | Best checkpoint: ./save/cnn_overlap_new/contrastive_SWELLDataset/finetuned_best_6.pt
2026-03-14 15:55:48 | INFO | Validation — loss=2.4047, acc=0.461, f1=0.455, recall=0.5893, precision=0.6178
2026-03-14 15:55:49 | INFO | [Epoch 029] total_loss=0.001976, Lr0=0.000080Lr1=0.000794, time=0.54s
2026-03-14 15:55:50 | INFO | Validation — loss=2.2692, acc=0.4533, f1=0.4448, recall=0.5887, precision=0.6259
2026-03-14 15:55:50 | INFO | [Epoch 030] total_loss=0.000775, Lr0=0.000078Lr1=0.000781, time=0.59s
2026-03-14 15:55:52 | INFO | Validation — loss=1.7629, acc=0.5197, f1=0.5197, recall=0.6047, precision=0.6023
2026-03-14 15:55:52 | INFO | [Epoch 031] total_loss=0.000544, Lr0=0.000077Lr1=0.000768, time=0.55s
2026-03-14 15:55:53 | INFO | Validation — loss=1.6135, acc=0.5447, f1=0.5415, recall=0.6026, precision=0.5917
2026-03-14 15:55:54 | INFO | [Epoch 032] total_loss=0.000721, Lr0=0.000076Lr1=0.000755, time=0.56s
2026-03-14 15:55:55 | INFO | Validation — loss=1.6060, acc=0.5529, f1=0.5482, recall=0.6037, precision=0.5913
2026-03-14 15:55:56 | INFO | [Epoch 033] total_loss=0.001627, Lr0=0.000074Lr1=0.000741, time=0.57s
2026-03-14 15:55:57 | INFO | Validation — loss=2.3297, acc=0.4753, f1=0.47, recall=0.6039, precision=0.6347
2026-03-14 15:55:58 | INFO | [Epoch 034] total_loss=0.000495, Lr0=0.000073Lr1=0.000727, time=0.55s
2026-03-14 15:55:58 | INFO | Model forward EncoderClassifierModel(
  (encoder): CNNEncoder(
    (cnn_layers): Sequential(
      (0): Conv1d(1, 32, kernel_size=(10,), stride=(1,))
      (1): BatchNorm1d(32, eps=1e-05, momentum=0.1, affine=True, track_running_stats=True)
      (2): ReLU()
      (3): MaxPool1d(kernel_size=2, stride=2, padding=0, dilation=1, ceil_mode=False)
      (4): Dropout(p=0.0, inplace=False)
      (5): Conv1d(32, 64, kernel_size=(10,), stride=(1,))
      (6): BatchNorm1d(64, eps=1e-05, momentum=0.1, affine=True, track_running_stats=True)
      (7): ReLU()
      (8): MaxPool1d(kernel_size=2, stride=2, padding=0, dilation=1, ceil_mode=False)
      (9): Dropout(p=0.0, inplace=False)
      (10): Conv1d(64, 128, kernel_size=(10,), stride=(1,))
      (11): BatchNorm1d(128, eps=1e-05, momentum=0.1, affine=True, track_running_stats=True)
      (12): ReLU()
      (13): MaxPool1d(kernel_size=2, stride=2, padding=0, dilation=1, ceil_mode=False)
      (14): Dropout(p=0.0, inplace=False)
      (15): Conv1d(128, 256, kernel_size=(10,), stride=(1,))
      (16): BatchNorm1d(256, eps=1e-05, momentum=0.1, affine=True, track_running_stats=True)
      (17): ReLU()
      (18): MaxPool1d(kernel_size=2, stride=2, padding=0, dilation=1, ceil_mode=False)
      (19): Dropout(p=0.0, inplace=False)
    )
    (linear_layer): Sequential(
      (0): Linear(in_features=18176, out_features=64, bias=True)
      (1): ReLU()
    )
  )
  (classifier): Linear(in_features=64, out_features=1, bias=True)
  (loss_fn): BCEWithLogitsLoss()
)
2026-03-14 15:55:59 | INFO | [Epoch 000] total_loss=0.626444, Lr0=0.000100Lr1=0.001000, time=0.54s
2026-03-14 15:55:59 | INFO | Validation — loss=2.1054, acc=0.5088, f1=0.5077, recall=0.6197, precision=0.6327
2026-03-14 15:55:59 | INFO | Validation — loss=0.6239, acc=0.6975, f1=0.4109, recall=0.5, precision=0.3488
2026-03-14 15:55:59 | INFO | Best model logged 0.4109
2026-03-14 15:55:59 | INFO | [Epoch 035] total_loss=0.000600, Lr0=0.000072Lr1=0.000713, time=0.55s
2026-03-14 15:56:00 | INFO | [Epoch 001] total_loss=0.433945, Lr0=0.000100Lr1=0.000999, time=0.56s
2026-03-14 15:56:01 | INFO | Validation — loss=1.8941, acc=0.5311, f1=0.531, recall=0.617, precision=0.6139
2026-03-14 15:56:01 | INFO | Validation — loss=0.7260, acc=0.6975, f1=0.4109, recall=0.5, precision=0.3488
2026-03-14 15:56:01 | INFO | [Epoch 036] total_loss=0.001889, Lr0=0.000070Lr1=0.000699, time=0.56s
2026-03-14 15:56:01 | INFO | [Epoch 002] total_loss=0.259755, Lr0=0.000100Lr1=0.000998, time=0.55s
2026-03-14 15:56:02 | INFO | Validation — loss=1.4091, acc=0.6975, f1=0.4109, recall=0.5, precision=0.3488
2026-03-14 15:56:02 | INFO | Validation — loss=1.6189, acc=0.561, f1=0.5574, recall=0.618, precision=0.6048
2026-03-14 15:56:03 | INFO | [Epoch 003] total_loss=0.161889, Lr0=0.000100Lr1=0.000996, time=0.57s
2026-03-14 15:56:03 | INFO | [Epoch 037] total_loss=0.000389, Lr0=0.000069Lr1=0.000684, time=0.56s
2026-03-14 15:56:04 | INFO | Validation — loss=1.8055, acc=0.6975, f1=0.4109, recall=0.5, precision=0.3488
2026-03-14 15:56:04 | INFO | [Epoch 004] total_loss=0.114387, Lr0=0.000099Lr1=0.000994, time=0.53s
2026-03-14 15:56:04 | INFO | Validation — loss=2.5872, acc=0.4308, f1=0.4138, recall=0.5836, precision=0.6508
2026-03-14 15:56:05 | INFO | [Epoch 038] total_loss=0.000664, Lr0=0.000067Lr1=0.000670, time=0.55s
2026-03-14 15:56:05 | INFO | Validation — loss=3.1402, acc=0.6975, f1=0.4109, recall=0.5, precision=0.3488
2026-03-14 15:56:05 | INFO | [Epoch 005] total_loss=0.095393, Lr0=0.000099Lr1=0.000991, time=0.56s
2026-03-14 15:56:06 | INFO | Validation — loss=2.8160, acc=0.4158, f1=0.3944, recall=0.574, precision=0.6504
2026-03-14 15:56:06 | INFO | Validation — loss=1.5049, acc=0.6975, f1=0.4109, recall=0.5, precision=0.3488
2026-03-14 15:56:07 | INFO | [Epoch 039] total_loss=0.000459, Lr0=0.000066Lr1=0.000655, time=0.54s
2026-03-14 15:56:07 | INFO | [Epoch 006] total_loss=0.077850, Lr0=0.000099Lr1=0.000988, time=0.55s
2026-03-14 15:56:08 | INFO | Validation — loss=2.2112, acc=0.6975, f1=0.4109, recall=0.5, precision=0.3488
2026-03-14 15:56:08 | INFO | Validation — loss=2.5684, acc=0.4444, f1=0.4334, recall=0.5856, precision=0.6306
2026-03-14 15:56:08 | INFO | [Epoch 007] total_loss=0.042574, Lr0=0.000098Lr1=0.000984, time=0.52s
2026-03-14 15:56:08 | INFO | [Epoch 040] total_loss=0.000431, Lr0=0.000064Lr1=0.000640, time=0.60s
2026-03-14 15:56:09 | INFO | Validation — loss=1.8195, acc=0.6975, f1=0.4109, recall=0.5, precision=0.3488
2026-03-14 15:56:09 | INFO | [Epoch 008] total_loss=0.057832, Lr0=0.000098Lr1=0.000980, time=0.55s
2026-03-14 15:56:10 | INFO | Validation — loss=2.2029, acc=0.4893, f1=0.4869, recall=0.6063, precision=0.6246
2026-03-14 15:56:10 | INFO | [Epoch 041] total_loss=0.000398, Lr0=0.000063Lr1=0.000625, time=0.56s
2026-03-14 15:56:10 | INFO | Validation — loss=1.1685, acc=0.6975, f1=0.4109, recall=0.5, precision=0.3488
2026-03-14 15:56:11 | INFO | [Epoch 009] total_loss=0.031515, Lr0=0.000098Lr1=0.000976, time=0.56s
2026-03-14 15:56:11 | INFO | Validation — loss=1.9984, acc=0.5197, f1=0.5196, recall=0.6175, precision=0.6208
2026-03-14 15:56:12 | INFO | Validation — loss=0.0510, acc=0.9813, f1=0.9774, recall=0.9691, precision=0.9869
2026-03-14 15:56:12 | INFO | Best model logged 0.9774
2026-03-14 15:56:12 | INFO | [Epoch 042] total_loss=0.000320, Lr0=0.000061Lr1=0.000609, time=0.56s
2026-03-14 15:56:12 | INFO | [Epoch 010] total_loss=0.033477, Lr0=0.000097Lr1=0.000970, time=0.52s
2026-03-14 15:56:13 | INFO | Validation — loss=0.0016, acc=1.0, f1=1.0, recall=1.0, precision=1.0
2026-03-14 15:56:13 | INFO | Best model logged 1.0
2026-03-14 15:56:13 | INFO | Validation — loss=1.9582, acc=0.5284, f1=0.5284, recall=0.6216, precision=0.622
2026-03-14 15:56:14 | INFO | [Epoch 011] total_loss=0.040386, Lr0=0.000097Lr1=0.000965, time=0.55s
2026-03-14 15:56:14 | INFO | [Epoch 043] total_loss=0.000549, Lr0=0.000060Lr1=0.000594, time=0.56s
2026-03-14 15:56:15 | INFO | Validation — loss=0.0206, acc=0.9925, f1=0.9911, recall=0.9946, precision=0.9879
2026-03-14 15:56:15 | INFO | Validation — loss=2.0291, acc=0.524, f1=0.5239, recall=0.6227, precision=0.6262
2026-03-14 15:56:15 | INFO | [Epoch 012] total_loss=0.051249, Lr0=0.000096Lr1=0.000959, time=0.57s
2026-03-14 15:56:16 | INFO | [Epoch 044] total_loss=0.000273, Lr0=0.000058Lr1=0.000579, time=0.56s
2026-03-14 15:56:16 | INFO | Validation — loss=0.2655, acc=0.9115, f1=0.9023, recall=0.9366, precision=0.8868
2026-03-14 15:56:16 | INFO | [Epoch 013] total_loss=0.023146, Lr0=0.000095Lr1=0.000952, time=0.54s
2026-03-14 15:56:17 | INFO | Validation — loss=2.1229, acc=0.5125, f1=0.5118, recall=0.6188, precision=0.6281
2026-03-14 15:56:17 | INFO | Early stopping at epoch 44. Best: 0.628100
2026-03-14 15:56:17 | INFO | Training complete.
2026-03-14 15:56:17 | INFO | Best checkpoint: ./save/cnn_overlap_new/contrastive_SWELLDataset/finetuned_best_4.pt
2026-03-14 15:56:17 | INFO | Validation — loss=0.7621, acc=0.8146, f1=0.806, recall=0.8671, precision=0.81
2026-03-14 15:56:18 | INFO | [Epoch 014] total_loss=0.011312, Lr0=0.000095Lr1=0.000946, time=0.52s
2026-03-14 15:56:19 | INFO | Validation — loss=0.2195, acc=0.9247, f1=0.9162, recall=0.946, precision=0.9004
2026-03-14 15:56:19 | INFO | [Epoch 015] total_loss=0.021114, Lr0=0.000094Lr1=0.000938, time=0.55s
2026-03-14 15:56:20 | INFO | Validation — loss=0.3856, acc=0.8727, f1=0.8629, recall=0.9088, precision=0.8519
2026-03-14 15:56:20 | INFO | [Epoch 016] total_loss=0.014931, Lr0=0.000093Lr1=0.000930, time=0.51s
2026-03-14 15:56:21 | INFO | Validation — loss=0.1966, acc=0.9475, f1=0.9406, recall=0.9624, precision=0.9261
2026-03-14 15:56:22 | INFO | [Epoch 017] total_loss=0.008117, Lr0=0.000092Lr1=0.000922, time=0.54s
2026-03-14 15:56:23 | INFO | Validation — loss=0.8850, acc=0.8365, f1=0.8272, recall=0.8828, precision=0.8245
2026-03-14 15:56:23 | INFO | [Epoch 018] total_loss=0.006411, Lr0=0.000091Lr1=0.000914, time=0.51s
2026-03-14 15:56:24 | INFO | Validation — loss=0.6015, acc=0.8444, f1=0.835, recall=0.8885, precision=0.8302
2026-03-14 15:56:24 | INFO | [Epoch 019] total_loss=0.004226, Lr0=0.000091Lr1=0.000905, time=0.56s
2026-03-14 15:56:25 | INFO | Validation — loss=0.1626, acc=0.9665, f1=0.9614, recall=0.976, precision=0.9501
2026-03-14 15:56:26 | INFO | [Epoch 020] total_loss=0.003477, Lr0=0.000090Lr1=0.000895, time=0.56s
2026-03-14 15:56:27 | INFO | Validation — loss=0.2318, acc=0.938, f1=0.9302, recall=0.9555, precision=0.9149
2026-03-14 15:56:27 | INFO | [Epoch 021] total_loss=0.002270, Lr0=0.000089Lr1=0.000885, time=0.51s
2026-03-14 15:56:28 | INFO | Model forward EncoderClassifierModel(
  (encoder): CNNEncoder(
    (cnn_layers): Sequential(
      (0): Conv1d(1, 32, kernel_size=(10,), stride=(1,))
      (1): BatchNorm1d(32, eps=1e-05, momentum=0.1, affine=True, track_running_stats=True)
      (2): ReLU()
      (3): MaxPool1d(kernel_size=2, stride=2, padding=0, dilation=1, ceil_mode=False)
      (4): Dropout(p=0.0, inplace=False)
      (5): Conv1d(32, 64, kernel_size=(10,), stride=(1,))
      (6): BatchNorm1d(64, eps=1e-05, momentum=0.1, affine=True, track_running_stats=True)
      (7): ReLU()
      (8): MaxPool1d(kernel_size=2, stride=2, padding=0, dilation=1, ceil_mode=False)
      (9): Dropout(p=0.0, inplace=False)
      (10): Conv1d(64, 128, kernel_size=(10,), stride=(1,))
      (11): BatchNorm1d(128, eps=1e-05, momentum=0.1, affine=True, track_running_stats=True)
      (12): ReLU()
      (13): MaxPool1d(kernel_size=2, stride=2, padding=0, dilation=1, ceil_mode=False)
      (14): Dropout(p=0.0, inplace=False)
      (15): Conv1d(128, 256, kernel_size=(10,), stride=(1,))
      (16): BatchNorm1d(256, eps=1e-05, momentum=0.1, affine=True, track_running_stats=True)
      (17): ReLU()
      (18): MaxPool1d(kernel_size=2, stride=2, padding=0, dilation=1, ceil_mode=False)
      (19): Dropout(p=0.0, inplace=False)
    )
    (linear_layer): Sequential(
      (0): Linear(in_features=18176, out_features=64, bias=True)
      (1): ReLU()
    )
  )
  (classifier): Linear(in_features=64, out_features=1, bias=True)
  (loss_fn): BCEWithLogitsLoss()
)
2026-03-14 15:56:28 | INFO | Validation — loss=0.5092, acc=0.8698, f1=0.8599, recall=0.9066, precision=0.8495
2026-03-14 15:56:28 | INFO | [Epoch 000] total_loss=0.608679, Lr0=0.000100Lr1=0.001000, time=0.55s
2026-03-14 15:56:28 | INFO | [Epoch 022] total_loss=0.001829, Lr0=0.000088Lr1=0.000875, time=0.54s
2026-03-14 15:56:29 | INFO | Validation — loss=0.4459, acc=0.8887, f1=0.8789, recall=0.9202, precision=0.8655
2026-03-14 15:56:30 | INFO | Validation — loss=0.6141, acc=0.7106, f1=0.4154, recall=0.5, precision=0.3553
2026-03-14 15:56:30 | INFO | Best model logged 0.4154
2026-03-14 15:56:30 | INFO | [Epoch 023] total_loss=0.001623, Lr0=0.000087Lr1=0.000865, time=0.56s
2026-03-14 15:56:30 | INFO | [Epoch 001] total_loss=0.389179, Lr0=0.000100Lr1=0.000999, time=0.58s
2026-03-14 15:56:31 | INFO | Validation — loss=0.4640, acc=0.8857, f1=0.8759, recall=0.9181, precision=0.8629
2026-03-14 15:56:31 | INFO | [Epoch 024] total_loss=0.001291, Lr0=0.000086Lr1=0.000854, time=0.54s
2026-03-14 15:56:31 | INFO | Validation — loss=1.5213, acc=0.7106, f1=0.4154, recall=0.5, precision=0.3553
2026-03-14 15:56:32 | INFO | [Epoch 002] total_loss=0.218340, Lr0=0.000100Lr1=0.000998, time=0.56s
2026-03-14 15:56:32 | INFO | Validation — loss=0.3570, acc=0.9094, f1=0.9002, recall=0.9351, precision=0.8848
2026-03-14 15:56:33 | INFO | [Epoch 025] total_loss=0.001208, Lr0=0.000084Lr1=0.000842, time=0.55s
2026-03-14 15:56:33 | INFO | Validation — loss=3.0012, acc=0.7106, f1=0.4154, recall=0.5, precision=0.3553
2026-03-14 15:56:33 | INFO | Validation — loss=0.3439, acc=0.9129, f1=0.9037, recall=0.9375, precision=0.8882
2026-03-14 15:56:34 | INFO | [Epoch 003] total_loss=0.123122, Lr0=0.000100Lr1=0.000996, time=0.56s
2026-03-14 15:56:34 | INFO | [Epoch 026] total_loss=0.001393, Lr0=0.000083Lr1=0.000831, time=0.51s
2026-03-14 15:56:35 | INFO | Validation — loss=0.6433, acc=0.8579, f1=0.8482, recall=0.8981, precision=0.8402
2026-03-14 15:56:35 | INFO | Validation — loss=2.7351, acc=0.7106, f1=0.4154, recall=0.5, precision=0.3553
2026-03-14 15:56:35 | INFO | [Epoch 027] total_loss=0.002366, Lr0=0.000082Lr1=0.000819, time=0.52s
2026-03-14 15:56:35 | INFO | [Epoch 004] total_loss=0.122107, Lr0=0.000099Lr1=0.000994, time=0.54s
2026-03-14 15:56:36 | INFO | Validation — loss=0.5968, acc=0.8604, f1=0.8507, recall=0.8999, precision=0.8421
2026-03-14 15:56:37 | INFO | [Epoch 028] total_loss=0.000765, Lr0=0.000081Lr1=0.000807, time=0.54s
2026-03-14 15:56:37 | INFO | Validation — loss=1.4712, acc=0.7106, f1=0.4154, recall=0.5, precision=0.3553
2026-03-14 15:56:37 | INFO | [Epoch 005] total_loss=0.081278, Lr0=0.000099Lr1=0.000991, time=0.57s
2026-03-14 15:56:37 | INFO | Validation — loss=0.4499, acc=0.8923, f1=0.8826, recall=0.9228, precision=0.8687
2026-03-14 15:56:38 | INFO | [Epoch 029] total_loss=0.001796, Lr0=0.000080Lr1=0.000794, time=0.57s
2026-03-14 15:56:38 | INFO | Validation — loss=2.2660, acc=0.7106, f1=0.4154, recall=0.5, precision=0.3553
2026-03-14 15:56:39 | INFO | Validation — loss=0.8015, acc=0.8232, f1=0.8144, recall=0.8733, precision=0.8156
2026-03-14 15:56:39 | INFO | [Epoch 006] total_loss=0.062612, Lr0=0.000099Lr1=0.000988, time=0.57s
2026-03-14 15:56:39 | INFO | [Epoch 030] total_loss=0.001127, Lr0=0.000078Lr1=0.000781, time=0.55s
2026-03-14 15:56:40 | INFO | Validation — loss=0.5384, acc=0.8764, f1=0.8665, recall=0.9114, precision=0.8549
2026-03-14 15:56:40 | INFO | Early stopping at epoch 30. Best: 1.000000
2026-03-14 15:56:40 | INFO | Training complete.
2026-03-14 15:56:40 | INFO | Best checkpoint: ./save/cnn_overlap_new/contrastive_SWELLDataset/finetuned_best_7.pt
2026-03-14 15:56:40 | INFO | Validation — loss=3.8122, acc=0.7106, f1=0.4154, recall=0.5, precision=0.3553
2026-03-14 15:56:41 | INFO | [Epoch 007] total_loss=0.055277, Lr0=0.000098Lr1=0.000984, time=0.56s
2026-03-14 15:56:42 | INFO | Validation — loss=2.1815, acc=0.7106, f1=0.4154, recall=0.5, precision=0.3553
2026-03-14 15:56:43 | INFO | [Epoch 008] total_loss=0.035978, Lr0=0.000098Lr1=0.000980, time=0.55s
2026-03-14 15:56:44 | INFO | Validation — loss=2.5034, acc=0.7106, f1=0.4154, recall=0.5, precision=0.3553
2026-03-14 15:56:44 | INFO | [Epoch 009] total_loss=0.036867, Lr0=0.000098Lr1=0.000976, time=0.58s
2026-03-14 15:56:46 | INFO | Validation — loss=2.7762, acc=0.7106, f1=0.4154, recall=0.5, precision=0.3553
2026-03-14 15:56:46 | INFO | [Epoch 010] total_loss=0.022388, Lr0=0.000097Lr1=0.000970, time=0.56s
2026-03-14 15:56:47 | INFO | Validation — loss=3.1732, acc=0.7106, f1=0.4154, recall=0.5, precision=0.3553
2026-03-14 15:56:48 | INFO | [Epoch 011] total_loss=0.012518, Lr0=0.000097Lr1=0.000965, time=0.55s
2026-03-14 15:56:49 | INFO | Validation — loss=3.0741, acc=0.7106, f1=0.4154, recall=0.5, precision=0.3553
2026-03-14 15:56:50 | INFO | [Epoch 012] total_loss=0.008276, Lr0=0.000096Lr1=0.000959, time=0.56s
2026-03-14 15:56:51 | INFO | Model forward EncoderClassifierModel(
  (encoder): CNNEncoder(
    (cnn_layers): Sequential(
      (0): Conv1d(1, 32, kernel_size=(10,), stride=(1,))
      (1): BatchNorm1d(32, eps=1e-05, momentum=0.1, affine=True, track_running_stats=True)
      (2): ReLU()
      (3): MaxPool1d(kernel_size=2, stride=2, padding=0, dilation=1, ceil_mode=False)
      (4): Dropout(p=0.0, inplace=False)
      (5): Conv1d(32, 64, kernel_size=(10,), stride=(1,))
      (6): BatchNorm1d(64, eps=1e-05, momentum=0.1, affine=True, track_running_stats=True)
      (7): ReLU()
      (8): MaxPool1d(kernel_size=2, stride=2, padding=0, dilation=1, ceil_mode=False)
      (9): Dropout(p=0.0, inplace=False)
      (10): Conv1d(64, 128, kernel_size=(10,), stride=(1,))
      (11): BatchNorm1d(128, eps=1e-05, momentum=0.1, affine=True, track_running_stats=True)
      (12): ReLU()
      (13): MaxPool1d(kernel_size=2, stride=2, padding=0, dilation=1, ceil_mode=False)
      (14): Dropout(p=0.0, inplace=False)
      (15): Conv1d(128, 256, kernel_size=(10,), stride=(1,))
      (16): BatchNorm1d(256, eps=1e-05, momentum=0.1, affine=True, track_running_stats=True)
      (17): ReLU()
      (18): MaxPool1d(kernel_size=2, stride=2, padding=0, dilation=1, ceil_mode=False)
      (19): Dropout(p=0.0, inplace=False)
    )
    (linear_layer): Sequential(
      (0): Linear(in_features=18176, out_features=64, bias=True)
      (1): ReLU()
    )
  )
  (classifier): Linear(in_features=64, out_features=1, bias=True)
  (loss_fn): BCEWithLogitsLoss()
)
2026-03-14 15:56:51 | INFO | Validation — loss=2.6969, acc=0.7106, f1=0.4154, recall=0.5, precision=0.3553
2026-03-14 15:56:51 | INFO | [Epoch 000] total_loss=0.604303, Lr0=0.000100Lr1=0.001000, time=0.52s
2026-03-14 15:56:51 | INFO | [Epoch 013] total_loss=0.006427, Lr0=0.000095Lr1=0.000952, time=0.56s
2026-03-14 15:56:52 | INFO | Validation — loss=0.6228, acc=0.7036, f1=0.413, recall=0.5, precision=0.3518
2026-03-14 15:56:52 | INFO | Best model logged 0.413
2026-03-14 15:56:53 | INFO | Validation — loss=2.0799, acc=0.7106, f1=0.4154, recall=0.5, precision=0.3553
2026-03-14 15:56:53 | INFO | [Epoch 001] total_loss=0.416630, Lr0=0.000100Lr1=0.000999, time=0.55s
2026-03-14 15:56:53 | INFO | [Epoch 014] total_loss=0.006941, Lr0=0.000095Lr1=0.000946, time=0.55s
2026-03-14 15:56:53 | INFO | Validation — loss=0.7776, acc=0.7036, f1=0.413, recall=0.5, precision=0.3518
2026-03-14 15:56:54 | INFO | [Epoch 002] total_loss=0.272229, Lr0=0.000100Lr1=0.000998, time=0.53s
2026-03-14 15:56:54 | INFO | Validation — loss=2.5504, acc=0.7106, f1=0.4154, recall=0.5, precision=0.3553
2026-03-14 15:56:55 | INFO | Validation — loss=2.1206, acc=0.7036, f1=0.413, recall=0.5, precision=0.3518
2026-03-14 15:56:55 | INFO | [Epoch 015] total_loss=0.004416, Lr0=0.000094Lr1=0.000938, time=0.53s
2026-03-14 15:56:55 | INFO | [Epoch 003] total_loss=0.175474, Lr0=0.000100Lr1=0.000996, time=0.53s
2026-03-14 15:56:56 | INFO | Validation — loss=2.2295, acc=0.7106, f1=0.4154, recall=0.5, precision=0.3553
2026-03-14 15:56:56 | INFO | Validation — loss=2.3884, acc=0.7036, f1=0.413, recall=0.5, precision=0.3518
2026-03-14 15:56:57 | INFO | [Epoch 016] total_loss=0.002134, Lr0=0.000093Lr1=0.000930, time=0.55s
2026-03-14 15:56:57 | INFO | [Epoch 004] total_loss=0.165327, Lr0=0.000099Lr1=0.000994, time=0.52s
2026-03-14 15:56:57 | INFO | Validation — loss=3.8796, acc=0.7036, f1=0.413, recall=0.5, precision=0.3518
2026-03-14 15:56:58 | INFO | Validation — loss=2.3861, acc=0.7106, f1=0.4154, recall=0.5, precision=0.3553
2026-03-14 15:56:58 | INFO | [Epoch 005] total_loss=0.162667, Lr0=0.000099Lr1=0.000991, time=0.52s
2026-03-14 15:56:58 | INFO | [Epoch 017] total_loss=0.001918, Lr0=0.000092Lr1=0.000922, time=0.58s
2026-03-14 15:56:59 | INFO | Validation — loss=3.1809, acc=0.7036, f1=0.413, recall=0.5, precision=0.3518
2026-03-14 15:56:59 | INFO | [Epoch 006] total_loss=0.116348, Lr0=0.000099Lr1=0.000988, time=0.57s
2026-03-14 15:57:00 | INFO | Validation — loss=2.6059, acc=0.7106, f1=0.4154, recall=0.5, precision=0.3553
2026-03-14 15:57:00 | INFO | [Epoch 018] total_loss=0.002207, Lr0=0.000091Lr1=0.000914, time=0.54s
2026-03-14 15:57:00 | INFO | Validation — loss=2.1104, acc=0.7036, f1=0.413, recall=0.5, precision=0.3518
2026-03-14 15:57:01 | INFO | [Epoch 007] total_loss=0.067682, Lr0=0.000098Lr1=0.000984, time=0.56s
2026-03-14 15:57:01 | INFO | Validation — loss=2.6658, acc=0.7106, f1=0.4154, recall=0.5, precision=0.3553
2026-03-14 15:57:02 | INFO | Validation — loss=1.2660, acc=0.7036, f1=0.413, recall=0.5, precision=0.3518
2026-03-14 15:57:02 | INFO | [Epoch 019] total_loss=0.002883, Lr0=0.000091Lr1=0.000905, time=0.59s
2026-03-14 15:57:02 | INFO | [Epoch 008] total_loss=0.046564, Lr0=0.000098Lr1=0.000980, time=0.57s
2026-03-14 15:57:03 | INFO | Validation — loss=1.0927, acc=0.7036, f1=0.413, recall=0.5, precision=0.3518
2026-03-14 15:57:03 | INFO | Validation — loss=2.9899, acc=0.7106, f1=0.4154, recall=0.5, precision=0.3553
2026-03-14 15:57:04 | INFO | [Epoch 009] total_loss=0.032252, Lr0=0.000098Lr1=0.000976, time=0.54s
2026-03-14 15:57:04 | INFO | [Epoch 020] total_loss=0.001864, Lr0=0.000090Lr1=0.000895, time=0.57s
2026-03-14 15:57:04 | INFO | Validation — loss=0.9173, acc=0.7259, f1=0.4886, recall=0.5377, precision=0.8598
2026-03-14 15:57:04 | INFO | Best model logged 0.4886
2026-03-14 15:57:05 | INFO | [Epoch 010] total_loss=0.020071, Lr0=0.000097Lr1=0.000970, time=0.53s
2026-03-14 15:57:05 | INFO | Validation — loss=3.0049, acc=0.7106, f1=0.4154, recall=0.5, precision=0.3553
2026-03-14 15:57:05 | INFO | Early stopping at epoch 20. Best: 0.415400
2026-03-14 15:57:05 | INFO | Training complete.
2026-03-14 15:57:05 | INFO | Best checkpoint: ./save/cnn_overlap_new/contrastive_SWELLDataset/finetuned_best_5.pt
2026-03-14 15:57:06 | INFO | Validation — loss=1.5933, acc=0.7161, f1=0.4564, recall=0.521, precision=0.8562
2026-03-14 15:57:06 | INFO | [Epoch 011] total_loss=0.022180, Lr0=0.000097Lr1=0.000965, time=0.53s
2026-03-14 15:57:07 | INFO | Validation — loss=0.8092, acc=0.7895, f1=0.6595, recall=0.6448, precision=0.8848
2026-03-14 15:57:07 | INFO | Best model logged 0.6595
2026-03-14 15:57:08 | INFO | [Epoch 012] total_loss=0.029555, Lr0=0.000096Lr1=0.000959, time=0.56s
2026-03-14 15:57:08 | INFO | Validation — loss=1.5912, acc=0.5573, f1=0.4319, recall=0.4387, precision=0.4287
2026-03-14 15:57:09 | INFO | [Epoch 013] total_loss=0.022650, Lr0=0.000095Lr1=0.000952, time=0.53s
2026-03-14 15:57:10 | INFO | Validation — loss=2.5277, acc=0.4295, f1=0.3326, recall=0.3289, precision=0.3367
2026-03-14 15:57:10 | INFO | [Epoch 014] total_loss=0.049331, Lr0=0.000095Lr1=0.000946, time=0.55s
2026-03-14 15:57:11 | INFO | Validation — loss=2.4473, acc=0.4239, f1=0.3211, recall=0.3182, precision=0.3242
2026-03-14 15:57:12 | INFO | [Epoch 015] total_loss=0.045171, Lr0=0.000094Lr1=0.000938, time=0.55s
2026-03-14 15:57:12 | INFO | Validation — loss=1.6193, acc=0.753, f1=0.5687, recall=0.5836, precision=0.8678
2026-03-14 15:57:13 | INFO | [Epoch 016] total_loss=0.027477, Lr0=0.000093Lr1=0.000930, time=0.54s
2026-03-14 15:57:14 | INFO | Validation — loss=2.2578, acc=0.7323, f1=0.5084, recall=0.5484, precision=0.8622
2026-03-14 15:57:14 | INFO | [Epoch 017] total_loss=0.041836, Lr0=0.000092Lr1=0.000922, time=0.52s
2026-03-14 15:57:15 | INFO | Validation — loss=1.4699, acc=0.7535, f1=0.5695, recall=0.5841, precision=0.8703
2026-03-14 15:57:16 | INFO | [Epoch 018] total_loss=0.015244, Lr0=0.000091Lr1=0.000914, time=0.52s
2026-03-14 15:57:16 | INFO | Model forward EncoderClassifierModel(
  (encoder): CNNEncoder(
    (cnn_layers): Sequential(
      (0): Conv1d(1, 32, kernel_size=(10,), stride=(1,))
      (1): BatchNorm1d(32, eps=1e-05, momentum=0.1, affine=True, track_running_stats=True)
      (2): ReLU()
      (3): MaxPool1d(kernel_size=2, stride=2, padding=0, dilation=1, ceil_mode=False)
      (4): Dropout(p=0.0, inplace=False)
      (5): Conv1d(32, 64, kernel_size=(10,), stride=(1,))
      (6): BatchNorm1d(64, eps=1e-05, momentum=0.1, affine=True, track_running_stats=True)
      (7): ReLU()
      (8): MaxPool1d(kernel_size=2, stride=2, padding=0, dilation=1, ceil_mode=False)
      (9): Dropout(p=0.0, inplace=False)
      (10): Conv1d(64, 128, kernel_size=(10,), stride=(1,))
      (11): BatchNorm1d(128, eps=1e-05, momentum=0.1, affine=True, track_running_stats=True)
      (12): ReLU()
      (13): MaxPool1d(kernel_size=2, stride=2, padding=0, dilation=1, ceil_mode=False)
      (14): Dropout(p=0.0, inplace=False)
      (15): Conv1d(128, 256, kernel_size=(10,), stride=(1,))
      (16): BatchNorm1d(256, eps=1e-05, momentum=0.1, affine=True, track_running_stats=True)
      (17): ReLU()
      (18): MaxPool1d(kernel_size=2, stride=2, padding=0, dilation=1, ceil_mode=False)
      (19): Dropout(p=0.0, inplace=False)
    )
    (linear_layer): Sequential(
      (0): Linear(in_features=18176, out_features=64, bias=True)
      (1): ReLU()
    )
  )
  (classifier): Linear(in_features=64, out_features=1, bias=True)
  (loss_fn): BCEWithLogitsLoss()
)
2026-03-14 15:57:16 | INFO | Validation — loss=0.9830, acc=0.7751, f1=0.6255, recall=0.6206, precision=0.8789
2026-03-14 15:57:17 | INFO | [Epoch 000] total_loss=0.628387, Lr0=0.000100Lr1=0.001000, time=0.55s
2026-03-14 15:57:17 | INFO | [Epoch 019] total_loss=0.011327, Lr0=0.000091Lr1=0.000905, time=0.54s
2026-03-14 15:57:18 | INFO | Validation — loss=1.4258, acc=0.7521, f1=0.5656, recall=0.5817, precision=0.8697
2026-03-14 15:57:18 | INFO | Validation — loss=0.6478, acc=0.6827, f1=0.4057, recall=0.5, precision=0.3413
2026-03-14 15:57:18 | INFO | Best model logged 0.4057
2026-03-14 15:57:18 | INFO | [Epoch 020] total_loss=0.006080, Lr0=0.000090Lr1=0.000895, time=0.57s
2026-03-14 15:57:19 | INFO | [Epoch 001] total_loss=0.443841, Lr0=0.000100Lr1=0.000999, time=0.57s
2026-03-14 15:57:19 | INFO | Validation — loss=1.5734, acc=0.749, f1=0.5571, recall=0.5766, precision=0.8685
2026-03-14 15:57:20 | INFO | [Epoch 021] total_loss=0.005734, Lr0=0.000089Lr1=0.000885, time=0.60s
2026-03-14 15:57:20 | INFO | Validation — loss=1.6409, acc=0.6827, f1=0.4057, recall=0.5, precision=0.3413
2026-03-14 15:57:20 | INFO | [Epoch 002] total_loss=0.275491, Lr0=0.000100Lr1=0.000998, time=0.56s
2026-03-14 15:57:20 | INFO | Validation — loss=2.1023, acc=0.7328, f1=0.5098, recall=0.5492, precision=0.8624
2026-03-14 15:57:21 | INFO | [Epoch 022] total_loss=0.004103, Lr0=0.000088Lr1=0.000875, time=0.55s
2026-03-14 15:57:22 | INFO | Validation — loss=4.4566, acc=0.6827, f1=0.4057, recall=0.5, precision=0.3413
2026-03-14 15:57:22 | INFO | Validation — loss=2.0858, acc=0.6817, f1=0.4863, recall=0.5161, precision=0.5425
2026-03-14 15:57:22 | INFO | [Epoch 003] total_loss=0.202323, Lr0=0.000100Lr1=0.000996, time=0.57s
2026-03-14 15:57:22 | INFO | [Epoch 023] total_loss=0.018437, Lr0=0.000087Lr1=0.000865, time=0.57s
2026-03-14 15:57:23 | INFO | Validation — loss=1.9065, acc=0.4133, f1=0.3606, recall=0.3553, precision=0.3758
2026-03-14 15:57:23 | INFO | Validation — loss=1.2240, acc=0.6827, f1=0.4057, recall=0.5, precision=0.3413
2026-03-14 15:57:24 | INFO | [Epoch 024] total_loss=0.028149, Lr0=0.000086Lr1=0.000854, time=0.58s
2026-03-14 15:57:24 | INFO | [Epoch 004] total_loss=0.154516, Lr0=0.000099Lr1=0.000994, time=0.62s
2026-03-14 15:57:25 | INFO | Validation — loss=2.6824, acc=0.2454, f1=0.2222, recall=0.21, precision=0.2571
2026-03-14 15:57:25 | INFO | [Epoch 025] total_loss=0.026812, Lr0=0.000084Lr1=0.000842, time=0.55s
2026-03-14 15:57:25 | INFO | Validation — loss=2.2066, acc=0.6827, f1=0.4057, recall=0.5, precision=0.3413
2026-03-14 15:57:26 | INFO | [Epoch 005] total_loss=0.094584, Lr0=0.000099Lr1=0.000991, time=0.59s
2026-03-14 15:57:26 | INFO | Validation — loss=1.9173, acc=0.5653, f1=0.4465, recall=0.4515, precision=0.4447
2026-03-14 15:57:27 | INFO | [Epoch 026] total_loss=0.019303, Lr0=0.000083Lr1=0.000831, time=0.53s
2026-03-14 15:57:27 | INFO | Validation — loss=2.8232, acc=0.6827, f1=0.4057, recall=0.5, precision=0.3413
2026-03-14 15:57:27 | INFO | Validation — loss=2.2125, acc=0.6189, f1=0.4539, recall=0.4736, precision=0.4577
2026-03-14 15:57:28 | INFO | [Epoch 006] total_loss=0.128250, Lr0=0.000099Lr1=0.000988, time=0.61s
2026-03-14 15:57:28 | INFO | [Epoch 027] total_loss=0.012188, Lr0=0.000082Lr1=0.000819, time=0.52s
2026-03-14 15:57:29 | INFO | Validation — loss=2.0653, acc=0.6737, f1=0.4881, recall=0.5137, precision=0.5313
2026-03-14 15:57:29 | INFO | Validation — loss=1.5847, acc=0.6827, f1=0.4057, recall=0.5, precision=0.3413
2026-03-14 15:57:29 | INFO | [Epoch 028] total_loss=0.009706, Lr0=0.000081Lr1=0.000807, time=0.52s
2026-03-14 15:57:30 | INFO | [Epoch 007] total_loss=0.109803, Lr0=0.000098Lr1=0.000984, time=0.55s
2026-03-14 15:57:30 | INFO | Validation — loss=2.2720, acc=0.7401, f1=0.5316, recall=0.5615, precision=0.8651
2026-03-14 15:57:30 | INFO | [Epoch 029] total_loss=0.003609, Lr0=0.000080Lr1=0.000794, time=0.54s
2026-03-14 15:57:31 | INFO | Validation — loss=0.6848, acc=0.6827, f1=0.4057, recall=0.5, precision=0.3413
2026-03-14 15:57:31 | INFO | Validation — loss=2.5478, acc=0.7307, f1=0.5163, recall=0.5509, precision=0.7914
2026-03-14 15:57:32 | INFO | [Epoch 008] total_loss=0.086876, Lr0=0.000098Lr1=0.000980, time=0.65s
2026-03-14 15:57:32 | INFO | [Epoch 030] total_loss=0.001920, Lr0=0.000078Lr1=0.000781, time=0.55s
2026-03-14 15:57:33 | INFO | Validation — loss=2.4697, acc=0.6095, f1=0.4493, recall=0.4674, precision=0.4504
2026-03-14 15:57:33 | INFO | Validation — loss=0.7587, acc=0.6827, f1=0.4057, recall=0.5, precision=0.3413
2026-03-14 15:57:33 | INFO | [Epoch 031] total_loss=0.001876, Lr0=0.000077Lr1=0.000768, time=0.59s
2026-03-14 15:57:33 | INFO | [Epoch 009] total_loss=0.074839, Lr0=0.000098Lr1=0.000976, time=0.55s
2026-03-14 15:57:34 | INFO | Validation — loss=2.3731, acc=0.5262, f1=0.4066, recall=0.4116, precision=0.4029
2026-03-14 15:57:34 | INFO | Early stopping at epoch 31. Best: 0.659500
2026-03-14 15:57:34 | INFO | Training complete.
2026-03-14 15:57:34 | INFO | Best checkpoint: ./save/cnn_overlap_new/contrastive_SWELLDataset/finetuned_best_8.pt
2026-03-14 15:57:35 | INFO | Validation — loss=1.3541, acc=0.6827, f1=0.4057, recall=0.5, precision=0.3413
2026-03-14 15:57:35 | INFO | [Epoch 010] total_loss=0.068654, Lr0=0.000097Lr1=0.000970, time=0.55s
2026-03-14 15:57:36 | INFO | Validation — loss=0.5238, acc=0.6753, f1=0.6748, recall=0.762, precision=0.7468
2026-03-14 15:57:36 | INFO | Best model logged 0.6748
2026-03-14 15:57:37 | INFO | [Epoch 011] total_loss=0.064320, Lr0=0.000097Lr1=0.000965, time=0.55s
2026-03-14 15:57:38 | INFO | Validation — loss=0.0680, acc=0.9829, f1=0.98, recall=0.9739, precision=0.9867
2026-03-14 15:57:38 | INFO | Best model logged 0.98
2026-03-14 15:57:39 | INFO | [Epoch 012] total_loss=0.040770, Lr0=0.000096Lr1=0.000959, time=0.56s
2026-03-14 15:57:40 | INFO | Validation — loss=0.0521, acc=0.9789, f1=0.9753, recall=0.9689, precision=0.9824
2026-03-14 15:57:41 | INFO | [Epoch 013] total_loss=0.032925, Lr0=0.000095Lr1=0.000952, time=0.57s
2026-03-14 15:57:42 | INFO | Validation — loss=0.1152, acc=0.9595, f1=0.9543, recall=0.9649, precision=0.9457
2026-03-14 15:57:43 | INFO | [Epoch 014] total_loss=0.022723, Lr0=0.000095Lr1=0.000946, time=0.57s
2026-03-14 15:57:44 | INFO | Validation — loss=0.0566, acc=0.9744, f1=0.9698, recall=0.9597, precision=0.9819
2026-03-14 15:57:44 | INFO | [Epoch 015] total_loss=0.013420, Lr0=0.000094Lr1=0.000938, time=0.58s
2026-03-14 15:57:45 | INFO | Model forward EncoderClassifierModel(
  (encoder): CNNEncoder(
    (cnn_layers): Sequential(
      (0): Conv1d(1, 32, kernel_size=(10,), stride=(1,))
      (1): BatchNorm1d(32, eps=1e-05, momentum=0.1, affine=True, track_running_stats=True)
      (2): ReLU()
      (3): MaxPool1d(kernel_size=2, stride=2, padding=0, dilation=1, ceil_mode=False)
      (4): Dropout(p=0.0, inplace=False)
      (5): Conv1d(32, 64, kernel_size=(10,), stride=(1,))
      (6): BatchNorm1d(64, eps=1e-05, momentum=0.1, affine=True, track_running_stats=True)
      (7): ReLU()
      (8): MaxPool1d(kernel_size=2, stride=2, padding=0, dilation=1, ceil_mode=False)
      (9): Dropout(p=0.0, inplace=False)
      (10): Conv1d(64, 128, kernel_size=(10,), stride=(1,))
      (11): BatchNorm1d(128, eps=1e-05, momentum=0.1, affine=True, track_running_stats=True)
      (12): ReLU()
      (13): MaxPool1d(kernel_size=2, stride=2, padding=0, dilation=1, ceil_mode=False)
      (14): Dropout(p=0.0, inplace=False)
      (15): Conv1d(128, 256, kernel_size=(10,), stride=(1,))
      (16): BatchNorm1d(256, eps=1e-05, momentum=0.1, affine=True, track_running_stats=True)
      (17): ReLU()
      (18): MaxPool1d(kernel_size=2, stride=2, padding=0, dilation=1, ceil_mode=False)
      (19): Dropout(p=0.0, inplace=False)
    )
    (linear_layer): Sequential(
      (0): Linear(in_features=18176, out_features=64, bias=True)
      (1): ReLU()
    )
  )
  (classifier): Linear(in_features=64, out_features=1, bias=True)
  (loss_fn): BCEWithLogitsLoss()
)
2026-03-14 15:57:45 | INFO | [Epoch 000] total_loss=0.624531, Lr0=0.000100Lr1=0.001000, time=0.55s
2026-03-14 15:57:46 | INFO | Validation — loss=0.1493, acc=0.9484, f1=0.9375, recall=0.9187, precision=0.9648
2026-03-14 15:57:46 | INFO | [Epoch 016] total_loss=0.011040, Lr0=0.000093Lr1=0.000930, time=0.60s
2026-03-14 15:57:46 | INFO | Validation — loss=0.6162, acc=0.6972, f1=0.4108, recall=0.5, precision=0.3486
2026-03-14 15:57:46 | INFO | Best model logged 0.4108
2026-03-14 15:57:47 | INFO | [Epoch 001] total_loss=0.427124, Lr0=0.000100Lr1=0.000999, time=0.51s
2026-03-14 15:57:48 | INFO | Validation — loss=0.0899, acc=0.9671, f1=0.9609, recall=0.9481, precision=0.977
2026-03-14 15:57:48 | INFO | Validation — loss=1.5880, acc=0.6972, f1=0.4108, recall=0.5, precision=0.3486
2026-03-14 15:57:48 | INFO | [Epoch 017] total_loss=0.011779, Lr0=0.000092Lr1=0.000922, time=0.55s
2026-03-14 15:57:48 | INFO | [Epoch 002] total_loss=0.248908, Lr0=0.000100Lr1=0.000998, time=0.52s
2026-03-14 15:57:49 | INFO | Validation — loss=1.5406, acc=0.6972, f1=0.4108, recall=0.5, precision=0.3486
2026-03-14 15:57:49 | INFO | Validation — loss=0.1056, acc=0.9646, f1=0.9578, recall=0.9442, precision=0.9754
2026-03-14 15:57:50 | INFO | [Epoch 003] total_loss=0.194002, Lr0=0.000100Lr1=0.000996, time=0.52s
2026-03-14 15:57:50 | INFO | [Epoch 018] total_loss=0.013880, Lr0=0.000091Lr1=0.000914, time=0.61s
2026-03-14 15:57:50 | INFO | Validation — loss=2.2143, acc=0.6972, f1=0.4108, recall=0.5, precision=0.3486
2026-03-14 15:57:51 | INFO | [Epoch 004] total_loss=0.148190, Lr0=0.000099Lr1=0.000994, time=0.51s
2026-03-14 15:57:51 | INFO | Validation — loss=0.0316, acc=0.9884, f1=0.9867, recall=0.9887, precision=0.9848
2026-03-14 15:57:51 | INFO | Best model logged 0.9867
2026-03-14 15:57:52 | INFO | Validation — loss=0.7444, acc=0.6972, f1=0.4108, recall=0.5, precision=0.3486
2026-03-14 15:57:52 | INFO | [Epoch 019] total_loss=0.029814, Lr0=0.000091Lr1=0.000905, time=0.61s
2026-03-14 15:57:52 | INFO | [Epoch 005] total_loss=0.097239, Lr0=0.000099Lr1=0.000991, time=0.61s
2026-03-14 15:57:53 | INFO | Validation — loss=1.0613, acc=0.6972, f1=0.4108, recall=0.5, precision=0.3486
2026-03-14 15:57:53 | INFO | Validation — loss=0.0799, acc=0.9744, f1=0.9698, recall=0.9597, precision=0.9819
2026-03-14 15:57:54 | INFO | [Epoch 006] total_loss=0.120177, Lr0=0.000099Lr1=0.000988, time=0.55s
2026-03-14 15:57:54 | INFO | [Epoch 020] total_loss=0.017109, Lr0=0.000090Lr1=0.000895, time=0.57s
2026-03-14 15:57:54 | INFO | Validation — loss=2.4839, acc=0.6972, f1=0.4108, recall=0.5, precision=0.3486
2026-03-14 15:57:55 | INFO | [Epoch 007] total_loss=0.090051, Lr0=0.000098Lr1=0.000984, time=0.56s
2026-03-14 15:57:55 | INFO | Validation — loss=0.0416, acc=0.9844, f1=0.9818, recall=0.976, precision=0.9882
2026-03-14 15:57:56 | INFO | [Epoch 021] total_loss=0.007141, Lr0=0.000089Lr1=0.000885, time=0.55s
2026-03-14 15:57:56 | INFO | Validation — loss=0.3807, acc=0.998, f1=0.9976, recall=0.9985, precision=0.9966
2026-03-14 15:57:56 | INFO | Best model logged 0.9976
2026-03-14 15:57:56 | INFO | [Epoch 008] total_loss=0.053698, Lr0=0.000098Lr1=0.000980, time=0.58s
2026-03-14 15:57:57 | INFO | Validation — loss=0.0561, acc=0.9795, f1=0.976, recall=0.9681, precision=0.985
2026-03-14 15:57:57 | INFO | Validation — loss=1.3890, acc=0.3028, f1=0.2324, recall=0.5, precision=0.1514
2026-03-14 15:57:58 | INFO | [Epoch 022] total_loss=0.013276, Lr0=0.000088Lr1=0.000875, time=0.59s
2026-03-14 15:57:58 | INFO | [Epoch 009] total_loss=0.039077, Lr0=0.000098Lr1=0.000976, time=0.54s
2026-03-14 15:57:59 | INFO | Validation — loss=0.1162, acc=0.9611, f1=0.9525, recall=0.9398, precision=0.9683
2026-03-14 15:57:59 | INFO | Validation — loss=0.0766, acc=0.9697, f1=0.9653, recall=0.969, precision=0.9619
2026-03-14 15:57:59 | INFO | [Epoch 010] total_loss=0.029128, Lr0=0.000097Lr1=0.000970, time=0.52s
2026-03-14 15:57:59 | INFO | [Epoch 023] total_loss=0.008862, Lr0=0.000087Lr1=0.000865, time=0.56s
2026-03-14 15:58:00 | INFO | Validation — loss=0.1504, acc=0.9397, f1=0.9283, recall=0.9264, precision=0.9303
2026-03-14 15:58:00 | INFO | [Epoch 011] total_loss=0.026269, Lr0=0.000097Lr1=0.000965, time=0.53s
2026-03-14 15:58:01 | INFO | Validation — loss=0.0651, acc=0.9771, f1=0.9737, recall=0.9761, precision=0.9714
2026-03-14 15:58:01 | INFO | [Epoch 024] total_loss=0.007201, Lr0=0.000086Lr1=0.000854, time=0.56s
2026-03-14 15:58:01 | INFO | Validation — loss=0.4647, acc=0.8367, f1=0.8268, recall=0.8793, precision=0.8225
2026-03-14 15:58:02 | INFO | [Epoch 012] total_loss=0.020150, Lr0=0.000096Lr1=0.000959, time=0.54s
2026-03-14 15:58:02 | INFO | Validation — loss=0.0435, acc=0.9853, f1=0.983, recall=0.9814, precision=0.9847
2026-03-14 15:58:03 | INFO | Validation — loss=0.1903, acc=0.9329, f1=0.9248, recall=0.9519, precision=0.9093
2026-03-14 15:58:03 | INFO | [Epoch 025] total_loss=0.011316, Lr0=0.000084Lr1=0.000842, time=0.56s
2026-03-14 15:58:03 | INFO | [Epoch 013] total_loss=0.016132, Lr0=0.000095Lr1=0.000952, time=0.52s
2026-03-14 15:58:04 | INFO | Validation — loss=0.1708, acc=0.9379, f1=0.9257, recall=0.9215, precision=0.9303
2026-03-14 15:58:04 | INFO | Validation — loss=0.0594, acc=0.9771, f1=0.9739, recall=0.9796, precision=0.9687
2026-03-14 15:58:04 | INFO | [Epoch 014] total_loss=0.012739, Lr0=0.000095Lr1=0.000946, time=0.52s
2026-03-14 15:58:05 | INFO | [Epoch 026] total_loss=0.010485, Lr0=0.000083Lr1=0.000831, time=0.55s
2026-03-14 15:58:05 | INFO | Validation — loss=0.0627, acc=0.9807, f1=0.9775, recall=0.9861, precision=0.97
2026-03-14 15:58:06 | INFO | [Epoch 015] total_loss=0.009321, Lr0=0.000094Lr1=0.000938, time=0.57s
2026-03-14 15:58:06 | INFO | Validation — loss=0.0467, acc=0.9793, f1=0.9757, recall=0.9674, precision=0.9853
2026-03-14 15:58:07 | INFO | [Epoch 027] total_loss=0.012042, Lr0=0.000082Lr1=0.000819, time=0.56s
2026-03-14 15:58:07 | INFO | Validation — loss=0.2673, acc=0.904, f1=0.8946, recall=0.9312, precision=0.8796
2026-03-14 15:58:07 | INFO | [Epoch 016] total_loss=0.016423, Lr0=0.000093Lr1=0.000930, time=0.51s
2026-03-14 15:58:08 | INFO | Validation — loss=0.0587, acc=0.9811, f1=0.9785, recall=0.986, precision=0.972
2026-03-14 15:58:08 | INFO | Validation — loss=0.2093, acc=0.9315, f1=0.9233, recall=0.95, precision=0.9078
2026-03-14 15:58:08 | INFO | [Epoch 017] total_loss=0.010746, Lr0=0.000092Lr1=0.000922, time=0.52s
2026-03-14 15:58:08 | INFO | [Epoch 028] total_loss=0.009367, Lr0=0.000081Lr1=0.000807, time=0.58s
2026-03-14 15:58:09 | INFO | Validation — loss=0.5131, acc=0.8499, f1=0.8397, recall=0.8889, precision=0.8323
2026-03-14 15:58:10 | INFO | Validation — loss=0.0506, acc=0.9789, f1=0.9752, recall=0.968, precision=0.9834
2026-03-14 15:58:10 | INFO | [Epoch 018] total_loss=0.013513, Lr0=0.000091Lr1=0.000914, time=0.53s
2026-03-14 15:58:10 | INFO | [Epoch 029] total_loss=0.005683, Lr0=0.000080Lr1=0.000794, time=0.57s
2026-03-14 15:58:11 | INFO | Validation — loss=0.1649, acc=0.9449, f1=0.9378, recall=0.9605, precision=0.9231
2026-03-14 15:58:11 | INFO | [Epoch 019] total_loss=0.007260, Lr0=0.000091Lr1=0.000905, time=0.55s
2026-03-14 15:58:12 | INFO | Validation — loss=0.0602, acc=0.9802, f1=0.9774, recall=0.9829, precision=0.9725
2026-03-14 15:58:12 | INFO | Validation — loss=1.1305, acc=0.5783, f1=0.5781, recall=0.6937, precision=0.7013
2026-03-14 15:58:12 | INFO | [Epoch 030] total_loss=0.018240, Lr0=0.000078Lr1=0.000781, time=0.56s
2026-03-14 15:58:12 | INFO | [Epoch 020] total_loss=0.020412, Lr0=0.000090Lr1=0.000895, time=0.52s
2026-03-14 15:58:13 | INFO | Validation — loss=0.0411, acc=0.9861, f1=0.9837, recall=0.9879, precision=0.9798
2026-03-14 15:58:13 | INFO | Validation — loss=0.0079, acc=0.9978, f1=0.9974, recall=0.9972, precision=0.9976
2026-03-14 15:58:13 | INFO | Best model logged 0.9974
2026-03-14 15:58:14 | INFO | [Epoch 021] total_loss=0.018627, Lr0=0.000089Lr1=0.000885, time=0.55s
2026-03-14 15:58:14 | INFO | [Epoch 031] total_loss=0.029981, Lr0=0.000077Lr1=0.000768, time=0.55s
2026-03-14 15:58:15 | INFO | Validation — loss=0.2917, acc=0.9056, f1=0.8958, recall=0.9291, precision=0.8807
2026-03-14 15:58:15 | INFO | [Epoch 022] total_loss=0.007662, Lr0=0.000088Lr1=0.000875, time=0.52s
2026-03-14 15:58:15 | INFO | Validation — loss=0.8937, acc=0.6509, f1=0.6508, recall=0.7443, precision=0.7381
2026-03-14 15:58:16 | INFO | [Epoch 032] total_loss=0.007323, Lr0=0.000076Lr1=0.000755, time=0.56s
2026-03-14 15:58:16 | INFO | Validation — loss=0.0915, acc=0.9711, f1=0.9667, recall=0.9793, precision=0.9564
2026-03-14 15:58:16 | INFO | [Epoch 023] total_loss=0.004608, Lr0=0.000087Lr1=0.000865, time=0.54s
2026-03-14 15:58:17 | INFO | Validation — loss=0.0185, acc=0.9931, f1=0.992, recall=0.9891, precision=0.995
2026-03-14 15:58:17 | INFO | Validation — loss=0.1162, acc=0.962, f1=0.9561, recall=0.9681, precision=0.9464
2026-03-14 15:58:18 | INFO | [Epoch 033] total_loss=0.008023, Lr0=0.000074Lr1=0.000741, time=0.55s
2026-03-14 15:58:18 | INFO | [Epoch 024] total_loss=0.002849, Lr0=0.000086Lr1=0.000854, time=0.56s
2026-03-14 15:58:18 | INFO | Validation — loss=0.2060, acc=0.9324, f1=0.9244, recall=0.9515, precision=0.9088
2026-03-14 15:58:19 | INFO | Validation — loss=0.0561, acc=0.9782, f1=0.9748, recall=0.9748, precision=0.9748
2026-03-14 15:58:19 | INFO | [Epoch 025] total_loss=0.001391, Lr0=0.000084Lr1=0.000842, time=0.52s
2026-03-14 15:58:19 | INFO | [Epoch 034] total_loss=0.003811, Lr0=0.000073Lr1=0.000727, time=0.63s
2026-03-14 15:58:20 | INFO | Validation — loss=0.3475, acc=0.881, f1=0.8713, recall=0.9147, precision=0.859
2026-03-14 15:58:20 | INFO | [Epoch 026] total_loss=0.001301, Lr0=0.000083Lr1=0.000831, time=0.53s
2026-03-14 15:58:21 | INFO | Validation — loss=0.0689, acc=0.9726, f1=0.9687, recall=0.9738, precision=0.9642
2026-03-14 15:58:21 | INFO | Validation — loss=0.3930, acc=0.8592, f1=0.8494, recall=0.8982, precision=0.8408
2026-03-14 15:58:21 | INFO | [Epoch 035] total_loss=0.005169, Lr0=0.000072Lr1=0.000713, time=0.57s
2026-03-14 15:58:22 | INFO | [Epoch 027] total_loss=0.001303, Lr0=0.000082Lr1=0.000819, time=0.56s
2026-03-14 15:58:22 | INFO | Validation — loss=0.2867, acc=0.9024, f1=0.8923, recall=0.9258, precision=0.8774
2026-03-14 15:58:22 | INFO | Early stopping at epoch 27. Best: 0.997600
2026-03-14 15:58:22 | INFO | Training complete.
2026-03-14 15:58:22 | INFO | Best checkpoint: ./save/cnn_overlap_new/contrastive_SWELLDataset/finetuned_best_9.pt
2026-03-14 15:58:23 | INFO | Validation — loss=0.0544, acc=0.9769, f1=0.9731, recall=0.9692, precision=0.9773
2026-03-14 15:58:23 | INFO | [Epoch 036] total_loss=0.001794, Lr0=0.000070Lr1=0.000699, time=0.58s
2026-03-14 15:58:24 | INFO | Validation — loss=0.0612, acc=0.9755, f1=0.9718, recall=0.9729, precision=0.9708
2026-03-14 15:58:25 | INFO | [Epoch 037] total_loss=0.001798, Lr0=0.000069Lr1=0.000684, time=0.56s
2026-03-14 15:58:26 | INFO | Validation — loss=0.0604, acc=0.9766, f1=0.9732, recall=0.9752, precision=0.9712
2026-03-14 15:58:27 | INFO | [Epoch 038] total_loss=0.001161, Lr0=0.000067Lr1=0.000670, time=0.56s
2026-03-14 15:58:28 | INFO | Validation — loss=0.0508, acc=0.98, f1=0.9769, recall=0.9776, precision=0.9762
2026-03-14 15:58:29 | INFO | [Epoch 039] total_loss=0.001728, Lr0=0.000066Lr1=0.000655, time=0.57s
2026-03-14 15:58:30 | INFO | Validation — loss=0.0509, acc=0.9793, f1=0.9761, recall=0.9755, precision=0.9767
2026-03-14 15:58:30 | INFO | [Epoch 040] total_loss=0.003762, Lr0=0.000064Lr1=0.000640, time=0.55s
2026-03-14 15:58:32 | INFO | Validation — loss=0.0509, acc=0.9806, f1=0.9778, recall=0.9809, precision=0.9748
2026-03-14 15:58:32 | INFO | [Epoch 041] total_loss=0.003029, Lr0=0.000063Lr1=0.000625, time=0.57s
2026-03-14 15:58:33 | INFO | Model forward EncoderClassifierModel(
  (encoder): CNNEncoder(
    (cnn_layers): Sequential(
      (0): Conv1d(1, 32, kernel_size=(10,), stride=(1,))
      (1): BatchNorm1d(32, eps=1e-05, momentum=0.1, affine=True, track_running_stats=True)
      (2): ReLU()
      (3): MaxPool1d(kernel_size=2, stride=2, padding=0, dilation=1, ceil_mode=False)
      (4): Dropout(p=0.0, inplace=False)
      (5): Conv1d(32, 64, kernel_size=(10,), stride=(1,))
      (6): BatchNorm1d(64, eps=1e-05, momentum=0.1, affine=True, track_running_stats=True)
      (7): ReLU()
      (8): MaxPool1d(kernel_size=2, stride=2, padding=0, dilation=1, ceil_mode=False)
      (9): Dropout(p=0.0, inplace=False)
      (10): Conv1d(64, 128, kernel_size=(10,), stride=(1,))
      (11): BatchNorm1d(128, eps=1e-05, momentum=0.1, affine=True, track_running_stats=True)
      (12): ReLU()
      (13): MaxPool1d(kernel_size=2, stride=2, padding=0, dilation=1, ceil_mode=False)
      (14): Dropout(p=0.0, inplace=False)
      (15): Conv1d(128, 256, kernel_size=(10,), stride=(1,))
      (16): BatchNorm1d(256, eps=1e-05, momentum=0.1, affine=True, track_running_stats=True)
      (17): ReLU()
      (18): MaxPool1d(kernel_size=2, stride=2, padding=0, dilation=1, ceil_mode=False)
      (19): Dropout(p=0.0, inplace=False)
    )
    (linear_layer): Sequential(
      (0): Linear(in_features=18176, out_features=64, bias=True)
      (1): ReLU()
    )
  )
  (classifier): Linear(in_features=64, out_features=1, bias=True)
  (loss_fn): BCEWithLogitsLoss()
)
2026-03-14 15:58:33 | INFO | [Epoch 000] total_loss=0.612637, Lr0=0.000100Lr1=0.001000, time=0.56s
2026-03-14 15:58:34 | INFO | Validation — loss=0.0500, acc=0.9806, f1=0.9776, recall=0.9772, precision=0.9781
2026-03-14 15:58:34 | INFO | Validation — loss=0.6337, acc=0.7097, f1=0.4151, recall=0.5, precision=0.3549
2026-03-14 15:58:34 | INFO | Best model logged 0.4151
2026-03-14 15:58:34 | INFO | [Epoch 042] total_loss=0.004165, Lr0=0.000061Lr1=0.000609, time=0.60s
2026-03-14 15:58:35 | INFO | [Epoch 001] total_loss=0.436420, Lr0=0.000100Lr1=0.000999, time=0.55s
2026-03-14 15:58:35 | INFO | Validation — loss=0.0395, acc=0.9833, f1=0.9809, recall=0.984, precision=0.9779
2026-03-14 15:58:36 | INFO | Validation — loss=0.6386, acc=0.7097, f1=0.4151, recall=0.5, precision=0.3549
2026-03-14 15:58:36 | INFO | [Epoch 043] total_loss=0.007213, Lr0=0.000060Lr1=0.000594, time=0.60s
2026-03-14 15:58:36 | INFO | [Epoch 002] total_loss=0.287042, Lr0=0.000100Lr1=0.000998, time=0.53s
2026-03-14 15:58:37 | INFO | Validation — loss=0.8819, acc=0.7097, f1=0.4151, recall=0.5, precision=0.3549
2026-03-14 15:58:37 | INFO | Validation — loss=0.0421, acc=0.9829, f1=0.9804, recall=0.9846, precision=0.9765
2026-03-14 15:58:37 | INFO | [Epoch 003] total_loss=0.191376, Lr0=0.000100Lr1=0.000996, time=0.56s
2026-03-14 15:58:38 | INFO | [Epoch 044] total_loss=0.002456, Lr0=0.000058Lr1=0.000579, time=0.55s
2026-03-14 15:58:38 | INFO | Validation — loss=1.5794, acc=0.7097, f1=0.4151, recall=0.5, precision=0.3549
2026-03-14 15:58:39 | INFO | [Epoch 004] total_loss=0.167407, Lr0=0.000099Lr1=0.000994, time=0.52s
2026-03-14 15:58:39 | INFO | Validation — loss=0.0714, acc=0.9713, f1=0.9668, recall=0.9664, precision=0.9673
2026-03-14 15:58:40 | INFO | Validation — loss=1.6924, acc=0.7097, f1=0.4151, recall=0.5, precision=0.3549
2026-03-14 15:58:40 | INFO | [Epoch 045] total_loss=0.005524, Lr0=0.000057Lr1=0.000563, time=0.55s
2026-03-14 15:58:40 | INFO | [Epoch 005] total_loss=0.119502, Lr0=0.000099Lr1=0.000991, time=0.52s
2026-03-14 15:58:41 | INFO | Validation — loss=1.9956, acc=0.7097, f1=0.4151, recall=0.5, precision=0.3549
2026-03-14 15:58:41 | INFO | Validation — loss=0.0324, acc=0.9866, f1=0.9846, recall=0.9857, precision=0.9836
2026-03-14 15:58:41 | INFO | [Epoch 006] total_loss=0.084304, Lr0=0.000099Lr1=0.000988, time=0.53s
2026-03-14 15:58:41 | INFO | [Epoch 046] total_loss=0.005730, Lr0=0.000055Lr1=0.000548, time=0.55s
2026-03-14 15:58:42 | INFO | Validation — loss=5.3656, acc=0.7097, f1=0.4151, recall=0.5, precision=0.3549
2026-03-14 15:58:43 | INFO | Validation — loss=0.0387, acc=0.9842, f1=0.9818, recall=0.9828, precision=0.9808
2026-03-14 15:58:43 | INFO | [Epoch 007] total_loss=0.079862, Lr0=0.000098Lr1=0.000984, time=0.55s
2026-03-14 15:58:43 | INFO | [Epoch 047] total_loss=0.001609, Lr0=0.000054Lr1=0.000532, time=0.57s
2026-03-14 15:58:44 | INFO | Validation — loss=5.4926, acc=0.7097, f1=0.4151, recall=0.5, precision=0.3549
2026-03-14 15:58:44 | INFO | [Epoch 008] total_loss=0.089401, Lr0=0.000098Lr1=0.000980, time=0.51s
2026-03-14 15:58:44 | INFO | Validation — loss=0.0440, acc=0.9824, f1=0.9797, recall=0.9787, precision=0.9807
2026-03-14 15:58:45 | INFO | Validation — loss=3.5358, acc=0.7097, f1=0.4151, recall=0.5, precision=0.3549
2026-03-14 15:58:45 | INFO | [Epoch 048] total_loss=0.001743, Lr0=0.000052Lr1=0.000516, time=0.56s
2026-03-14 15:58:45 | INFO | [Epoch 009] total_loss=0.065643, Lr0=0.000098Lr1=0.000976, time=0.52s
2026-03-14 15:58:46 | INFO | Validation — loss=0.3706, acc=0.7822, f1=0.6332, recall=0.6248, precision=0.8826
2026-03-14 15:58:46 | INFO | Best model logged 0.6332
2026-03-14 15:58:46 | INFO | Validation — loss=0.0377, acc=0.9849, f1=0.9825, recall=0.9816, precision=0.9834
2026-03-14 15:58:47 | INFO | [Epoch 049] total_loss=0.000888, Lr0=0.000051Lr1=0.000501, time=0.60s
2026-03-14 15:58:47 | INFO | [Epoch 010] total_loss=0.040590, Lr0=0.000097Lr1=0.000970, time=0.57s
2026-03-14 15:58:48 | INFO | Validation — loss=0.6723, acc=0.7317, f1=0.4908, recall=0.5378, precision=0.8628
2026-03-14 15:58:48 | INFO | Validation — loss=0.0305, acc=0.9869, f1=0.9849, recall=0.9863, precision=0.9836
2026-03-14 15:58:48 | INFO | [Epoch 011] total_loss=0.037667, Lr0=0.000097Lr1=0.000965, time=0.51s
2026-03-14 15:58:49 | INFO | [Epoch 050] total_loss=0.000697, Lr0=0.000049Lr1=0.000485, time=0.61s
2026-03-14 15:58:49 | INFO | Validation — loss=0.1905, acc=0.8878, f1=0.8435, recall=0.8067, precision=0.9317
2026-03-14 15:58:49 | INFO | Best model logged 0.8435
2026-03-14 15:58:50 | INFO | [Epoch 012] total_loss=0.020920, Lr0=0.000096Lr1=0.000959, time=0.54s
2026-03-14 15:58:50 | INFO | Validation — loss=0.0264, acc=0.9889, f1=0.9872, recall=0.9875, precision=0.9868
2026-03-14 15:58:50 | INFO | Early stopping at epoch 50. Best: 0.997400
2026-03-14 15:58:50 | INFO | Training complete.
2026-03-14 15:58:50 | INFO | Best checkpoint: ./save/cnn_overlap_new/contrastive_SWELLDataset/finetuned_best_6.pt
2026-03-14 15:58:50 | INFO | Validation — loss=0.1906, acc=0.9086, f1=0.8763, recall=0.8425, precision=0.9429
2026-03-14 15:58:50 | INFO | Best model logged 0.8763
2026-03-14 15:58:51 | INFO | [Epoch 013] total_loss=0.016904, Lr0=0.000095Lr1=0.000952, time=0.54s
2026-03-14 15:58:52 | INFO | Validation — loss=0.1793, acc=0.9099, f1=0.8784, recall=0.8449, precision=0.9437
2026-03-14 15:58:52 | INFO | Best model logged 0.8784
2026-03-14 15:58:52 | INFO | [Epoch 014] total_loss=0.012799, Lr0=0.000095Lr1=0.000946, time=0.56s
2026-03-14 15:58:53 | INFO | Validation — loss=0.1969, acc=0.9072, f1=0.8742, recall=0.8402, precision=0.9422
2026-03-14 15:58:54 | INFO | [Epoch 015] total_loss=0.007406, Lr0=0.000094Lr1=0.000938, time=0.51s
2026-03-14 15:58:55 | INFO | Validation — loss=0.3822, acc=0.8718, f1=0.8168, recall=0.7791, precision=0.9235
2026-03-14 15:58:55 | INFO | [Epoch 016] total_loss=0.010020, Lr0=0.000093Lr1=0.000930, time=0.52s
2026-03-14 15:58:56 | INFO | Validation — loss=0.0431, acc=0.9831, f1=0.9791, recall=0.9709, precision=0.9884
2026-03-14 15:58:56 | INFO | Best model logged 0.9791
2026-03-14 15:58:56 | INFO | [Epoch 017] total_loss=0.007072, Lr0=0.000092Lr1=0.000922, time=0.51s
2026-03-14 15:58:57 | INFO | Validation — loss=0.1495, acc=0.9369, f1=0.9178, recall=0.8913, precision=0.9592
2026-03-14 15:58:58 | INFO | [Epoch 018] total_loss=0.017102, Lr0=0.000091Lr1=0.000914, time=0.51s
2026-03-14 15:58:58 | INFO | Validation — loss=0.0461, acc=0.9822, f1=0.978, recall=0.9693, precision=0.9877
2026-03-14 15:58:59 | INFO | [Epoch 019] total_loss=0.009957, Lr0=0.000091Lr1=0.000905, time=0.59s
2026-03-14 15:59:00 | INFO | Validation — loss=0.0118, acc=0.9957, f1=0.9947, recall=0.9925, precision=0.997
2026-03-14 15:59:00 | INFO | Best model logged 0.9947
2026-03-14 15:59:00 | INFO | [Epoch 020] total_loss=0.004627, Lr0=0.000090Lr1=0.000895, time=0.55s
2026-03-14 15:59:01 | INFO | Model forward EncoderClassifierModel(
  (encoder): CNNEncoder(
    (cnn_layers): Sequential(
      (0): Conv1d(1, 32, kernel_size=(10,), stride=(1,))
      (1): BatchNorm1d(32, eps=1e-05, momentum=0.1, affine=True, track_running_stats=True)
      (2): ReLU()
      (3): MaxPool1d(kernel_size=2, stride=2, padding=0, dilation=1, ceil_mode=False)
      (4): Dropout(p=0.0, inplace=False)
      (5): Conv1d(32, 64, kernel_size=(10,), stride=(1,))
      (6): BatchNorm1d(64, eps=1e-05, momentum=0.1, affine=True, track_running_stats=True)
      (7): ReLU()
      (8): MaxPool1d(kernel_size=2, stride=2, padding=0, dilation=1, ceil_mode=False)
      (9): Dropout(p=0.0, inplace=False)
      (10): Conv1d(64, 128, kernel_size=(10,), stride=(1,))
      (11): BatchNorm1d(128, eps=1e-05, momentum=0.1, affine=True, track_running_stats=True)
      (12): ReLU()
      (13): MaxPool1d(kernel_size=2, stride=2, padding=0, dilation=1, ceil_mode=False)
      (14): Dropout(p=0.0, inplace=False)
      (15): Conv1d(128, 256, kernel_size=(10,), stride=(1,))
      (16): BatchNorm1d(256, eps=1e-05, momentum=0.1, affine=True, track_running_stats=True)
      (17): ReLU()
      (18): MaxPool1d(kernel_size=2, stride=2, padding=0, dilation=1, ceil_mode=False)
      (19): Dropout(p=0.0, inplace=False)
    )
    (linear_layer): Sequential(
      (0): Linear(in_features=18176, out_features=64, bias=True)
      (1): ReLU()
    )
  )
  (classifier): Linear(in_features=64, out_features=1, bias=True)
  (loss_fn): BCEWithLogitsLoss()
)
2026-03-14 15:59:01 | INFO | Validation — loss=0.0071, acc=0.9975, f1=0.9969, recall=0.9957, precision=0.9982
2026-03-14 15:59:01 | INFO | Best model logged 0.9969
2026-03-14 15:59:02 | INFO | [Epoch 021] total_loss=0.005892, Lr0=0.000089Lr1=0.000885, time=0.52s
2026-03-14 15:59:02 | INFO | [Epoch 000] total_loss=0.626444, Lr0=0.000100Lr1=0.001000, time=0.56s
2026-03-14 15:59:02 | INFO | Validation — loss=0.0187, acc=0.9922, f1=0.9905, recall=0.9866, precision=0.9946
2026-03-14 15:59:03 | INFO | Validation — loss=0.6216, acc=0.6975, f1=0.4109, recall=0.5, precision=0.3488
2026-03-14 15:59:03 | INFO | Best model logged 0.4109
2026-03-14 15:59:03 | INFO | [Epoch 022] total_loss=0.002839, Lr0=0.000088Lr1=0.000875, time=0.55s
2026-03-14 15:59:04 | INFO | [Epoch 001] total_loss=0.433945, Lr0=0.000100Lr1=0.000999, time=0.57s
2026-03-14 15:59:04 | INFO | Validation — loss=0.0229, acc=0.9906, f1=0.9885, recall=0.9839, precision=0.9935
2026-03-14 15:59:04 | INFO | [Epoch 023] total_loss=0.002387, Lr0=0.000087Lr1=0.000865, time=0.55s
2026-03-14 15:59:05 | INFO | Validation — loss=0.6686, acc=0.6975, f1=0.4109, recall=0.5, precision=0.3488
2026-03-14 15:59:05 | INFO | Validation — loss=0.0586, acc=0.9767, f1=0.971, recall=0.9598, precision=0.9841
2026-03-14 15:59:05 | INFO | [Epoch 002] total_loss=0.259614, Lr0=0.000100Lr1=0.000998, time=0.57s
2026-03-14 15:59:06 | INFO | [Epoch 024] total_loss=0.003464, Lr0=0.000086Lr1=0.000854, time=0.53s
2026-03-14 15:59:07 | INFO | Validation — loss=0.0256, acc=0.989, f1=0.9865, recall=0.9811, precision=0.9924
2026-03-14 15:59:07 | INFO | Validation — loss=1.3339, acc=0.6975, f1=0.4109, recall=0.5, precision=0.3488
2026-03-14 15:59:07 | INFO | [Epoch 025] total_loss=0.002387, Lr0=0.000084Lr1=0.000842, time=0.53s
2026-03-14 15:59:07 | INFO | [Epoch 003] total_loss=0.162392, Lr0=0.000100Lr1=0.000996, time=0.61s
2026-03-14 15:59:08 | INFO | Validation — loss=0.0480, acc=0.9819, f1=0.9777, recall=0.9689, precision=0.9876
2026-03-14 15:59:08 | INFO | Validation — loss=1.2472, acc=0.6975, f1=0.4109, recall=0.5, precision=0.3488
2026-03-14 15:59:09 | INFO | [Epoch 026] total_loss=0.005080, Lr0=0.000083Lr1=0.000831, time=0.54s
2026-03-14 15:59:09 | INFO | [Epoch 004] total_loss=0.118896, Lr0=0.000099Lr1=0.000994, time=0.56s
2026-03-14 15:59:09 | INFO | Validation — loss=0.1354, acc=0.9486, f1=0.9339, recall=0.9114, precision=0.9662
2026-03-14 15:59:10 | INFO | [Epoch 027] total_loss=0.024154, Lr0=0.000082Lr1=0.000819, time=0.53s
2026-03-14 15:59:10 | INFO | Validation — loss=1.7221, acc=0.6975, f1=0.4109, recall=0.5, precision=0.3488
2026-03-14 15:59:11 | INFO | Validation — loss=0.7458, acc=0.8512, f1=0.7802, recall=0.7437, precision=0.9133
2026-03-14 15:59:11 | INFO | [Epoch 005] total_loss=0.096108, Lr0=0.000099Lr1=0.000991, time=0.58s
2026-03-14 15:59:11 | INFO | [Epoch 028] total_loss=0.022330, Lr0=0.000081Lr1=0.000807, time=0.54s
2026-03-14 15:59:12 | INFO | Validation — loss=0.0008, acc=1.0, f1=1.0, recall=1.0, precision=1.0
2026-03-14 15:59:12 | INFO | Best model logged 1.0
2026-03-14 15:59:12 | INFO | Validation — loss=1.7620, acc=0.6975, f1=0.4109, recall=0.5, precision=0.3488
2026-03-14 15:59:13 | INFO | [Epoch 029] total_loss=0.017910, Lr0=0.000080Lr1=0.000794, time=0.54s
2026-03-14 15:59:13 | INFO | [Epoch 006] total_loss=0.072277, Lr0=0.000099Lr1=0.000988, time=0.59s
2026-03-14 15:59:13 | INFO | Validation — loss=0.1237, acc=0.9426, f1=0.9257, recall=0.9012, precision=0.9626
2026-03-14 15:59:14 | INFO | [Epoch 030] total_loss=0.016432, Lr0=0.000078Lr1=0.000781, time=0.53s
2026-03-14 15:59:14 | INFO | Validation — loss=2.0996, acc=0.6975, f1=0.4109, recall=0.5, precision=0.3488
2026-03-14 15:59:14 | INFO | [Epoch 007] total_loss=0.041115, Lr0=0.000098Lr1=0.000984, time=0.55s
2026-03-14 15:59:15 | INFO | Validation — loss=0.0241, acc=0.9899, f1=0.9877, recall=0.9827, precision=0.993
2026-03-14 15:59:15 | INFO | [Epoch 031] total_loss=0.020357, Lr0=0.000077Lr1=0.000768, time=0.53s
2026-03-14 15:59:16 | INFO | Validation — loss=1.2139, acc=0.6975, f1=0.4109, recall=0.5, precision=0.3488
2026-03-14 15:59:16 | INFO | Validation — loss=0.0873, acc=0.9623, f1=0.9523, recall=0.935, precision=0.9748
2026-03-14 15:59:16 | INFO | [Epoch 008] total_loss=0.052954, Lr0=0.000098Lr1=0.000980, time=0.58s
2026-03-14 15:59:17 | INFO | [Epoch 032] total_loss=0.013489, Lr0=0.000076Lr1=0.000755, time=0.56s
2026-03-14 15:59:17 | INFO | Validation — loss=0.1873, acc=0.9168, f1=0.8887, recall=0.8567, precision=0.9475
2026-03-14 15:59:18 | INFO | Validation — loss=0.0754, acc=0.9845, f1=0.9813, recall=0.9744, precision=0.9891
2026-03-14 15:59:18 | INFO | Best model logged 0.9813
2026-03-14 15:59:18 | INFO | [Epoch 033] total_loss=0.005174, Lr0=0.000074Lr1=0.000741, time=0.57s
2026-03-14 15:59:18 | INFO | [Epoch 009] total_loss=0.046755, Lr0=0.000098Lr1=0.000976, time=0.57s
2026-03-14 15:59:19 | INFO | Validation — loss=0.0106, acc=0.9957, f1=0.9947, recall=0.9925, precision=0.997
2026-03-14 15:59:19 | INFO | [Epoch 034] total_loss=0.003737, Lr0=0.000073Lr1=0.000727, time=0.52s
2026-03-14 15:59:19 | INFO | Validation — loss=0.0092, acc=1.0, f1=1.0, recall=1.0, precision=1.0
2026-03-14 15:59:19 | INFO | Best model logged 1.0
2026-03-14 15:59:20 | INFO | [Epoch 010] total_loss=0.046428, Lr0=0.000097Lr1=0.000970, time=0.53s
2026-03-14 15:59:20 | INFO | Validation — loss=0.0349, acc=0.9865, f1=0.9834, recall=0.9768, precision=0.9907
2026-03-14 15:59:21 | INFO | [Epoch 035] total_loss=0.001782, Lr0=0.000072Lr1=0.000713, time=0.51s
2026-03-14 15:59:21 | INFO | Validation — loss=0.4863, acc=0.8025, f1=0.7944, recall=0.8584, precision=0.8025
2026-03-14 15:59:21 | INFO | Validation — loss=0.0426, acc=0.9831, f1=0.9791, recall=0.9709, precision=0.9884
2026-03-14 15:59:22 | INFO | [Epoch 011] total_loss=0.050996, Lr0=0.000097Lr1=0.000965, time=0.55s
2026-03-14 15:59:22 | INFO | [Epoch 036] total_loss=0.001987, Lr0=0.000070Lr1=0.000699, time=0.54s
2026-03-14 15:59:23 | INFO | Validation — loss=0.0204, acc=0.9911, f1=0.9891, recall=0.9846, precision=0.9938
2026-03-14 15:59:23 | INFO | Validation — loss=0.0420, acc=0.9909, f1=0.9893, recall=0.9935, precision=0.9854
2026-03-14 15:59:23 | INFO | [Epoch 037] total_loss=0.001744, Lr0=0.000069Lr1=0.000684, time=0.56s
2026-03-14 15:59:24 | INFO | [Epoch 012] total_loss=0.038389, Lr0=0.000096Lr1=0.000959, time=0.57s
2026-03-14 15:59:24 | INFO | Validation — loss=0.0199, acc=0.9913, f1=0.9894, recall=0.985, precision=0.994
2026-03-14 15:59:25 | INFO | [Epoch 038] total_loss=0.000840, Lr0=0.000067Lr1=0.000670, time=0.59s
2026-03-14 15:59:25 | INFO | Validation — loss=0.5521, acc=0.8292, f1=0.8201, recall=0.8775, precision=0.8195
2026-03-14 15:59:25 | INFO | [Epoch 013] total_loss=0.022560, Lr0=0.000095Lr1=0.000952, time=0.56s
2026-03-14 15:59:26 | INFO | Validation — loss=0.0172, acc=0.9931, f1=0.9916, recall=0.9882, precision=0.9952
2026-03-14 15:59:26 | INFO | [Epoch 039] total_loss=0.000636, Lr0=0.000066Lr1=0.000655, time=0.54s
2026-03-14 15:59:27 | INFO | Validation — loss=0.3368, acc=0.8848, f1=0.875, recall=0.9174, precision=0.8621
2026-03-14 15:59:27 | INFO | Validation — loss=0.0246, acc=0.9899, f1=0.9877, recall=0.9827, precision=0.993
2026-03-14 15:59:27 | INFO | [Epoch 014] total_loss=0.027245, Lr0=0.000095Lr1=0.000946, time=0.55s
2026-03-14 15:59:28 | INFO | [Epoch 040] total_loss=0.001421, Lr0=0.000064Lr1=0.000640, time=0.57s
2026-03-14 15:59:28 | INFO | Validation — loss=0.0295, acc=0.9883, f1=0.9857, recall=0.9799, precision=0.9919
2026-03-14 15:59:28 | INFO | Validation — loss=0.1033, acc=0.9797, f1=0.9764, recall=0.9854, precision=0.9686
2026-03-14 15:59:29 | INFO | [Epoch 041] total_loss=0.000728, Lr0=0.000063Lr1=0.000625, time=0.53s
2026-03-14 15:59:29 | INFO | [Epoch 015] total_loss=0.042864, Lr0=0.000094Lr1=0.000938, time=0.56s
2026-03-14 15:59:30 | INFO | Validation — loss=0.0203, acc=0.9911, f1=0.9891, recall=0.9846, precision=0.9938
2026-03-14 15:59:30 | INFO | Validation — loss=0.5638, acc=0.8481, f1=0.8385, recall=0.8911, precision=0.8328
2026-03-14 15:59:30 | INFO | [Epoch 042] total_loss=0.000744, Lr0=0.000061Lr1=0.000609, time=0.52s
2026-03-14 15:59:31 | INFO | [Epoch 016] total_loss=0.014812, Lr0=0.000093Lr1=0.000930, time=0.54s
2026-03-14 15:59:31 | INFO | Validation — loss=0.0166, acc=0.9929, f1=0.9913, recall=0.9878, precision=0.9951
2026-03-14 15:59:32 | INFO | [Epoch 043] total_loss=0.000639, Lr0=0.000060Lr1=0.000594, time=0.55s
2026-03-14 15:59:32 | INFO | Validation — loss=1.0265, acc=0.6857, f1=0.6836, recall=0.7747, precision=0.7452
2026-03-14 15:59:32 | INFO | Validation — loss=0.0184, acc=0.9922, f1=0.9905, recall=0.9866, precision=0.9946
2026-03-14 15:59:33 | INFO | [Epoch 017] total_loss=0.009958, Lr0=0.000092Lr1=0.000922, time=0.61s
2026-03-14 15:59:33 | INFO | [Epoch 044] total_loss=0.000491, Lr0=0.000058Lr1=0.000579, time=0.52s
2026-03-14 15:59:34 | INFO | Validation — loss=0.0219, acc=0.9904, f1=0.9882, recall=0.9835, precision=0.9933
2026-03-14 15:59:34 | INFO | Validation — loss=0.5477, acc=0.8529, f1=0.8432, recall=0.8945, precision=0.8364
2026-03-14 15:59:34 | INFO | [Epoch 045] total_loss=0.000332, Lr0=0.000057Lr1=0.000563, time=0.56s
2026-03-14 15:59:34 | INFO | [Epoch 018] total_loss=0.008150, Lr0=0.000091Lr1=0.000914, time=0.56s
2026-03-14 15:59:35 | INFO | Validation — loss=0.0265, acc=0.9899, f1=0.9877, recall=0.9827, precision=0.993
2026-03-14 15:59:36 | INFO | [Epoch 046] total_loss=0.000351, Lr0=0.000055Lr1=0.000548, time=0.51s
2026-03-14 15:59:36 | INFO | Validation — loss=1.4857, acc=0.6131, f1=0.6131, recall=0.7227, precision=0.7194
2026-03-14 15:59:36 | INFO | [Epoch 019] total_loss=0.005625, Lr0=0.000091Lr1=0.000905, time=0.56s
2026-03-14 15:59:36 | INFO | Validation — loss=0.0287, acc=0.9883, f1=0.9857, recall=0.9799, precision=0.9919
2026-03-14 15:59:37 | INFO | [Epoch 047] total_loss=0.000311, Lr0=0.000054Lr1=0.000532, time=0.51s
2026-03-14 15:59:37 | INFO | Validation — loss=0.4239, acc=0.8812, f1=0.8713, recall=0.9148, precision=0.859
2026-03-14 15:59:38 | INFO | Validation — loss=0.0301, acc=0.9881, f1=0.9854, recall=0.9795, precision=0.9918
2026-03-14 15:59:38 | INFO | [Epoch 020] total_loss=0.003123, Lr0=0.000090Lr1=0.000895, time=0.54s
2026-03-14 15:59:38 | INFO | [Epoch 048] total_loss=0.001025, Lr0=0.000052Lr1=0.000516, time=0.54s
2026-03-14 15:59:39 | INFO | Validation — loss=0.0213, acc=0.9909, f1=0.9888, recall=0.9843, precision=0.9936
2026-03-14 15:59:39 | INFO | Early stopping at epoch 48. Best: 1.000000
2026-03-14 15:59:39 | INFO | Training complete.
2026-03-14 15:59:39 | INFO | Best checkpoint: ./save/cnn_overlap_new/contrastive_SWELLDataset/finetuned_best_10.pt
2026-03-14 15:59:39 | INFO | Validation — loss=0.2165, acc=0.9464, f1=0.9393, recall=0.9616, precision=0.9247
2026-03-14 15:59:40 | INFO | [Epoch 021] total_loss=0.002573, Lr0=0.000089Lr1=0.000885, time=0.58s
2026-03-14 15:59:41 | INFO | Validation — loss=0.4656, acc=0.8729, f1=0.8631, recall=0.9089, precision=0.8521
2026-03-14 15:59:42 | INFO | [Epoch 022] total_loss=0.001907, Lr0=0.000088Lr1=0.000875, time=0.59s
2026-03-14 15:59:43 | INFO | Validation — loss=0.3962, acc=0.891, f1=0.8813, recall=0.9218, precision=0.8675
2026-03-14 15:59:43 | INFO | [Epoch 023] total_loss=0.002146, Lr0=0.000087Lr1=0.000865, time=0.54s
2026-03-14 15:59:45 | INFO | Validation — loss=0.5414, acc=0.8686, f1=0.8588, recall=0.9058, precision=0.8486
2026-03-14 15:59:45 | INFO | [Epoch 024] total_loss=0.001131, Lr0=0.000086Lr1=0.000854, time=0.56s
2026-03-14 15:59:46 | INFO | Validation — loss=0.6199, acc=0.8563, f1=0.8466, recall=0.897, precision=0.839
2026-03-14 15:59:47 | INFO | [Epoch 025] total_loss=0.001052, Lr0=0.000084Lr1=0.000842, time=0.55s
2026-03-14 15:59:48 | INFO | Validation — loss=0.4844, acc=0.8828, f1=0.8729, recall=0.916, precision=0.8603
2026-03-14 15:59:49 | INFO | [Epoch 026] total_loss=0.000763, Lr0=0.000083Lr1=0.000831, time=0.56s
2026-03-14 15:59:50 | INFO | Model forward EncoderClassifierModel(
  (encoder): CNNEncoder(
    (cnn_layers): Sequential(
      (0): Conv1d(1, 32, kernel_size=(10,), stride=(1,))
      (1): BatchNorm1d(32, eps=1e-05, momentum=0.1, affine=True, track_running_stats=True)
      (2): ReLU()
      (3): MaxPool1d(kernel_size=2, stride=2, padding=0, dilation=1, ceil_mode=False)
      (4): Dropout(p=0.0, inplace=False)
      (5): Conv1d(32, 64, kernel_size=(10,), stride=(1,))
      (6): BatchNorm1d(64, eps=1e-05, momentum=0.1, affine=True, track_running_stats=True)
      (7): ReLU()
      (8): MaxPool1d(kernel_size=2, stride=2, padding=0, dilation=1, ceil_mode=False)
      (9): Dropout(p=0.0, inplace=False)
      (10): Conv1d(64, 128, kernel_size=(10,), stride=(1,))
      (11): BatchNorm1d(128, eps=1e-05, momentum=0.1, affine=True, track_running_stats=True)
      (12): ReLU()
      (13): MaxPool1d(kernel_size=2, stride=2, padding=0, dilation=1, ceil_mode=False)
      (14): Dropout(p=0.0, inplace=False)
      (15): Conv1d(128, 256, kernel_size=(10,), stride=(1,))
      (16): BatchNorm1d(256, eps=1e-05, momentum=0.1, affine=True, track_running_stats=True)
      (17): ReLU()
      (18): MaxPool1d(kernel_size=2, stride=2, padding=0, dilation=1, ceil_mode=False)
      (19): Dropout(p=0.0, inplace=False)
    )
    (linear_layer): Sequential(
      (0): Linear(in_features=18176, out_features=64, bias=True)
      (1): ReLU()
    )
  )
  (classifier): Linear(in_features=64, out_features=1, bias=True)
  (loss_fn): BCEWithLogitsLoss()
)
2026-03-14 15:59:50 | INFO | Validation — loss=0.5877, acc=0.8647, f1=0.8549, recall=0.903, precision=0.8455
2026-03-14 15:59:50 | INFO | [Epoch 000] total_loss=0.619919, Lr0=0.000100Lr1=0.001000, time=0.53s
2026-03-14 15:59:50 | INFO | [Epoch 027] total_loss=0.001363, Lr0=0.000082Lr1=0.000819, time=0.57s
2026-03-14 15:59:51 | INFO | Validation — loss=0.6090, acc=0.7023, f1=0.4125, recall=0.5, precision=0.3511
2026-03-14 15:59:51 | INFO | Best model logged 0.4125
2026-03-14 15:59:52 | INFO | [Epoch 001] total_loss=0.414640, Lr0=0.000100Lr1=0.000999, time=0.56s
2026-03-14 15:59:52 | INFO | Validation — loss=0.7280, acc=0.8433, f1=0.8339, recall=0.8877, precision=0.8294
2026-03-14 15:59:52 | INFO | [Epoch 028] total_loss=0.000547, Lr0=0.000081Lr1=0.000807, time=0.58s
2026-03-14 15:59:52 | INFO | Validation — loss=1.3022, acc=0.7023, f1=0.4125, recall=0.5, precision=0.3511
2026-03-14 15:59:53 | INFO | [Epoch 002] total_loss=0.252011, Lr0=0.000100Lr1=0.000998, time=0.55s
2026-03-14 15:59:54 | INFO | Validation — loss=0.5681, acc=0.8716, f1=0.8617, recall=0.9079, precision=0.851
2026-03-14 15:59:54 | INFO | Validation — loss=1.4073, acc=0.7023, f1=0.4125, recall=0.5, precision=0.3511
2026-03-14 15:59:54 | INFO | [Epoch 029] total_loss=0.001437, Lr0=0.000080Lr1=0.000794, time=0.54s
2026-03-14 15:59:54 | INFO | [Epoch 003] total_loss=0.155996, Lr0=0.000100Lr1=0.000996, time=0.61s
2026-03-14 15:59:55 | INFO | Validation — loss=2.8098, acc=0.7023, f1=0.4125, recall=0.5, precision=0.3511
2026-03-14 15:59:55 | INFO | Validation — loss=0.9658, acc=0.8059, f1=0.7977, recall=0.8609, precision=0.8045
2026-03-14 15:59:55 | INFO | Early stopping at epoch 29. Best: 1.000000
2026-03-14 15:59:55 | INFO | Training complete.
2026-03-14 15:59:55 | INFO | Best checkpoint: ./save/cnn_overlap_new/contrastive_SWELLDataset/finetuned_best_7.pt
2026-03-14 15:59:56 | INFO | [Epoch 004] total_loss=0.109284, Lr0=0.000099Lr1=0.000994, time=0.52s
2026-03-14 15:59:56 | INFO | Validation — loss=2.1443, acc=0.7023, f1=0.4125, recall=0.5, precision=0.3511
2026-03-14 15:59:57 | INFO | [Epoch 005] total_loss=0.105769, Lr0=0.000099Lr1=0.000991, time=0.52s
2026-03-14 15:59:58 | INFO | Validation — loss=1.2071, acc=0.7023, f1=0.4125, recall=0.5, precision=0.3511
2026-03-14 15:59:58 | INFO | [Epoch 006] total_loss=0.089869, Lr0=0.000099Lr1=0.000988, time=0.59s
2026-03-14 15:59:59 | INFO | Validation — loss=2.5433, acc=0.7023, f1=0.4125, recall=0.5, precision=0.3511
2026-03-14 16:00:00 | INFO | [Epoch 007] total_loss=0.066682, Lr0=0.000098Lr1=0.000984, time=0.56s
2026-03-14 16:00:01 | INFO | Validation — loss=2.9976, acc=0.7023, f1=0.4125, recall=0.5, precision=0.3511
2026-03-14 16:00:01 | INFO | [Epoch 008] total_loss=0.067769, Lr0=0.000098Lr1=0.000980, time=0.54s
2026-03-14 16:00:02 | INFO | Validation — loss=1.7221, acc=0.7023, f1=0.4125, recall=0.5, precision=0.3511
2026-03-14 16:00:02 | INFO | [Epoch 009] total_loss=0.028605, Lr0=0.000098Lr1=0.000976, time=0.56s
2026-03-14 16:00:03 | INFO | Validation — loss=3.6965, acc=0.7023, f1=0.4125, recall=0.5, precision=0.3511
2026-03-14 16:00:04 | INFO | [Epoch 010] total_loss=0.036527, Lr0=0.000097Lr1=0.000970, time=0.53s
2026-03-14 16:00:05 | INFO | Validation — loss=0.5511, acc=0.6929, f1=0.69, recall=0.7814, precision=0.7461
2026-03-14 16:00:05 | INFO | Best model logged 0.69
2026-03-14 16:00:05 | INFO | [Epoch 011] total_loss=0.014703, Lr0=0.000097Lr1=0.000965, time=0.56s
2026-03-14 16:00:06 | INFO | Validation — loss=0.1748, acc=0.9338, f1=0.9248, recall=0.9493, precision=0.9094
2026-03-14 16:00:06 | INFO | Best model logged 0.9248
2026-03-14 16:00:06 | INFO | Model forward EncoderClassifierModel(
  (encoder): CNNEncoder(
    (cnn_layers): Sequential(
      (0): Conv1d(1, 32, kernel_size=(10,), stride=(1,))
      (1): BatchNorm1d(32, eps=1e-05, momentum=0.1, affine=True, track_running_stats=True)
      (2): ReLU()
      (3): MaxPool1d(kernel_size=2, stride=2, padding=0, dilation=1, ceil_mode=False)
      (4): Dropout(p=0.0, inplace=False)
      (5): Conv1d(32, 64, kernel_size=(10,), stride=(1,))
      (6): BatchNorm1d(64, eps=1e-05, momentum=0.1, affine=True, track_running_stats=True)
      (7): ReLU()
      (8): MaxPool1d(kernel_size=2, stride=2, padding=0, dilation=1, ceil_mode=False)
      (9): Dropout(p=0.0, inplace=False)
      (10): Conv1d(64, 128, kernel_size=(10,), stride=(1,))
      (11): BatchNorm1d(128, eps=1e-05, momentum=0.1, affine=True, track_running_stats=True)
      (12): ReLU()
      (13): MaxPool1d(kernel_size=2, stride=2, padding=0, dilation=1, ceil_mode=False)
      (14): Dropout(p=0.0, inplace=False)
      (15): Conv1d(128, 256, kernel_size=(10,), stride=(1,))
      (16): BatchNorm1d(256, eps=1e-05, momentum=0.1, affine=True, track_running_stats=True)
      (17): ReLU()
      (18): MaxPool1d(kernel_size=2, stride=2, padding=0, dilation=1, ceil_mode=False)
      (19): Dropout(p=0.0, inplace=False)
    )
    (linear_layer): Sequential(
      (0): Linear(in_features=18176, out_features=64, bias=True)
      (1): ReLU()
    )
  )
  (classifier): Linear(in_features=64, out_features=1, bias=True)
  (loss_fn): BCEWithLogitsLoss()
)
2026-03-14 16:00:06 | INFO | [Epoch 012] total_loss=0.016571, Lr0=0.000096Lr1=0.000959, time=0.51s
2026-03-14 16:00:07 | INFO | [Epoch 000] total_loss=0.604302, Lr0=0.000100Lr1=0.001000, time=0.56s
2026-03-14 16:00:07 | INFO | Validation — loss=0.0740, acc=0.9709, f1=0.9648, recall=0.9594, precision=0.9705
2026-03-14 16:00:07 | INFO | Best model logged 0.9648
2026-03-14 16:00:08 | INFO | Validation — loss=0.6178, acc=0.7036, f1=0.413, recall=0.5, precision=0.3518
2026-03-14 16:00:08 | INFO | Best model logged 0.413
2026-03-14 16:00:08 | INFO | [Epoch 013] total_loss=0.026410, Lr0=0.000095Lr1=0.000952, time=0.55s
2026-03-14 16:00:08 | INFO | [Epoch 001] total_loss=0.416618, Lr0=0.000100Lr1=0.000999, time=0.54s
2026-03-14 16:00:09 | INFO | Validation — loss=0.1528, acc=0.9465, f1=0.9387, recall=0.9595, precision=0.9244
2026-03-14 16:00:09 | INFO | [Epoch 014] total_loss=0.021209, Lr0=0.000095Lr1=0.000946, time=0.54s
2026-03-14 16:00:10 | INFO | Validation — loss=0.9009, acc=0.7036, f1=0.413, recall=0.5, precision=0.3518
2026-03-14 16:00:10 | INFO | Validation — loss=0.5642, acc=0.8382, f1=0.828, recall=0.8848, precision=0.8239
2026-03-14 16:00:10 | INFO | [Epoch 002] total_loss=0.272052, Lr0=0.000100Lr1=0.000998, time=0.57s
2026-03-14 16:00:11 | INFO | [Epoch 015] total_loss=0.019791, Lr0=0.000094Lr1=0.000938, time=0.55s
2026-03-14 16:00:11 | INFO | Validation — loss=0.6868, acc=0.8036, f1=0.7947, recall=0.8601, precision=0.8012
2026-03-14 16:00:11 | INFO | Validation — loss=2.3421, acc=0.7036, f1=0.413, recall=0.5, precision=0.3518
2026-03-14 16:00:12 | INFO | [Epoch 016] total_loss=0.019973, Lr0=0.000093Lr1=0.000930, time=0.55s
2026-03-14 16:00:12 | INFO | [Epoch 003] total_loss=0.176148, Lr0=0.000100Lr1=0.000996, time=0.55s
2026-03-14 16:00:13 | INFO | Validation — loss=3.4946, acc=0.3267, f1=0.2742, recall=0.5206, precision=0.6533
2026-03-14 16:00:13 | INFO | Validation — loss=2.5114, acc=0.7036, f1=0.413, recall=0.5, precision=0.3518
2026-03-14 16:00:13 | INFO | [Epoch 017] total_loss=0.008689, Lr0=0.000092Lr1=0.000922, time=0.51s
2026-03-14 16:00:14 | INFO | [Epoch 004] total_loss=0.167146, Lr0=0.000099Lr1=0.000994, time=0.55s
2026-03-14 16:00:14 | INFO | Validation — loss=1.8494, acc=0.539, f1=0.5376, recall=0.6718, precision=0.6962
2026-03-14 16:00:15 | INFO | [Epoch 018] total_loss=0.006045, Lr0=0.000091Lr1=0.000914, time=0.51s
2026-03-14 16:00:15 | INFO | Validation — loss=3.3604, acc=0.7036, f1=0.413, recall=0.5, precision=0.3518
2026-03-14 16:00:15 | INFO | Validation — loss=0.4092, acc=0.8791, f1=0.8684, recall=0.9133, precision=0.8554
2026-03-14 16:00:16 | INFO | [Epoch 005] total_loss=0.158827, Lr0=0.000099Lr1=0.000991, time=0.58s
2026-03-14 16:00:16 | INFO | [Epoch 019] total_loss=0.003518, Lr0=0.000091Lr1=0.000905, time=0.54s
2026-03-14 16:00:17 | INFO | Validation — loss=0.5234, acc=0.8479, f1=0.8376, recall=0.8917, precision=0.831
2026-03-14 16:00:17 | INFO | Validation — loss=2.7182, acc=0.7036, f1=0.413, recall=0.5, precision=0.3518
2026-03-14 16:00:17 | INFO | [Epoch 020] total_loss=0.009472, Lr0=0.000090Lr1=0.000895, time=0.51s
2026-03-14 16:00:17 | INFO | [Epoch 006] total_loss=0.114302, Lr0=0.000099Lr1=0.000988, time=0.57s
2026-03-14 16:00:18 | INFO | Validation — loss=1.4276, acc=0.6203, f1=0.6201, recall=0.7297, precision=0.7198
2026-03-14 16:00:18 | INFO | [Epoch 021] total_loss=0.004221, Lr0=0.000089Lr1=0.000885, time=0.51s
2026-03-14 16:00:19 | INFO | Validation — loss=1.7251, acc=0.7036, f1=0.413, recall=0.5, precision=0.3518
2026-03-14 16:00:19 | INFO | [Epoch 007] total_loss=0.067497, Lr0=0.000098Lr1=0.000984, time=0.57s
2026-03-14 16:00:19 | INFO | Validation — loss=0.9543, acc=0.741, f1=0.7354, recall=0.8156, precision=0.7674
2026-03-14 16:00:20 | INFO | [Epoch 022] total_loss=0.005846, Lr0=0.000088Lr1=0.000875, time=0.52s
2026-03-14 16:00:20 | INFO | Validation — loss=1.6157, acc=0.7036, f1=0.413, recall=0.5, precision=0.3518
2026-03-14 16:00:21 | INFO | Validation — loss=0.4543, acc=0.8641, f1=0.8534, recall=0.9026, precision=0.843
2026-03-14 16:00:21 | INFO | [Epoch 008] total_loss=0.045315, Lr0=0.000098Lr1=0.000980, time=0.56s
2026-03-14 16:00:21 | INFO | [Epoch 023] total_loss=0.010037, Lr0=0.000087Lr1=0.000865, time=0.55s
2026-03-14 16:00:22 | INFO | Validation — loss=2.7217, acc=0.4402, f1=0.4264, recall=0.6015, precision=0.6736
2026-03-14 16:00:22 | INFO | Validation — loss=1.5849, acc=0.7036, f1=0.413, recall=0.5, precision=0.3518
2026-03-14 16:00:22 | INFO | [Epoch 024] total_loss=0.007358, Lr0=0.000086Lr1=0.000854, time=0.51s
2026-03-14 16:00:23 | INFO | [Epoch 009] total_loss=0.032458, Lr0=0.000098Lr1=0.000976, time=0.58s
2026-03-14 16:00:23 | INFO | Validation — loss=3.1359, acc=0.4141, f1=0.3941, recall=0.5828, precision=0.6685
2026-03-14 16:00:24 | INFO | [Epoch 025] total_loss=0.003459, Lr0=0.000084Lr1=0.000842, time=0.53s
2026-03-14 16:00:24 | INFO | Validation — loss=1.3310, acc=0.7121, f1=0.4428, recall=0.5143, precision=0.8548
2026-03-14 16:00:24 | INFO | Best model logged 0.4428
2026-03-14 16:00:24 | INFO | Validation — loss=2.5284, acc=0.4842, f1=0.4777, recall=0.6327, precision=0.683
2026-03-14 16:00:25 | INFO | [Epoch 010] total_loss=0.017751, Lr0=0.000097Lr1=0.000970, time=0.56s
2026-03-14 16:00:25 | INFO | [Epoch 026] total_loss=0.001719, Lr0=0.000083Lr1=0.000831, time=0.54s
2026-03-14 16:00:26 | INFO | Validation — loss=1.5973, acc=0.7229, f1=0.4788, recall=0.5325, precision=0.8587
2026-03-14 16:00:26 | INFO | Best model logged 0.4788
2026-03-14 16:00:26 | INFO | Validation — loss=0.7569, acc=0.8145, f1=0.8051, recall=0.8679, precision=0.8081
2026-03-14 16:00:26 | INFO | [Epoch 027] total_loss=0.001371, Lr0=0.000082Lr1=0.000819, time=0.55s
2026-03-14 16:00:26 | INFO | [Epoch 011] total_loss=0.020387, Lr0=0.000097Lr1=0.000965, time=0.57s
2026-03-14 16:00:27 | INFO | Validation — loss=0.5058, acc=0.8682, f1=0.8575, recall=0.9055, precision=0.8463
2026-03-14 16:00:28 | INFO | Validation — loss=1.2455, acc=0.7608, f1=0.589, recall=0.5964, precision=0.8731
2026-03-14 16:00:28 | INFO | Best model logged 0.589
2026-03-14 16:00:28 | INFO | [Epoch 028] total_loss=0.001148, Lr0=0.000081Lr1=0.000807, time=0.52s
2026-03-14 16:00:28 | INFO | [Epoch 012] total_loss=0.025747, Lr0=0.000096Lr1=0.000959, time=0.59s
2026-03-14 16:00:28 | INFO | Validation — loss=0.7770, acc=0.8156, f1=0.8062, recall=0.8687, precision=0.8088
2026-03-14 16:00:29 | INFO | [Epoch 029] total_loss=0.001361, Lr0=0.000080Lr1=0.000794, time=0.52s
2026-03-14 16:00:29 | INFO | Validation — loss=1.8545, acc=0.7311, f1=0.5048, recall=0.5464, precision=0.8618
2026-03-14 16:00:30 | INFO | Validation — loss=1.0303, acc=0.7603, f1=0.7536, recall=0.8293, precision=0.777
2026-03-14 16:00:30 | INFO | [Epoch 013] total_loss=0.022269, Lr0=0.000095Lr1=0.000952, time=0.59s
2026-03-14 16:00:30 | INFO | [Epoch 030] total_loss=0.000809, Lr0=0.000078Lr1=0.000781, time=0.56s
2026-03-14 16:00:31 | INFO | Validation — loss=0.9884, acc=0.7699, f1=0.7626, recall=0.8361, precision=0.782
2026-03-14 16:00:31 | INFO | Validation — loss=2.1681, acc=0.6584, f1=0.4479, recall=0.4879, precision=0.4679
2026-03-14 16:00:32 | INFO | [Epoch 031] total_loss=0.000543, Lr0=0.000077Lr1=0.000768, time=0.57s
2026-03-14 16:00:32 | INFO | [Epoch 014] total_loss=0.035721, Lr0=0.000095Lr1=0.000946, time=0.61s
2026-03-14 16:00:33 | INFO | Validation — loss=0.7851, acc=0.817, f1=0.8075, recall=0.8697, precision=0.8097
2026-03-14 16:00:33 | INFO | Validation — loss=1.7438, acc=0.7262, f1=0.49, recall=0.5383, precision=0.8549
2026-03-14 16:00:33 | INFO | [Epoch 032] total_loss=0.001581, Lr0=0.000076Lr1=0.000755, time=0.56s
2026-03-14 16:00:34 | INFO | [Epoch 015] total_loss=0.028862, Lr0=0.000094Lr1=0.000938, time=0.56s
2026-03-14 16:00:34 | INFO | Validation — loss=0.9262, acc=0.7926, f1=0.7842, recall=0.8524, precision=0.7947
2026-03-14 16:00:34 | INFO | Early stopping at epoch 32. Best: 0.964800
2026-03-14 16:00:34 | INFO | Training complete.
2026-03-14 16:00:34 | INFO | Best checkpoint: ./save/cnn_overlap_new/contrastive_SWELLDataset/finetuned_best_11.pt
2026-03-14 16:00:35 | INFO | Validation — loss=1.7270, acc=0.7483, f1=0.5552, recall=0.5754, precision=0.8683
2026-03-14 16:00:35 | INFO | [Epoch 016] total_loss=0.019450, Lr0=0.000093Lr1=0.000930, time=0.56s
2026-03-14 16:00:37 | INFO | Validation — loss=2.5552, acc=0.7236, f1=0.4811, recall=0.5337, precision=0.859
2026-03-14 16:00:37 | INFO | [Epoch 017] total_loss=0.038218, Lr0=0.000092Lr1=0.000922, time=0.57s
2026-03-14 16:00:38 | INFO | Validation — loss=1.3880, acc=0.7539, f1=0.5708, recall=0.5849, precision=0.8704
2026-03-14 16:00:39 | INFO | [Epoch 018] total_loss=0.011923, Lr0=0.000091Lr1=0.000914, time=0.56s
2026-03-14 16:00:40 | INFO | Validation — loss=0.9529, acc=0.7681, f1=0.6079, recall=0.6087, precision=0.876
2026-03-14 16:00:40 | INFO | Best model logged 0.6079
2026-03-14 16:00:41 | INFO | [Epoch 019] total_loss=0.007461, Lr0=0.000091Lr1=0.000905, time=0.59s
2026-03-14 16:00:42 | INFO | Validation — loss=1.2411, acc=0.7525, f1=0.5669, recall=0.5825, precision=0.8699
2026-03-14 16:00:43 | INFO | [Epoch 020] total_loss=0.004651, Lr0=0.000090Lr1=0.000895, time=0.55s
2026-03-14 16:00:44 | INFO | Validation — loss=2.0505, acc=0.7328, f1=0.5098, recall=0.5492, precision=0.8624
2026-03-14 16:00:44 | INFO | [Epoch 021] total_loss=0.002831, Lr0=0.000089Lr1=0.000885, time=0.55s
2026-03-14 16:00:45 | INFO | Model forward EncoderClassifierModel(
  (encoder): CNNEncoder(
    (cnn_layers): Sequential(
      (0): Conv1d(1, 32, kernel_size=(10,), stride=(1,))
      (1): BatchNorm1d(32, eps=1e-05, momentum=0.1, affine=True, track_running_stats=True)
      (2): ReLU()
      (3): MaxPool1d(kernel_size=2, stride=2, padding=0, dilation=1, ceil_mode=False)
      (4): Dropout(p=0.0, inplace=False)
      (5): Conv1d(32, 64, kernel_size=(10,), stride=(1,))
      (6): BatchNorm1d(64, eps=1e-05, momentum=0.1, affine=True, track_running_stats=True)
      (7): ReLU()
      (8): MaxPool1d(kernel_size=2, stride=2, padding=0, dilation=1, ceil_mode=False)
      (9): Dropout(p=0.0, inplace=False)
      (10): Conv1d(64, 128, kernel_size=(10,), stride=(1,))
      (11): BatchNorm1d(128, eps=1e-05, momentum=0.1, affine=True, track_running_stats=True)
      (12): ReLU()
      (13): MaxPool1d(kernel_size=2, stride=2, padding=0, dilation=1, ceil_mode=False)
      (14): Dropout(p=0.0, inplace=False)
      (15): Conv1d(128, 256, kernel_size=(10,), stride=(1,))
      (16): BatchNorm1d(256, eps=1e-05, momentum=0.1, affine=True, track_running_stats=True)
      (17): ReLU()
      (18): MaxPool1d(kernel_size=2, stride=2, padding=0, dilation=1, ceil_mode=False)
      (19): Dropout(p=0.0, inplace=False)
    )
    (linear_layer): Sequential(
      (0): Linear(in_features=18176, out_features=64, bias=True)
      (1): ReLU()
    )
  )
  (classifier): Linear(in_features=64, out_features=1, bias=True)
  (loss_fn): BCEWithLogitsLoss()
)
2026-03-14 16:00:45 | INFO | [Epoch 000] total_loss=0.627258, Lr0=0.000100Lr1=0.001000, time=0.56s
2026-03-14 16:00:46 | INFO | Validation — loss=1.9243, acc=0.7363, f1=0.5204, recall=0.5552, precision=0.8637
2026-03-14 16:00:46 | INFO | Validation — loss=0.6150, acc=0.7095, f1=0.415, recall=0.5, precision=0.3547
2026-03-14 16:00:46 | INFO | Best model logged 0.415
2026-03-14 16:00:46 | INFO | [Epoch 022] total_loss=0.002615, Lr0=0.000088Lr1=0.000875, time=0.61s
2026-03-14 16:00:47 | INFO | [Epoch 001] total_loss=0.440558, Lr0=0.000100Lr1=0.000999, time=0.50s
2026-03-14 16:00:47 | INFO | Validation — loss=0.6078, acc=0.7095, f1=0.415, recall=0.5, precision=0.3547
2026-03-14 16:00:47 | INFO | Validation — loss=2.0401, acc=0.7342, f1=0.5141, recall=0.5516, precision=0.8629
2026-03-14 16:00:48 | INFO | [Epoch 002] total_loss=0.258088, Lr0=0.000100Lr1=0.000998, time=0.57s
2026-03-14 16:00:48 | INFO | [Epoch 023] total_loss=0.021675, Lr0=0.000087Lr1=0.000865, time=0.58s
2026-03-14 16:00:49 | INFO | Validation — loss=0.6276, acc=0.7095, f1=0.415, recall=0.5, precision=0.3547
2026-03-14 16:00:49 | INFO | [Epoch 003] total_loss=0.173969, Lr0=0.000100Lr1=0.000996, time=0.52s
2026-03-14 16:00:49 | INFO | Validation — loss=1.3460, acc=0.7603, f1=0.5878, recall=0.5956, precision=0.8729
2026-03-14 16:00:50 | INFO | [Epoch 024] total_loss=0.039754, Lr0=0.000086Lr1=0.000854, time=0.60s
2026-03-14 16:00:50 | INFO | Validation — loss=1.2320, acc=0.7095, f1=0.415, recall=0.5, precision=0.3547
2026-03-14 16:00:51 | INFO | [Epoch 004] total_loss=0.221952, Lr0=0.000099Lr1=0.000994, time=0.56s
2026-03-14 16:00:51 | INFO | Validation — loss=2.0123, acc=0.6161, f1=0.4826, recall=0.4906, precision=0.4876
2026-03-14 16:00:51 | INFO | Validation — loss=0.6190, acc=0.7095, f1=0.415, recall=0.5, precision=0.3547
2026-03-14 16:00:52 | INFO | [Epoch 025] total_loss=0.048385, Lr0=0.000084Lr1=0.000842, time=0.56s
2026-03-14 16:00:52 | INFO | [Epoch 005] total_loss=0.110554, Lr0=0.000099Lr1=0.000991, time=0.56s
2026-03-14 16:00:53 | INFO | Validation — loss=0.9203, acc=0.7095, f1=0.415, recall=0.5, precision=0.3547
2026-03-14 16:00:53 | INFO | Validation — loss=3.0617, acc=0.7297, f1=0.5004, recall=0.544, precision=0.8612
2026-03-14 16:00:53 | INFO | [Epoch 006] total_loss=0.084873, Lr0=0.000099Lr1=0.000988, time=0.55s
2026-03-14 16:00:53 | INFO | [Epoch 026] total_loss=0.031372, Lr0=0.000083Lr1=0.000831, time=0.59s
2026-03-14 16:00:54 | INFO | Validation — loss=1.4304, acc=0.7095, f1=0.415, recall=0.5, precision=0.3547
2026-03-14 16:00:55 | INFO | Validation — loss=1.8166, acc=0.7203, f1=0.5225, recall=0.5493, precision=0.6823
2026-03-14 16:00:55 | INFO | [Epoch 007] total_loss=0.039428, Lr0=0.000098Lr1=0.000984, time=0.56s
2026-03-14 16:00:55 | INFO | [Epoch 027] total_loss=0.010318, Lr0=0.000082Lr1=0.000819, time=0.56s
2026-03-14 16:00:56 | INFO | Validation — loss=1.5031, acc=0.7095, f1=0.415, recall=0.5, precision=0.3547
2026-03-14 16:00:56 | INFO | [Epoch 008] total_loss=0.049937, Lr0=0.000098Lr1=0.000980, time=0.52s
2026-03-14 16:00:56 | INFO | Validation — loss=1.7250, acc=0.6429, f1=0.4894, recall=0.503, precision=0.5048
2026-03-14 16:00:57 | INFO | Validation — loss=1.1331, acc=0.7095, f1=0.415, recall=0.5, precision=0.3547
2026-03-14 16:00:57 | INFO | [Epoch 028] total_loss=0.005741, Lr0=0.000081Lr1=0.000807, time=0.56s
2026-03-14 16:00:57 | INFO | [Epoch 009] total_loss=0.051700, Lr0=0.000098Lr1=0.000976, time=0.54s
2026-03-14 16:00:58 | INFO | Validation — loss=0.2285, acc=0.89, f1=0.8473, recall=0.8107, precision=0.9329
2026-03-14 16:00:58 | INFO | Best model logged 0.8473
2026-03-14 16:00:58 | INFO | Validation — loss=1.5528, acc=0.7466, f1=0.5688, recall=0.5816, precision=0.7952
2026-03-14 16:00:59 | INFO | [Epoch 010] total_loss=0.038510, Lr0=0.000097Lr1=0.000970, time=0.51s
2026-03-14 16:00:59 | INFO | [Epoch 029] total_loss=0.003801, Lr0=0.000080Lr1=0.000794, time=0.57s
2026-03-14 16:01:00 | INFO | Validation — loss=0.3776, acc=0.8261, f1=0.8121, recall=0.8629, precision=0.8043
2026-03-14 16:01:00 | INFO | Validation — loss=1.6274, acc=0.7481, f1=0.5677, recall=0.5814, precision=0.8127
2026-03-14 16:01:00 | INFO | [Epoch 011] total_loss=0.038606, Lr0=0.000097Lr1=0.000965, time=0.56s
2026-03-14 16:01:01 | INFO | [Epoch 030] total_loss=0.001949, Lr0=0.000078Lr1=0.000781, time=0.57s
2026-03-14 16:01:01 | INFO | Validation — loss=0.3183, acc=0.858, f1=0.8451, recall=0.894, precision=0.8332
2026-03-14 16:01:01 | INFO | [Epoch 012] total_loss=0.052568, Lr0=0.000096Lr1=0.000959, time=0.54s
2026-03-14 16:01:02 | INFO | Validation — loss=1.7266, acc=0.7455, f1=0.5598, recall=0.5766, precision=0.8122
2026-03-14 16:01:02 | INFO | Validation — loss=0.4679, acc=0.8704, f1=0.8146, recall=0.777, precision=0.9228
2026-03-14 16:01:02 | INFO | [Epoch 031] total_loss=0.003428, Lr0=0.000077Lr1=0.000768, time=0.57s
2026-03-14 16:01:03 | INFO | [Epoch 013] total_loss=0.037356, Lr0=0.000095Lr1=0.000952, time=0.53s
2026-03-14 16:01:04 | INFO | Validation — loss=0.1561, acc=0.9377, f1=0.9227, recall=0.9135, precision=0.9336
2026-03-14 16:01:04 | INFO | Best model logged 0.9227
2026-03-14 16:01:04 | INFO | Validation — loss=1.7631, acc=0.7415, f1=0.5559, recall=0.5733, precision=0.7837
2026-03-14 16:01:04 | INFO | [Epoch 014] total_loss=0.027677, Lr0=0.000095Lr1=0.000946, time=0.53s
2026-03-14 16:01:04 | INFO | [Epoch 032] total_loss=0.002770, Lr0=0.000076Lr1=0.000755, time=0.60s
2026-03-14 16:01:05 | INFO | Validation — loss=1.6565, acc=0.448, f1=0.4381, recall=0.611, precision=0.6724
2026-03-14 16:01:05 | INFO | Validation — loss=1.7804, acc=0.7271, f1=0.546, recall=0.5633, precision=0.6977
2026-03-14 16:01:05 | INFO | [Epoch 015] total_loss=0.031318, Lr0=0.000094Lr1=0.000938, time=0.53s
2026-03-14 16:01:06 | INFO | [Epoch 033] total_loss=0.001094, Lr0=0.000074Lr1=0.000741, time=0.58s
2026-03-14 16:01:06 | INFO | Validation — loss=0.3906, acc=0.8225, f1=0.8097, recall=0.8662, precision=0.8049
2026-03-14 16:01:07 | INFO | [Epoch 016] total_loss=0.019477, Lr0=0.000093Lr1=0.000930, time=0.53s
2026-03-14 16:01:07 | INFO | Validation — loss=1.9561, acc=0.6892, f1=0.5094, recall=0.5307, precision=0.5723
2026-03-14 16:01:08 | INFO | Validation — loss=0.2431, acc=0.8965, f1=0.885, recall=0.927, precision=0.8686
2026-03-14 16:01:08 | INFO | [Epoch 034] total_loss=0.001243, Lr0=0.000073Lr1=0.000727, time=0.55s
2026-03-14 16:01:08 | INFO | [Epoch 017] total_loss=0.009976, Lr0=0.000092Lr1=0.000922, time=0.54s
2026-03-14 16:01:09 | INFO | Validation — loss=0.0738, acc=0.9712, f1=0.9655, recall=0.972, precision=0.9597
2026-03-14 16:01:09 | INFO | Best model logged 0.9655
2026-03-14 16:01:09 | INFO | Validation — loss=2.0272, acc=0.7038, f1=0.517, recall=0.5401, precision=0.6116
2026-03-14 16:01:10 | INFO | [Epoch 018] total_loss=0.011173, Lr0=0.000091Lr1=0.000914, time=0.53s
2026-03-14 16:01:10 | INFO | [Epoch 035] total_loss=0.001130, Lr0=0.000072Lr1=0.000713, time=0.63s
2026-03-14 16:01:10 | INFO | Validation — loss=0.0927, acc=0.9578, f1=0.9506, recall=0.9679, precision=0.9375
2026-03-14 16:01:11 | INFO | [Epoch 019] total_loss=0.011425, Lr0=0.000091Lr1=0.000905, time=0.54s
2026-03-14 16:01:11 | INFO | Validation — loss=2.0624, acc=0.681, f1=0.5063, recall=0.526, precision=0.5559
2026-03-14 16:01:12 | INFO | Validation — loss=0.0537, acc=0.9802, f1=0.9762, recall=0.9809, precision=0.9718
2026-03-14 16:01:12 | INFO | Best model logged 0.9762
2026-03-14 16:01:12 | INFO | [Epoch 036] total_loss=0.001252, Lr0=0.000070Lr1=0.000699, time=0.59s
2026-03-14 16:01:12 | INFO | [Epoch 020] total_loss=0.004366, Lr0=0.000090Lr1=0.000895, time=0.54s
2026-03-14 16:01:13 | INFO | Validation — loss=0.1066, acc=0.9606, f1=0.951, recall=0.9401, precision=0.9638
2026-03-14 16:01:13 | INFO | Validation — loss=2.0854, acc=0.641, f1=0.4836, recall=0.4989, precision=0.4983
2026-03-14 16:01:14 | INFO | [Epoch 021] total_loss=0.004189, Lr0=0.000089Lr1=0.000885, time=0.56s
2026-03-14 16:01:14 | INFO | [Epoch 037] total_loss=0.000639, Lr0=0.000069Lr1=0.000684, time=0.56s
2026-03-14 16:01:14 | INFO | Validation — loss=0.0745, acc=0.9696, f1=0.964, recall=0.9764, precision=0.9537
2026-03-14 16:01:15 | INFO | Validation — loss=2.1205, acc=0.6518, f1=0.4884, recall=0.5055, precision=0.5096
2026-03-14 16:01:15 | INFO | [Epoch 022] total_loss=0.002369, Lr0=0.000088Lr1=0.000875, time=0.51s
2026-03-14 16:01:15 | INFO | [Epoch 038] total_loss=0.000910, Lr0=0.000067Lr1=0.000670, time=0.57s
2026-03-14 16:01:16 | INFO | Validation — loss=0.0891, acc=0.9596, f1=0.9528, recall=0.9706, precision=0.9394
2026-03-14 16:01:16 | INFO | [Epoch 023] total_loss=0.001753, Lr0=0.000087Lr1=0.000865, time=0.52s
2026-03-14 16:01:17 | INFO | Validation — loss=2.1273, acc=0.6264, f1=0.4754, recall=0.489, precision=0.4836
2026-03-14 16:01:17 | INFO | Early stopping at epoch 38. Best: 0.607900
2026-03-14 16:01:17 | INFO | Training complete.
2026-03-14 16:01:17 | INFO | Best checkpoint: ./save/cnn_overlap_new/contrastive_SWELLDataset/finetuned_best_8.pt
2026-03-14 16:01:17 | INFO | Validation — loss=0.0783, acc=0.9668, f1=0.9606, recall=0.9712, precision=0.9516
2026-03-14 16:01:17 | INFO | [Epoch 024] total_loss=0.003866, Lr0=0.000086Lr1=0.000854, time=0.52s
2026-03-14 16:01:18 | INFO | Validation — loss=0.0982, acc=0.9564, f1=0.9488, recall=0.9637, precision=0.937
2026-03-14 16:01:19 | INFO | [Epoch 025] total_loss=0.002412, Lr0=0.000084Lr1=0.000842, time=0.51s
2026-03-14 16:01:19 | INFO | Validation — loss=0.0888, acc=0.9617, f1=0.9549, recall=0.9688, precision=0.9437
2026-03-14 16:01:20 | INFO | [Epoch 026] total_loss=0.001997, Lr0=0.000083Lr1=0.000831, time=0.52s
2026-03-14 16:01:21 | INFO | Validation — loss=0.1135, acc=0.9486, f1=0.9403, recall=0.9614, precision=0.9255
2026-03-14 16:01:21 | INFO | [Epoch 027] total_loss=0.001261, Lr0=0.000082Lr1=0.000819, time=0.51s
2026-03-14 16:01:22 | INFO | Validation — loss=0.1597, acc=0.9318, f1=0.9219, recall=0.9493, precision=0.9051
2026-03-14 16:01:23 | INFO | [Epoch 028] total_loss=0.001678, Lr0=0.000081Lr1=0.000807, time=0.51s
2026-03-14 16:01:23 | INFO | Validation — loss=0.1270, acc=0.9417, f1=0.9326, recall=0.9556, precision=0.9171
2026-03-14 16:01:24 | INFO | [Epoch 029] total_loss=0.001466, Lr0=0.000080Lr1=0.000794, time=0.50s
2026-03-14 16:01:25 | INFO | Validation — loss=0.1133, acc=0.9484, f1=0.9399, recall=0.9596, precision=0.9257
2026-03-14 16:01:25 | INFO | [Epoch 030] total_loss=0.001512, Lr0=0.000078Lr1=0.000781, time=0.51s
2026-03-14 16:01:26 | INFO | Validation — loss=0.0597, acc=0.976, f1=0.9713, recall=0.9779, precision=0.9653
2026-03-14 16:01:27 | INFO | [Epoch 031] total_loss=0.001339, Lr0=0.000077Lr1=0.000768, time=0.55s
2026-03-14 16:01:27 | INFO | Validation — loss=0.0673, acc=0.973, f1=0.9676, recall=0.9728, precision=0.9629
2026-03-14 16:01:28 | INFO | Model forward EncoderClassifierModel(
  (encoder): CNNEncoder(
    (cnn_layers): Sequential(
      (0): Conv1d(1, 32, kernel_size=(10,), stride=(1,))
      (1): BatchNorm1d(32, eps=1e-05, momentum=0.1, affine=True, track_running_stats=True)
      (2): ReLU()
      (3): MaxPool1d(kernel_size=2, stride=2, padding=0, dilation=1, ceil_mode=False)
      (4): Dropout(p=0.0, inplace=False)
      (5): Conv1d(32, 64, kernel_size=(10,), stride=(1,))
      (6): BatchNorm1d(64, eps=1e-05, momentum=0.1, affine=True, track_running_stats=True)
      (7): ReLU()
      (8): MaxPool1d(kernel_size=2, stride=2, padding=0, dilation=1, ceil_mode=False)
      (9): Dropout(p=0.0, inplace=False)
      (10): Conv1d(64, 128, kernel_size=(10,), stride=(1,))
      (11): BatchNorm1d(128, eps=1e-05, momentum=0.1, affine=True, track_running_stats=True)
      (12): ReLU()
      (13): MaxPool1d(kernel_size=2, stride=2, padding=0, dilation=1, ceil_mode=False)
      (14): Dropout(p=0.0, inplace=False)
      (15): Conv1d(128, 256, kernel_size=(10,), stride=(1,))
      (16): BatchNorm1d(256, eps=1e-05, momentum=0.1, affine=True, track_running_stats=True)
      (17): ReLU()
      (18): MaxPool1d(kernel_size=2, stride=2, padding=0, dilation=1, ceil_mode=False)
      (19): Dropout(p=0.0, inplace=False)
    )
    (linear_layer): Sequential(
      (0): Linear(in_features=18176, out_features=64, bias=True)
      (1): ReLU()
    )
  )
  (classifier): Linear(in_features=64, out_features=1, bias=True)
  (loss_fn): BCEWithLogitsLoss()
)
2026-03-14 16:01:28 | INFO | [Epoch 032] total_loss=0.000781, Lr0=0.000076Lr1=0.000755, time=0.53s
2026-03-14 16:01:28 | INFO | [Epoch 000] total_loss=0.624532, Lr0=0.000100Lr1=0.001000, time=0.55s
2026-03-14 16:01:29 | INFO | Validation — loss=0.0834, acc=0.967, f1=0.9605, recall=0.9667, precision=0.9549
2026-03-14 16:01:29 | INFO | [Epoch 033] total_loss=0.001323, Lr0=0.000074Lr1=0.000741, time=0.53s
2026-03-14 16:01:29 | INFO | Validation — loss=0.6168, acc=0.6972, f1=0.4108, recall=0.5, precision=0.3486
2026-03-14 16:01:29 | INFO | Best model logged 0.4108
2026-03-14 16:01:30 | INFO | Validation — loss=0.0736, acc=0.9696, f1=0.9633, recall=0.9659, precision=0.9608
2026-03-14 16:01:30 | INFO | [Epoch 001] total_loss=0.427082, Lr0=0.000100Lr1=0.000999, time=0.53s
2026-03-14 16:01:31 | INFO | [Epoch 034] total_loss=0.000695, Lr0=0.000073Lr1=0.000727, time=0.55s
2026-03-14 16:01:31 | INFO | Validation — loss=0.0696, acc=0.9714, f1=0.9656, recall=0.9691, precision=0.9623
2026-03-14 16:01:31 | INFO | Validation — loss=1.1743, acc=0.6972, f1=0.4108, recall=0.5, precision=0.3486
2026-03-14 16:01:32 | INFO | [Epoch 035] total_loss=0.000724, Lr0=0.000072Lr1=0.000713, time=0.54s
2026-03-14 16:01:32 | INFO | [Epoch 002] total_loss=0.248078, Lr0=0.000100Lr1=0.000998, time=0.57s
2026-03-14 16:01:33 | INFO | Validation — loss=0.0861, acc=0.9631, f1=0.9561, recall=0.9646, precision=0.9486
2026-03-14 16:01:33 | INFO | Validation — loss=1.7437, acc=0.6972, f1=0.4108, recall=0.5, precision=0.3486
2026-03-14 16:01:33 | INFO | [Epoch 036] total_loss=0.000499, Lr0=0.000070Lr1=0.000699, time=0.54s
2026-03-14 16:01:34 | INFO | [Epoch 003] total_loss=0.195150, Lr0=0.000100Lr1=0.000996, time=0.57s
2026-03-14 16:01:34 | INFO | Validation — loss=0.0972, acc=0.9562, f1=0.9483, recall=0.9616, precision=0.9376
2026-03-14 16:01:35 | INFO | [Epoch 037] total_loss=0.000565, Lr0=0.000069Lr1=0.000684, time=0.60s
2026-03-14 16:01:35 | INFO | Validation — loss=1.1757, acc=0.6972, f1=0.4108, recall=0.5, precision=0.3486
2026-03-14 16:01:35 | INFO | Validation — loss=0.0913, acc=0.9601, f1=0.9527, recall=0.9639, precision=0.9434
2026-03-14 16:01:35 | INFO | [Epoch 004] total_loss=0.144141, Lr0=0.000099Lr1=0.000994, time=0.56s
2026-03-14 16:01:36 | INFO | [Epoch 038] total_loss=0.000294, Lr0=0.000067Lr1=0.000670, time=0.52s
2026-03-14 16:01:37 | INFO | Validation — loss=0.1025, acc=0.956, f1=0.9482, recall=0.9629, precision=0.9366
2026-03-14 16:01:37 | INFO | Validation — loss=1.1716, acc=0.6972, f1=0.4108, recall=0.5, precision=0.3486
2026-03-14 16:01:37 | INFO | [Epoch 039] total_loss=0.000291, Lr0=0.000066Lr1=0.000655, time=0.59s
2026-03-14 16:01:37 | INFO | [Epoch 005] total_loss=0.099798, Lr0=0.000099Lr1=0.000991, time=0.54s
2026-03-14 16:01:38 | INFO | Validation — loss=0.1068, acc=0.955, f1=0.9472, recall=0.9629, precision=0.935
2026-03-14 16:01:38 | INFO | Early stopping at epoch 39. Best: 0.976200
2026-03-14 16:01:38 | INFO | Training complete.
2026-03-14 16:01:38 | INFO | Best checkpoint: ./save/cnn_overlap_new/contrastive_SWELLDataset/finetuned_best_12.pt
2026-03-14 16:01:39 | INFO | Validation — loss=1.0618, acc=0.6972, f1=0.4108, recall=0.5, precision=0.3486
2026-03-14 16:01:39 | INFO | [Epoch 006] total_loss=0.096407, Lr0=0.000099Lr1=0.000988, time=0.56s
2026-03-14 16:01:40 | INFO | Validation — loss=2.0263, acc=0.6972, f1=0.4108, recall=0.5, precision=0.3486
2026-03-14 16:01:41 | INFO | [Epoch 007] total_loss=0.069164, Lr0=0.000098Lr1=0.000984, time=0.58s
2026-03-14 16:01:42 | INFO | Validation — loss=0.7195, acc=0.6972, f1=0.4108, recall=0.5, precision=0.3486
2026-03-14 16:01:43 | INFO | [Epoch 008] total_loss=0.047770, Lr0=0.000098Lr1=0.000980, time=0.57s
2026-03-14 16:01:44 | INFO | Validation — loss=0.6146, acc=0.4825, f1=0.4745, recall=0.6289, precision=0.6846
2026-03-14 16:01:44 | INFO | Best model logged 0.4745
2026-03-14 16:01:45 | INFO | [Epoch 009] total_loss=0.032510, Lr0=0.000098Lr1=0.000976, time=0.55s
2026-03-14 16:01:46 | INFO | Validation — loss=0.1577, acc=0.9381, f1=0.9234, recall=0.9059, precision=0.9474
2026-03-14 16:01:46 | INFO | Best model logged 0.9234
2026-03-14 16:01:47 | INFO | [Epoch 010] total_loss=0.030579, Lr0=0.000097Lr1=0.000970, time=0.59s
2026-03-14 16:01:48 | INFO | Validation — loss=0.3214, acc=0.8983, f1=0.8725, recall=0.8535, precision=0.9012
2026-03-14 16:01:48 | INFO | [Epoch 011] total_loss=0.029055, Lr0=0.000097Lr1=0.000965, time=0.55s
2026-03-14 16:01:48 | INFO | Model forward EncoderClassifierModel(
  (encoder): CNNEncoder(
    (cnn_layers): Sequential(
      (0): Conv1d(1, 32, kernel_size=(10,), stride=(1,))
      (1): BatchNorm1d(32, eps=1e-05, momentum=0.1, affine=True, track_running_stats=True)
      (2): ReLU()
      (3): MaxPool1d(kernel_size=2, stride=2, padding=0, dilation=1, ceil_mode=False)
      (4): Dropout(p=0.0, inplace=False)
      (5): Conv1d(32, 64, kernel_size=(10,), stride=(1,))
      (6): BatchNorm1d(64, eps=1e-05, momentum=0.1, affine=True, track_running_stats=True)
      (7): ReLU()
      (8): MaxPool1d(kernel_size=2, stride=2, padding=0, dilation=1, ceil_mode=False)
      (9): Dropout(p=0.0, inplace=False)
      (10): Conv1d(64, 128, kernel_size=(10,), stride=(1,))
      (11): BatchNorm1d(128, eps=1e-05, momentum=0.1, affine=True, track_running_stats=True)
      (12): ReLU()
      (13): MaxPool1d(kernel_size=2, stride=2, padding=0, dilation=1, ceil_mode=False)
      (14): Dropout(p=0.0, inplace=False)
      (15): Conv1d(128, 256, kernel_size=(10,), stride=(1,))
      (16): BatchNorm1d(256, eps=1e-05, momentum=0.1, affine=True, track_running_stats=True)
      (17): ReLU()
      (18): MaxPool1d(kernel_size=2, stride=2, padding=0, dilation=1, ceil_mode=False)
      (19): Dropout(p=0.0, inplace=False)
    )
    (linear_layer): Sequential(
      (0): Linear(in_features=18176, out_features=64, bias=True)
      (1): ReLU()
    )
  )
  (classifier): Linear(in_features=64, out_features=1, bias=True)
  (loss_fn): BCEWithLogitsLoss()
)
2026-03-14 16:01:49 | INFO | [Epoch 000] total_loss=0.610245, Lr0=0.000100Lr1=0.001000, time=0.52s
2026-03-14 16:01:50 | INFO | Validation — loss=0.6862, acc=0.6984, f1=0.6949, recall=0.7773, precision=0.7421
2026-03-14 16:01:50 | INFO | Validation — loss=0.6297, acc=0.6972, f1=0.4108, recall=0.5, precision=0.3486
2026-03-14 16:01:50 | INFO | Best model logged 0.4108
2026-03-14 16:01:50 | INFO | [Epoch 012] total_loss=0.025051, Lr0=0.000096Lr1=0.000959, time=0.57s
2026-03-14 16:01:50 | INFO | [Epoch 001] total_loss=0.398134, Lr0=0.000100Lr1=0.000999, time=0.51s
2026-03-14 16:01:51 | INFO | Validation — loss=0.8590, acc=0.6972, f1=0.4108, recall=0.5, precision=0.3486
2026-03-14 16:01:51 | INFO | Validation — loss=0.1365, acc=0.9522, f1=0.9457, recall=0.9657, precision=0.9319
2026-03-14 16:01:51 | INFO | Best model logged 0.9457
2026-03-14 16:01:52 | INFO | [Epoch 002] total_loss=0.251228, Lr0=0.000100Lr1=0.000998, time=0.53s
2026-03-14 16:01:52 | INFO | [Epoch 013] total_loss=0.024545, Lr0=0.000095Lr1=0.000952, time=0.57s
2026-03-14 16:01:52 | INFO | Validation — loss=1.0981, acc=0.6972, f1=0.4108, recall=0.5, precision=0.3486
2026-03-14 16:01:53 | INFO | [Epoch 003] total_loss=0.165165, Lr0=0.000100Lr1=0.000996, time=0.55s
2026-03-14 16:01:53 | INFO | Validation — loss=0.7890, acc=0.7277, f1=0.7236, recall=0.8047, precision=0.7633
2026-03-14 16:01:54 | INFO | [Epoch 014] total_loss=0.009541, Lr0=0.000095Lr1=0.000946, time=0.55s
2026-03-14 16:01:54 | INFO | Validation — loss=1.4041, acc=0.6972, f1=0.4108, recall=0.5, precision=0.3486
2026-03-14 16:01:54 | INFO | [Epoch 004] total_loss=0.118985, Lr0=0.000099Lr1=0.000994, time=0.53s
2026-03-14 16:01:55 | INFO | Validation — loss=0.2337, acc=0.9188, f1=0.91, recall=0.9418, precision=0.8943
2026-03-14 16:01:55 | INFO | Validation — loss=2.1165, acc=0.6972, f1=0.4108, recall=0.5, precision=0.3486
2026-03-14 16:01:56 | INFO | [Epoch 015] total_loss=0.009715, Lr0=0.000094Lr1=0.000938, time=0.56s
2026-03-14 16:01:56 | INFO | [Epoch 005] total_loss=0.150663, Lr0=0.000099Lr1=0.000991, time=0.55s
2026-03-14 16:01:57 | INFO | Validation — loss=2.1092, acc=0.6972, f1=0.4108, recall=0.5, precision=0.3486
2026-03-14 16:01:57 | INFO | Validation — loss=1.2505, acc=0.5678, f1=0.5672, recall=0.69, precision=0.706
2026-03-14 16:01:57 | INFO | [Epoch 006] total_loss=0.077211, Lr0=0.000099Lr1=0.000988, time=0.53s
2026-03-14 16:01:57 | INFO | [Epoch 016] total_loss=0.019353, Lr0=0.000093Lr1=0.000930, time=0.56s
2026-03-14 16:01:58 | INFO | Validation — loss=1.9070, acc=0.6972, f1=0.4108, recall=0.5, precision=0.3486
2026-03-14 16:01:58 | INFO | [Epoch 007] total_loss=0.058822, Lr0=0.000098Lr1=0.000984, time=0.52s
2026-03-14 16:01:59 | INFO | Validation — loss=0.6236, acc=0.7823, f1=0.7753, recall=0.8439, precision=0.7909
2026-03-14 16:01:59 | INFO | [Epoch 017] total_loss=0.013158, Lr0=0.000092Lr1=0.000922, time=0.59s
2026-03-14 16:01:59 | INFO | Validation — loss=2.0190, acc=0.6972, f1=0.4108, recall=0.5, precision=0.3486
2026-03-14 16:02:00 | INFO | [Epoch 008] total_loss=0.052029, Lr0=0.000098Lr1=0.000980, time=0.53s
2026-03-14 16:02:00 | INFO | Validation — loss=1.5005, acc=0.4832, f1=0.4769, recall=0.6232, precision=0.6666
2026-03-14 16:02:01 | INFO | Validation — loss=2.7620, acc=0.6972, f1=0.4108, recall=0.5, precision=0.3486
2026-03-14 16:02:01 | INFO | [Epoch 018] total_loss=0.014447, Lr0=0.000091Lr1=0.000914, time=0.57s
2026-03-14 16:02:01 | INFO | [Epoch 009] total_loss=0.044054, Lr0=0.000098Lr1=0.000976, time=0.54s
2026-03-14 16:02:02 | INFO | Validation — loss=0.9665, acc=0.6972, f1=0.4108, recall=0.5, precision=0.3486
2026-03-14 16:02:02 | INFO | Validation — loss=0.6600, acc=0.7568, f1=0.7511, recall=0.8256, precision=0.7773
2026-03-14 16:02:02 | INFO | [Epoch 010] total_loss=0.035539, Lr0=0.000097Lr1=0.000970, time=0.56s
2026-03-14 16:02:03 | INFO | [Epoch 019] total_loss=0.010717, Lr0=0.000091Lr1=0.000905, time=0.60s
2026-03-14 16:02:03 | INFO | Validation — loss=0.3214, acc=0.8373, f1=0.7642, recall=0.7314, precision=0.9054
2026-03-14 16:02:03 | INFO | Best model logged 0.7642
2026-03-14 16:02:04 | INFO | [Epoch 011] total_loss=0.036120, Lr0=0.000097Lr1=0.000965, time=0.51s
2026-03-14 16:02:04 | INFO | Validation — loss=2.3960, acc=0.3353, f1=0.2829, recall=0.5233, precision=0.6565
2026-03-14 16:02:05 | INFO | Validation — loss=0.1180, acc=0.9626, f1=0.9545, recall=0.9428, precision=0.9688
2026-03-14 16:02:05 | INFO | Best model logged 0.9545
2026-03-14 16:02:05 | INFO | [Epoch 020] total_loss=0.007189, Lr0=0.000090Lr1=0.000895, time=0.59s
2026-03-14 16:02:05 | INFO | [Epoch 012] total_loss=0.022215, Lr0=0.000096Lr1=0.000959, time=0.54s
2026-03-14 16:02:06 | INFO | Validation — loss=0.0633, acc=0.9791, f1=0.9757, recall=0.985, precision=0.9677
2026-03-14 16:02:06 | INFO | Best model logged 0.9757
2026-03-14 16:02:06 | INFO | Validation — loss=0.1780, acc=0.928, f1=0.908, recall=0.8815, precision=0.9524
2026-03-14 16:02:06 | INFO | [Epoch 021] total_loss=0.003953, Lr0=0.000089Lr1=0.000885, time=0.55s
2026-03-14 16:02:07 | INFO | [Epoch 013] total_loss=0.022577, Lr0=0.000095Lr1=0.000952, time=0.52s
2026-03-14 16:02:07 | INFO | Validation — loss=0.1742, acc=0.9348, f1=0.9175, recall=0.8929, precision=0.9566
2026-03-14 16:02:08 | INFO | Validation — loss=0.3499, acc=0.884, f1=0.8742, recall=0.9168, precision=0.8615
2026-03-14 16:02:08 | INFO | [Epoch 014] total_loss=0.019685, Lr0=0.000095Lr1=0.000946, time=0.52s
2026-03-14 16:02:08 | INFO | [Epoch 022] total_loss=0.002625, Lr0=0.000088Lr1=0.000875, time=0.56s
2026-03-14 16:02:09 | INFO | Validation — loss=0.3683, acc=0.8555, f1=0.7963, recall=0.7614, precision=0.9141
2026-03-14 16:02:09 | INFO | [Epoch 015] total_loss=0.032802, Lr0=0.000094Lr1=0.000938, time=0.56s
2026-03-14 16:02:10 | INFO | Validation — loss=0.6125, acc=0.8094, f1=0.8011, recall=0.8633, precision=0.8068
2026-03-14 16:02:10 | INFO | Validation — loss=0.2406, acc=0.9089, f1=0.8808, recall=0.8496, precision=0.9422
2026-03-14 16:02:10 | INFO | [Epoch 023] total_loss=0.002039, Lr0=0.000087Lr1=0.000865, time=0.54s
2026-03-14 16:02:10 | INFO | [Epoch 016] total_loss=0.022155, Lr0=0.000093Lr1=0.000930, time=0.52s
2026-03-14 16:02:11 | INFO | Validation — loss=0.6117, acc=0.8156, f1=0.7226, recall=0.6955, precision=0.8954
2026-03-14 16:02:11 | INFO | Validation — loss=0.4381, acc=0.861, f1=0.8513, recall=0.9003, precision=0.8427
2026-03-14 16:02:12 | INFO | [Epoch 017] total_loss=0.013955, Lr0=0.000092Lr1=0.000922, time=0.53s
2026-03-14 16:02:12 | INFO | [Epoch 024] total_loss=0.001852, Lr0=0.000086Lr1=0.000854, time=0.58s
2026-03-14 16:02:13 | INFO | Validation — loss=0.3331, acc=0.8672, f1=0.816, recall=0.7807, precision=0.92
2026-03-14 16:02:13 | INFO | [Epoch 018] total_loss=0.009356, Lr0=0.000091Lr1=0.000914, time=0.52s
2026-03-14 16:02:13 | INFO | Validation — loss=0.6166, acc=0.7932, f1=0.7857, recall=0.8517, precision=0.7971
2026-03-14 16:02:14 | INFO | [Epoch 025] total_loss=0.001095, Lr0=0.000084Lr1=0.000842, time=0.54s
2026-03-14 16:02:14 | INFO | Validation — loss=0.2371, acc=0.9014, f1=0.8698, recall=0.8373, precision=0.9376
2026-03-14 16:02:14 | INFO | [Epoch 019] total_loss=0.004260, Lr0=0.000091Lr1=0.000905, time=0.55s
2026-03-14 16:02:15 | INFO | Validation — loss=1.0788, acc=0.6567, f1=0.6558, recall=0.7538, precision=0.7343
2026-03-14 16:02:15 | INFO | Validation — loss=0.1407, acc=0.95, f1=0.9378, recall=0.9181, precision=0.9656
2026-03-14 16:02:15 | INFO | [Epoch 026] total_loss=0.000903, Lr0=0.000083Lr1=0.000831, time=0.58s
2026-03-14 16:02:16 | INFO | [Epoch 020] total_loss=0.003851, Lr0=0.000090Lr1=0.000895, time=0.58s
2026-03-14 16:02:17 | INFO | Validation — loss=0.2075, acc=0.9158, f1=0.8908, recall=0.861, precision=0.9461
2026-03-14 16:02:17 | INFO | Validation — loss=0.9982, acc=0.6799, f1=0.6782, recall=0.7705, precision=0.7431
2026-03-14 16:02:17 | INFO | [Epoch 021] total_loss=0.008244, Lr0=0.000089Lr1=0.000885, time=0.53s
2026-03-14 16:02:17 | INFO | [Epoch 027] total_loss=0.000989, Lr0=0.000082Lr1=0.000819, time=0.56s
2026-03-14 16:02:18 | INFO | Validation — loss=0.5936, acc=0.7827, f1=0.6529, recall=0.6413, precision=0.8812
2026-03-14 16:02:19 | INFO | [Epoch 022] total_loss=0.018424, Lr0=0.000088Lr1=0.000875, time=0.53s
2026-03-14 16:02:19 | INFO | Validation — loss=0.7315, acc=0.7505, f1=0.7451, recall=0.821, precision=0.7741
2026-03-14 16:02:19 | INFO | [Epoch 028] total_loss=0.000675, Lr0=0.000081Lr1=0.000807, time=0.55s
2026-03-14 16:02:19 | INFO | Validation — loss=0.1808, acc=0.9346, f1=0.9171, recall=0.892, precision=0.9571
2026-03-14 16:02:20 | INFO | [Epoch 023] total_loss=0.018036, Lr0=0.000087Lr1=0.000865, time=0.54s
2026-03-14 16:02:20 | INFO | Validation — loss=0.6245, acc=0.7807, f1=0.7738, recall=0.8427, precision=0.79
2026-03-14 16:02:21 | INFO | Validation — loss=0.9237, acc=0.4712, f1=0.4667, recall=0.6008, precision=0.6279
2026-03-14 16:02:21 | INFO | [Epoch 029] total_loss=0.000783, Lr0=0.000080Lr1=0.000794, time=0.55s
2026-03-14 16:02:21 | INFO | [Epoch 024] total_loss=0.008875, Lr0=0.000086Lr1=0.000854, time=0.52s
2026-03-14 16:02:22 | INFO | Validation — loss=0.3773, acc=0.8596, f1=0.8034, recall=0.7682, precision=0.9162
2026-03-14 16:02:22 | INFO | Validation — loss=0.6944, acc=0.7593, f1=0.7535, recall=0.8274, precision=0.7786
2026-03-14 16:02:23 | INFO | [Epoch 025] total_loss=0.005686, Lr0=0.000084Lr1=0.000842, time=0.56s
2026-03-14 16:02:23 | INFO | [Epoch 030] total_loss=0.000613, Lr0=0.000078Lr1=0.000781, time=0.59s
2026-03-14 16:02:23 | INFO | Validation — loss=0.2579, acc=0.8965, f1=0.8624, recall=0.8292, precision=0.9354
2026-03-14 16:02:24 | INFO | Validation — loss=0.8327, acc=0.7195, f1=0.7158, recall=0.7989, precision=0.7596
2026-03-14 16:02:24 | INFO | [Epoch 026] total_loss=0.003589, Lr0=0.000083Lr1=0.000831, time=0.50s
2026-03-14 16:02:25 | INFO | [Epoch 031] total_loss=0.000512, Lr0=0.000077Lr1=0.000768, time=0.58s
2026-03-14 16:02:25 | INFO | Validation — loss=0.5084, acc=0.8176, f1=0.7267, recall=0.6989, precision=0.8963
2026-03-14 16:02:25 | INFO | [Epoch 027] total_loss=0.002735, Lr0=0.000082Lr1=0.000819, time=0.55s
2026-03-14 16:02:26 | INFO | Validation — loss=0.7789, acc=0.7361, f1=0.7315, recall=0.8108, precision=0.7672
2026-03-14 16:02:26 | INFO | Validation — loss=0.5708, acc=0.8043, f1=0.6998, recall=0.6769, precision=0.8904
2026-03-14 16:02:26 | INFO | [Epoch 032] total_loss=0.000994, Lr0=0.000076Lr1=0.000755, time=0.57s
2026-03-14 16:02:27 | INFO | [Epoch 028] total_loss=0.002536, Lr0=0.000081Lr1=0.000807, time=0.55s
2026-03-14 16:02:28 | INFO | Validation — loss=0.6423, acc=0.8032, f1=0.6974, recall=0.675, precision=0.8899
2026-03-14 16:02:28 | INFO | Validation — loss=0.8756, acc=0.7141, f1=0.7107, recall=0.7949, precision=0.7571
2026-03-14 16:02:28 | INFO | [Epoch 029] total_loss=0.001007, Lr0=0.000080Lr1=0.000794, time=0.55s
2026-03-14 16:02:28 | INFO | [Epoch 033] total_loss=0.000586, Lr0=0.000074Lr1=0.000741, time=0.55s
2026-03-14 16:02:29 | INFO | Validation — loss=0.6282, acc=0.805, f1=0.7012, recall=0.678, precision=0.8907
2026-03-14 16:02:29 | INFO | Validation — loss=0.5925, acc=0.8096, f1=0.8013, recall=0.8635, precision=0.807
2026-03-14 16:02:29 | INFO | [Epoch 030] total_loss=0.001120, Lr0=0.000078Lr1=0.000781, time=0.60s
2026-03-14 16:02:30 | INFO | [Epoch 034] total_loss=0.001237, Lr0=0.000073Lr1=0.000727, time=0.58s
2026-03-14 16:02:30 | INFO | Validation — loss=0.3774, acc=0.8617, f1=0.8069, recall=0.7716, precision=0.9172
2026-03-14 16:02:31 | INFO | [Epoch 031] total_loss=0.001176, Lr0=0.000077Lr1=0.000768, time=0.52s
2026-03-14 16:02:31 | INFO | Validation — loss=0.7010, acc=0.7641, f1=0.758, recall=0.8308, precision=0.781
2026-03-14 16:02:32 | INFO | Validation — loss=0.3185, acc=0.8789, f1=0.835, recall=0.8, precision=0.926
2026-03-14 16:02:32 | INFO | Early stopping at epoch 31. Best: 0.954500
2026-03-14 16:02:32 | INFO | Training complete.
2026-03-14 16:02:32 | INFO | Best checkpoint: ./save/cnn_overlap_new/contrastive_SWELLDataset/finetuned_best_13.pt
2026-03-14 16:02:32 | INFO | [Epoch 035] total_loss=0.000600, Lr0=0.000072Lr1=0.000713, time=0.56s
2026-03-14 16:02:33 | INFO | Validation — loss=0.7852, acc=0.7448, f1=0.7397, recall=0.817, precision=0.7713
2026-03-14 16:02:34 | INFO | [Epoch 036] total_loss=0.000697, Lr0=0.000070Lr1=0.000699, time=0.59s
2026-03-14 16:02:35 | INFO | Validation — loss=0.7252, acc=0.7577, f1=0.752, recall=0.8263, precision=0.7778
2026-03-14 16:02:35 | INFO | [Epoch 037] total_loss=0.000470, Lr0=0.000069Lr1=0.000684, time=0.55s
2026-03-14 16:02:37 | INFO | Validation — loss=0.7063, acc=0.7577, f1=0.752, recall=0.8263, precision=0.7778
2026-03-14 16:02:37 | INFO | [Epoch 038] total_loss=0.000311, Lr0=0.000067Lr1=0.000670, time=0.56s
2026-03-14 16:02:38 | INFO | Validation — loss=0.6964, acc=0.7596, f1=0.7537, recall=0.8276, precision=0.7787
2026-03-14 16:02:39 | INFO | [Epoch 039] total_loss=0.000501, Lr0=0.000066Lr1=0.000655, time=0.58s
2026-03-14 16:02:40 | INFO | Validation — loss=0.8146, acc=0.7286, f1=0.7244, recall=0.8054, precision=0.7637
2026-03-14 16:02:41 | INFO | [Epoch 040] total_loss=0.000612, Lr0=0.000064Lr1=0.000640, time=0.57s
2026-03-14 16:02:42 | INFO | Validation — loss=0.8106, acc=0.7291, f1=0.7249, recall=0.8057, precision=0.7639
2026-03-14 16:02:42 | INFO | Early stopping at epoch 40. Best: 0.975700
2026-03-14 16:02:42 | INFO | Training complete.
2026-03-14 16:02:42 | INFO | Best checkpoint: ./save/cnn_overlap_new/contrastive_SWELLDataset/finetuned_best_9.pt
2026-03-14 16:02:42 | INFO | Model forward EncoderClassifierModel(
  (encoder): CNNEncoder(
    (cnn_layers): Sequential(
      (0): Conv1d(1, 32, kernel_size=(10,), stride=(1,))
      (1): BatchNorm1d(32, eps=1e-05, momentum=0.1, affine=True, track_running_stats=True)
      (2): ReLU()
      (3): MaxPool1d(kernel_size=2, stride=2, padding=0, dilation=1, ceil_mode=False)
      (4): Dropout(p=0.0, inplace=False)
      (5): Conv1d(32, 64, kernel_size=(10,), stride=(1,))
      (6): BatchNorm1d(64, eps=1e-05, momentum=0.1, affine=True, track_running_stats=True)
      (7): ReLU()
      (8): MaxPool1d(kernel_size=2, stride=2, padding=0, dilation=1, ceil_mode=False)
      (9): Dropout(p=0.0, inplace=False)
      (10): Conv1d(64, 128, kernel_size=(10,), stride=(1,))
      (11): BatchNorm1d(128, eps=1e-05, momentum=0.1, affine=True, track_running_stats=True)
      (12): ReLU()
      (13): MaxPool1d(kernel_size=2, stride=2, padding=0, dilation=1, ceil_mode=False)
      (14): Dropout(p=0.0, inplace=False)
      (15): Conv1d(128, 256, kernel_size=(10,), stride=(1,))
      (16): BatchNorm1d(256, eps=1e-05, momentum=0.1, affine=True, track_running_stats=True)
      (17): ReLU()
      (18): MaxPool1d(kernel_size=2, stride=2, padding=0, dilation=1, ceil_mode=False)
      (19): Dropout(p=0.0, inplace=False)
    )
    (linear_layer): Sequential(
      (0): Linear(in_features=18176, out_features=64, bias=True)
      (1): ReLU()
    )
  )
  (classifier): Linear(in_features=64, out_features=1, bias=True)
  (loss_fn): BCEWithLogitsLoss()
)
2026-03-14 16:02:43 | INFO | [Epoch 000] total_loss=0.619215, Lr0=0.000100Lr1=0.001000, time=0.53s
2026-03-14 16:02:43 | INFO | Validation — loss=0.6148, acc=0.6951, f1=0.4101, recall=0.5, precision=0.3475
2026-03-14 16:02:43 | INFO | Best model logged 0.4101
2026-03-14 16:02:44 | INFO | [Epoch 001] total_loss=0.428814, Lr0=0.000100Lr1=0.000999, time=0.55s
2026-03-14 16:02:45 | INFO | Validation — loss=1.3898, acc=0.6951, f1=0.4101, recall=0.5, precision=0.3475
2026-03-14 16:02:45 | INFO | [Epoch 002] total_loss=0.252698, Lr0=0.000100Lr1=0.000998, time=0.55s
2026-03-14 16:02:46 | INFO | Validation — loss=2.1892, acc=0.6951, f1=0.4101, recall=0.5, precision=0.3475
2026-03-14 16:02:47 | INFO | [Epoch 003] total_loss=0.155370, Lr0=0.000100Lr1=0.000996, time=0.55s
2026-03-14 16:02:48 | INFO | Validation — loss=2.8701, acc=0.6951, f1=0.4101, recall=0.5, precision=0.3475
2026-03-14 16:02:48 | INFO | [Epoch 004] total_loss=0.146616, Lr0=0.000099Lr1=0.000994, time=0.53s
2026-03-14 16:02:49 | INFO | Validation — loss=3.1402, acc=0.6951, f1=0.4101, recall=0.5, precision=0.3475
2026-03-14 16:02:50 | INFO | [Epoch 005] total_loss=0.125107, Lr0=0.000099Lr1=0.000991, time=0.56s
2026-03-14 16:02:50 | INFO | Validation — loss=2.4544, acc=0.6951, f1=0.4101, recall=0.5, precision=0.3475
2026-03-14 16:02:51 | INFO | [Epoch 006] total_loss=0.136957, Lr0=0.000099Lr1=0.000988, time=0.53s
2026-03-14 16:02:52 | INFO | Validation — loss=0.9938, acc=0.6951, f1=0.4101, recall=0.5, precision=0.3475
2026-03-14 16:02:52 | INFO | [Epoch 007] total_loss=0.090888, Lr0=0.000098Lr1=0.000984, time=0.52s
2026-03-14 16:02:53 | INFO | Model forward EncoderClassifierModel(
  (encoder): CNNEncoder(
    (cnn_layers): Sequential(
      (0): Conv1d(1, 32, kernel_size=(10,), stride=(1,))
      (1): BatchNorm1d(32, eps=1e-05, momentum=0.1, affine=True, track_running_stats=True)
      (2): ReLU()
      (3): MaxPool1d(kernel_size=2, stride=2, padding=0, dilation=1, ceil_mode=False)
      (4): Dropout(p=0.0, inplace=False)
      (5): Conv1d(32, 64, kernel_size=(10,), stride=(1,))
      (6): BatchNorm1d(64, eps=1e-05, momentum=0.1, affine=True, track_running_stats=True)
      (7): ReLU()
      (8): MaxPool1d(kernel_size=2, stride=2, padding=0, dilation=1, ceil_mode=False)
      (9): Dropout(p=0.0, inplace=False)
      (10): Conv1d(64, 128, kernel_size=(10,), stride=(1,))
      (11): BatchNorm1d(128, eps=1e-05, momentum=0.1, affine=True, track_running_stats=True)
      (12): ReLU()
      (13): MaxPool1d(kernel_size=2, stride=2, padding=0, dilation=1, ceil_mode=False)
      (14): Dropout(p=0.0, inplace=False)
      (15): Conv1d(128, 256, kernel_size=(10,), stride=(1,))
      (16): BatchNorm1d(256, eps=1e-05, momentum=0.1, affine=True, track_running_stats=True)
      (17): ReLU()
      (18): MaxPool1d(kernel_size=2, stride=2, padding=0, dilation=1, ceil_mode=False)
      (19): Dropout(p=0.0, inplace=False)
    )
    (linear_layer): Sequential(
      (0): Linear(in_features=18176, out_features=64, bias=True)
      (1): ReLU()
    )
  )
  (classifier): Linear(in_features=64, out_features=1, bias=True)
  (loss_fn): BCEWithLogitsLoss()
)
2026-03-14 16:02:53 | INFO | Validation — loss=0.4993, acc=0.6951, f1=0.4101, recall=0.5, precision=0.3475
2026-03-14 16:02:53 | INFO | [Epoch 000] total_loss=0.612637, Lr0=0.000100Lr1=0.001000, time=0.55s
2026-03-14 16:02:53 | INFO | [Epoch 008] total_loss=0.062863, Lr0=0.000098Lr1=0.000980, time=0.52s
2026-03-14 16:02:54 | INFO | Validation — loss=1.0142, acc=0.6951, f1=0.4101, recall=0.5, precision=0.3475
2026-03-14 16:02:55 | INFO | Validation — loss=0.6437, acc=0.7097, f1=0.4151, recall=0.5, precision=0.3549
2026-03-14 16:02:55 | INFO | Best model logged 0.4151
2026-03-14 16:02:55 | INFO | [Epoch 009] total_loss=0.057394, Lr0=0.000098Lr1=0.000976, time=0.52s
2026-03-14 16:02:55 | INFO | [Epoch 001] total_loss=0.436391, Lr0=0.000100Lr1=0.000999, time=0.54s
2026-03-14 16:02:56 | INFO | Validation — loss=0.2280, acc=0.862, f1=0.8086, recall=0.7737, precision=0.9172
2026-03-14 16:02:56 | INFO | Best model logged 0.8086
2026-03-14 16:02:56 | INFO | [Epoch 010] total_loss=0.039521, Lr0=0.000097Lr1=0.000970, time=0.53s
2026-03-14 16:02:56 | INFO | Validation — loss=0.6042, acc=0.7097, f1=0.4151, recall=0.5, precision=0.3549
2026-03-14 16:02:57 | INFO | [Epoch 002] total_loss=0.287165, Lr0=0.000100Lr1=0.000998, time=0.57s
2026-03-14 16:02:57 | INFO | Validation — loss=0.0083, acc=1.0, f1=1.0, recall=1.0, precision=1.0
2026-03-14 16:02:57 | INFO | Best model logged 1.0
2026-03-14 16:02:58 | INFO | [Epoch 011] total_loss=0.060644, Lr0=0.000097Lr1=0.000965, time=0.53s
2026-03-14 16:02:58 | INFO | Validation — loss=1.1698, acc=0.7097, f1=0.4151, recall=0.5, precision=0.3549
2026-03-14 16:02:58 | INFO | Validation — loss=0.0038, acc=1.0, f1=1.0, recall=1.0, precision=1.0
2026-03-14 16:02:59 | INFO | [Epoch 003] total_loss=0.190065, Lr0=0.000100Lr1=0.000996, time=0.57s
2026-03-14 16:02:59 | INFO | [Epoch 012] total_loss=0.050334, Lr0=0.000096Lr1=0.000959, time=0.55s
2026-03-14 16:03:00 | INFO | Validation — loss=0.0261, acc=0.9909, f1=0.9894, recall=0.9935, precision=0.9855
2026-03-14 16:03:00 | INFO | Validation — loss=1.9546, acc=0.7097, f1=0.4151, recall=0.5, precision=0.3549
2026-03-14 16:03:00 | INFO | [Epoch 013] total_loss=0.025698, Lr0=0.000095Lr1=0.000952, time=0.52s
2026-03-14 16:03:01 | INFO | [Epoch 004] total_loss=0.164647, Lr0=0.000099Lr1=0.000994, time=0.54s
2026-03-14 16:03:01 | INFO | Validation — loss=0.0125, acc=0.9955, f1=0.9947, recall=0.9967, precision=0.9927
2026-03-14 16:03:02 | INFO | [Epoch 014] total_loss=0.016909, Lr0=0.000095Lr1=0.000946, time=0.55s
2026-03-14 16:03:02 | INFO | Validation — loss=1.2938, acc=0.7097, f1=0.4151, recall=0.5, precision=0.3549
2026-03-14 16:03:02 | INFO | [Epoch 005] total_loss=0.111893, Lr0=0.000099Lr1=0.000991, time=0.58s
2026-03-14 16:03:03 | INFO | Validation — loss=0.0137, acc=0.9945, f1=0.9936, recall=0.9961, precision=0.9912
2026-03-14 16:03:03 | INFO | [Epoch 015] total_loss=0.025699, Lr0=0.000094Lr1=0.000938, time=0.51s
2026-03-14 16:03:04 | INFO | Validation — loss=1.1534, acc=0.7097, f1=0.4151, recall=0.5, precision=0.3549
2026-03-14 16:03:04 | INFO | Validation — loss=0.0090, acc=0.9961, f1=0.9955, recall=0.9972, precision=0.9937
2026-03-14 16:03:04 | INFO | [Epoch 006] total_loss=0.084015, Lr0=0.000099Lr1=0.000988, time=0.56s
2026-03-14 16:03:05 | INFO | [Epoch 016] total_loss=0.014720, Lr0=0.000093Lr1=0.000930, time=0.52s
2026-03-14 16:03:05 | INFO | Validation — loss=0.0706, acc=0.975, f1=0.9711, recall=0.982, precision=0.9621
2026-03-14 16:03:05 | INFO | Validation — loss=4.2040, acc=0.7097, f1=0.4151, recall=0.5, precision=0.3549
2026-03-14 16:03:06 | INFO | [Epoch 017] total_loss=0.011244, Lr0=0.000092Lr1=0.000922, time=0.58s
2026-03-14 16:03:06 | INFO | [Epoch 007] total_loss=0.095350, Lr0=0.000098Lr1=0.000984, time=0.59s
2026-03-14 16:03:07 | INFO | Validation — loss=0.0469, acc=0.9832, f1=0.9804, recall=0.9879, precision=0.9739
2026-03-14 16:03:07 | INFO | Validation — loss=2.8935, acc=0.7097, f1=0.4151, recall=0.5, precision=0.3549
2026-03-14 16:03:07 | INFO | [Epoch 018] total_loss=0.006768, Lr0=0.000091Lr1=0.000914, time=0.56s
2026-03-14 16:03:08 | INFO | [Epoch 008] total_loss=0.078795, Lr0=0.000098Lr1=0.000980, time=0.62s
2026-03-14 16:03:08 | INFO | Validation — loss=0.1336, acc=0.9493, f1=0.9427, recall=0.9635, precision=0.9287
2026-03-14 16:03:09 | INFO | [Epoch 019] total_loss=0.005094, Lr0=0.000091Lr1=0.000905, time=0.63s
2026-03-14 16:03:09 | INFO | Validation — loss=2.2533, acc=0.7097, f1=0.4151, recall=0.5, precision=0.3549
2026-03-14 16:03:10 | INFO | Validation — loss=0.1818, acc=0.935, f1=0.9273, recall=0.9532, precision=0.9121
2026-03-14 16:03:10 | INFO | [Epoch 009] total_loss=0.085849, Lr0=0.000098Lr1=0.000976, time=0.55s
2026-03-14 16:03:10 | INFO | [Epoch 020] total_loss=0.004224, Lr0=0.000090Lr1=0.000895, time=0.55s
2026-03-14 16:03:11 | INFO | Validation — loss=1.3755, acc=0.7097, f1=0.4151, recall=0.5, precision=0.3549
2026-03-14 16:03:11 | INFO | Validation — loss=0.0996, acc=0.9613, f1=0.9559, recall=0.9722, precision=0.9437
2026-03-14 16:03:11 | INFO | [Epoch 010] total_loss=0.044813, Lr0=0.000097Lr1=0.000970, time=0.54s
2026-03-14 16:03:12 | INFO | [Epoch 021] total_loss=0.007672, Lr0=0.000089Lr1=0.000885, time=0.55s
2026-03-14 16:03:12 | INFO | Validation — loss=0.0687, acc=0.9741, f1=0.9701, recall=0.9814, precision=0.9608
2026-03-14 16:03:13 | INFO | Validation — loss=0.9130, acc=0.7113, f1=0.421, recall=0.5028, precision=0.8554
2026-03-14 16:03:13 | INFO | Best model logged 0.421
2026-03-14 16:03:13 | INFO | [Epoch 022] total_loss=0.013742, Lr0=0.000088Lr1=0.000875, time=0.52s
2026-03-14 16:03:13 | INFO | [Epoch 011] total_loss=0.040041, Lr0=0.000097Lr1=0.000965, time=0.56s
2026-03-14 16:03:14 | INFO | Validation — loss=0.1211, acc=0.9568, f1=0.9509, recall=0.9689, precision=0.9379
2026-03-14 16:03:14 | INFO | [Epoch 023] total_loss=0.009207, Lr0=0.000087Lr1=0.000865, time=0.56s
2026-03-14 16:03:15 | INFO | Validation — loss=0.0671, acc=0.9737, f1=0.9672, recall=0.9547, precision=0.9821
2026-03-14 16:03:15 | INFO | Best model logged 0.9672
2026-03-14 16:03:15 | INFO | Validation — loss=0.0172, acc=0.9932, f1=0.992, recall=0.9951, precision=0.9891
2026-03-14 16:03:15 | INFO | [Epoch 012] total_loss=0.021129, Lr0=0.000096Lr1=0.000959, time=0.58s
2026-03-14 16:03:16 | INFO | [Epoch 024] total_loss=0.026122, Lr0=0.000086Lr1=0.000854, time=0.57s
2026-03-14 16:03:16 | INFO | Validation — loss=0.0379, acc=0.9891, f1=0.9873, recall=0.9921, precision=0.9827
2026-03-14 16:03:17 | INFO | Validation — loss=0.0824, acc=0.9673, f1=0.9589, recall=0.9437, precision=0.978
2026-03-14 16:03:17 | INFO | [Epoch 025] total_loss=0.052810, Lr0=0.000084Lr1=0.000842, time=0.56s
2026-03-14 16:03:17 | INFO | [Epoch 013] total_loss=0.016666, Lr0=0.000095Lr1=0.000952, time=0.61s
2026-03-14 16:03:18 | INFO | Validation — loss=0.0476, acc=0.9829, f1=0.9802, recall=0.9877, precision=0.9735
2026-03-14 16:03:18 | INFO | Validation — loss=0.1252, acc=0.9397, f1=0.9216, recall=0.8961, precision=0.9608
2026-03-14 16:03:18 | INFO | [Epoch 026] total_loss=0.018868, Lr0=0.000083Lr1=0.000831, time=0.54s
2026-03-14 16:03:19 | INFO | [Epoch 014] total_loss=0.015347, Lr0=0.000095Lr1=0.000946, time=0.57s
2026-03-14 16:03:19 | INFO | Validation — loss=0.0009, acc=1.0, f1=1.0, recall=1.0, precision=1.0
2026-03-14 16:03:20 | INFO | [Epoch 027] total_loss=0.009215, Lr0=0.000082Lr1=0.000819, time=0.56s
2026-03-14 16:03:20 | INFO | Validation — loss=0.0529, acc=0.9792, f1=0.9742, recall=0.9642, precision=0.9858
2026-03-14 16:03:20 | INFO | Best model logged 0.9742
2026-03-14 16:03:21 | INFO | Validation — loss=0.0571, acc=0.9795, f1=0.9763, recall=0.9853, precision=0.9686
2026-03-14 16:03:21 | INFO | [Epoch 015] total_loss=0.007545, Lr0=0.000094Lr1=0.000938, time=0.53s
2026-03-14 16:03:21 | INFO | [Epoch 028] total_loss=0.010381, Lr0=0.000081Lr1=0.000807, time=0.53s
2026-03-14 16:03:22 | INFO | Validation — loss=0.0017, acc=1.0, f1=1.0, recall=1.0, precision=1.0
2026-03-14 16:03:22 | INFO | Validation — loss=0.2224, acc=0.9042, f1=0.8696, recall=0.835, precision=0.9406
2026-03-14 16:03:22 | INFO | [Epoch 029] total_loss=0.009982, Lr0=0.000080Lr1=0.000794, time=0.57s
2026-03-14 16:03:23 | INFO | [Epoch 016] total_loss=0.007279, Lr0=0.000093Lr1=0.000930, time=0.56s
2026-03-14 16:03:23 | INFO | Validation — loss=0.0636, acc=0.9757, f1=0.9719, recall=0.9825, precision=0.9631
2026-03-14 16:03:24 | INFO | Validation — loss=0.0177, acc=0.9927, f1=0.9911, recall=0.9874, precision=0.9949
2026-03-14 16:03:24 | INFO | Best model logged 0.9911
2026-03-14 16:03:24 | INFO | [Epoch 030] total_loss=0.006650, Lr0=0.000078Lr1=0.000781, time=0.52s
2026-03-14 16:03:24 | INFO | [Epoch 017] total_loss=0.008314, Lr0=0.000092Lr1=0.000922, time=0.57s
2026-03-14 16:03:25 | INFO | Validation — loss=0.0295, acc=0.9902, f1=0.9886, recall=0.993, precision=0.9845
2026-03-14 16:03:25 | INFO | Early stopping at epoch 30. Best: 1.000000
2026-03-14 16:03:25 | INFO | Training complete.
2026-03-14 16:03:25 | INFO | Best checkpoint: ./save/cnn_overlap_new/contrastive_SWELLDataset/finetuned_best_14.pt
2026-03-14 16:03:26 | INFO | Validation — loss=0.0093, acc=0.9961, f1=0.9953, recall=0.9933, precision=0.9973
2026-03-14 16:03:26 | INFO | Best model logged 0.9953
2026-03-14 16:03:26 | INFO | [Epoch 018] total_loss=0.015501, Lr0=0.000091Lr1=0.000914, time=0.55s
2026-03-14 16:03:27 | INFO | Validation — loss=0.0594, acc=0.9767, f1=0.971, recall=0.9598, precision=0.9841
2026-03-14 16:03:28 | INFO | [Epoch 019] total_loss=0.023952, Lr0=0.000091Lr1=0.000905, time=0.55s
2026-03-14 16:03:29 | INFO | Validation — loss=0.1273, acc=0.9447, f1=0.9286, recall=0.9047, precision=0.9638
2026-03-14 16:03:30 | INFO | [Epoch 020] total_loss=0.019376, Lr0=0.000090Lr1=0.000895, time=0.56s
2026-03-14 16:03:31 | INFO | Validation — loss=0.0120, acc=0.9941, f1=0.9927, recall=0.9898, precision=0.9958
2026-03-14 16:03:32 | INFO | [Epoch 021] total_loss=0.013125, Lr0=0.000089Lr1=0.000885, time=0.57s
2026-03-14 16:03:33 | INFO | Validation — loss=0.0237, acc=0.9902, f1=0.988, recall=0.9831, precision=0.9932
2026-03-14 16:03:33 | INFO | [Epoch 022] total_loss=0.007119, Lr0=0.000088Lr1=0.000875, time=0.59s
2026-03-14 16:03:35 | INFO | Validation — loss=0.0335, acc=0.9858, f1=0.9825, recall=0.9756, precision=0.9902
2026-03-14 16:03:35 | INFO | [Epoch 023] total_loss=0.004271, Lr0=0.000087Lr1=0.000865, time=0.57s
2026-03-14 16:03:37 | INFO | Validation — loss=0.0691, acc=0.9733, f1=0.9666, recall=0.9539, precision=0.9818
2026-03-14 16:03:37 | INFO | [Epoch 024] total_loss=0.005912, Lr0=0.000086Lr1=0.000854, time=0.55s
2026-03-14 16:03:38 | INFO | Validation — loss=0.0967, acc=0.9602, f1=0.9496, recall=0.9315, precision=0.9735
2026-03-14 16:03:39 | INFO | [Epoch 025] total_loss=0.003687, Lr0=0.000084Lr1=0.000842, time=0.57s
2026-03-14 16:03:40 | INFO | Validation — loss=0.1262, acc=0.947, f1=0.9317, recall=0.9087, precision=0.9652
2026-03-14 16:03:41 | INFO | [Epoch 026] total_loss=0.002607, Lr0=0.000083Lr1=0.000831, time=0.57s
2026-03-14 16:03:42 | INFO | Validation — loss=0.2876, acc=0.8953, f1=0.8557, recall=0.8197, precision=0.9357
2026-03-14 16:03:42 | INFO | [Epoch 027] total_loss=0.003822, Lr0=0.000082Lr1=0.000819, time=0.59s
2026-03-14 16:03:44 | INFO | Validation — loss=0.2468, acc=0.9104, f1=0.8791, recall=0.8457, precision=0.944
2026-03-14 16:03:44 | INFO | [Epoch 028] total_loss=0.004465, Lr0=0.000081Lr1=0.000807, time=0.57s
2026-03-14 16:03:46 | INFO | Validation — loss=0.1065, acc=0.9584, f1=0.9472, recall=0.9283, precision=0.9723
2026-03-14 16:03:46 | INFO | [Epoch 029] total_loss=0.001489, Lr0=0.000080Lr1=0.000794, time=0.56s
2026-03-14 16:03:47 | INFO | Validation — loss=0.4984, acc=0.8661, f1=0.8069, recall=0.7693, precision=0.9206
2026-03-14 16:03:48 | INFO | [Epoch 030] total_loss=0.001787, Lr0=0.000078Lr1=0.000781, time=0.57s
2026-03-14 16:03:49 | INFO | Validation — loss=0.2850, acc=0.9024, f1=0.8668, recall=0.8319, precision=0.9396
2026-03-14 16:03:50 | INFO | [Epoch 031] total_loss=0.003395, Lr0=0.000077Lr1=0.000768, time=0.56s
2026-03-14 16:03:51 | INFO | Validation — loss=0.0190, acc=0.9918, f1=0.9899, recall=0.9858, precision=0.9943
2026-03-14 16:03:52 | INFO | [Epoch 032] total_loss=0.001464, Lr0=0.000076Lr1=0.000755, time=0.58s
2026-03-14 16:03:53 | INFO | Validation — loss=0.0021, acc=1.0, f1=1.0, recall=1.0, precision=1.0
2026-03-14 16:03:53 | INFO | Best model logged 1.0
2026-03-14 16:03:53 | INFO | [Epoch 033] total_loss=0.000679, Lr0=0.000074Lr1=0.000741, time=0.58s
2026-03-14 16:03:55 | INFO | Validation — loss=0.0014, acc=1.0, f1=1.0, recall=1.0, precision=1.0
2026-03-14 16:03:55 | INFO | [Epoch 034] total_loss=0.001330, Lr0=0.000073Lr1=0.000727, time=0.57s
2026-03-14 16:03:57 | INFO | Validation — loss=0.0102, acc=0.9957, f1=0.9947, recall=0.9925, precision=0.997
2026-03-14 16:03:57 | INFO | [Epoch 035] total_loss=0.001096, Lr0=0.000072Lr1=0.000713, time=0.55s
2026-03-14 16:03:58 | INFO | Validation — loss=0.0298, acc=0.9886, f1=0.986, recall=0.9803, precision=0.9921
2026-03-14 16:03:59 | INFO | [Epoch 036] total_loss=0.001015, Lr0=0.000070Lr1=0.000699, time=0.63s
2026-03-14 16:04:00 | INFO | Validation — loss=0.0650, acc=0.9767, f1=0.971, recall=0.9598, precision=0.9841
2026-03-14 16:04:01 | INFO | [Epoch 037] total_loss=0.000494, Lr0=0.000069Lr1=0.000684, time=0.58s
2026-03-14 16:04:02 | INFO | Validation — loss=0.1155, acc=0.9589, f1=0.9478, recall=0.9291, precision=0.9726
2026-03-14 16:04:03 | INFO | [Epoch 038] total_loss=0.000295, Lr0=0.000067Lr1=0.000670, time=0.60s
2026-03-14 16:04:04 | INFO | Validation — loss=0.1186, acc=0.9577, f1=0.9463, recall=0.9272, precision=0.9719
2026-03-14 16:04:05 | INFO | [Epoch 039] total_loss=0.000325, Lr0=0.000066Lr1=0.000655, time=0.60s
2026-03-14 16:04:06 | INFO | Validation — loss=0.1274, acc=0.9545, f1=0.942, recall=0.9217, precision=0.9699
2026-03-14 16:04:06 | INFO | [Epoch 040] total_loss=0.000674, Lr0=0.000064Lr1=0.000640, time=0.58s
2026-03-14 16:04:08 | INFO | Validation — loss=0.1510, acc=0.9474, f1=0.9324, recall=0.9094, precision=0.9655
2026-03-14 16:04:08 | INFO | [Epoch 041] total_loss=0.000322, Lr0=0.000063Lr1=0.000625, time=0.58s
2026-03-14 16:04:10 | INFO | Validation — loss=0.1270, acc=0.9563, f1=0.9444, recall=0.9248, precision=0.971
2026-03-14 16:04:10 | INFO | [Epoch 042] total_loss=0.000417, Lr0=0.000061Lr1=0.000609, time=0.57s
2026-03-14 16:04:11 | INFO | Validation — loss=0.0914, acc=0.9678, f1=0.9595, recall=0.9445, precision=0.9783
2026-03-14 16:04:12 | INFO | [Epoch 043] total_loss=0.000291, Lr0=0.000060Lr1=0.000594, time=0.56s
2026-03-14 16:04:13 | INFO | Validation — loss=0.0910, acc=0.9685, f1=0.9604, recall=0.9457, precision=0.9787
2026-03-14 16:04:14 | INFO | [Epoch 044] total_loss=0.000256, Lr0=0.000058Lr1=0.000579, time=0.56s
2026-03-14 16:04:15 | INFO | Validation — loss=0.1060, acc=0.9627, f1=0.9529, recall=0.9358, precision=0.9751
2026-03-14 16:04:16 | INFO | [Epoch 045] total_loss=0.000196, Lr0=0.000057Lr1=0.000563, time=0.56s
2026-03-14 16:04:17 | INFO | Validation — loss=0.1243, acc=0.9577, f1=0.9463, recall=0.9272, precision=0.9719
2026-03-14 16:04:18 | INFO | [Epoch 046] total_loss=0.000211, Lr0=0.000055Lr1=0.000548, time=0.59s
2026-03-14 16:04:19 | INFO | Validation — loss=0.1360, acc=0.9541, f1=0.9414, recall=0.9209, precision=0.9696
2026-03-14 16:04:19 | INFO | [Epoch 047] total_loss=0.000180, Lr0=0.000054Lr1=0.000532, time=0.54s
2026-03-14 16:04:21 | INFO | Validation — loss=0.1340, acc=0.9545, f1=0.942, recall=0.9217, precision=0.9699
2026-03-14 16:04:21 | INFO | [Epoch 048] total_loss=0.000529, Lr0=0.000052Lr1=0.000516, time=0.57s
2026-03-14 16:04:22 | INFO | Validation — loss=0.1185, acc=0.9595, f1=0.9487, recall=0.9303, precision=0.973
2026-03-14 16:04:23 | INFO | [Epoch 049] total_loss=0.000290, Lr0=0.000051Lr1=0.000501, time=0.56s
2026-03-14 16:04:24 | INFO | Validation — loss=0.1412, acc=0.9522, f1=0.9389, recall=0.9177, precision=0.9685
2026-03-14 16:04:25 | INFO | [Epoch 050] total_loss=0.000190, Lr0=0.000049Lr1=0.000485, time=0.56s
2026-03-14 16:04:26 | INFO | Validation — loss=0.1629, acc=0.9451, f1=0.9292, recall=0.9055, precision=0.9641
2026-03-14 16:04:26 | INFO | [Epoch 051] total_loss=0.000212, Lr0=0.000047Lr1=0.000469, time=0.55s
2026-03-14 16:04:28 | INFO | Validation — loss=0.1440, acc=0.9518, f1=0.9383, recall=0.9169, precision=0.9682
2026-03-14 16:04:28 | INFO | [Epoch 052] total_loss=0.000220, Lr0=0.000046Lr1=0.000453, time=0.57s
2026-03-14 16:04:30 | INFO | Validation — loss=0.1322, acc=0.9559, f1=0.9438, recall=0.924, precision=0.9707
2026-03-14 16:04:30 | INFO | Early stopping at epoch 52. Best: 1.000000
2026-03-14 16:04:30 | INFO | Training complete.
2026-03-14 16:04:30 | INFO | Best checkpoint: ./save/cnn_overlap_new/contrastive_SWELLDataset/finetuned_best_10.pt
2026-03-14 16:04:40 | INFO | Model forward EncoderClassifierModel(
  (encoder): CNNEncoder(
    (cnn_layers): Sequential(
      (0): Conv1d(1, 32, kernel_size=(10,), stride=(1,))
      (1): BatchNorm1d(32, eps=1e-05, momentum=0.1, affine=True, track_running_stats=True)
      (2): ReLU()
      (3): MaxPool1d(kernel_size=2, stride=2, padding=0, dilation=1, ceil_mode=False)
      (4): Dropout(p=0.0, inplace=False)
      (5): Conv1d(32, 64, kernel_size=(10,), stride=(1,))
      (6): BatchNorm1d(64, eps=1e-05, momentum=0.1, affine=True, track_running_stats=True)
      (7): ReLU()
      (8): MaxPool1d(kernel_size=2, stride=2, padding=0, dilation=1, ceil_mode=False)
      (9): Dropout(p=0.0, inplace=False)
      (10): Conv1d(64, 128, kernel_size=(10,), stride=(1,))
      (11): BatchNorm1d(128, eps=1e-05, momentum=0.1, affine=True, track_running_stats=True)
      (12): ReLU()
      (13): MaxPool1d(kernel_size=2, stride=2, padding=0, dilation=1, ceil_mode=False)
      (14): Dropout(p=0.0, inplace=False)
      (15): Conv1d(128, 256, kernel_size=(10,), stride=(1,))
      (16): BatchNorm1d(256, eps=1e-05, momentum=0.1, affine=True, track_running_stats=True)
      (17): ReLU()
      (18): MaxPool1d(kernel_size=2, stride=2, padding=0, dilation=1, ceil_mode=False)
      (19): Dropout(p=0.0, inplace=False)
    )
    (linear_layer): Sequential(
      (0): Linear(in_features=18176, out_features=64, bias=True)
      (1): ReLU()
    )
  )
  (classifier): Linear(in_features=64, out_features=1, bias=True)
  (loss_fn): BCEWithLogitsLoss()
)
2026-03-14 16:04:41 | INFO | [Epoch 000] total_loss=0.619919, Lr0=0.000100Lr1=0.001000, time=0.56s
2026-03-14 16:04:42 | INFO | Validation — loss=0.6138, acc=0.7023, f1=0.4125, recall=0.5, precision=0.3511
2026-03-14 16:04:42 | INFO | Best model logged 0.4125
2026-03-14 16:04:43 | INFO | [Epoch 001] total_loss=0.414654, Lr0=0.000100Lr1=0.000999, time=0.57s
2026-03-14 16:04:44 | INFO | Validation — loss=1.0460, acc=0.7023, f1=0.4125, recall=0.5, precision=0.3511
2026-03-14 16:04:45 | INFO | [Epoch 002] total_loss=0.252110, Lr0=0.000100Lr1=0.000998, time=0.54s
2026-03-14 16:04:46 | INFO | Validation — loss=0.9182, acc=0.7023, f1=0.4125, recall=0.5, precision=0.3511
2026-03-14 16:04:46 | INFO | [Epoch 003] total_loss=0.156156, Lr0=0.000100Lr1=0.000996, time=0.55s
2026-03-14 16:04:48 | INFO | Validation — loss=1.7720, acc=0.7023, f1=0.4125, recall=0.5, precision=0.3511
2026-03-14 16:04:48 | INFO | [Epoch 004] total_loss=0.111321, Lr0=0.000099Lr1=0.000994, time=0.56s
2026-03-14 16:04:49 | INFO | Validation — loss=3.9381, acc=0.7023, f1=0.4125, recall=0.5, precision=0.3511
2026-03-14 16:04:50 | INFO | [Epoch 005] total_loss=0.114857, Lr0=0.000099Lr1=0.000991, time=0.58s
2026-03-14 16:04:51 | INFO | Validation — loss=2.3593, acc=0.7023, f1=0.4125, recall=0.5, precision=0.3511
2026-03-14 16:04:52 | INFO | [Epoch 006] total_loss=0.125618, Lr0=0.000099Lr1=0.000988, time=0.64s
2026-03-14 16:04:53 | INFO | Validation — loss=2.7717, acc=0.7023, f1=0.4125, recall=0.5, precision=0.3511
2026-03-14 16:04:54 | INFO | [Epoch 007] total_loss=0.097061, Lr0=0.000098Lr1=0.000984, time=0.59s
2026-03-14 16:04:55 | INFO | Validation — loss=2.6269, acc=0.7023, f1=0.4125, recall=0.5, precision=0.3511
2026-03-14 16:04:56 | INFO | [Epoch 008] total_loss=0.069870, Lr0=0.000098Lr1=0.000980, time=0.58s
2026-03-14 16:04:57 | INFO | Validation — loss=0.9128, acc=0.7023, f1=0.4125, recall=0.5, precision=0.3511
2026-03-14 16:04:57 | INFO | [Epoch 009] total_loss=0.033651, Lr0=0.000098Lr1=0.000976, time=0.54s
2026-03-14 16:04:59 | INFO | Validation — loss=2.8068, acc=0.7023, f1=0.4125, recall=0.5, precision=0.3511
2026-03-14 16:04:59 | INFO | [Epoch 010] total_loss=0.035654, Lr0=0.000097Lr1=0.000970, time=0.55s
2026-03-14 16:05:00 | INFO | Validation — loss=0.6816, acc=0.7148, f1=0.456, recall=0.521, precision=0.8556
2026-03-14 16:05:00 | INFO | Best model logged 0.456
2026-03-14 16:05:01 | INFO | [Epoch 011] total_loss=0.021321, Lr0=0.000097Lr1=0.000965, time=0.56s
2026-03-14 16:05:02 | INFO | Validation — loss=0.2618, acc=0.8935, f1=0.882, recall=0.9173, precision=0.8667
2026-03-14 16:05:02 | INFO | Best model logged 0.882
2026-03-14 16:05:03 | INFO | [Epoch 012] total_loss=0.016286, Lr0=0.000096Lr1=0.000959, time=0.58s
2026-03-14 16:05:04 | INFO | Validation — loss=0.1012, acc=0.9624, f1=0.954, recall=0.9438, precision=0.9661
2026-03-14 16:05:04 | INFO | Best model logged 0.954
2026-03-14 16:05:05 | INFO | [Epoch 013] total_loss=0.021015, Lr0=0.000095Lr1=0.000952, time=0.56s
2026-03-14 16:05:06 | INFO | Validation — loss=0.3384, acc=0.8901, f1=0.8794, recall=0.9204, precision=0.8648
2026-03-14 16:05:07 | INFO | [Epoch 014] total_loss=0.020317, Lr0=0.000095Lr1=0.000946, time=0.56s
2026-03-14 16:05:08 | INFO | Validation — loss=0.6942, acc=0.8108, f1=0.8016, recall=0.8653, precision=0.8058
2026-03-14 16:05:08 | INFO | [Epoch 015] total_loss=0.011523, Lr0=0.000094Lr1=0.000938, time=0.56s
2026-03-14 16:05:10 | INFO | Validation — loss=0.2536, acc=0.9126, f1=0.9012, recall=0.927, precision=0.8862
2026-03-14 16:05:10 | INFO | [Epoch 016] total_loss=0.011889, Lr0=0.000093Lr1=0.000930, time=0.55s
2026-03-14 16:05:12 | INFO | Validation — loss=1.7547, acc=0.5602, f1=0.5597, recall=0.6869, precision=0.7019
2026-03-14 16:05:12 | INFO | [Epoch 017] total_loss=0.006115, Lr0=0.000092Lr1=0.000922, time=0.62s
2026-03-14 16:05:13 | INFO | Validation — loss=0.9809, acc=0.7501, f1=0.7439, recall=0.822, precision=0.7718
2026-03-14 16:05:14 | INFO | [Epoch 018] total_loss=0.004281, Lr0=0.000091Lr1=0.000914, time=0.55s
2026-03-14 16:05:15 | INFO | Validation — loss=0.4785, acc=0.8707, f1=0.86, recall=0.9073, precision=0.8483
2026-03-14 16:05:16 | INFO | [Epoch 019] total_loss=0.002044, Lr0=0.000091Lr1=0.000905, time=0.55s
2026-03-14 16:05:17 | INFO | Validation — loss=0.4081, acc=0.8848, f1=0.874, recall=0.9162, precision=0.86
2026-03-14 16:05:18 | INFO | [Epoch 020] total_loss=0.012665, Lr0=0.000090Lr1=0.000895, time=0.60s
2026-03-14 16:05:19 | INFO | Validation — loss=0.3558, acc=0.8857, f1=0.875, recall=0.9171, precision=0.8608
2026-03-14 16:05:19 | INFO | [Epoch 021] total_loss=0.003974, Lr0=0.000089Lr1=0.000885, time=0.56s
2026-03-14 16:05:21 | INFO | Validation — loss=0.1761, acc=0.9399, f1=0.9314, recall=0.9535, precision=0.9167
2026-03-14 16:05:21 | INFO | [Epoch 022] total_loss=0.006588, Lr0=0.000088Lr1=0.000875, time=0.57s
2026-03-14 16:05:22 | INFO | Validation — loss=0.2314, acc=0.9203, f1=0.9102, recall=0.9382, precision=0.8944
2026-03-14 16:05:23 | INFO | [Epoch 023] total_loss=0.008330, Lr0=0.000087Lr1=0.000865, time=0.56s
2026-03-14 16:05:24 | INFO | Validation — loss=1.3561, acc=0.6469, f1=0.646, recall=0.7486, precision=0.7288
2026-03-14 16:05:25 | INFO | [Epoch 024] total_loss=0.008278, Lr0=0.000086Lr1=0.000854, time=0.56s
2026-03-14 16:05:26 | INFO | Validation — loss=3.0170, acc=0.4254, f1=0.4083, recall=0.5909, precision=0.6707
2026-03-14 16:05:27 | INFO | [Epoch 025] total_loss=0.002805, Lr0=0.000084Lr1=0.000842, time=0.57s
2026-03-14 16:05:28 | INFO | Validation — loss=1.3706, acc=0.6718, f1=0.6698, recall=0.7663, precision=0.7378
2026-03-14 16:05:28 | INFO | [Epoch 026] total_loss=0.002013, Lr0=0.000083Lr1=0.000831, time=0.58s
2026-03-14 16:05:30 | INFO | Validation — loss=0.7510, acc=0.8097, f1=0.8004, recall=0.8638, precision=0.8045
2026-03-14 16:05:30 | INFO | [Epoch 027] total_loss=0.001464, Lr0=0.000082Lr1=0.000819, time=0.58s
2026-03-14 16:05:32 | INFO | Validation — loss=1.0013, acc=0.7498, f1=0.7437, recall=0.8219, precision=0.7717
2026-03-14 16:05:32 | INFO | [Epoch 028] total_loss=0.001177, Lr0=0.000081Lr1=0.000807, time=0.57s
2026-03-14 16:05:33 | INFO | Validation — loss=1.0056, acc=0.7507, f1=0.7446, recall=0.8225, precision=0.7722
2026-03-14 16:05:34 | INFO | [Epoch 029] total_loss=0.001988, Lr0=0.000080Lr1=0.000794, time=0.57s
2026-03-14 16:05:35 | INFO | Validation — loss=0.8296, acc=0.7915, f1=0.7832, recall=0.8515, precision=0.7941
2026-03-14 16:05:36 | INFO | [Epoch 030] total_loss=0.001073, Lr0=0.000078Lr1=0.000781, time=0.57s
2026-03-14 16:05:37 | INFO | Validation — loss=0.7054, acc=0.822, f1=0.8124, recall=0.8733, precision=0.8129
2026-03-14 16:05:38 | INFO | [Epoch 031] total_loss=0.000732, Lr0=0.000077Lr1=0.000768, time=0.55s
2026-03-14 16:05:39 | INFO | Validation — loss=0.6425, acc=0.8427, f1=0.8325, recall=0.888, precision=0.8272
2026-03-14 16:05:39 | INFO | [Epoch 032] total_loss=0.001999, Lr0=0.000076Lr1=0.000755, time=0.56s
2026-03-14 16:05:41 | INFO | Validation — loss=0.9895, acc=0.7694, f1=0.7622, recall=0.8358, precision=0.7818
2026-03-14 16:05:41 | INFO | Early stopping at epoch 32. Best: 0.954000
2026-03-14 16:05:41 | INFO | Training complete.
2026-03-14 16:05:41 | INFO | Best checkpoint: ./save/cnn_overlap_new/contrastive_SWELLDataset/finetuned_best_11.pt
2026-03-14 16:05:51 | INFO | Model forward EncoderClassifierModel(
  (encoder): CNNEncoder(
    (cnn_layers): Sequential(
      (0): Conv1d(1, 32, kernel_size=(10,), stride=(1,))
      (1): BatchNorm1d(32, eps=1e-05, momentum=0.1, affine=True, track_running_stats=True)
      (2): ReLU()
      (3): MaxPool1d(kernel_size=2, stride=2, padding=0, dilation=1, ceil_mode=False)
      (4): Dropout(p=0.0, inplace=False)
      (5): Conv1d(32, 64, kernel_size=(10,), stride=(1,))
      (6): BatchNorm1d(64, eps=1e-05, momentum=0.1, affine=True, track_running_stats=True)
      (7): ReLU()
      (8): MaxPool1d(kernel_size=2, stride=2, padding=0, dilation=1, ceil_mode=False)
      (9): Dropout(p=0.0, inplace=False)
      (10): Conv1d(64, 128, kernel_size=(10,), stride=(1,))
      (11): BatchNorm1d(128, eps=1e-05, momentum=0.1, affine=True, track_running_stats=True)
      (12): ReLU()
      (13): MaxPool1d(kernel_size=2, stride=2, padding=0, dilation=1, ceil_mode=False)
      (14): Dropout(p=0.0, inplace=False)
      (15): Conv1d(128, 256, kernel_size=(10,), stride=(1,))
      (16): BatchNorm1d(256, eps=1e-05, momentum=0.1, affine=True, track_running_stats=True)
      (17): ReLU()
      (18): MaxPool1d(kernel_size=2, stride=2, padding=0, dilation=1, ceil_mode=False)
      (19): Dropout(p=0.0, inplace=False)
    )
    (linear_layer): Sequential(
      (0): Linear(in_features=18176, out_features=64, bias=True)
      (1): ReLU()
    )
  )
  (classifier): Linear(in_features=64, out_features=1, bias=True)
  (loss_fn): BCEWithLogitsLoss()
)
2026-03-14 16:05:52 | INFO | [Epoch 000] total_loss=0.627259, Lr0=0.000100Lr1=0.001000, time=0.57s
2026-03-14 16:05:53 | INFO | Validation — loss=0.6092, acc=0.7095, f1=0.415, recall=0.5, precision=0.3547
2026-03-14 16:05:53 | INFO | Best model logged 0.415
2026-03-14 16:05:54 | INFO | [Epoch 001] total_loss=0.440536, Lr0=0.000100Lr1=0.000999, time=0.57s
2026-03-14 16:05:55 | INFO | Validation — loss=0.7475, acc=0.7095, f1=0.415, recall=0.5, precision=0.3547
2026-03-14 16:05:56 | INFO | [Epoch 002] total_loss=0.258481, Lr0=0.000100Lr1=0.000998, time=0.56s
2026-03-14 16:05:57 | INFO | Validation — loss=2.0017, acc=0.7095, f1=0.415, recall=0.5, precision=0.3547
2026-03-14 16:05:58 | INFO | [Epoch 003] total_loss=0.173067, Lr0=0.000100Lr1=0.000996, time=0.57s
2026-03-14 16:05:59 | INFO | Validation — loss=3.4623, acc=0.7095, f1=0.415, recall=0.5, precision=0.3547
2026-03-14 16:05:59 | INFO | [Epoch 004] total_loss=0.219493, Lr0=0.000099Lr1=0.000994, time=0.56s
2026-03-14 16:06:01 | INFO | Validation — loss=0.6642, acc=0.7095, f1=0.415, recall=0.5, precision=0.3547
2026-03-14 16:06:01 | INFO | [Epoch 005] total_loss=0.103362, Lr0=0.000099Lr1=0.000991, time=0.56s
2026-03-14 16:06:02 | INFO | Validation — loss=0.9371, acc=0.7095, f1=0.415, recall=0.5, precision=0.3547
2026-03-14 16:06:03 | INFO | [Epoch 006] total_loss=0.072255, Lr0=0.000099Lr1=0.000988, time=0.56s
2026-03-14 16:06:04 | INFO | Validation — loss=1.1855, acc=0.7095, f1=0.415, recall=0.5, precision=0.3547
2026-03-14 16:06:05 | INFO | [Epoch 007] total_loss=0.050662, Lr0=0.000098Lr1=0.000984, time=0.58s
2026-03-14 16:06:06 | INFO | Validation — loss=1.6641, acc=0.7095, f1=0.415, recall=0.5, precision=0.3547
2026-03-14 16:06:07 | INFO | [Epoch 008] total_loss=0.048744, Lr0=0.000098Lr1=0.000980, time=0.58s
2026-03-14 16:06:08 | INFO | Validation — loss=1.2736, acc=0.7095, f1=0.415, recall=0.5, precision=0.3547
2026-03-14 16:06:09 | INFO | [Epoch 009] total_loss=0.039414, Lr0=0.000098Lr1=0.000976, time=0.56s
2026-03-14 16:06:10 | INFO | Validation — loss=0.3404, acc=0.8882, f1=0.8754, recall=0.9146, precision=0.8594
2026-03-14 16:06:10 | INFO | Best model logged 0.8754
2026-03-14 16:06:10 | INFO | [Epoch 010] total_loss=0.040272, Lr0=0.000097Lr1=0.000970, time=0.55s
2026-03-14 16:06:12 | INFO | Validation — loss=0.6933, acc=0.6544, f1=0.6525, recall=0.7562, precision=0.728
2026-03-14 16:06:12 | INFO | [Epoch 011] total_loss=0.027988, Lr0=0.000097Lr1=0.000965, time=0.56s
2026-03-14 16:06:13 | INFO | Validation — loss=0.4256, acc=0.866, f1=0.807, recall=0.7694, precision=0.9206
2026-03-14 16:06:14 | INFO | [Epoch 012] total_loss=0.031752, Lr0=0.000096Lr1=0.000959, time=0.59s
2026-03-14 16:06:15 | INFO | Validation — loss=0.0716, acc=0.9712, f1=0.9644, recall=0.9556, precision=0.9744
2026-03-14 16:06:15 | INFO | Best model logged 0.9644
2026-03-14 16:06:16 | INFO | [Epoch 013] total_loss=0.031812, Lr0=0.000095Lr1=0.000952, time=0.55s
2026-03-14 16:06:17 | INFO | Validation — loss=0.2656, acc=0.9029, f1=0.8677, recall=0.8329, precision=0.9398
2026-03-14 16:06:18 | INFO | [Epoch 014] total_loss=0.031949, Lr0=0.000095Lr1=0.000946, time=0.72s
2026-03-14 16:06:19 | INFO | Validation — loss=0.3170, acc=0.8819, f1=0.8702, recall=0.9168, precision=0.8555
2026-03-14 16:06:20 | INFO | [Epoch 015] total_loss=0.058209, Lr0=0.000094Lr1=0.000938, time=0.56s
2026-03-14 16:06:21 | INFO | Validation — loss=0.7609, acc=0.7182, f1=0.7128, recall=0.801, precision=0.7533
2026-03-14 16:06:21 | INFO | [Epoch 016] total_loss=0.042748, Lr0=0.000093Lr1=0.000930, time=0.55s
2026-03-14 16:06:23 | INFO | Validation — loss=0.4709, acc=0.837, f1=0.8256, recall=0.8851, precision=0.8203
2026-03-14 16:06:23 | INFO | [Epoch 017] total_loss=0.025047, Lr0=0.000092Lr1=0.000922, time=0.55s
2026-03-14 16:06:24 | INFO | Validation — loss=0.1165, acc=0.9525, f1=0.9447, recall=0.9649, precision=0.9303
2026-03-14 16:06:25 | INFO | [Epoch 018] total_loss=0.025288, Lr0=0.000091Lr1=0.000914, time=0.56s
2026-03-14 16:06:26 | INFO | Validation — loss=0.6825, acc=0.7747, f1=0.7659, recall=0.8412, precision=0.7816
2026-03-14 16:06:27 | INFO | [Epoch 019] total_loss=0.022301, Lr0=0.000091Lr1=0.000905, time=0.62s
2026-03-14 16:06:28 | INFO | Validation — loss=1.0929, acc=0.653, f1=0.6512, recall=0.7554, precision=0.7278
2026-03-14 16:06:29 | INFO | [Epoch 020] total_loss=0.008974, Lr0=0.000090Lr1=0.000895, time=0.56s
2026-03-14 16:06:30 | INFO | Validation — loss=0.6946, acc=0.7685, f1=0.7597, recall=0.835, precision=0.7766
2026-03-14 16:06:30 | INFO | [Epoch 021] total_loss=0.012662, Lr0=0.000089Lr1=0.000885, time=0.56s
2026-03-14 16:06:32 | INFO | Validation — loss=0.4179, acc=0.854, f1=0.8423, recall=0.8971, precision=0.8328
2026-03-14 16:06:32 | INFO | [Epoch 022] total_loss=0.004170, Lr0=0.000088Lr1=0.000875, time=0.55s
2026-03-14 16:06:34 | INFO | Validation — loss=0.4441, acc=0.8476, f1=0.8359, recall=0.8926, precision=0.828
2026-03-14 16:06:34 | INFO | [Epoch 023] total_loss=0.002239, Lr0=0.000087Lr1=0.000865, time=0.57s
2026-03-14 16:06:35 | INFO | Validation — loss=0.4779, acc=0.8446, f1=0.833, recall=0.8905, precision=0.8257
2026-03-14 16:06:36 | INFO | [Epoch 024] total_loss=0.008967, Lr0=0.000086Lr1=0.000854, time=0.56s
2026-03-14 16:06:37 | INFO | Validation — loss=0.3132, acc=0.8854, f1=0.8734, recall=0.9171, precision=0.858
2026-03-14 16:06:38 | INFO | [Epoch 025] total_loss=0.003120, Lr0=0.000084Lr1=0.000842, time=0.62s
2026-03-14 16:06:39 | INFO | Validation — loss=0.2899, acc=0.8898, f1=0.8774, recall=0.9176, precision=0.8613
2026-03-14 16:06:40 | INFO | [Epoch 026] total_loss=0.002304, Lr0=0.000083Lr1=0.000831, time=0.62s
2026-03-14 16:06:41 | INFO | Validation — loss=0.1836, acc=0.9248, f1=0.9144, recall=0.9447, precision=0.8973
2026-03-14 16:06:42 | INFO | [Epoch 027] total_loss=0.001677, Lr0=0.000082Lr1=0.000819, time=0.57s
2026-03-14 16:06:43 | INFO | Validation — loss=0.2578, acc=0.9029, f1=0.8915, recall=0.9299, precision=0.8745
2026-03-14 16:06:43 | INFO | [Epoch 028] total_loss=0.001265, Lr0=0.000081Lr1=0.000807, time=0.57s
2026-03-14 16:06:45 | INFO | Validation — loss=0.2076, acc=0.917, f1=0.9061, recall=0.9392, precision=0.8888
2026-03-14 16:06:45 | INFO | [Epoch 029] total_loss=0.001131, Lr0=0.000080Lr1=0.000794, time=0.59s
2026-03-14 16:06:47 | INFO | Validation — loss=0.1924, acc=0.9218, f1=0.9112, recall=0.9421, precision=0.894
2026-03-14 16:06:47 | INFO | [Epoch 030] total_loss=0.001044, Lr0=0.000078Lr1=0.000781, time=0.58s
2026-03-14 16:06:48 | INFO | Validation — loss=0.1780, acc=0.9269, f1=0.9167, recall=0.9461, precision=0.8996
2026-03-14 16:06:49 | INFO | [Epoch 031] total_loss=0.001363, Lr0=0.000077Lr1=0.000768, time=0.59s
2026-03-14 16:06:50 | INFO | Validation — loss=0.1846, acc=0.9251, f1=0.9146, recall=0.9439, precision=0.8976
2026-03-14 16:06:51 | INFO | [Epoch 032] total_loss=0.000758, Lr0=0.000076Lr1=0.000755, time=0.62s
2026-03-14 16:06:52 | INFO | Validation — loss=0.1853, acc=0.926, f1=0.9155, recall=0.9441, precision=0.8987
2026-03-14 16:06:52 | INFO | Early stopping at epoch 32. Best: 0.964400
2026-03-14 16:06:52 | INFO | Training complete.
2026-03-14 16:06:52 | INFO | Best checkpoint: ./save/cnn_overlap_new/contrastive_SWELLDataset/finetuned_best_12.pt
2026-03-14 16:07:03 | INFO | Model forward EncoderClassifierModel(
  (encoder): CNNEncoder(
    (cnn_layers): Sequential(
      (0): Conv1d(1, 32, kernel_size=(10,), stride=(1,))
      (1): BatchNorm1d(32, eps=1e-05, momentum=0.1, affine=True, track_running_stats=True)
      (2): ReLU()
      (3): MaxPool1d(kernel_size=2, stride=2, padding=0, dilation=1, ceil_mode=False)
      (4): Dropout(p=0.0, inplace=False)
      (5): Conv1d(32, 64, kernel_size=(10,), stride=(1,))
      (6): BatchNorm1d(64, eps=1e-05, momentum=0.1, affine=True, track_running_stats=True)
      (7): ReLU()
      (8): MaxPool1d(kernel_size=2, stride=2, padding=0, dilation=1, ceil_mode=False)
      (9): Dropout(p=0.0, inplace=False)
      (10): Conv1d(64, 128, kernel_size=(10,), stride=(1,))
      (11): BatchNorm1d(128, eps=1e-05, momentum=0.1, affine=True, track_running_stats=True)
      (12): ReLU()
      (13): MaxPool1d(kernel_size=2, stride=2, padding=0, dilation=1, ceil_mode=False)
      (14): Dropout(p=0.0, inplace=False)
      (15): Conv1d(128, 256, kernel_size=(10,), stride=(1,))
      (16): BatchNorm1d(256, eps=1e-05, momentum=0.1, affine=True, track_running_stats=True)
      (17): ReLU()
      (18): MaxPool1d(kernel_size=2, stride=2, padding=0, dilation=1, ceil_mode=False)
      (19): Dropout(p=0.0, inplace=False)
    )
    (linear_layer): Sequential(
      (0): Linear(in_features=18176, out_features=64, bias=True)
      (1): ReLU()
    )
  )
  (classifier): Linear(in_features=64, out_features=1, bias=True)
  (loss_fn): BCEWithLogitsLoss()
)
2026-03-14 16:07:04 | INFO | [Epoch 000] total_loss=0.610245, Lr0=0.000100Lr1=0.001000, time=0.60s
2026-03-14 16:07:05 | INFO | Validation — loss=0.6412, acc=0.6972, f1=0.4108, recall=0.5, precision=0.3486
2026-03-14 16:07:05 | INFO | Best model logged 0.4108
2026-03-14 16:07:06 | INFO | [Epoch 001] total_loss=0.398061, Lr0=0.000100Lr1=0.000999, time=0.56s
2026-03-14 16:07:07 | INFO | Validation — loss=0.7917, acc=0.6972, f1=0.4108, recall=0.5, precision=0.3486
2026-03-14 16:07:07 | INFO | [Epoch 002] total_loss=0.250770, Lr0=0.000100Lr1=0.000998, time=0.55s
2026-03-14 16:07:09 | INFO | Validation — loss=1.8502, acc=0.6972, f1=0.4108, recall=0.5, precision=0.3486
2026-03-14 16:07:09 | INFO | [Epoch 003] total_loss=0.165163, Lr0=0.000100Lr1=0.000996, time=0.59s
2026-03-14 16:07:10 | INFO | Validation — loss=2.9133, acc=0.6972, f1=0.4108, recall=0.5, precision=0.3486
2026-03-14 16:07:11 | INFO | [Epoch 004] total_loss=0.118445, Lr0=0.000099Lr1=0.000994, time=0.60s
2026-03-14 16:07:12 | INFO | Validation — loss=4.4072, acc=0.6972, f1=0.4108, recall=0.5, precision=0.3486
2026-03-14 16:07:13 | INFO | [Epoch 005] total_loss=0.149148, Lr0=0.000099Lr1=0.000991, time=0.59s
2026-03-14 16:07:14 | INFO | Validation — loss=2.9500, acc=0.6972, f1=0.4108, recall=0.5, precision=0.3486
2026-03-14 16:07:15 | INFO | [Epoch 006] total_loss=0.078814, Lr0=0.000099Lr1=0.000988, time=0.56s
2026-03-14 16:07:16 | INFO | Validation — loss=2.4252, acc=0.6972, f1=0.4108, recall=0.5, precision=0.3486
2026-03-14 16:07:17 | INFO | [Epoch 007] total_loss=0.057941, Lr0=0.000098Lr1=0.000984, time=0.55s
2026-03-14 16:07:18 | INFO | Validation — loss=1.9733, acc=0.6972, f1=0.4108, recall=0.5, precision=0.3486
2026-03-14 16:07:18 | INFO | [Epoch 008] total_loss=0.043742, Lr0=0.000098Lr1=0.000980, time=0.56s
2026-03-14 16:07:20 | INFO | Validation — loss=2.5177, acc=0.6972, f1=0.4108, recall=0.5, precision=0.3486
2026-03-14 16:07:20 | INFO | [Epoch 009] total_loss=0.038556, Lr0=0.000098Lr1=0.000976, time=0.56s
2026-03-14 16:07:21 | INFO | Validation — loss=0.7060, acc=0.6981, f1=0.414, recall=0.5015, precision=0.8489
2026-03-14 16:07:21 | INFO | Best model logged 0.414
2026-03-14 16:07:22 | INFO | [Epoch 010] total_loss=0.036182, Lr0=0.000097Lr1=0.000970, time=0.54s
2026-03-14 16:07:23 | INFO | Validation — loss=1.1562, acc=0.318, f1=0.2564, recall=0.5109, precision=0.6537
2026-03-14 16:07:24 | INFO | [Epoch 011] total_loss=0.028288, Lr0=0.000097Lr1=0.000965, time=0.61s
2026-03-14 16:07:25 | INFO | Validation — loss=0.0634, acc=0.98, f1=0.9762, recall=0.9733, precision=0.9793
2026-03-14 16:07:25 | INFO | Best model logged 0.9762
2026-03-14 16:07:26 | INFO | [Epoch 012] total_loss=0.039878, Lr0=0.000096Lr1=0.000959, time=0.58s
2026-03-14 16:07:27 | INFO | Validation — loss=0.0696, acc=0.9748, f1=0.9697, recall=0.963, precision=0.9771
2026-03-14 16:07:28 | INFO | [Epoch 013] total_loss=0.029664, Lr0=0.000095Lr1=0.000952, time=0.59s
2026-03-14 16:07:29 | INFO | Validation — loss=0.2209, acc=0.956, f1=0.9481, recall=0.9506, precision=0.9457
2026-03-14 16:07:29 | INFO | [Epoch 014] total_loss=0.025904, Lr0=0.000095Lr1=0.000946, time=0.56s
2026-03-14 16:07:31 | INFO | Validation — loss=0.1753, acc=0.9339, f1=0.9162, recall=0.8909, precision=0.9567
2026-03-14 16:07:31 | INFO | [Epoch 015] total_loss=0.015167, Lr0=0.000094Lr1=0.000938, time=0.54s
2026-03-14 16:07:32 | INFO | Validation — loss=0.2199, acc=0.9112, f1=0.8842, recall=0.8534, precision=0.9435
2026-03-14 16:07:33 | INFO | [Epoch 016] total_loss=0.008703, Lr0=0.000093Lr1=0.000930, time=0.57s
2026-03-14 16:07:34 | INFO | Validation — loss=0.5418, acc=0.7963, f1=0.6828, recall=0.6636, precision=0.8869
2026-03-14 16:07:35 | INFO | [Epoch 017] total_loss=0.005672, Lr0=0.000092Lr1=0.000922, time=0.57s
2026-03-14 16:07:36 | INFO | Validation — loss=0.4800, acc=0.8392, f1=0.7675, recall=0.7345, precision=0.9063
2026-03-14 16:07:37 | INFO | [Epoch 018] total_loss=0.004787, Lr0=0.000091Lr1=0.000914, time=0.58s
2026-03-14 16:07:38 | INFO | Validation — loss=0.4741, acc=0.8227, f1=0.7366, recall=0.7072, precision=0.8986
2026-03-14 16:07:39 | INFO | [Epoch 019] total_loss=0.003723, Lr0=0.000091Lr1=0.000905, time=0.58s
2026-03-14 16:07:40 | INFO | Validation — loss=0.2972, acc=0.88, f1=0.8369, recall=0.8019, precision=0.9266
2026-03-14 16:07:40 | INFO | [Epoch 020] total_loss=0.003232, Lr0=0.000090Lr1=0.000895, time=0.58s
2026-03-14 16:07:42 | INFO | Validation — loss=0.3336, acc=0.8738, f1=0.8269, recall=0.7917, precision=0.9234
2026-03-14 16:07:42 | INFO | [Epoch 021] total_loss=0.003063, Lr0=0.000089Lr1=0.000885, time=0.66s
2026-03-14 16:07:44 | INFO | Validation — loss=0.3012, acc=0.8814, f1=0.839, recall=0.8042, precision=0.9273
2026-03-14 16:07:45 | INFO | [Epoch 022] total_loss=0.001873, Lr0=0.000088Lr1=0.000875, time=0.92s
2026-03-14 16:07:47 | INFO | Validation — loss=0.3419, acc=0.8741, f1=0.8273, recall=0.792, precision=0.9235
2026-03-14 16:07:47 | INFO | [Epoch 023] total_loss=0.002814, Lr0=0.000087Lr1=0.000865, time=0.77s
2026-03-14 16:07:49 | INFO | Validation — loss=0.3622, acc=0.8729, f1=0.8254, recall=0.7902, precision=0.9229
2026-03-14 16:07:50 | INFO | [Epoch 024] total_loss=0.001775, Lr0=0.000086Lr1=0.000854, time=0.77s
2026-03-14 16:07:51 | INFO | Validation — loss=0.5450, acc=0.8238, f1=0.7388, recall=0.7091, precision=0.8991
2026-03-14 16:07:52 | INFO | [Epoch 025] total_loss=0.002500, Lr0=0.000084Lr1=0.000842, time=0.70s
2026-03-14 16:07:53 | INFO | Validation — loss=0.4244, acc=0.8607, f1=0.8053, recall=0.7701, precision=0.9168
2026-03-14 16:07:54 | INFO | [Epoch 026] total_loss=0.004311, Lr0=0.000083Lr1=0.000831, time=0.77s
2026-03-14 16:07:55 | INFO | Validation — loss=0.4632, acc=0.8621, f1=0.8076, recall=0.7723, precision=0.9174
2026-03-14 16:07:56 | INFO | [Epoch 027] total_loss=0.016175, Lr0=0.000082Lr1=0.000819, time=0.76s
2026-03-14 16:07:58 | INFO | Validation — loss=0.2373, acc=0.9307, f1=0.9117, recall=0.8856, precision=0.9548
2026-03-14 16:07:58 | INFO | [Epoch 028] total_loss=0.035006, Lr0=0.000081Lr1=0.000807, time=0.77s
2026-03-14 16:08:00 | INFO | Validation — loss=0.3693, acc=0.8816, f1=0.8394, recall=0.8045, precision=0.9274
2026-03-14 16:08:00 | INFO | [Epoch 029] total_loss=0.018363, Lr0=0.000080Lr1=0.000794, time=0.76s
2026-03-14 16:08:02 | INFO | Validation — loss=0.0873, acc=0.9686, f1=0.9622, recall=0.9547, precision=0.9705
2026-03-14 16:08:03 | INFO | [Epoch 030] total_loss=0.022705, Lr0=0.000078Lr1=0.000781, time=0.76s
2026-03-14 16:08:04 | INFO | Validation — loss=0.2516, acc=0.9089, f1=0.8994, recall=0.9325, precision=0.8841
2026-03-14 16:08:05 | INFO | [Epoch 031] total_loss=0.027311, Lr0=0.000077Lr1=0.000768, time=0.75s
2026-03-14 16:08:06 | INFO | Validation — loss=0.2332, acc=0.9158, f1=0.8988, recall=0.8929, precision=0.9054
2026-03-14 16:08:06 | INFO | Early stopping at epoch 31. Best: 0.976200
2026-03-14 16:08:06 | INFO | Training complete.
2026-03-14 16:08:06 | INFO | Best checkpoint: ./save/cnn_overlap_new/contrastive_SWELLDataset/finetuned_best_13.pt
2026-03-14 16:08:17 | INFO | Model forward EncoderClassifierModel(
  (encoder): CNNEncoder(
    (cnn_layers): Sequential(
      (0): Conv1d(1, 32, kernel_size=(10,), stride=(1,))
      (1): BatchNorm1d(32, eps=1e-05, momentum=0.1, affine=True, track_running_stats=True)
      (2): ReLU()
      (3): MaxPool1d(kernel_size=2, stride=2, padding=0, dilation=1, ceil_mode=False)
      (4): Dropout(p=0.0, inplace=False)
      (5): Conv1d(32, 64, kernel_size=(10,), stride=(1,))
      (6): BatchNorm1d(64, eps=1e-05, momentum=0.1, affine=True, track_running_stats=True)
      (7): ReLU()
      (8): MaxPool1d(kernel_size=2, stride=2, padding=0, dilation=1, ceil_mode=False)
      (9): Dropout(p=0.0, inplace=False)
      (10): Conv1d(64, 128, kernel_size=(10,), stride=(1,))
      (11): BatchNorm1d(128, eps=1e-05, momentum=0.1, affine=True, track_running_stats=True)
      (12): ReLU()
      (13): MaxPool1d(kernel_size=2, stride=2, padding=0, dilation=1, ceil_mode=False)
      (14): Dropout(p=0.0, inplace=False)
      (15): Conv1d(128, 256, kernel_size=(10,), stride=(1,))
      (16): BatchNorm1d(256, eps=1e-05, momentum=0.1, affine=True, track_running_stats=True)
      (17): ReLU()
      (18): MaxPool1d(kernel_size=2, stride=2, padding=0, dilation=1, ceil_mode=False)
      (19): Dropout(p=0.0, inplace=False)
    )
    (linear_layer): Sequential(
      (0): Linear(in_features=18176, out_features=64, bias=True)
      (1): ReLU()
    )
  )
  (classifier): Linear(in_features=64, out_features=1, bias=True)
  (loss_fn): BCEWithLogitsLoss()
)
2026-03-14 16:08:18 | INFO | [Epoch 000] total_loss=0.619211, Lr0=0.000100Lr1=0.001000, time=0.59s
2026-03-14 16:08:19 | INFO | Validation — loss=0.6144, acc=0.6951, f1=0.4101, recall=0.5, precision=0.3475
2026-03-14 16:08:19 | INFO | Best model logged 0.4101
2026-03-14 16:08:20 | INFO | [Epoch 001] total_loss=0.428989, Lr0=0.000100Lr1=0.000999, time=0.56s
2026-03-14 16:08:21 | INFO | Validation — loss=1.7530, acc=0.6951, f1=0.4101, recall=0.5, precision=0.3475
2026-03-14 16:08:21 | INFO | [Epoch 002] total_loss=0.252929, Lr0=0.000100Lr1=0.000998, time=0.55s
2026-03-14 16:08:23 | INFO | Validation — loss=3.5439, acc=0.6951, f1=0.4101, recall=0.5, precision=0.3475
2026-03-14 16:08:23 | INFO | [Epoch 003] total_loss=0.155838, Lr0=0.000100Lr1=0.000996, time=0.59s
2026-03-14 16:08:24 | INFO | Validation — loss=3.8469, acc=0.6951, f1=0.4101, recall=0.5, precision=0.3475
2026-03-14 16:08:25 | INFO | [Epoch 004] total_loss=0.142637, Lr0=0.000099Lr1=0.000994, time=0.58s
2026-03-14 16:08:26 | INFO | Validation — loss=2.5333, acc=0.6951, f1=0.4101, recall=0.5, precision=0.3475
2026-03-14 16:08:27 | INFO | [Epoch 005] total_loss=0.122852, Lr0=0.000099Lr1=0.000991, time=0.58s
2026-03-14 16:08:28 | INFO | Validation — loss=4.1006, acc=0.6951, f1=0.4101, recall=0.5, precision=0.3475
2026-03-14 16:08:29 | INFO | [Epoch 006] total_loss=0.122500, Lr0=0.000099Lr1=0.000988, time=0.56s
2026-03-14 16:08:30 | INFO | Validation — loss=1.7217, acc=0.6951, f1=0.4101, recall=0.5, precision=0.3475
2026-03-14 16:08:30 | INFO | [Epoch 007] total_loss=0.087154, Lr0=0.000098Lr1=0.000984, time=0.59s
2026-03-14 16:08:32 | INFO | Validation — loss=3.1051, acc=0.6951, f1=0.4101, recall=0.5, precision=0.3475
2026-03-14 16:08:32 | INFO | [Epoch 008] total_loss=0.057746, Lr0=0.000098Lr1=0.000980, time=0.58s
2026-03-14 16:08:34 | INFO | Validation — loss=2.2269, acc=0.6951, f1=0.4101, recall=0.5, precision=0.3475
2026-03-14 16:08:34 | INFO | [Epoch 009] total_loss=0.067731, Lr0=0.000098Lr1=0.000976, time=0.67s
2026-03-14 16:08:36 | INFO | Validation — loss=0.3675, acc=0.7435, f1=0.5592, recall=0.5794, precision=0.8652
2026-03-14 16:08:36 | INFO | Best model logged 0.5592
2026-03-14 16:08:36 | INFO | [Epoch 010] total_loss=0.041408, Lr0=0.000097Lr1=0.000970, time=0.59s
2026-03-14 16:08:37 | INFO | Validation — loss=0.0309, acc=0.9934, f1=0.9923, recall=0.9953, precision=0.9894
2026-03-14 16:08:37 | INFO | Best model logged 0.9923
2026-03-14 16:08:38 | INFO | [Epoch 011] total_loss=0.051208, Lr0=0.000097Lr1=0.000965, time=0.57s
2026-03-14 16:08:39 | INFO | Validation — loss=0.0606, acc=0.9757, f1=0.9719, recall=0.9825, precision=0.9631
2026-03-14 16:08:40 | INFO | [Epoch 012] total_loss=0.042493, Lr0=0.000096Lr1=0.000959, time=0.58s
2026-03-14 16:08:41 | INFO | Validation — loss=0.1064, acc=0.9586, f1=0.9529, recall=0.9702, precision=0.9402
2026-03-14 16:08:42 | INFO | [Epoch 013] total_loss=0.026596, Lr0=0.000095Lr1=0.000952, time=0.60s
2026-03-14 16:08:43 | INFO | Validation — loss=0.1593, acc=0.9372, f1=0.9297, recall=0.9549, precision=0.9147
2026-03-14 16:08:44 | INFO | [Epoch 014] total_loss=0.016373, Lr0=0.000095Lr1=0.000946, time=0.59s
2026-03-14 16:08:45 | INFO | Validation — loss=0.0130, acc=0.9952, f1=0.9944, recall=0.9966, precision=0.9923
2026-03-14 16:08:45 | INFO | Best model logged 0.9944
2026-03-14 16:08:45 | INFO | [Epoch 015] total_loss=0.030315, Lr0=0.000094Lr1=0.000938, time=0.57s
2026-03-14 16:08:47 | INFO | Validation — loss=0.8045, acc=0.7538, f1=0.7485, recall=0.8229, precision=0.7766
2026-03-14 16:08:47 | INFO | [Epoch 016] total_loss=0.022853, Lr0=0.000093Lr1=0.000930, time=0.58s
2026-03-14 16:08:49 | INFO | Validation — loss=0.0183, acc=0.993, f1=0.9917, recall=0.9949, precision=0.9887
2026-03-14 16:08:49 | INFO | [Epoch 017] total_loss=0.023931, Lr0=0.000092Lr1=0.000922, time=0.57s
2026-03-14 16:08:50 | INFO | Validation — loss=0.2109, acc=0.9256, f1=0.9174, recall=0.9465, precision=0.902
2026-03-14 16:08:51 | INFO | [Epoch 018] total_loss=0.010749, Lr0=0.000091Lr1=0.000914, time=0.57s
2026-03-14 16:08:52 | INFO | Validation — loss=0.0265, acc=0.9893, f1=0.9875, recall=0.9923, precision=0.9831
2026-03-14 16:08:53 | INFO | [Epoch 019] total_loss=0.009744, Lr0=0.000091Lr1=0.000905, time=0.58s
2026-03-14 16:08:54 | INFO | Validation — loss=0.1523, acc=0.942, f1=0.9348, recall=0.9583, precision=0.9201
2026-03-14 16:08:55 | INFO | [Epoch 020] total_loss=0.011079, Lr0=0.000090Lr1=0.000895, time=0.56s
2026-03-14 16:08:56 | INFO | Validation — loss=0.3770, acc=0.9006, f1=0.8915, recall=0.9285, precision=0.8771
2026-03-14 16:08:56 | INFO | [Epoch 021] total_loss=0.036802, Lr0=0.000089Lr1=0.000885, time=0.59s
2026-03-14 16:08:58 | INFO | Validation — loss=0.8235, acc=0.769, f1=0.763, recall=0.8338, precision=0.7845
2026-03-14 16:08:58 | INFO | [Epoch 022] total_loss=0.040372, Lr0=0.000088Lr1=0.000875, time=0.57s
2026-03-14 16:09:00 | INFO | Validation — loss=0.0277, acc=0.9891, f1=0.9873, recall=0.9921, precision=0.9827
2026-03-14 16:09:00 | INFO | [Epoch 023] total_loss=0.012260, Lr0=0.000087Lr1=0.000865, time=0.58s
2026-03-14 16:09:01 | INFO | Validation — loss=0.3725, acc=0.8818, f1=0.8723, recall=0.9149, precision=0.8603
2026-03-14 16:09:02 | INFO | [Epoch 024] total_loss=0.009970, Lr0=0.000086Lr1=0.000854, time=0.62s
2026-03-14 16:09:03 | INFO | Validation — loss=0.1565, acc=0.9409, f1=0.9336, recall=0.9575, precision=0.9188
2026-03-14 16:09:04 | INFO | [Epoch 025] total_loss=0.007265, Lr0=0.000084Lr1=0.000842, time=0.57s
2026-03-14 16:09:05 | INFO | Validation — loss=0.1477, acc=0.9429, f1=0.9358, recall=0.9589, precision=0.9212
2026-03-14 16:09:06 | INFO | [Epoch 026] total_loss=0.005824, Lr0=0.000083Lr1=0.000831, time=0.57s
2026-03-14 16:09:07 | INFO | Validation — loss=0.0244, acc=0.9911, f1=0.9896, recall=0.9936, precision=0.9859
2026-03-14 16:09:07 | INFO | [Epoch 027] total_loss=0.003359, Lr0=0.000082Lr1=0.000819, time=0.58s
2026-03-14 16:09:09 | INFO | Validation — loss=0.0622, acc=0.9777, f1=0.9742, recall=0.984, precision=0.9659
2026-03-14 16:09:09 | INFO | [Epoch 028] total_loss=0.003531, Lr0=0.000081Lr1=0.000807, time=0.59s
2026-03-14 16:09:11 | INFO | Validation — loss=0.0730, acc=0.9718, f1=0.9676, recall=0.9797, precision=0.9577
2026-03-14 16:09:11 | INFO | [Epoch 029] total_loss=0.003238, Lr0=0.000080Lr1=0.000794, time=0.57s
2026-03-14 16:09:13 | INFO | Validation — loss=0.5158, acc=0.8565, f1=0.8472, recall=0.8968, precision=0.84
2026-03-14 16:09:13 | INFO | [Epoch 030] total_loss=0.002713, Lr0=0.000078Lr1=0.000781, time=0.62s
2026-03-14 16:09:14 | INFO | Validation — loss=0.2688, acc=0.9181, f1=0.9095, recall=0.9411, precision=0.8942
2026-03-14 16:09:15 | INFO | [Epoch 031] total_loss=0.001284, Lr0=0.000077Lr1=0.000768, time=0.61s
2026-03-14 16:09:16 | INFO | Validation — loss=0.0867, acc=0.9666, f1=0.9617, recall=0.976, precision=0.9506
2026-03-14 16:09:17 | INFO | [Epoch 032] total_loss=0.001329, Lr0=0.000076Lr1=0.000755, time=0.57s
2026-03-14 16:09:18 | INFO | Validation — loss=0.0849, acc=0.9693, f1=0.9647, recall=0.9779, precision=0.9543
2026-03-14 16:09:19 | INFO | [Epoch 033] total_loss=0.001174, Lr0=0.000074Lr1=0.000741, time=0.60s
2026-03-14 16:09:20 | INFO | Validation — loss=0.1182, acc=0.9529, f1=0.9467, recall=0.9661, precision=0.9331
2026-03-14 16:09:21 | INFO | [Epoch 034] total_loss=0.001169, Lr0=0.000073Lr1=0.000727, time=0.56s
2026-03-14 16:09:22 | INFO | Validation — loss=0.1543, acc=0.9436, f1=0.9365, recall=0.9594, precision=0.922
2026-03-14 16:09:22 | INFO | Early stopping at epoch 34. Best: 0.994400
2026-03-14 16:09:22 | INFO | Training complete.
2026-03-14 16:09:22 | INFO | Best checkpoint: ./save/cnn_overlap_new/contrastive_SWELLDataset/finetuned_best_14.pt
