2026-03-13 15:28:48 | INFO | === Run 1/1 | seed=0 | fold=fold_00.csv ===
2026-03-13 15:28:48 | INFO | Loading split file /home/s223149341/SSL-invariance-Subject_Project_model/subject_aware_contrastive_learning/datasets/process_dataset/LOSO_testval/fold_00.csv
2026-03-13 15:28:53 | INFO | Model.forward signature: (data)
2026-03-13 15:28:59 | INFO | [LOSO] Train size: 609, Val size: 4496, Test size: 4496
2026-03-13 15:28:59 | INFO | Train batches per epoch: 9
2026-03-13 15:29:04 | INFO | [Epoch 000] loss=0.691119 lr=0.000010 time=5.39s
2026-03-13 15:29:05 | INFO | Validation — loss: 0.6974 - Accuracy: 0.3181 - F1score: 0.2413 - Recall: 0.5 - Precision 0.159
2026-03-13 15:29:05 | INFO | ---------- New best model found at epoch 0 with F1=0.241300------------
2026-03-13 15:29:06 | INFO | [Epoch 001] loss=0.673944 lr=0.000010 time=0.49s
2026-03-13 15:29:07 | INFO | Validation — loss: 0.6952 - Accuracy: 0.3181 - F1score: 0.2413 - Recall: 0.5 - Precision 0.159
2026-03-13 15:29:07 | INFO | [Epoch 002] loss=0.647874 lr=0.000010 time=0.52s
2026-03-13 15:29:08 | INFO | Validation — loss: 0.6929 - Accuracy: 0.6819 - F1score: 0.4054 - Recall: 0.5 - Precision 0.341
2026-03-13 15:29:08 | INFO | ---------- New best model found at epoch 2 with F1=0.405400------------
2026-03-13 15:29:09 | INFO | [Epoch 003] loss=0.613731 lr=0.000010 time=0.51s
2026-03-13 15:29:10 | INFO | Validation — loss: 0.6908 - Accuracy: 0.6819 - F1score: 0.4054 - Recall: 0.5 - Precision 0.341
2026-03-13 15:29:10 | INFO | [Epoch 004] loss=0.573836 lr=0.000010 time=0.47s
2026-03-13 15:29:11 | INFO | Validation — loss: 0.6835 - Accuracy: 0.6819 - F1score: 0.4054 - Recall: 0.5 - Precision 0.341
2026-03-13 15:29:12 | INFO | [Epoch 005] loss=0.532694 lr=0.000010 time=0.46s
2026-03-13 15:29:13 | INFO | Validation — loss: 0.6785 - Accuracy: 0.6819 - F1score: 0.4054 - Recall: 0.5 - Precision 0.341
2026-03-13 15:29:13 | INFO | [Epoch 006] loss=0.489027 lr=0.000010 time=0.49s
2026-03-13 15:29:14 | INFO | Validation — loss: 0.6764 - Accuracy: 0.6819 - F1score: 0.4054 - Recall: 0.5 - Precision 0.341
2026-03-13 15:29:15 | INFO | [Epoch 007] loss=0.445625 lr=0.000010 time=0.51s
2026-03-13 15:29:15 | INFO | Validation — loss: 0.6765 - Accuracy: 0.6819 - F1score: 0.4054 - Recall: 0.5 - Precision 0.341
2026-03-13 15:29:16 | INFO | [Epoch 008] loss=0.411168 lr=0.000010 time=0.47s
2026-03-13 15:29:17 | INFO | Validation — loss: 0.6731 - Accuracy: 0.6819 - F1score: 0.4054 - Recall: 0.5 - Precision 0.341
2026-03-13 15:29:17 | INFO | [Epoch 009] loss=0.379184 lr=0.000010 time=0.51s
2026-03-13 15:29:18 | INFO | Validation — loss: 0.6732 - Accuracy: 0.6819 - F1score: 0.4054 - Recall: 0.5 - Precision 0.341
2026-03-13 15:29:19 | INFO | [Epoch 010] loss=0.346565 lr=0.000010 time=0.55s
2026-03-13 15:29:20 | INFO | Validation — loss: 0.6799 - Accuracy: 0.6926 - F1score: 0.5604 - Recall: 0.5683 - Precision 0.6281
2026-03-13 15:29:20 | INFO | ---------- New best model found at epoch 10 with F1=0.560400------------
2026-03-13 15:29:20 | INFO | [Epoch 011] loss=0.313588 lr=0.000010 time=0.48s
2026-03-13 15:29:21 | INFO | Validation — loss: 0.6863 - Accuracy: 0.5383 - F1score: 0.5324 - Recall: 0.5736 - Precision 0.5651
2026-03-13 15:29:22 | INFO | [Epoch 012] loss=0.286092 lr=0.000010 time=0.50s
2026-03-13 15:29:23 | INFO | Validation — loss: 0.6957 - Accuracy: 0.4882 - F1score: 0.4828 - Recall: 0.6057 - Precision 0.6356
2026-03-13 15:29:23 | INFO | [Epoch 013] loss=0.264191 lr=0.000010 time=0.52s
2026-03-13 15:29:24 | INFO | Validation — loss: 0.7085 - Accuracy: 0.464 - F1score: 0.4479 - Recall: 0.6062 - Precision 0.6831
2026-03-13 15:29:25 | INFO | [Epoch 014] loss=0.239033 lr=0.000010 time=0.49s
2026-03-13 15:29:25 | INFO | Validation — loss: 0.8195 - Accuracy: 0.4052 - F1score: 0.3718 - Recall: 0.5639 - Precision 0.6742
2026-03-13 15:29:26 | INFO | [Epoch 015] loss=0.214124 lr=0.000009 time=0.49s
2026-03-13 15:29:27 | INFO | Validation — loss: 0.8862 - Accuracy: 0.3932 - F1score: 0.3552 - Recall: 0.5551 - Precision 0.672
2026-03-13 15:29:27 | INFO | [Epoch 016] loss=0.185018 lr=0.000009 time=0.49s
2026-03-13 15:29:28 | INFO | Validation — loss: 0.8511 - Accuracy: 0.4126 - F1score: 0.3817 - Recall: 0.5693 - Precision 0.6756
2026-03-13 15:29:29 | INFO | [Epoch 017] loss=0.168601 lr=0.000009 time=0.51s
2026-03-13 15:29:30 | INFO | Validation — loss: 0.8959 - Accuracy: 0.4097 - F1score: 0.3778 - Recall: 0.5672 - Precision 0.6751
2026-03-13 15:29:30 | INFO | [Epoch 018] loss=0.153456 lr=0.000009 time=0.60s
2026-03-13 15:29:31 | INFO | Validation — loss: 0.9075 - Accuracy: 0.4097 - F1score: 0.3778 - Recall: 0.5672 - Precision 0.6751
2026-03-13 15:29:32 | INFO | [Epoch 019] loss=0.140463 lr=0.000009 time=0.68s
2026-03-13 15:29:33 | INFO | Validation — loss: 0.8409 - Accuracy: 0.464 - F1score: 0.4476 - Recall: 0.607 - Precision 0.6862
2026-03-13 15:29:34 | INFO | [Epoch 020] loss=0.132237 lr=0.000009 time=0.45s
2026-03-13 15:29:35 | INFO | Validation — loss: 0.8917 - Accuracy: 0.4517 - F1score: 0.4324 - Recall: 0.598 - Precision 0.6836
2026-03-13 15:29:35 | INFO | [Epoch 021] loss=0.111961 lr=0.000009 time=0.50s
2026-03-13 15:29:36 | INFO | Validation — loss: 0.8456 - Accuracy: 0.5018 - F1score: 0.4926 - Recall: 0.6347 - Precision 0.6948
2026-03-13 15:29:36 | INFO | [Epoch 022] loss=0.104506 lr=0.000009 time=0.50s
2026-03-13 15:29:37 | INFO | Validation — loss: 0.8678 - Accuracy: 0.5091 - F1score: 0.5011 - Recall: 0.6401 - Precision 0.6966
2026-03-13 15:29:38 | INFO | [Epoch 023] loss=0.093525 lr=0.000009 time=0.46s
2026-03-13 15:29:39 | INFO | Validation — loss: 0.7908 - Accuracy: 0.5661 - F1score: 0.5639 - Recall: 0.6818 - Precision 0.7115
2026-03-13 15:29:39 | INFO | ---------- New best model found at epoch 23 with F1=0.563900------------
2026-03-13 15:29:39 | INFO | [Epoch 024] loss=0.086068 lr=0.000009 time=0.48s
2026-03-13 15:29:40 | INFO | Validation — loss: 0.9253 - Accuracy: 0.4978 - F1score: 0.488 - Recall: 0.6318 - Precision 0.6939
2026-03-13 15:29:41 | INFO | [Epoch 025] loss=0.078295 lr=0.000009 time=0.49s
2026-03-13 15:29:42 | INFO | Validation — loss: 0.6270 - Accuracy: 0.6806 - F1score: 0.6798 - Recall: 0.7638 - Precision 0.7461
2026-03-13 15:29:42 | INFO | ---------- New best model found at epoch 25 with F1=0.679800------------
2026-03-13 15:29:42 | INFO | [Epoch 026] loss=0.070927 lr=0.000008 time=0.46s
2026-03-13 15:29:43 | INFO | Validation — loss: 1.4284 - Accuracy: 0.3496 - F1score: 0.2915 - Recall: 0.5232 - Precision 0.6642
2026-03-13 15:29:43 | INFO | [Epoch 027] loss=0.068634 lr=0.000008 time=0.41s
2026-03-13 15:29:44 | INFO | Validation — loss: 1.1465 - Accuracy: 0.4557 - F1score: 0.4374 - Recall: 0.6009 - Precision 0.6844
2026-03-13 15:29:45 | INFO | [Epoch 028] loss=0.069638 lr=0.000008 time=0.51s
2026-03-13 15:29:46 | INFO | Validation — loss: 1.3943 - Accuracy: 0.3999 - F1score: 0.3645 - Recall: 0.56 - Precision 0.6732
2026-03-13 15:29:46 | INFO | [Epoch 029] loss=0.059396 lr=0.000008 time=0.46s
2026-03-13 15:29:47 | INFO | Validation — loss: 1.1451 - Accuracy: 0.4873 - F1score: 0.4757 - Recall: 0.6241 - Precision 0.6914
2026-03-13 15:29:48 | INFO | [Epoch 030] loss=0.063112 lr=0.000008 time=0.68s
2026-03-13 15:29:49 | INFO | Validation — loss: 1.3913 - Accuracy: 0.4032 - F1score: 0.369 - Recall: 0.5625 - Precision 0.6738
2026-03-13 15:29:49 | INFO | [Epoch 031] loss=0.049713 lr=0.000008 time=0.52s
2026-03-13 15:29:50 | INFO | Validation — loss: 1.1143 - Accuracy: 0.464 - F1score: 0.4476 - Recall: 0.607 - Precision 0.6862
2026-03-13 15:29:51 | INFO | [Epoch 032] loss=0.047317 lr=0.000008 time=0.60s
2026-03-13 15:29:52 | INFO | Validation — loss: 0.7843 - Accuracy: 0.6079 - F1score: 0.6076 - Recall: 0.7125 - Precision 0.7239
2026-03-13 15:29:52 | INFO | [Epoch 033] loss=0.038991 lr=0.000008 time=0.53s
2026-03-13 15:29:53 | INFO | Validation — loss: 1.0616 - Accuracy: 0.5225 - F1score: 0.5162 - Recall: 0.6499 - Precision 0.6999
2026-03-13 15:29:54 | INFO | [Epoch 034] loss=0.042888 lr=0.000008 time=0.53s
2026-03-13 15:29:55 | INFO | Validation — loss: 0.8545 - Accuracy: 0.6028 - F1score: 0.6023 - Recall: 0.7087 - Precision 0.7223
2026-03-13 15:29:55 | INFO | [Epoch 035] loss=0.035467 lr=0.000007 time=0.52s
2026-03-13 15:29:56 | INFO | Validation — loss: 0.9556 - Accuracy: 0.5834 - F1score: 0.5822 - Recall: 0.6946 - Precision 0.7165
2026-03-13 15:29:57 | INFO | [Epoch 036] loss=0.034920 lr=0.000007 time=0.52s
2026-03-13 15:29:58 | INFO | Validation — loss: 0.8894 - Accuracy: 0.5985 - F1score: 0.598 - Recall: 0.7056 - Precision 0.721
2026-03-13 15:29:58 | INFO | [Epoch 037] loss=0.030622 lr=0.000007 time=0.49s
2026-03-13 15:29:59 | INFO | Validation — loss: 1.0074 - Accuracy: 0.569 - F1score: 0.567 - Recall: 0.684 - Precision 0.7123
2026-03-13 15:30:00 | INFO | [Epoch 038] loss=0.045859 lr=0.000007 time=0.48s
2026-03-13 15:30:01 | INFO | Validation — loss: 0.7379 - Accuracy: 0.7002 - F1score: 0.6986 - Recall: 0.7763 - Precision 0.7515
2026-03-13 15:30:01 | INFO | ---------- New best model found at epoch 38 with F1=0.698600------------
2026-03-13 15:30:01 | INFO | [Epoch 039] loss=0.032477 lr=0.000007 time=0.50s
2026-03-13 15:30:02 | INFO | Validation — loss: 0.8602 - Accuracy: 0.6268 - F1score: 0.6267 - Recall: 0.7264 - Precision 0.7301
2026-03-13 15:30:03 | INFO | [Epoch 040] loss=0.031898 lr=0.000007 time=0.58s
2026-03-13 15:30:04 | INFO | Validation — loss: 1.1554 - Accuracy: 0.5316 - F1score: 0.5264 - Recall: 0.6566 - Precision 0.7022
2026-03-13 15:30:04 | INFO | [Epoch 041] loss=0.027438 lr=0.000007 time=0.55s
2026-03-13 15:30:05 | INFO | Validation — loss: 0.8095 - Accuracy: 0.6657 - F1score: 0.6652 - Recall: 0.751 - Precision 0.7371
2026-03-13 15:30:06 | INFO | [Epoch 042] loss=0.024930 lr=0.000006 time=0.49s
2026-03-13 15:30:07 | INFO | Validation — loss: 1.1994 - Accuracy: 0.5363 - F1score: 0.5316 - Recall: 0.66 - Precision 0.7034
2026-03-13 15:30:07 | INFO | [Epoch 043] loss=0.027809 lr=0.000006 time=0.47s
2026-03-13 15:30:08 | INFO | Validation — loss: 0.8639 - Accuracy: 0.6363 - F1score: 0.6363 - Recall: 0.733 - Precision 0.7326
2026-03-13 15:30:09 | INFO | [Epoch 044] loss=0.024738 lr=0.000006 time=0.48s
2026-03-13 15:30:10 | INFO | Validation — loss: 0.9158 - Accuracy: 0.6254 - F1score: 0.6254 - Recall: 0.7254 - Precision 0.7296
2026-03-13 15:30:10 | INFO | [Epoch 045] loss=0.021776 lr=0.000006 time=0.48s
2026-03-13 15:30:11 | INFO | Validation — loss: 0.8588 - Accuracy: 0.6504 - F1score: 0.6502 - Recall: 0.7418 - Precision 0.7348
2026-03-13 15:30:12 | INFO | [Epoch 046] loss=0.019479 lr=0.000006 time=0.47s
2026-03-13 15:30:12 | INFO | Validation — loss: 0.9440 - Accuracy: 0.6154 - F1score: 0.6153 - Recall: 0.718 - Precision 0.7263
2026-03-13 15:30:13 | INFO | [Epoch 047] loss=0.020011 lr=0.000006 time=0.53s
2026-03-13 15:30:14 | INFO | Validation — loss: 1.0702 - Accuracy: 0.5814 - F1score: 0.5801 - Recall: 0.6931 - Precision 0.7159
2026-03-13 15:30:14 | INFO | [Epoch 048] loss=0.018589 lr=0.000006 time=0.51s
2026-03-13 15:30:15 | INFO | Validation — loss: 1.1208 - Accuracy: 0.5616 - F1score: 0.5592 - Recall: 0.6786 - Precision 0.7102
2026-03-13 15:30:16 | INFO | [Epoch 049] loss=0.016962 lr=0.000006 time=0.48s
2026-03-13 15:30:17 | INFO | Validation — loss: 1.1373 - Accuracy: 0.5676 - F1score: 0.5656 - Recall: 0.683 - Precision 0.7119
2026-03-13 15:30:17 | INFO | [Epoch 050] loss=0.016136 lr=0.000005 time=0.49s
2026-03-13 15:30:18 | INFO | Validation — loss: 0.9649 - Accuracy: 0.6134 - F1score: 0.6132 - Recall: 0.7166 - Precision 0.7257
2026-03-13 15:30:19 | INFO | [Epoch 051] loss=0.016613 lr=0.000005 time=0.50s
2026-03-13 15:30:20 | INFO | Validation — loss: 1.0979 - Accuracy: 0.5747 - F1score: 0.5731 - Recall: 0.6882 - Precision 0.7139
2026-03-13 15:30:20 | INFO | [Epoch 052] loss=0.016455 lr=0.000005 time=0.51s
2026-03-13 15:30:21 | INFO | Validation — loss: 1.0879 - Accuracy: 0.5776 - F1score: 0.5762 - Recall: 0.6903 - Precision 0.7148
2026-03-13 15:30:22 | INFO | [Epoch 053] loss=0.020776 lr=0.000005 time=0.50s
2026-03-13 15:30:22 | INFO | Validation — loss: 0.9166 - Accuracy: 0.6461 - F1score: 0.6461 - Recall: 0.7405 - Precision 0.7367
2026-03-13 15:30:22 | INFO | Early stopping at epoch 53. Best loss: 0.698600
2026-03-13 15:30:23 | INFO | Training complete.
2026-03-13 15:30:23 | INFO | Best result: {'acc': 0.7002, 'precision': 0.7515, 'recall': 0.7763, 'f1': 0.6986, 'conf_mat': array([[1739, 1327],
       [  21, 1409]])}
2026-03-13 15:30:23 | INFO | === Run 2/1 | seed=0 | fold=fold_01.csv ===
2026-03-13 15:30:23 | INFO | Loading split file /home/s223149341/SSL-invariance-Subject_Project_model/subject_aware_contrastive_learning/datasets/process_dataset/LOSO_testval/fold_01.csv
2026-03-13 15:30:23 | INFO | Model.forward signature: (data)
2026-03-13 15:30:28 | INFO | [LOSO] Train size: 611, Val size: 4336, Test size: 4336
2026-03-13 15:30:28 | INFO | Train batches per epoch: 9
2026-03-13 15:30:29 | INFO | [Epoch 000] loss=0.690408 lr=0.000010 time=0.58s
2026-03-13 15:30:30 | INFO | Validation — loss: 0.6979 - Accuracy: 0.2931 - F1score: 0.2267 - Recall: 0.5 - Precision 0.1466
2026-03-13 15:30:30 | INFO | ---------- New best model found at epoch 0 with F1=0.226700------------
2026-03-13 15:30:30 | INFO | [Epoch 001] loss=0.673040 lr=0.000010 time=0.52s
2026-03-13 15:30:31 | INFO | Validation — loss: 0.6968 - Accuracy: 0.2931 - F1score: 0.2267 - Recall: 0.5 - Precision 0.1466
2026-03-13 15:30:32 | INFO | [Epoch 002] loss=0.648437 lr=0.000010 time=0.54s
2026-03-13 15:30:33 | INFO | Validation — loss: 0.6939 - Accuracy: 0.2931 - F1score: 0.2267 - Recall: 0.5 - Precision 0.1466
2026-03-13 15:30:34 | INFO | [Epoch 003] loss=0.613801 lr=0.000010 time=0.72s
2026-03-13 15:30:35 | INFO | Validation — loss: 0.6929 - Accuracy: 0.7069 - F1score: 0.4141 - Recall: 0.5 - Precision 0.3534
2026-03-13 15:30:35 | INFO | ---------- New best model found at epoch 3 with F1=0.414100------------
2026-03-13 15:30:35 | INFO | [Epoch 004] loss=0.574143 lr=0.000010 time=0.58s
2026-03-13 15:30:36 | INFO | Validation — loss: 0.6897 - Accuracy: 0.7069 - F1score: 0.4141 - Recall: 0.5 - Precision 0.3534
2026-03-13 15:30:37 | INFO | [Epoch 005] loss=0.531384 lr=0.000010 time=0.54s
2026-03-13 15:30:38 | INFO | Validation — loss: 0.6862 - Accuracy: 0.7069 - F1score: 0.4141 - Recall: 0.5 - Precision 0.3534
2026-03-13 15:30:39 | INFO | [Epoch 006] loss=0.486000 lr=0.000010 time=0.57s
2026-03-13 15:30:40 | INFO | Validation — loss: 0.6843 - Accuracy: 0.7069 - F1score: 0.4141 - Recall: 0.5 - Precision 0.3534
2026-03-13 15:30:40 | INFO | [Epoch 007] loss=0.445253 lr=0.000010 time=0.58s
2026-03-13 15:30:41 | INFO | Validation — loss: 0.6811 - Accuracy: 0.7069 - F1score: 0.4141 - Recall: 0.5 - Precision 0.3534
2026-03-13 15:30:42 | INFO | [Epoch 008] loss=0.403638 lr=0.000010 time=0.75s
2026-03-13 15:30:43 | INFO | Validation — loss: 0.6640 - Accuracy: 0.7069 - F1score: 0.4141 - Recall: 0.5 - Precision 0.3534
2026-03-13 15:30:44 | INFO | [Epoch 009] loss=0.366799 lr=0.000010 time=0.61s
2026-03-13 15:30:45 | INFO | Validation — loss: 0.6203 - Accuracy: 0.7069 - F1score: 0.4141 - Recall: 0.5 - Precision 0.3534
2026-03-13 15:30:46 | INFO | [Epoch 010] loss=0.327586 lr=0.000010 time=0.56s
2026-03-13 15:30:46 | INFO | Validation — loss: 0.5939 - Accuracy: 0.7069 - F1score: 0.4141 - Recall: 0.5 - Precision 0.3534
2026-03-13 15:30:47 | INFO | [Epoch 011] loss=0.291749 lr=0.000010 time=0.55s
2026-03-13 15:30:48 | INFO | Validation — loss: 0.5770 - Accuracy: 0.7113 - F1score: 0.4299 - Recall: 0.5075 - Precision 0.855
2026-03-13 15:30:48 | INFO | ---------- New best model found at epoch 11 with F1=0.429900------------
2026-03-13 15:30:49 | INFO | [Epoch 012] loss=0.259735 lr=0.000010 time=0.54s
2026-03-13 15:30:50 | INFO | Validation — loss: 0.5752 - Accuracy: 0.6545 - F1score: 0.5019 - Recall: 0.5134 - Precision 0.5214
2026-03-13 15:30:50 | INFO | ---------- New best model found at epoch 12 with F1=0.501900------------
2026-03-13 15:30:50 | INFO | [Epoch 013] loss=0.240615 lr=0.000010 time=0.53s
2026-03-13 15:30:51 | INFO | Validation — loss: 0.5718 - Accuracy: 0.6273 - F1score: 0.4785 - Recall: 0.4902 - Precision 0.4858
2026-03-13 15:30:52 | INFO | [Epoch 014] loss=0.212322 lr=0.000010 time=0.52s
2026-03-13 15:30:53 | INFO | Validation — loss: 0.5762 - Accuracy: 0.6458 - F1score: 0.5718 - Recall: 0.5717 - Precision 0.5719
2026-03-13 15:30:53 | INFO | ---------- New best model found at epoch 14 with F1=0.571800------------
2026-03-13 15:30:53 | INFO | [Epoch 015] loss=0.187858 lr=0.000009 time=0.59s
2026-03-13 15:30:54 | INFO | Validation — loss: 0.5772 - Accuracy: 0.6319 - F1score: 0.5376 - Recall: 0.537 - Precision 0.5403
2026-03-13 15:30:55 | INFO | [Epoch 016] loss=0.168166 lr=0.000009 time=0.56s
2026-03-13 15:30:56 | INFO | Validation — loss: 0.6022 - Accuracy: 0.6469 - F1score: 0.5794 - Recall: 0.5805 - Precision 0.5785
2026-03-13 15:30:56 | INFO | ---------- New best model found at epoch 16 with F1=0.579400------------
2026-03-13 15:30:56 | INFO | [Epoch 017] loss=0.157418 lr=0.000009 time=0.60s
2026-03-13 15:30:57 | INFO | Validation — loss: 0.6734 - Accuracy: 0.7209 - F1score: 0.7094 - Recall: 0.7704 - Precision 0.7241
2026-03-13 15:30:57 | INFO | ---------- New best model found at epoch 17 with F1=0.709400------------
2026-03-13 15:30:58 | INFO | [Epoch 018] loss=0.142893 lr=0.000009 time=0.59s
2026-03-13 15:30:59 | INFO | Validation — loss: 0.6407 - Accuracy: 0.7228 - F1score: 0.6953 - Recall: 0.7222 - Precision 0.6908
2026-03-13 15:31:00 | INFO | [Epoch 019] loss=0.133847 lr=0.000009 time=0.56s
2026-03-13 15:31:01 | INFO | Validation — loss: 0.9084 - Accuracy: 0.4758 - F1score: 0.4693 - Recall: 0.6292 - Precision 0.6793
2026-03-13 15:31:01 | INFO | [Epoch 020] loss=0.124266 lr=0.000009 time=0.60s
2026-03-13 15:31:02 | INFO | Validation — loss: 0.7493 - Accuracy: 0.7006 - F1score: 0.6958 - Recall: 0.7823 - Precision 0.7402
2026-03-13 15:31:03 | INFO | [Epoch 021] loss=0.111714 lr=0.000009 time=0.54s
2026-03-13 15:31:04 | INFO | Validation — loss: 0.6745 - Accuracy: 0.7578 - F1score: 0.7487 - Recall: 0.819 - Precision 0.7647
2026-03-13 15:31:04 | INFO | ---------- New best model found at epoch 21 with F1=0.748700------------
2026-03-13 15:31:04 | INFO | [Epoch 022] loss=0.098499 lr=0.000009 time=0.60s
2026-03-13 15:31:05 | INFO | Validation — loss: 0.5978 - Accuracy: 0.7486 - F1score: 0.7261 - Recall: 0.76 - Precision 0.7212
2026-03-13 15:31:06 | INFO | [Epoch 023] loss=0.103141 lr=0.000009 time=0.51s
2026-03-13 15:31:07 | INFO | Validation — loss: 0.6170 - Accuracy: 0.7747 - F1score: 0.7634 - Recall: 0.8259 - Precision 0.7702
2026-03-13 15:31:07 | INFO | ---------- New best model found at epoch 23 with F1=0.763400------------
2026-03-13 15:31:07 | INFO | [Epoch 024] loss=0.083293 lr=0.000009 time=0.54s
2026-03-13 15:31:08 | INFO | Validation — loss: 0.7947 - Accuracy: 0.6757 - F1score: 0.6727 - Recall: 0.767 - Precision 0.7325
2026-03-13 15:31:09 | INFO | [Epoch 025] loss=0.076823 lr=0.000009 time=0.55s
2026-03-13 15:31:10 | INFO | Validation — loss: 0.5693 - Accuracy: 0.7452 - F1score: 0.7218 - Recall: 0.7543 - Precision 0.7168
2026-03-13 15:31:10 | INFO | [Epoch 026] loss=0.067760 lr=0.000008 time=0.57s
2026-03-13 15:31:11 | INFO | Validation — loss: 0.5874 - Accuracy: 0.676 - F1score: 0.6224 - Recall: 0.6276 - Precision 0.6195
2026-03-13 15:31:12 | INFO | [Epoch 027] loss=0.064366 lr=0.000008 time=0.54s
2026-03-13 15:31:13 | INFO | Validation — loss: 0.6218 - Accuracy: 0.7352 - F1score: 0.7085 - Recall: 0.7358 - Precision 0.703
2026-03-13 15:31:13 | INFO | [Epoch 028] loss=0.060026 lr=0.000008 time=0.52s
2026-03-13 15:31:14 | INFO | Validation — loss: 0.6555 - Accuracy: 0.7825 - F1score: 0.7716 - Recall: 0.8349 - Precision 0.7777
2026-03-13 15:31:14 | INFO | ---------- New best model found at epoch 28 with F1=0.771600------------
2026-03-13 15:31:15 | INFO | [Epoch 029] loss=0.066478 lr=0.000008 time=0.51s
2026-03-13 15:31:16 | INFO | Validation — loss: 0.6641 - Accuracy: 0.7641 - F1score: 0.7515 - Recall: 0.8096 - Precision 0.757
2026-03-13 15:31:16 | INFO | [Epoch 030] loss=0.053567 lr=0.000008 time=0.57s
2026-03-13 15:31:17 | INFO | Validation — loss: 0.6312 - Accuracy: 0.5976 - F1score: 0.4741 - Recall: 0.4791 - Precision 0.4749
2026-03-13 15:31:18 | INFO | [Epoch 031] loss=0.051669 lr=0.000008 time=0.58s
2026-03-13 15:31:19 | INFO | Validation — loss: 0.6428 - Accuracy: 0.7491 - F1score: 0.7267 - Recall: 0.761 - Precision 0.7219
2026-03-13 15:31:20 | INFO | [Epoch 032] loss=0.045218 lr=0.000008 time=0.77s
2026-03-13 15:31:21 | INFO | Validation — loss: 0.5961 - Accuracy: 0.6195 - F1score: 0.5179 - Recall: 0.5183 - Precision 0.5203
2026-03-13 15:31:21 | INFO | [Epoch 033] loss=0.043523 lr=0.000008 time=0.58s
2026-03-13 15:31:22 | INFO | Validation — loss: 0.6894 - Accuracy: 0.759 - F1score: 0.7473 - Recall: 0.8083 - Precision 0.7556
2026-03-13 15:31:23 | INFO | [Epoch 034] loss=0.036984 lr=0.000008 time=0.70s
2026-03-13 15:31:24 | INFO | Validation — loss: 0.6260 - Accuracy: 0.6458 - F1score: 0.5714 - Recall: 0.5712 - Precision 0.5716
2026-03-13 15:31:24 | INFO | [Epoch 035] loss=0.035829 lr=0.000007 time=0.54s
2026-03-13 15:31:25 | INFO | Validation — loss: 0.6048 - Accuracy: 0.7345 - F1score: 0.7073 - Recall: 0.7339 - Precision 0.7017
2026-03-13 15:31:26 | INFO | [Epoch 036] loss=0.036807 lr=0.000007 time=0.64s
2026-03-13 15:31:27 | INFO | Validation — loss: 0.6261 - Accuracy: 0.6335 - F1score: 0.5477 - Recall: 0.5469 - Precision 0.5492
2026-03-13 15:31:28 | INFO | [Epoch 037] loss=0.037842 lr=0.000007 time=0.54s
2026-03-13 15:31:29 | INFO | Validation — loss: 0.7558 - Accuracy: 0.7525 - F1score: 0.7434 - Recall: 0.8137 - Precision 0.7603
2026-03-13 15:31:29 | INFO | [Epoch 038] loss=0.041054 lr=0.000007 time=0.57s
2026-03-13 15:31:30 | INFO | Validation — loss: 0.6486 - Accuracy: 0.7339 - F1score: 0.7071 - Recall: 0.7346 - Precision 0.7018
2026-03-13 15:31:31 | INFO | [Epoch 039] loss=0.031440 lr=0.000007 time=0.61s
2026-03-13 15:31:32 | INFO | Validation — loss: 0.5875 - Accuracy: 0.6769 - F1score: 0.6212 - Recall: 0.6252 - Precision 0.6186
2026-03-13 15:31:32 | INFO | [Epoch 040] loss=0.027951 lr=0.000007 time=0.53s
2026-03-13 15:31:33 | INFO | Validation — loss: 0.6607 - Accuracy: 0.7417 - F1score: 0.7184 - Recall: 0.7514 - Precision 0.7139
2026-03-13 15:31:34 | INFO | [Epoch 041] loss=0.026642 lr=0.000007 time=0.58s
2026-03-13 15:31:35 | INFO | Validation — loss: 0.6243 - Accuracy: 0.6425 - F1score: 0.5661 - Recall: 0.5657 - Precision 0.5665
2026-03-13 15:31:35 | INFO | [Epoch 042] loss=0.025948 lr=0.000006 time=0.57s
2026-03-13 15:31:36 | INFO | Validation — loss: 0.6724 - Accuracy: 0.7343 - F1score: 0.7077 - Recall: 0.7354 - Precision 0.7024
2026-03-13 15:31:37 | INFO | [Epoch 043] loss=0.025534 lr=0.000006 time=0.57s
2026-03-13 15:31:38 | INFO | Validation — loss: 0.6439 - Accuracy: 0.7053 - F1score: 0.6654 - Recall: 0.6787 - Precision 0.6603
2026-03-13 15:31:38 | INFO | Early stopping at epoch 43. Best loss: 0.771600
2026-03-13 15:31:38 | INFO | Training complete.
2026-03-13 15:31:38 | INFO | Best result: {'acc': 0.7825, 'precision': 0.7777, 'recall': 0.8349, 'f1': 0.7716, 'conf_mat': array([[2171,  894],
       [  49, 1222]])}
2026-03-13 15:31:38 | INFO | === Run 3/1 | seed=0 | fold=fold_02.csv ===
2026-03-13 15:31:38 | INFO | Loading split file /home/s223149341/SSL-invariance-Subject_Project_model/subject_aware_contrastive_learning/datasets/process_dataset/LOSO_testval/fold_02.csv
2026-03-13 15:31:38 | INFO | Model.forward signature: (data)
2026-03-13 15:31:44 | INFO | [LOSO] Train size: 611, Val size: 4345, Test size: 4345
2026-03-13 15:31:44 | INFO | Train batches per epoch: 9
2026-03-13 15:31:44 | INFO | [Epoch 000] loss=0.690840 lr=0.000010 time=0.52s
2026-03-13 15:31:45 | INFO | Validation — loss: 0.6974 - Accuracy: 0.2946 - F1score: 0.2276 - Recall: 0.5 - Precision 0.1473
2026-03-13 15:31:45 | INFO | ---------- New best model found at epoch 0 with F1=0.227600------------
2026-03-13 15:31:46 | INFO | [Epoch 001] loss=0.674284 lr=0.000010 time=0.60s
2026-03-13 15:31:47 | INFO | Validation — loss: 0.6938 - Accuracy: 0.2946 - F1score: 0.2276 - Recall: 0.5 - Precision 0.1473
2026-03-13 15:31:47 | INFO | [Epoch 002] loss=0.650893 lr=0.000010 time=0.57s
2026-03-13 15:31:48 | INFO | Validation — loss: 0.6838 - Accuracy: 0.7054 - F1score: 0.4136 - Recall: 0.5 - Precision 0.3527
2026-03-13 15:31:48 | INFO | ---------- New best model found at epoch 2 with F1=0.413600------------
2026-03-13 15:31:49 | INFO | [Epoch 003] loss=0.619075 lr=0.000010 time=0.50s
2026-03-13 15:31:50 | INFO | Validation — loss: 0.6687 - Accuracy: 0.7054 - F1score: 0.4136 - Recall: 0.5 - Precision 0.3527
2026-03-13 15:31:50 | INFO | [Epoch 004] loss=0.584151 lr=0.000010 time=0.58s
2026-03-13 15:31:51 | INFO | Validation — loss: 0.6608 - Accuracy: 0.7054 - F1score: 0.4136 - Recall: 0.5 - Precision 0.3527
2026-03-13 15:31:52 | INFO | [Epoch 005] loss=0.540929 lr=0.000010 time=0.61s
2026-03-13 15:31:53 | INFO | Validation — loss: 0.6574 - Accuracy: 0.7054 - F1score: 0.4136 - Recall: 0.5 - Precision 0.3527
2026-03-13 15:31:54 | INFO | [Epoch 006] loss=0.500624 lr=0.000010 time=0.59s
2026-03-13 15:31:55 | INFO | Validation — loss: 0.6451 - Accuracy: 0.7054 - F1score: 0.4136 - Recall: 0.5 - Precision 0.3527
2026-03-13 15:31:56 | INFO | [Epoch 007] loss=0.457687 lr=0.000010 time=0.69s
2026-03-13 15:31:57 | INFO | Validation — loss: 0.6346 - Accuracy: 0.7054 - F1score: 0.4136 - Recall: 0.5 - Precision 0.3527
2026-03-13 15:31:57 | INFO | [Epoch 008] loss=0.411498 lr=0.000010 time=0.53s
2026-03-13 15:31:58 | INFO | Validation — loss: 0.6274 - Accuracy: 0.7054 - F1score: 0.4136 - Recall: 0.5 - Precision 0.3527
2026-03-13 15:31:59 | INFO | [Epoch 009] loss=0.377704 lr=0.000010 time=0.50s
2026-03-13 15:32:00 | INFO | Validation — loss: 0.6017 - Accuracy: 0.7054 - F1score: 0.4136 - Recall: 0.5 - Precision 0.3527
2026-03-13 15:32:00 | INFO | [Epoch 010] loss=0.334993 lr=0.000010 time=0.55s
2026-03-13 15:32:01 | INFO | Validation — loss: 0.5796 - Accuracy: 0.7054 - F1score: 0.4136 - Recall: 0.5 - Precision 0.3527
2026-03-13 15:32:02 | INFO | [Epoch 011] loss=0.305267 lr=0.000010 time=0.54s
2026-03-13 15:32:02 | INFO | Validation — loss: 0.5842 - Accuracy: 0.7054 - F1score: 0.4136 - Recall: 0.5 - Precision 0.3527
2026-03-13 15:32:03 | INFO | [Epoch 012] loss=0.268691 lr=0.000010 time=0.54s
2026-03-13 15:32:04 | INFO | Validation — loss: 0.5831 - Accuracy: 0.7135 - F1score: 0.4422 - Recall: 0.5137 - Precision 0.8556
2026-03-13 15:32:04 | INFO | ---------- New best model found at epoch 12 with F1=0.442200------------
2026-03-13 15:32:05 | INFO | [Epoch 013] loss=0.243623 lr=0.000010 time=0.54s
2026-03-13 15:32:06 | INFO | Validation — loss: 0.5900 - Accuracy: 0.7054 - F1score: 0.4136 - Recall: 0.5 - Precision 0.3527
2026-03-13 15:32:06 | INFO | [Epoch 014] loss=0.216490 lr=0.000010 time=0.68s
2026-03-13 15:32:07 | INFO | Validation — loss: 0.6494 - Accuracy: 0.7054 - F1score: 0.4136 - Recall: 0.5 - Precision 0.3527
2026-03-13 15:32:08 | INFO | [Epoch 015] loss=0.190497 lr=0.000009 time=0.61s
2026-03-13 15:32:09 | INFO | Validation — loss: 0.5818 - Accuracy: 0.7146 - F1score: 0.4462 - Recall: 0.5156 - Precision 0.856
2026-03-13 15:32:09 | INFO | ---------- New best model found at epoch 15 with F1=0.446200------------
2026-03-13 15:32:10 | INFO | [Epoch 016] loss=0.171844 lr=0.000009 time=0.61s
2026-03-13 15:32:11 | INFO | Validation — loss: 0.6645 - Accuracy: 0.7054 - F1score: 0.4136 - Recall: 0.5 - Precision 0.3527
2026-03-13 15:32:11 | INFO | [Epoch 017] loss=0.152803 lr=0.000009 time=0.61s
2026-03-13 15:32:12 | INFO | Validation — loss: 0.6343 - Accuracy: 0.7098 - F1score: 0.4293 - Recall: 0.5074 - Precision 0.8543
2026-03-13 15:32:13 | INFO | [Epoch 018] loss=0.136520 lr=0.000009 time=0.58s
2026-03-13 15:32:14 | INFO | Validation — loss: 0.6655 - Accuracy: 0.71 - F1score: 0.4301 - Recall: 0.5078 - Precision 0.8543
2026-03-13 15:32:14 | INFO | [Epoch 019] loss=0.126382 lr=0.000009 time=0.55s
2026-03-13 15:32:15 | INFO | Validation — loss: 0.7915 - Accuracy: 0.7054 - F1score: 0.4136 - Recall: 0.5 - Precision 0.3527
2026-03-13 15:32:16 | INFO | [Epoch 020] loss=0.111647 lr=0.000009 time=0.59s
2026-03-13 15:32:17 | INFO | Validation — loss: 0.6280 - Accuracy: 0.7089 - F1score: 0.5253 - Recall: 0.5454 - Precision 0.6233
2026-03-13 15:32:17 | INFO | ---------- New best model found at epoch 20 with F1=0.525300------------
2026-03-13 15:32:17 | INFO | [Epoch 021] loss=0.100263 lr=0.000009 time=0.56s
2026-03-13 15:32:18 | INFO | Validation — loss: 0.8078 - Accuracy: 0.7054 - F1score: 0.4136 - Recall: 0.5 - Precision 0.3527
2026-03-13 15:32:19 | INFO | [Epoch 022] loss=0.095871 lr=0.000009 time=0.61s
2026-03-13 15:32:20 | INFO | Validation — loss: 0.7855 - Accuracy: 0.7063 - F1score: 0.417 - Recall: 0.5016 - Precision 0.853
2026-03-13 15:32:21 | INFO | [Epoch 023] loss=0.102186 lr=0.000009 time=0.54s
2026-03-13 15:32:22 | INFO | Validation — loss: 0.8190 - Accuracy: 0.7096 - F1score: 0.4364 - Recall: 0.5095 - Precision 0.7172
2026-03-13 15:32:22 | INFO | [Epoch 024] loss=0.083519 lr=0.000009 time=0.58s
2026-03-13 15:32:23 | INFO | Validation — loss: 0.8301 - Accuracy: 0.7054 - F1score: 0.4136 - Recall: 0.5 - Precision 0.3527
2026-03-13 15:32:24 | INFO | [Epoch 025] loss=0.069773 lr=0.000009 time=0.57s
2026-03-13 15:32:25 | INFO | Validation — loss: 0.7205 - Accuracy: 0.7148 - F1score: 0.4531 - Recall: 0.5181 - Precision 0.7802
2026-03-13 15:32:25 | INFO | [Epoch 026] loss=0.069029 lr=0.000008 time=0.50s
2026-03-13 15:32:26 | INFO | Validation — loss: 0.7356 - Accuracy: 0.7148 - F1score: 0.4517 - Recall: 0.5176 - Precision 0.7928
2026-03-13 15:32:27 | INFO | [Epoch 027] loss=0.063099 lr=0.000008 time=0.58s
2026-03-13 15:32:28 | INFO | Validation — loss: 0.9616 - Accuracy: 0.7054 - F1score: 0.4136 - Recall: 0.5 - Precision 0.3527
2026-03-13 15:32:28 | INFO | [Epoch 028] loss=0.056572 lr=0.000008 time=0.57s
2026-03-13 15:32:29 | INFO | Validation — loss: 0.7520 - Accuracy: 0.7142 - F1score: 0.4446 - Recall: 0.5148 - Precision 0.8558
2026-03-13 15:32:30 | INFO | [Epoch 029] loss=0.054365 lr=0.000008 time=0.62s
2026-03-13 15:32:31 | INFO | Validation — loss: 0.9639 - Accuracy: 0.7054 - F1score: 0.4136 - Recall: 0.5 - Precision 0.3527
2026-03-13 15:32:31 | INFO | [Epoch 030] loss=0.055730 lr=0.000008 time=0.57s
2026-03-13 15:32:32 | INFO | Validation — loss: 0.8632 - Accuracy: 0.7123 - F1score: 0.4382 - Recall: 0.5117 - Precision 0.8552
2026-03-13 15:32:33 | INFO | [Epoch 031] loss=0.048342 lr=0.000008 time=0.57s
2026-03-13 15:32:34 | INFO | Validation — loss: 0.8674 - Accuracy: 0.7098 - F1score: 0.4293 - Recall: 0.5074 - Precision 0.8543
2026-03-13 15:32:35 | INFO | [Epoch 032] loss=0.049308 lr=0.000008 time=0.56s
2026-03-13 15:32:36 | INFO | Validation — loss: 0.8722 - Accuracy: 0.7119 - F1score: 0.4366 - Recall: 0.5109 - Precision 0.855
2026-03-13 15:32:36 | INFO | [Epoch 033] loss=0.043796 lr=0.000008 time=0.60s
2026-03-13 15:32:37 | INFO | Validation — loss: 0.8786 - Accuracy: 0.7105 - F1score: 0.4318 - Recall: 0.5086 - Precision 0.8545
2026-03-13 15:32:38 | INFO | [Epoch 034] loss=0.039396 lr=0.000008 time=0.54s
2026-03-13 15:32:39 | INFO | Validation — loss: 0.9476 - Accuracy: 0.7089 - F1score: 0.4261 - Recall: 0.5059 - Precision 0.8539
2026-03-13 15:32:39 | INFO | [Epoch 035] loss=0.036434 lr=0.000007 time=0.58s
2026-03-13 15:32:40 | INFO | Validation — loss: 0.9549 - Accuracy: 0.7091 - F1score: 0.4269 - Recall: 0.5062 - Precision 0.854
2026-03-13 15:32:40 | INFO | Early stopping at epoch 35. Best loss: 0.525300
2026-03-13 15:32:40 | INFO | Training complete.
2026-03-13 15:32:40 | INFO | Best result: {'acc': 0.7089, 'precision': 0.6233, 'recall': 0.5454, 'f1': 0.5253, 'conf_mat': array([[2891,  174],
       [1091,  189]])}
2026-03-13 15:32:40 | INFO | === Run 4/1 | seed=0 | fold=fold_03.csv ===
2026-03-13 15:32:40 | INFO | Loading split file /home/s223149341/SSL-invariance-Subject_Project_model/subject_aware_contrastive_learning/datasets/process_dataset/LOSO_testval/fold_03.csv
2026-03-13 15:32:41 | INFO | Model.forward signature: (data)
2026-03-13 15:32:46 | INFO | [LOSO] Train size: 612, Val size: 4272, Test size: 4272
2026-03-13 15:32:46 | INFO | Train batches per epoch: 9
2026-03-13 15:32:47 | INFO | [Epoch 000] loss=0.691453 lr=0.000010 time=0.57s
2026-03-13 15:32:47 | INFO | Validation — loss: 0.6970 - Accuracy: 0.2926 - F1score: 0.2264 - Recall: 0.5 - Precision 0.1463
2026-03-13 15:32:47 | INFO | ---------- New best model found at epoch 0 with F1=0.226400------------
2026-03-13 15:32:48 | INFO | [Epoch 001] loss=0.675510 lr=0.000010 time=0.48s
2026-03-13 15:32:49 | INFO | Validation — loss: 0.6960 - Accuracy: 0.2926 - F1score: 0.2264 - Recall: 0.5 - Precision 0.1463
2026-03-13 15:32:49 | INFO | [Epoch 002] loss=0.653278 lr=0.000010 time=0.52s
2026-03-13 15:32:50 | INFO | Validation — loss: 0.6892 - Accuracy: 0.7074 - F1score: 0.4143 - Recall: 0.5 - Precision 0.3537
2026-03-13 15:32:50 | INFO | ---------- New best model found at epoch 2 with F1=0.414300------------
2026-03-13 15:32:51 | INFO | [Epoch 003] loss=0.624055 lr=0.000010 time=0.54s
2026-03-13 15:32:52 | INFO | Validation — loss: 0.6797 - Accuracy: 0.7074 - F1score: 0.4143 - Recall: 0.5 - Precision 0.3537
2026-03-13 15:32:53 | INFO | [Epoch 004] loss=0.585443 lr=0.000010 time=0.74s
2026-03-13 15:32:53 | INFO | Validation — loss: 0.6693 - Accuracy: 0.7074 - F1score: 0.4143 - Recall: 0.5 - Precision 0.3537
2026-03-13 15:32:54 | INFO | [Epoch 005] loss=0.545109 lr=0.000010 time=0.60s
2026-03-13 15:32:55 | INFO | Validation — loss: 0.6692 - Accuracy: 0.7074 - F1score: 0.4143 - Recall: 0.5 - Precision 0.3537
2026-03-13 15:32:56 | INFO | [Epoch 006] loss=0.505815 lr=0.000010 time=0.58s
2026-03-13 15:32:57 | INFO | Validation — loss: 0.6589 - Accuracy: 0.7074 - F1score: 0.4143 - Recall: 0.5 - Precision 0.3537
2026-03-13 15:32:57 | INFO | [Epoch 007] loss=0.458379 lr=0.000010 time=0.55s
2026-03-13 15:32:58 | INFO | Validation — loss: 0.6443 - Accuracy: 0.7074 - F1score: 0.4143 - Recall: 0.5 - Precision 0.3537
2026-03-13 15:32:59 | INFO | [Epoch 008] loss=0.426153 lr=0.000010 time=0.55s
2026-03-13 15:33:00 | INFO | Validation — loss: 0.6006 - Accuracy: 0.7074 - F1score: 0.4143 - Recall: 0.5 - Precision 0.3537
2026-03-13 15:33:00 | INFO | [Epoch 009] loss=0.386532 lr=0.000010 time=0.57s
2026-03-13 15:33:01 | INFO | Validation — loss: 0.5569 - Accuracy: 0.7074 - F1score: 0.4143 - Recall: 0.5 - Precision 0.3537
2026-03-13 15:33:02 | INFO | [Epoch 010] loss=0.347246 lr=0.000010 time=0.58s
2026-03-13 15:33:03 | INFO | Validation — loss: 0.5448 - Accuracy: 0.7074 - F1score: 0.4143 - Recall: 0.5 - Precision 0.3537
2026-03-13 15:33:03 | INFO | [Epoch 011] loss=0.316125 lr=0.000010 time=0.58s
2026-03-13 15:33:04 | INFO | Validation — loss: 0.5296 - Accuracy: 0.7074 - F1score: 0.4143 - Recall: 0.5 - Precision 0.3537
2026-03-13 15:33:05 | INFO | [Epoch 012] loss=0.283580 lr=0.000010 time=0.77s
2026-03-13 15:33:06 | INFO | Validation — loss: 0.5905 - Accuracy: 0.7074 - F1score: 0.4143 - Recall: 0.5 - Precision 0.3537
2026-03-13 15:33:07 | INFO | [Epoch 013] loss=0.258364 lr=0.000010 time=0.65s
2026-03-13 15:33:08 | INFO | Validation — loss: 0.5750 - Accuracy: 0.7144 - F1score: 0.4395 - Recall: 0.512 - Precision 0.8562
2026-03-13 15:33:08 | INFO | ---------- New best model found at epoch 13 with F1=0.439500------------
2026-03-13 15:33:08 | INFO | [Epoch 014] loss=0.236371 lr=0.000010 time=0.50s
2026-03-13 15:33:09 | INFO | Validation — loss: 0.5706 - Accuracy: 0.7191 - F1score: 0.4556 - Recall: 0.52 - Precision 0.8579
2026-03-13 15:33:09 | INFO | ---------- New best model found at epoch 14 with F1=0.455600------------
2026-03-13 15:33:10 | INFO | [Epoch 015] loss=0.220003 lr=0.000009 time=0.53s
2026-03-13 15:33:11 | INFO | Validation — loss: 0.6194 - Accuracy: 0.7158 - F1score: 0.4444 - Recall: 0.5144 - Precision 0.8567
2026-03-13 15:33:11 | INFO | [Epoch 016] loss=0.197180 lr=0.000009 time=0.56s
2026-03-13 15:33:12 | INFO | Validation — loss: 0.6936 - Accuracy: 0.7074 - F1score: 0.4143 - Recall: 0.5 - Precision 0.3537
2026-03-13 15:33:13 | INFO | [Epoch 017] loss=0.181098 lr=0.000009 time=0.54s
2026-03-13 15:33:14 | INFO | Validation — loss: 0.4857 - Accuracy: 0.7547 - F1score: 0.5652 - Recall: 0.5808 - Precision 0.8713
2026-03-13 15:33:14 | INFO | ---------- New best model found at epoch 17 with F1=0.565200------------
2026-03-13 15:33:14 | INFO | [Epoch 018] loss=0.163689 lr=0.000009 time=0.51s
2026-03-13 15:33:15 | INFO | Validation — loss: 0.5522 - Accuracy: 0.7285 - F1score: 0.4867 - Recall: 0.536 - Precision 0.8613
2026-03-13 15:33:16 | INFO | [Epoch 019] loss=0.155070 lr=0.000009 time=0.55s
2026-03-13 15:33:17 | INFO | Validation — loss: 0.5896 - Accuracy: 0.7205 - F1score: 0.4604 - Recall: 0.5224 - Precision 0.8584
2026-03-13 15:33:17 | INFO | [Epoch 020] loss=0.137380 lr=0.000009 time=0.54s
2026-03-13 15:33:18 | INFO | Validation — loss: 0.6692 - Accuracy: 0.7132 - F1score: 0.4353 - Recall: 0.51 - Precision 0.8558
2026-03-13 15:33:19 | INFO | [Epoch 021] loss=0.139727 lr=0.000009 time=0.54s
2026-03-13 15:33:20 | INFO | Validation — loss: 0.4442 - Accuracy: 0.7769 - F1score: 0.6239 - Recall: 0.6188 - Precision 0.8801
2026-03-13 15:33:20 | INFO | ---------- New best model found at epoch 21 with F1=0.623900------------
2026-03-13 15:33:20 | INFO | [Epoch 022] loss=0.118815 lr=0.000009 time=0.51s
2026-03-13 15:33:21 | INFO | Validation — loss: 0.4116 - Accuracy: 0.8057 - F1score: 0.6911 - Recall: 0.668 - Precision 0.8923
2026-03-13 15:33:21 | INFO | ---------- New best model found at epoch 22 with F1=0.691100------------
2026-03-13 15:33:22 | INFO | [Epoch 023] loss=0.107320 lr=0.000009 time=0.60s
2026-03-13 15:33:23 | INFO | Validation — loss: 0.5668 - Accuracy: 0.7289 - F1score: 0.4882 - Recall: 0.5368 - Precision 0.8615
2026-03-13 15:33:24 | INFO | [Epoch 024] loss=0.107903 lr=0.000009 time=0.55s
2026-03-13 15:33:25 | INFO | Validation — loss: 0.4106 - Accuracy: 0.8097 - F1score: 0.6998 - Recall: 0.6748 - Precision 0.894
2026-03-13 15:33:25 | INFO | ---------- New best model found at epoch 24 with F1=0.699800------------
2026-03-13 15:33:25 | INFO | [Epoch 025] loss=0.093181 lr=0.000009 time=0.55s
2026-03-13 15:33:26 | INFO | Validation — loss: 0.5223 - Accuracy: 0.7484 - F1score: 0.5473 - Recall: 0.57 - Precision 0.8688
2026-03-13 15:33:27 | INFO | [Epoch 026] loss=0.087635 lr=0.000008 time=0.60s
2026-03-13 15:33:28 | INFO | Validation — loss: 0.5401 - Accuracy: 0.7317 - F1score: 0.4971 - Recall: 0.5416 - Precision 0.8625
2026-03-13 15:33:28 | INFO | [Epoch 027] loss=0.080742 lr=0.000008 time=0.50s
2026-03-13 15:33:29 | INFO | Validation — loss: 0.4450 - Accuracy: 0.7811 - F1score: 0.6343 - Recall: 0.626 - Precision 0.8819
2026-03-13 15:33:30 | INFO | [Epoch 028] loss=0.075015 lr=0.000008 time=0.58s
2026-03-13 15:33:31 | INFO | Validation — loss: 0.6018 - Accuracy: 0.7271 - F1score: 0.4821 - Recall: 0.5336 - Precision 0.8608
2026-03-13 15:33:31 | INFO | [Epoch 029] loss=0.064052 lr=0.000008 time=0.53s
2026-03-13 15:33:32 | INFO | Validation — loss: 0.5123 - Accuracy: 0.7566 - F1score: 0.5704 - Recall: 0.584 - Precision 0.872
2026-03-13 15:33:33 | INFO | [Epoch 030] loss=0.065411 lr=0.000008 time=0.63s
2026-03-13 15:33:34 | INFO | Validation — loss: 0.4183 - Accuracy: 0.7971 - F1score: 0.6718 - Recall: 0.6532 - Precision 0.8885
2026-03-13 15:33:34 | INFO | [Epoch 031] loss=0.057493 lr=0.000008 time=0.52s
2026-03-13 15:33:35 | INFO | Validation — loss: 0.6509 - Accuracy: 0.731 - F1score: 0.4949 - Recall: 0.5404 - Precision 0.8623
2026-03-13 15:33:36 | INFO | [Epoch 032] loss=0.055176 lr=0.000008 time=0.52s
2026-03-13 15:33:37 | INFO | Validation — loss: 0.4481 - Accuracy: 0.7853 - F1score: 0.6445 - Recall: 0.6332 - Precision 0.8836
2026-03-13 15:33:37 | INFO | [Epoch 033] loss=0.054080 lr=0.000008 time=0.58s
2026-03-13 15:33:38 | INFO | Validation — loss: 0.4950 - Accuracy: 0.7685 - F1score: 0.6024 - Recall: 0.6044 - Precision 0.8767
2026-03-13 15:33:39 | INFO | [Epoch 034] loss=0.053366 lr=0.000008 time=0.55s
2026-03-13 15:33:40 | INFO | Validation — loss: 0.5423 - Accuracy: 0.7509 - F1score: 0.5547 - Recall: 0.5744 - Precision 0.8698
2026-03-13 15:33:40 | INFO | [Epoch 035] loss=0.045428 lr=0.000007 time=0.60s
2026-03-13 15:33:41 | INFO | Validation — loss: 0.4316 - Accuracy: 0.8003 - F1score: 0.6792 - Recall: 0.6588 - Precision 0.8899
2026-03-13 15:33:42 | INFO | [Epoch 036] loss=0.038016 lr=0.000007 time=0.56s
2026-03-13 15:33:43 | INFO | Validation — loss: 0.3725 - Accuracy: 0.8244 - F1score: 0.7305 - Recall: 0.7 - Precision 0.9006
2026-03-13 15:33:43 | INFO | ---------- New best model found at epoch 36 with F1=0.730500------------
2026-03-13 15:33:44 | INFO | [Epoch 037] loss=0.035904 lr=0.000007 time=0.60s
2026-03-13 15:33:45 | INFO | Validation — loss: 0.5125 - Accuracy: 0.7608 - F1score: 0.5819 - Recall: 0.5912 - Precision 0.8736
2026-03-13 15:33:45 | INFO | [Epoch 038] loss=0.034668 lr=0.000007 time=0.57s
2026-03-13 15:33:46 | INFO | Validation — loss: 0.4368 - Accuracy: 0.7959 - F1score: 0.6691 - Recall: 0.6512 - Precision 0.888
2026-03-13 15:33:47 | INFO | [Epoch 039] loss=0.039447 lr=0.000007 time=0.55s
2026-03-13 15:33:48 | INFO | Validation — loss: 0.3506 - Accuracy: 0.8352 - F1score: 0.7518 - Recall: 0.7184 - Precision 0.9055
2026-03-13 15:33:48 | INFO | ---------- New best model found at epoch 39 with F1=0.751800------------
2026-03-13 15:33:48 | INFO | [Epoch 040] loss=0.031865 lr=0.000007 time=0.60s
2026-03-13 15:33:49 | INFO | Validation — loss: 0.7001 - Accuracy: 0.7228 - F1score: 0.4682 - Recall: 0.5264 - Precision 0.8592
2026-03-13 15:33:50 | INFO | [Epoch 041] loss=0.034065 lr=0.000007 time=0.60s
2026-03-13 15:33:51 | INFO | Validation — loss: 0.4101 - Accuracy: 0.8127 - F1score: 0.7063 - Recall: 0.68 - Precision 0.8953
2026-03-13 15:33:52 | INFO | [Epoch 042] loss=0.031051 lr=0.000006 time=0.58s
2026-03-13 15:33:53 | INFO | Validation — loss: 0.6148 - Accuracy: 0.743 - F1score: 0.5315 - Recall: 0.5608 - Precision 0.8667
2026-03-13 15:33:53 | INFO | [Epoch 043] loss=0.028074 lr=0.000006 time=0.59s
2026-03-13 15:33:54 | INFO | Validation — loss: 0.5351 - Accuracy: 0.7636 - F1score: 0.5895 - Recall: 0.596 - Precision 0.8748
2026-03-13 15:33:55 | INFO | [Epoch 044] loss=0.033852 lr=0.000006 time=0.52s
2026-03-13 15:33:56 | INFO | Validation — loss: 0.5115 - Accuracy: 0.7729 - F1score: 0.6139 - Recall: 0.612 - Precision 0.8785
2026-03-13 15:33:56 | INFO | [Epoch 045] loss=0.028840 lr=0.000006 time=0.51s
2026-03-13 15:33:57 | INFO | Validation — loss: 0.4555 - Accuracy: 0.7952 - F1score: 0.6675 - Recall: 0.65 - Precision 0.8877
2026-03-13 15:33:58 | INFO | [Epoch 046] loss=0.027446 lr=0.000006 time=0.60s
2026-03-13 15:33:59 | INFO | Validation — loss: 0.5056 - Accuracy: 0.7804 - F1score: 0.6326 - Recall: 0.6248 - Precision 0.8816
2026-03-13 15:33:59 | INFO | [Epoch 047] loss=0.024380 lr=0.000006 time=0.54s
2026-03-13 15:34:00 | INFO | Validation — loss: 0.4869 - Accuracy: 0.7886 - F1score: 0.6523 - Recall: 0.6388 - Precision 0.885
2026-03-13 15:34:01 | INFO | [Epoch 048] loss=0.021440 lr=0.000006 time=0.54s
2026-03-13 15:34:02 | INFO | Validation — loss: 0.5094 - Accuracy: 0.7753 - F1score: 0.6198 - Recall: 0.616 - Precision 0.8795
2026-03-13 15:34:02 | INFO | [Epoch 049] loss=0.020421 lr=0.000006 time=0.57s
2026-03-13 15:34:03 | INFO | Validation — loss: 0.4313 - Accuracy: 0.8106 - F1score: 0.7018 - Recall: 0.6764 - Precision 0.8944
2026-03-13 15:34:04 | INFO | [Epoch 050] loss=0.023968 lr=0.000005 time=0.63s
2026-03-13 15:34:05 | INFO | Validation — loss: 0.5231 - Accuracy: 0.7718 - F1score: 0.6109 - Recall: 0.61 - Precision 0.878
2026-03-13 15:34:05 | INFO | [Epoch 051] loss=0.017677 lr=0.000005 time=0.53s
2026-03-13 15:34:06 | INFO | Validation — loss: 0.2968 - Accuracy: 0.8572 - F1score: 0.7928 - Recall: 0.756 - Precision 0.916
2026-03-13 15:34:06 | INFO | ---------- New best model found at epoch 51 with F1=0.792800------------
2026-03-13 15:34:07 | INFO | [Epoch 052] loss=0.019558 lr=0.000005 time=0.52s
2026-03-13 15:34:08 | INFO | Validation — loss: 0.6524 - Accuracy: 0.7404 - F1score: 0.5238 - Recall: 0.5564 - Precision 0.8658
2026-03-13 15:34:08 | INFO | [Epoch 053] loss=0.015890 lr=0.000005 time=0.57s
2026-03-13 15:34:09 | INFO | Validation — loss: 0.4910 - Accuracy: 0.7868 - F1score: 0.6478 - Recall: 0.6356 - Precision 0.8842
2026-03-13 15:34:10 | INFO | [Epoch 054] loss=0.016970 lr=0.000005 time=0.53s
2026-03-13 15:34:11 | INFO | Validation — loss: 0.5413 - Accuracy: 0.7732 - F1score: 0.6145 - Recall: 0.6124 - Precision 0.8786
2026-03-13 15:34:11 | INFO | [Epoch 055] loss=0.016025 lr=0.000005 time=0.54s
2026-03-13 15:34:12 | INFO | Validation — loss: 0.5919 - Accuracy: 0.7594 - F1score: 0.5781 - Recall: 0.5888 - Precision 0.8731
2026-03-13 15:34:13 | INFO | [Epoch 056] loss=0.016278 lr=0.000005 time=0.55s
2026-03-13 15:34:14 | INFO | Validation — loss: 0.5131 - Accuracy: 0.7825 - F1score: 0.6377 - Recall: 0.6284 - Precision 0.8824
2026-03-13 15:34:14 | INFO | [Epoch 057] loss=0.015456 lr=0.000004 time=0.54s
2026-03-13 15:34:15 | INFO | Validation — loss: 0.5354 - Accuracy: 0.7734 - F1score: 0.615 - Recall: 0.6128 - Precision 0.8787
2026-03-13 15:34:16 | INFO | [Epoch 058] loss=0.015584 lr=0.000004 time=0.59s
2026-03-13 15:34:17 | INFO | Validation — loss: 0.5414 - Accuracy: 0.7713 - F1score: 0.6097 - Recall: 0.6092 - Precision 0.8778
2026-03-13 15:34:17 | INFO | [Epoch 059] loss=0.014502 lr=0.000004 time=0.62s
2026-03-13 15:34:18 | INFO | Validation — loss: 0.5345 - Accuracy: 0.7746 - F1score: 0.618 - Recall: 0.6148 - Precision 0.8792
2026-03-13 15:34:19 | INFO | [Epoch 060] loss=0.014531 lr=0.000004 time=0.61s
2026-03-13 15:34:20 | INFO | Validation — loss: 0.5971 - Accuracy: 0.7561 - F1score: 0.5691 - Recall: 0.5832 - Precision 0.8718
2026-03-13 15:34:21 | INFO | [Epoch 061] loss=0.013930 lr=0.000004 time=0.55s
2026-03-13 15:34:21 | INFO | Validation — loss: 0.5499 - Accuracy: 0.7701 - F1score: 0.6067 - Recall: 0.6072 - Precision 0.8774
2026-03-13 15:34:22 | INFO | [Epoch 062] loss=0.012718 lr=0.000004 time=0.49s
2026-03-13 15:34:23 | INFO | Validation — loss: 0.5600 - Accuracy: 0.7704 - F1score: 0.6073 - Recall: 0.6076 - Precision 0.8775
2026-03-13 15:34:23 | INFO | [Epoch 063] loss=0.013650 lr=0.000004 time=0.49s
2026-03-13 15:34:24 | INFO | Validation — loss: 0.5227 - Accuracy: 0.7828 - F1score: 0.6383 - Recall: 0.6288 - Precision 0.8825
2026-03-13 15:34:25 | INFO | [Epoch 064] loss=0.015140 lr=0.000003 time=0.62s
2026-03-13 15:34:26 | INFO | Validation — loss: 0.5805 - Accuracy: 0.7659 - F1score: 0.5957 - Recall: 0.6 - Precision 0.8757
2026-03-13 15:34:26 | INFO | [Epoch 065] loss=0.012768 lr=0.000003 time=0.63s
2026-03-13 15:34:27 | INFO | Validation — loss: 0.5692 - Accuracy: 0.769 - F1score: 0.6036 - Recall: 0.6052 - Precision 0.8769
2026-03-13 15:34:28 | INFO | [Epoch 066] loss=0.015236 lr=0.000003 time=0.58s
2026-03-13 15:34:29 | INFO | Validation — loss: 0.5503 - Accuracy: 0.7739 - F1score: 0.6162 - Recall: 0.6136 - Precision 0.8789
2026-03-13 15:34:29 | INFO | Early stopping at epoch 66. Best loss: 0.792800
2026-03-13 15:34:29 | INFO | Training complete.
2026-03-13 15:34:29 | INFO | Best result: {'acc': 0.8572, 'precision': 0.916, 'recall': 0.756, 'f1': 0.7928, 'conf_mat': array([[3022,    0],
       [ 610,  640]])}
2026-03-13 15:34:29 | INFO | === Run 5/1 | seed=0 | fold=fold_04.csv ===
2026-03-13 15:34:29 | INFO | Loading split file /home/s223149341/SSL-invariance-Subject_Project_model/subject_aware_contrastive_learning/datasets/process_dataset/LOSO_testval/fold_04.csv
2026-03-13 15:34:29 | INFO | Model.forward signature: (data)
2026-03-13 15:34:35 | INFO | [LOSO] Train size: 610, Val size: 4408, Test size: 4408
2026-03-13 15:34:35 | INFO | Train batches per epoch: 9
2026-03-13 15:34:36 | INFO | [Epoch 000] loss=0.691037 lr=0.000010 time=0.59s
2026-03-13 15:34:37 | INFO | Validation — loss: 0.6973 - Accuracy: 0.3069 - F1score: 0.2349 - Recall: 0.5 - Precision 0.1535
2026-03-13 15:34:37 | INFO | ---------- New best model found at epoch 0 with F1=0.234900------------
2026-03-13 15:34:37 | INFO | [Epoch 001] loss=0.675222 lr=0.000010 time=0.51s
2026-03-13 15:34:38 | INFO | Validation — loss: 0.6959 - Accuracy: 0.3069 - F1score: 0.2349 - Recall: 0.5 - Precision 0.1535
2026-03-13 15:34:39 | INFO | [Epoch 002] loss=0.652687 lr=0.000010 time=0.55s
2026-03-13 15:34:40 | INFO | Validation — loss: 0.6920 - Accuracy: 0.6931 - F1score: 0.4094 - Recall: 0.5 - Precision 0.3465
2026-03-13 15:34:40 | INFO | ---------- New best model found at epoch 2 with F1=0.409400------------
2026-03-13 15:34:40 | INFO | [Epoch 003] loss=0.621638 lr=0.000010 time=0.51s
2026-03-13 15:34:41 | INFO | Validation — loss: 0.6881 - Accuracy: 0.6931 - F1score: 0.4094 - Recall: 0.5 - Precision 0.3465
2026-03-13 15:34:42 | INFO | [Epoch 004] loss=0.583602 lr=0.000010 time=0.60s
2026-03-13 15:34:43 | INFO | Validation — loss: 0.6836 - Accuracy: 0.6931 - F1score: 0.4094 - Recall: 0.5 - Precision 0.3465
2026-03-13 15:34:43 | INFO | [Epoch 005] loss=0.542699 lr=0.000010 time=0.58s
2026-03-13 15:34:45 | INFO | Validation — loss: 0.6811 - Accuracy: 0.6931 - F1score: 0.4094 - Recall: 0.5 - Precision 0.3465
2026-03-13 15:34:45 | INFO | [Epoch 006] loss=0.499912 lr=0.000010 time=0.53s
2026-03-13 15:34:46 | INFO | Validation — loss: 0.6699 - Accuracy: 0.6931 - F1score: 0.4094 - Recall: 0.5 - Precision 0.3465
2026-03-13 15:34:47 | INFO | [Epoch 007] loss=0.452897 lr=0.000010 time=0.55s
2026-03-13 15:34:48 | INFO | Validation — loss: 0.6575 - Accuracy: 0.6931 - F1score: 0.4094 - Recall: 0.5 - Precision 0.3465
2026-03-13 15:34:48 | INFO | [Epoch 008] loss=0.411051 lr=0.000010 time=0.55s
2026-03-13 15:34:49 | INFO | Validation — loss: 0.6435 - Accuracy: 0.6931 - F1score: 0.4094 - Recall: 0.5 - Precision 0.3465
2026-03-13 15:34:50 | INFO | [Epoch 009] loss=0.366211 lr=0.000010 time=0.54s
2026-03-13 15:34:51 | INFO | Validation — loss: 0.6293 - Accuracy: 0.6931 - F1score: 0.4094 - Recall: 0.5 - Precision 0.3465
2026-03-13 15:34:51 | INFO | [Epoch 010] loss=0.328032 lr=0.000010 time=0.62s
2026-03-13 15:34:52 | INFO | Validation — loss: 0.6085 - Accuracy: 0.6931 - F1score: 0.4094 - Recall: 0.5 - Precision 0.3465
2026-03-13 15:34:53 | INFO | [Epoch 011] loss=0.298862 lr=0.000010 time=0.57s
2026-03-13 15:34:54 | INFO | Validation — loss: 0.5917 - Accuracy: 0.7203 - F1score: 0.5142 - Recall: 0.5509 - Precision 0.7709
2026-03-13 15:34:54 | INFO | ---------- New best model found at epoch 11 with F1=0.514200------------
2026-03-13 15:34:54 | INFO | [Epoch 012] loss=0.255423 lr=0.000010 time=0.60s
2026-03-13 15:34:55 | INFO | Validation — loss: 0.6236 - Accuracy: 0.6495 - F1score: 0.6177 - Recall: 0.6325 - Precision 0.617
2026-03-13 15:34:55 | INFO | ---------- New best model found at epoch 12 with F1=0.617700------------
2026-03-13 15:34:56 | INFO | [Epoch 013] loss=0.232866 lr=0.000010 time=0.56s
2026-03-13 15:34:57 | INFO | Validation — loss: 0.7061 - Accuracy: 0.5397 - F1score: 0.5397 - Recall: 0.6379 - Precision 0.6399
2026-03-13 15:34:58 | INFO | [Epoch 014] loss=0.211468 lr=0.000010 time=0.62s
2026-03-13 15:34:59 | INFO | Validation — loss: 0.7057 - Accuracy: 0.5472 - F1score: 0.5454 - Recall: 0.6146 - Precision 0.6047
2026-03-13 15:34:59 | INFO | [Epoch 015] loss=0.177894 lr=0.000009 time=0.61s
2026-03-13 15:35:00 | INFO | Validation — loss: 0.5792 - Accuracy: 0.7051 - F1score: 0.657 - Recall: 0.6588 - Precision 0.6555
2026-03-13 15:35:00 | INFO | ---------- New best model found at epoch 15 with F1=0.657000------------
2026-03-13 15:35:01 | INFO | [Epoch 016] loss=0.153933 lr=0.000009 time=0.58s
2026-03-13 15:35:02 | INFO | Validation — loss: 0.5605 - Accuracy: 0.711 - F1score: 0.5639 - Recall: 0.572 - Precision 0.6537
2026-03-13 15:35:02 | INFO | [Epoch 017] loss=0.138697 lr=0.000009 time=0.50s
2026-03-13 15:35:03 | INFO | Validation — loss: 0.8021 - Accuracy: 0.517 - F1score: 0.5168 - Recall: 0.618 - Precision 0.6234
2026-03-13 15:35:04 | INFO | [Epoch 018] loss=0.130886 lr=0.000009 time=0.53s
2026-03-13 15:35:05 | INFO | Validation — loss: 0.7082 - Accuracy: 0.5615 - F1score: 0.5558 - Recall: 0.6087 - Precision 0.5949
2026-03-13 15:35:05 | INFO | [Epoch 019] loss=0.108812 lr=0.000009 time=0.53s
2026-03-13 15:35:06 | INFO | Validation — loss: 0.5868 - Accuracy: 0.7083 - F1score: 0.6358 - Recall: 0.63 - Precision 0.6486
2026-03-13 15:35:07 | INFO | [Epoch 020] loss=0.103413 lr=0.000009 time=0.50s
2026-03-13 15:35:08 | INFO | Validation — loss: 0.7147 - Accuracy: 0.5687 - F1score: 0.5612 - Recall: 0.6088 - Precision 0.594
2026-03-13 15:35:08 | INFO | [Epoch 021] loss=0.088436 lr=0.000009 time=0.53s
2026-03-13 15:35:09 | INFO | Validation — loss: 0.7928 - Accuracy: 0.5476 - F1score: 0.5461 - Recall: 0.6172 - Precision 0.6076
2026-03-13 15:35:10 | INFO | [Epoch 022] loss=0.081651 lr=0.000009 time=0.53s
2026-03-13 15:35:11 | INFO | Validation — loss: 0.6062 - Accuracy: 0.6949 - F1score: 0.6355 - Recall: 0.6335 - Precision 0.6381
2026-03-13 15:35:11 | INFO | [Epoch 023] loss=0.069748 lr=0.000009 time=0.62s
2026-03-13 15:35:12 | INFO | Validation — loss: 0.8612 - Accuracy: 0.5361 - F1score: 0.5352 - Recall: 0.6103 - Precision 0.6031
2026-03-13 15:35:13 | INFO | [Epoch 024] loss=0.066633 lr=0.000009 time=0.64s
2026-03-13 15:35:14 | INFO | Validation — loss: 0.7366 - Accuracy: 0.576 - F1score: 0.5647 - Recall: 0.6037 - Precision 0.5886
2026-03-13 15:35:15 | INFO | [Epoch 025] loss=0.058829 lr=0.000009 time=0.61s
2026-03-13 15:35:16 | INFO | Validation — loss: 0.8077 - Accuracy: 0.5599 - F1score: 0.5545 - Recall: 0.608 - Precision 0.5945
2026-03-13 15:35:16 | INFO | [Epoch 026] loss=0.054338 lr=0.000008 time=0.57s
2026-03-13 15:35:17 | INFO | Validation — loss: 0.8398 - Accuracy: 0.5497 - F1score: 0.5443 - Recall: 0.5965 - Precision 0.5845
2026-03-13 15:35:18 | INFO | [Epoch 027] loss=0.046866 lr=0.000008 time=0.55s
2026-03-13 15:35:19 | INFO | Validation — loss: 1.0306 - Accuracy: 0.4796 - F1score: 0.4772 - Recall: 0.5943 - Precision 0.6102
2026-03-13 15:35:19 | INFO | [Epoch 028] loss=0.044258 lr=0.000008 time=0.60s
2026-03-13 15:35:20 | INFO | Validation — loss: 0.8030 - Accuracy: 0.5706 - F1score: 0.5601 - Recall: 0.6004 - Precision 0.586
2026-03-13 15:35:21 | INFO | [Epoch 029] loss=0.044662 lr=0.000008 time=0.54s
2026-03-13 15:35:22 | INFO | Validation — loss: 0.8759 - Accuracy: 0.5533 - F1score: 0.5454 - Recall: 0.5904 - Precision 0.5781
2026-03-13 15:35:22 | INFO | [Epoch 030] loss=0.037617 lr=0.000008 time=0.54s
2026-03-13 15:35:23 | INFO | Validation — loss: 0.9771 - Accuracy: 0.5324 - F1score: 0.5313 - Recall: 0.6038 - Precision 0.5964
2026-03-13 15:35:23 | INFO | Early stopping at epoch 30. Best loss: 0.657000
2026-03-13 15:35:24 | INFO | Training complete.
2026-03-13 15:35:24 | INFO | Best result: {'acc': 0.7051, 'precision': 0.6555, 'recall': 0.6588, 'f1': 0.657, 'conf_mat': array([[2379,  676],
       [ 624,  729]])}
2026-03-13 15:35:24 | INFO | === Run 6/1 | seed=0 | fold=fold_05.csv ===
2026-03-13 15:35:24 | INFO | Loading split file /home/s223149341/SSL-invariance-Subject_Project_model/subject_aware_contrastive_learning/datasets/process_dataset/LOSO_testval/fold_05.csv
2026-03-13 15:35:24 | INFO | Model.forward signature: (data)
2026-03-13 15:35:30 | INFO | [LOSO] Train size: 612, Val size: 4184, Test size: 4184
2026-03-13 15:35:30 | INFO | Train batches per epoch: 9
2026-03-13 15:35:31 | INFO | [Epoch 000] loss=0.690859 lr=0.000010 time=0.53s
2026-03-13 15:35:32 | INFO | Validation — loss: 0.6981 - Accuracy: 0.2894 - F1score: 0.2245 - Recall: 0.5 - Precision 0.1447
2026-03-13 15:35:32 | INFO | ---------- New best model found at epoch 0 with F1=0.224500------------
2026-03-13 15:35:32 | INFO | [Epoch 001] loss=0.673120 lr=0.000010 time=0.55s
2026-03-13 15:35:33 | INFO | Validation — loss: 0.6943 - Accuracy: 0.2894 - F1score: 0.2245 - Recall: 0.5 - Precision 0.1447
2026-03-13 15:35:34 | INFO | [Epoch 002] loss=0.649513 lr=0.000010 time=0.54s
2026-03-13 15:35:35 | INFO | Validation — loss: 0.6869 - Accuracy: 0.7106 - F1score: 0.4154 - Recall: 0.5 - Precision 0.3553
2026-03-13 15:35:35 | INFO | ---------- New best model found at epoch 2 with F1=0.415400------------
2026-03-13 15:35:35 | INFO | [Epoch 003] loss=0.617748 lr=0.000010 time=0.53s
2026-03-13 15:35:36 | INFO | Validation — loss: 0.6759 - Accuracy: 0.7106 - F1score: 0.4154 - Recall: 0.5 - Precision 0.3553
2026-03-13 15:35:37 | INFO | [Epoch 004] loss=0.577895 lr=0.000010 time=0.52s
2026-03-13 15:35:38 | INFO | Validation — loss: 0.6661 - Accuracy: 0.7106 - F1score: 0.4154 - Recall: 0.5 - Precision 0.3553
2026-03-13 15:35:38 | INFO | [Epoch 005] loss=0.539039 lr=0.000010 time=0.57s
2026-03-13 15:35:39 | INFO | Validation — loss: 0.6586 - Accuracy: 0.7106 - F1score: 0.4154 - Recall: 0.5 - Precision 0.3553
2026-03-13 15:35:40 | INFO | [Epoch 006] loss=0.496712 lr=0.000010 time=0.55s
2026-03-13 15:35:41 | INFO | Validation — loss: 0.6468 - Accuracy: 0.7106 - F1score: 0.4154 - Recall: 0.5 - Precision 0.3553
2026-03-13 15:35:41 | INFO | [Epoch 007] loss=0.450102 lr=0.000010 time=0.58s
2026-03-13 15:35:42 | INFO | Validation — loss: 0.6269 - Accuracy: 0.7106 - F1score: 0.4154 - Recall: 0.5 - Precision 0.3553
2026-03-13 15:35:43 | INFO | [Epoch 008] loss=0.413933 lr=0.000010 time=0.55s
2026-03-13 15:35:44 | INFO | Validation — loss: 0.6020 - Accuracy: 0.7106 - F1score: 0.4154 - Recall: 0.5 - Precision 0.3553
2026-03-13 15:35:44 | INFO | [Epoch 009] loss=0.368815 lr=0.000010 time=0.58s
2026-03-13 15:35:45 | INFO | Validation — loss: 0.5944 - Accuracy: 0.7106 - F1score: 0.4154 - Recall: 0.5 - Precision 0.3553
2026-03-13 15:35:46 | INFO | [Epoch 010] loss=0.336857 lr=0.000010 time=0.57s
2026-03-13 15:35:47 | INFO | Validation — loss: 0.5858 - Accuracy: 0.7106 - F1score: 0.4154 - Recall: 0.5 - Precision 0.3553
2026-03-13 15:35:48 | INFO | [Epoch 011] loss=0.300136 lr=0.000010 time=0.57s
2026-03-13 15:35:49 | INFO | Validation — loss: 0.5679 - Accuracy: 0.7106 - F1score: 0.4154 - Recall: 0.5 - Precision 0.3553
2026-03-13 15:35:49 | INFO | [Epoch 012] loss=0.274247 lr=0.000010 time=0.53s
2026-03-13 15:35:50 | INFO | Validation — loss: 0.5522 - Accuracy: 0.7106 - F1score: 0.4154 - Recall: 0.5 - Precision 0.3553
2026-03-13 15:35:51 | INFO | [Epoch 013] loss=0.242915 lr=0.000010 time=0.53s
2026-03-13 15:35:51 | INFO | Validation — loss: 0.5369 - Accuracy: 0.7106 - F1score: 0.4154 - Recall: 0.5 - Precision 0.3553
2026-03-13 15:35:52 | INFO | [Epoch 014] loss=0.218184 lr=0.000010 time=0.51s
2026-03-13 15:35:53 | INFO | Validation — loss: 0.5350 - Accuracy: 0.7106 - F1score: 0.4154 - Recall: 0.5 - Precision 0.3553
2026-03-13 15:35:53 | INFO | [Epoch 015] loss=0.198170 lr=0.000009 time=0.55s
2026-03-13 15:35:54 | INFO | Validation — loss: 0.5504 - Accuracy: 0.7106 - F1score: 0.4154 - Recall: 0.5 - Precision 0.3553
2026-03-13 15:35:55 | INFO | [Epoch 016] loss=0.175117 lr=0.000009 time=0.54s
2026-03-13 15:35:56 | INFO | Validation — loss: 0.5559 - Accuracy: 0.7106 - F1score: 0.4154 - Recall: 0.5 - Precision 0.3553
2026-03-13 15:35:56 | INFO | [Epoch 017] loss=0.169801 lr=0.000009 time=0.54s
2026-03-13 15:35:58 | INFO | Validation — loss: 0.5732 - Accuracy: 0.7106 - F1score: 0.4154 - Recall: 0.5 - Precision 0.3553
2026-03-13 15:35:58 | INFO | Early stopping at epoch 17. Best loss: 0.415400
2026-03-13 15:35:58 | INFO | Training complete.
2026-03-13 15:35:58 | INFO | Best result: {'acc': 0.7106, 'precision': 0.3553, 'recall': 0.5, 'f1': 0.4154, 'conf_mat': array([[2973,    0],
       [1211,    0]])}
2026-03-13 15:35:58 | INFO | === Run 7/1 | seed=0 | fold=fold_06.csv ===
2026-03-13 15:35:58 | INFO | Loading split file /home/s223149341/SSL-invariance-Subject_Project_model/subject_aware_contrastive_learning/datasets/process_dataset/LOSO_testval/fold_06.csv
2026-03-13 15:35:58 | INFO | Model.forward signature: (data)
2026-03-13 15:36:04 | INFO | [LOSO] Train size: 609, Val size: 4494, Test size: 4494
2026-03-13 15:36:04 | INFO | Train batches per epoch: 9
2026-03-13 15:36:05 | INFO | [Epoch 000] loss=0.691453 lr=0.000010 time=0.55s
2026-03-13 15:36:06 | INFO | Validation — loss: 0.6973 - Accuracy: 0.3173 - F1score: 0.2409 - Recall: 0.5 - Precision 0.1587
2026-03-13 15:36:06 | INFO | ---------- New best model found at epoch 0 with F1=0.240900------------
2026-03-13 15:36:07 | INFO | [Epoch 001] loss=0.676157 lr=0.000010 time=0.65s
2026-03-13 15:36:08 | INFO | Validation — loss: 0.6948 - Accuracy: 0.3173 - F1score: 0.2409 - Recall: 0.5 - Precision 0.1587
2026-03-13 15:36:08 | INFO | [Epoch 002] loss=0.654609 lr=0.000010 time=0.57s
2026-03-13 15:36:09 | INFO | Validation — loss: 0.6901 - Accuracy: 0.6827 - F1score: 0.4057 - Recall: 0.5 - Precision 0.3413
2026-03-13 15:36:09 | INFO | ---------- New best model found at epoch 2 with F1=0.405700------------
2026-03-13 15:36:10 | INFO | [Epoch 003] loss=0.627143 lr=0.000010 time=0.49s
2026-03-13 15:36:11 | INFO | Validation — loss: 0.6858 - Accuracy: 0.6827 - F1score: 0.4057 - Recall: 0.5 - Precision 0.3413
2026-03-13 15:36:11 | INFO | [Epoch 004] loss=0.591679 lr=0.000010 time=0.61s
2026-03-13 15:36:12 | INFO | Validation — loss: 0.6792 - Accuracy: 0.6827 - F1score: 0.4057 - Recall: 0.5 - Precision 0.3413
2026-03-13 15:36:13 | INFO | [Epoch 005] loss=0.549982 lr=0.000010 time=0.55s
2026-03-13 15:36:14 | INFO | Validation — loss: 0.6730 - Accuracy: 0.6827 - F1score: 0.4057 - Recall: 0.5 - Precision 0.3413
2026-03-13 15:36:15 | INFO | [Epoch 006] loss=0.512753 lr=0.000010 time=0.56s
2026-03-13 15:36:16 | INFO | Validation — loss: 0.6622 - Accuracy: 0.6827 - F1score: 0.4057 - Recall: 0.5 - Precision 0.3413
2026-03-13 15:36:16 | INFO | [Epoch 007] loss=0.470681 lr=0.000010 time=0.54s
2026-03-13 15:36:17 | INFO | Validation — loss: 0.6424 - Accuracy: 0.6827 - F1score: 0.4057 - Recall: 0.5 - Precision 0.3413
2026-03-13 15:36:18 | INFO | [Epoch 008] loss=0.432540 lr=0.000010 time=0.52s
2026-03-13 15:36:19 | INFO | Validation — loss: 0.6085 - Accuracy: 0.6827 - F1score: 0.4057 - Recall: 0.5 - Precision 0.3413
2026-03-13 15:36:19 | INFO | [Epoch 009] loss=0.391897 lr=0.000010 time=0.53s
2026-03-13 15:36:20 | INFO | Validation — loss: 0.5054 - Accuracy: 0.6827 - F1score: 0.4057 - Recall: 0.5 - Precision 0.3413
2026-03-13 15:36:21 | INFO | [Epoch 010] loss=0.355982 lr=0.000010 time=0.62s
2026-03-13 15:36:22 | INFO | Validation — loss: 0.4110 - Accuracy: 0.771 - F1score: 0.646 - Recall: 0.6392 - Precision 0.8744
2026-03-13 15:36:22 | INFO | ---------- New best model found at epoch 10 with F1=0.646000------------
2026-03-13 15:36:22 | INFO | [Epoch 011] loss=0.325579 lr=0.000010 time=0.52s
2026-03-13 15:36:23 | INFO | Validation — loss: 0.3230 - Accuracy: 0.9219 - F1score: 0.9028 - Recall: 0.8769 - Precision 0.9487
2026-03-13 15:36:23 | INFO | ---------- New best model found at epoch 11 with F1=0.902800------------
2026-03-13 15:36:24 | INFO | [Epoch 012] loss=0.296393 lr=0.000010 time=0.59s
2026-03-13 15:36:25 | INFO | Validation — loss: 0.3001 - Accuracy: 0.9172 - F1score: 0.8964 - Recall: 0.8696 - Precision 0.9459
2026-03-13 15:36:26 | INFO | [Epoch 013] loss=0.274181 lr=0.000010 time=0.55s
2026-03-13 15:36:27 | INFO | Validation — loss: 0.3027 - Accuracy: 0.901 - F1score: 0.8738 - Recall: 0.844 - Precision 0.9367
2026-03-13 15:36:27 | INFO | [Epoch 014] loss=0.243743 lr=0.000010 time=0.55s
2026-03-13 15:36:28 | INFO | Validation — loss: 0.2245 - Accuracy: 0.9775 - F1score: 0.9741 - Recall: 0.9742 - Precision 0.974
2026-03-13 15:36:28 | INFO | ---------- New best model found at epoch 14 with F1=0.974100------------
2026-03-13 15:36:29 | INFO | [Epoch 015] loss=0.224459 lr=0.000009 time=0.54s
2026-03-13 15:36:30 | INFO | Validation — loss: 0.2169 - Accuracy: 0.9526 - F1score: 0.9429 - Recall: 0.9255 - Precision 0.9673
2026-03-13 15:36:30 | INFO | [Epoch 016] loss=0.197034 lr=0.000009 time=0.59s
2026-03-13 15:36:31 | INFO | Validation — loss: 0.1967 - Accuracy: 0.9713 - F1score: 0.9661 - Recall: 0.9563 - Precision 0.9779
2026-03-13 15:36:32 | INFO | [Epoch 017] loss=0.176816 lr=0.000009 time=0.50s
2026-03-13 15:36:33 | INFO | Validation — loss: 0.2030 - Accuracy: 0.9588 - F1score: 0.9523 - Recall: 0.9507 - Precision 0.954
2026-03-13 15:36:33 | INFO | [Epoch 018] loss=0.160758 lr=0.000009 time=0.55s
2026-03-13 15:36:34 | INFO | Validation — loss: 0.1851 - Accuracy: 0.9771 - F1score: 0.9732 - Recall: 0.9669 - Precision 0.9802
2026-03-13 15:36:35 | INFO | [Epoch 019] loss=0.143166 lr=0.000009 time=0.52s
2026-03-13 15:36:36 | INFO | Validation — loss: 0.1655 - Accuracy: 0.9724 - F1score: 0.968 - Recall: 0.9665 - Precision 0.9697
2026-03-13 15:36:36 | INFO | [Epoch 020] loss=0.129133 lr=0.000009 time=0.59s
2026-03-13 15:36:37 | INFO | Validation — loss: 0.1909 - Accuracy: 0.9568 - F1score: 0.9486 - Recall: 0.9352 - Precision 0.9659
2026-03-13 15:36:38 | INFO | [Epoch 021] loss=0.114678 lr=0.000009 time=0.53s
2026-03-13 15:36:39 | INFO | Validation — loss: 0.3230 - Accuracy: 0.8144 - F1score: 0.7335 - Recall: 0.7076 - Precision 0.8931
2026-03-13 15:36:39 | INFO | [Epoch 022] loss=0.115526 lr=0.000009 time=0.56s
2026-03-13 15:36:41 | INFO | Validation — loss: 0.2624 - Accuracy: 0.8716 - F1score: 0.8302 - Recall: 0.7977 - Precision 0.9209
2026-03-13 15:36:41 | INFO | [Epoch 023] loss=0.096807 lr=0.000009 time=0.55s
2026-03-13 15:36:42 | INFO | Validation — loss: 0.1852 - Accuracy: 0.9551 - F1score: 0.9499 - Recall: 0.9671 - Precision 0.938
2026-03-13 15:36:43 | INFO | [Epoch 024] loss=0.086894 lr=0.000009 time=0.72s
2026-03-13 15:36:44 | INFO | Validation — loss: 0.2840 - Accuracy: 0.8545 - F1score: 0.8031 - Recall: 0.7707 - Precision 0.9121
2026-03-13 15:36:44 | INFO | [Epoch 025] loss=0.083854 lr=0.000009 time=0.61s
2026-03-13 15:36:46 | INFO | Validation — loss: 0.1956 - Accuracy: 0.9192 - F1score: 0.8992 - Recall: 0.8727 - Precision 0.9471
2026-03-13 15:36:46 | INFO | [Epoch 026] loss=0.073700 lr=0.000008 time=0.63s
2026-03-13 15:36:47 | INFO | Validation — loss: 0.1656 - Accuracy: 0.9421 - F1score: 0.9297 - Recall: 0.9101 - Precision 0.9589
2026-03-13 15:36:48 | INFO | [Epoch 027] loss=0.066906 lr=0.000008 time=0.56s
2026-03-13 15:36:49 | INFO | Validation — loss: 0.2454 - Accuracy: 0.8892 - F1score: 0.8575 - Recall: 0.8274 - Precision 0.9255
2026-03-13 15:36:49 | INFO | [Epoch 028] loss=0.062581 lr=0.000008 time=0.54s
2026-03-13 15:36:50 | INFO | Validation — loss: 0.2283 - Accuracy: 0.8963 - F1score: 0.868 - Recall: 0.8392 - Precision 0.9285
2026-03-13 15:36:51 | INFO | [Epoch 029] loss=0.060160 lr=0.000008 time=0.61s
2026-03-13 15:36:52 | INFO | Validation — loss: 0.1933 - Accuracy: 0.9197 - F1score: 0.9001 - Recall: 0.8747 - Precision 0.9449
2026-03-13 15:36:52 | INFO | Early stopping at epoch 29. Best loss: 0.974100
2026-03-13 15:36:52 | INFO | Training complete.
2026-03-13 15:36:52 | INFO | Best result: {'acc': 0.9775, 'precision': 0.974, 'recall': 0.9742, 'f1': 0.9741, 'conf_mat': array([[3017,   51],
       [  50, 1376]])}
2026-03-13 15:36:52 | INFO | === Run 8/1 | seed=0 | fold=fold_07.csv ===
2026-03-13 15:36:52 | INFO | Loading split file /home/s223149341/SSL-invariance-Subject_Project_model/subject_aware_contrastive_learning/datasets/process_dataset/LOSO_testval/fold_07.csv
2026-03-13 15:36:52 | INFO | Model.forward signature: (data)
2026-03-13 15:36:58 | INFO | [LOSO] Train size: 610, Val size: 4384, Test size: 4384
2026-03-13 15:36:58 | INFO | Train batches per epoch: 9
2026-03-13 15:36:58 | INFO | [Epoch 000] loss=0.690934 lr=0.000010 time=0.54s
2026-03-13 15:36:59 | INFO | Validation — loss: 0.6976 - Accuracy: 0.3025 - F1score: 0.2322 - Recall: 0.5 - Precision 0.1512
2026-03-13 15:36:59 | INFO | ---------- New best model found at epoch 0 with F1=0.232200------------
2026-03-13 15:37:00 | INFO | [Epoch 001] loss=0.674922 lr=0.000010 time=0.58s
2026-03-13 15:37:01 | INFO | Validation — loss: 0.6958 - Accuracy: 0.3025 - F1score: 0.2322 - Recall: 0.5 - Precision 0.1512
2026-03-13 15:37:02 | INFO | [Epoch 002] loss=0.652319 lr=0.000010 time=0.59s
2026-03-13 15:37:03 | INFO | Validation — loss: 0.6912 - Accuracy: 0.6975 - F1score: 0.4109 - Recall: 0.5 - Precision 0.3488
2026-03-13 15:37:03 | INFO | ---------- New best model found at epoch 2 with F1=0.410900------------
2026-03-13 15:37:03 | INFO | [Epoch 003] loss=0.621351 lr=0.000010 time=0.57s
2026-03-13 15:37:04 | INFO | Validation — loss: 0.6826 - Accuracy: 0.6975 - F1score: 0.4109 - Recall: 0.5 - Precision 0.3488
2026-03-13 15:37:05 | INFO | [Epoch 004] loss=0.583900 lr=0.000010 time=0.51s
2026-03-13 15:37:06 | INFO | Validation — loss: 0.6744 - Accuracy: 0.6975 - F1score: 0.4109 - Recall: 0.5 - Precision 0.3488
2026-03-13 15:37:06 | INFO | [Epoch 005] loss=0.544570 lr=0.000010 time=0.54s
2026-03-13 15:37:07 | INFO | Validation — loss: 0.6688 - Accuracy: 0.6975 - F1score: 0.4109 - Recall: 0.5 - Precision 0.3488
2026-03-13 15:37:08 | INFO | [Epoch 006] loss=0.503501 lr=0.000010 time=0.55s
2026-03-13 15:37:09 | INFO | Validation — loss: 0.6461 - Accuracy: 0.6975 - F1score: 0.4109 - Recall: 0.5 - Precision 0.3488
2026-03-13 15:37:09 | INFO | [Epoch 007] loss=0.463681 lr=0.000010 time=0.60s
2026-03-13 15:37:10 | INFO | Validation — loss: 0.5937 - Accuracy: 0.6975 - F1score: 0.4109 - Recall: 0.5 - Precision 0.3488
2026-03-13 15:37:11 | INFO | [Epoch 008] loss=0.424589 lr=0.000010 time=0.61s
2026-03-13 15:37:12 | INFO | Validation — loss: 0.5212 - Accuracy: 0.6975 - F1score: 0.4109 - Recall: 0.5 - Precision 0.3488
2026-03-13 15:37:12 | INFO | [Epoch 009] loss=0.386316 lr=0.000010 time=0.55s
2026-03-13 15:37:13 | INFO | Validation — loss: 0.3971 - Accuracy: 1.0 - F1score: 1.0 - Recall: 1.0 - Precision 1.0
2026-03-13 15:37:13 | INFO | ---------- New best model found at epoch 9 with F1=1.000000------------
2026-03-13 15:37:14 | INFO | [Epoch 010] loss=0.354851 lr=0.000010 time=0.58s
2026-03-13 15:37:15 | INFO | Validation — loss: 0.3154 - Accuracy: 0.9922 - F1score: 0.9909 - Recall: 0.9944 - Precision 0.9875
2026-03-13 15:37:16 | INFO | [Epoch 011] loss=0.316956 lr=0.000010 time=0.60s
2026-03-13 15:37:17 | INFO | Validation — loss: 0.2697 - Accuracy: 0.9717 - F1score: 0.9673 - Recall: 0.9797 - Precision 0.9572
2026-03-13 15:37:17 | INFO | [Epoch 012] loss=0.288891 lr=0.000010 time=0.56s
2026-03-13 15:37:18 | INFO | Validation — loss: 0.2932 - Accuracy: 0.8631 - F1score: 0.8534 - Recall: 0.9019 - Precision 0.8442
2026-03-13 15:37:19 | INFO | [Epoch 013] loss=0.258150 lr=0.000010 time=0.51s
2026-03-13 15:37:20 | INFO | Validation — loss: 0.3020 - Accuracy: 0.8385 - F1score: 0.8292 - Recall: 0.8842 - Precision 0.826
2026-03-13 15:37:20 | INFO | [Epoch 014] loss=0.229151 lr=0.000010 time=0.61s
2026-03-13 15:37:21 | INFO | Validation — loss: 0.3970 - Accuracy: 0.8365 - F1score: 0.8272 - Recall: 0.8828 - Precision 0.8245
2026-03-13 15:37:22 | INFO | [Epoch 015] loss=0.211747 lr=0.000009 time=0.58s
2026-03-13 15:37:23 | INFO | Validation — loss: 0.3431 - Accuracy: 0.8365 - F1score: 0.8272 - Recall: 0.8828 - Precision 0.8245
2026-03-13 15:37:23 | INFO | [Epoch 016] loss=0.188424 lr=0.000009 time=0.59s
2026-03-13 15:37:24 | INFO | Validation — loss: 0.3371 - Accuracy: 0.8365 - F1score: 0.8272 - Recall: 0.8828 - Precision 0.8245
2026-03-13 15:37:25 | INFO | [Epoch 017] loss=0.172470 lr=0.000009 time=0.57s
2026-03-13 15:37:26 | INFO | Validation — loss: 0.4536 - Accuracy: 0.8365 - F1score: 0.8272 - Recall: 0.8828 - Precision 0.8245
2026-03-13 15:37:26 | INFO | [Epoch 018] loss=0.154137 lr=0.000009 time=0.53s
2026-03-13 15:37:27 | INFO | Validation — loss: 0.4958 - Accuracy: 0.8362 - F1score: 0.827 - Recall: 0.8826 - Precision 0.8244
2026-03-13 15:37:28 | INFO | [Epoch 019] loss=0.139678 lr=0.000009 time=0.52s
2026-03-13 15:37:29 | INFO | Validation — loss: 0.4382 - Accuracy: 0.8365 - F1score: 0.8272 - Recall: 0.8828 - Precision 0.8245
2026-03-13 15:37:30 | INFO | [Epoch 020] loss=0.127839 lr=0.000009 time=0.75s
2026-03-13 15:37:31 | INFO | Validation — loss: 0.7209 - Accuracy: 0.7616 - F1score: 0.7556 - Recall: 0.8291 - Precision 0.7796
2026-03-13 15:37:31 | INFO | [Epoch 021] loss=0.113049 lr=0.000009 time=0.64s
2026-03-13 15:37:32 | INFO | Validation — loss: 0.5704 - Accuracy: 0.8342 - F1score: 0.825 - Recall: 0.8811 - Precision 0.8229
2026-03-13 15:37:33 | INFO | [Epoch 022] loss=0.107656 lr=0.000009 time=0.57s
2026-03-13 15:37:34 | INFO | Validation — loss: 0.3513 - Accuracy: 0.8365 - F1score: 0.8272 - Recall: 0.8828 - Precision 0.8245
2026-03-13 15:37:34 | INFO | [Epoch 023] loss=0.091903 lr=0.000009 time=0.61s
2026-03-13 15:37:35 | INFO | Validation — loss: 0.6568 - Accuracy: 0.8205 - F1score: 0.8117 - Recall: 0.8713 - Precision 0.8138
2026-03-13 15:37:36 | INFO | [Epoch 024] loss=0.089235 lr=0.000009 time=0.55s
2026-03-13 15:37:37 | INFO | Validation — loss: 0.3725 - Accuracy: 0.8365 - F1score: 0.8272 - Recall: 0.8828 - Precision 0.8245
2026-03-13 15:37:37 | INFO | Early stopping at epoch 24. Best loss: 1.000000
2026-03-13 15:37:37 | INFO | Training complete.
2026-03-13 15:37:37 | INFO | Best result: {'acc': 1.0, 'precision': 1.0, 'recall': 1.0, 'f1': 1.0, 'conf_mat': array([[3058,    0],
       [   0, 1326]])}
2026-03-13 15:37:37 | INFO | === Run 9/1 | seed=0 | fold=fold_08.csv ===
2026-03-13 15:37:37 | INFO | Loading split file /home/s223149341/SSL-invariance-Subject_Project_model/subject_aware_contrastive_learning/datasets/process_dataset/LOSO_testval/fold_08.csv
2026-03-13 15:37:37 | INFO | Model.forward signature: (data)
2026-03-13 15:37:43 | INFO | [LOSO] Train size: 612, Val size: 4251, Test size: 4251
2026-03-13 15:37:43 | INFO | Train batches per epoch: 9
2026-03-13 15:37:44 | INFO | [Epoch 000] loss=0.691659 lr=0.000010 time=0.59s
2026-03-13 15:37:45 | INFO | Validation — loss: 0.6976 - Accuracy: 0.2964 - F1score: 0.2286 - Recall: 0.5 - Precision 0.1482
2026-03-13 15:37:45 | INFO | ---------- New best model found at epoch 0 with F1=0.228600------------
2026-03-13 15:37:45 | INFO | [Epoch 001] loss=0.674570 lr=0.000010 time=0.53s
2026-03-13 15:37:46 | INFO | Validation — loss: 0.6963 - Accuracy: 0.2964 - F1score: 0.2286 - Recall: 0.5 - Precision 0.1482
2026-03-13 15:37:47 | INFO | [Epoch 002] loss=0.652563 lr=0.000010 time=0.53s
2026-03-13 15:37:47 | INFO | Validation — loss: 0.6934 - Accuracy: 0.2964 - F1score: 0.2286 - Recall: 0.5 - Precision 0.1482
2026-03-13 15:37:48 | INFO | [Epoch 003] loss=0.622292 lr=0.000010 time=0.54s
2026-03-13 15:37:49 | INFO | Validation — loss: 0.6850 - Accuracy: 0.7036 - F1score: 0.413 - Recall: 0.5 - Precision 0.3518
2026-03-13 15:37:49 | INFO | ---------- New best model found at epoch 3 with F1=0.413000------------
2026-03-13 15:37:50 | INFO | [Epoch 004] loss=0.583967 lr=0.000010 time=0.62s
2026-03-13 15:37:51 | INFO | Validation — loss: 0.6790 - Accuracy: 0.7036 - F1score: 0.413 - Recall: 0.5 - Precision 0.3518
2026-03-13 15:37:51 | INFO | [Epoch 005] loss=0.542335 lr=0.000010 time=0.66s
2026-03-13 15:37:52 | INFO | Validation — loss: 0.6700 - Accuracy: 0.7036 - F1score: 0.413 - Recall: 0.5 - Precision 0.3518
2026-03-13 15:37:53 | INFO | [Epoch 006] loss=0.498175 lr=0.000010 time=0.53s
2026-03-13 15:37:54 | INFO | Validation — loss: 0.6462 - Accuracy: 0.7036 - F1score: 0.413 - Recall: 0.5 - Precision 0.3518
2026-03-13 15:37:54 | INFO | [Epoch 007] loss=0.460793 lr=0.000010 time=0.54s
2026-03-13 15:37:55 | INFO | Validation — loss: 0.5903 - Accuracy: 0.7036 - F1score: 0.413 - Recall: 0.5 - Precision 0.3518
2026-03-13 15:37:56 | INFO | [Epoch 008] loss=0.421775 lr=0.000010 time=0.60s
2026-03-13 15:37:57 | INFO | Validation — loss: 0.5136 - Accuracy: 0.7036 - F1score: 0.413 - Recall: 0.5 - Precision 0.3518
2026-03-13 15:37:58 | INFO | [Epoch 009] loss=0.382797 lr=0.000010 time=0.60s
2026-03-13 15:37:59 | INFO | Validation — loss: 0.4629 - Accuracy: 0.7323 - F1score: 0.5084 - Recall: 0.5484 - Precision 0.8622
2026-03-13 15:37:59 | INFO | ---------- New best model found at epoch 9 with F1=0.508400------------
2026-03-13 15:37:59 | INFO | [Epoch 010] loss=0.350120 lr=0.000010 time=0.55s
2026-03-13 15:38:00 | INFO | Validation — loss: 0.4415 - Accuracy: 0.7643 - F1score: 0.5982 - Recall: 0.6024 - Precision 0.8745
2026-03-13 15:38:00 | INFO | ---------- New best model found at epoch 10 with F1=0.598200------------
2026-03-13 15:38:01 | INFO | [Epoch 011] loss=0.314937 lr=0.000010 time=0.54s
2026-03-13 15:38:02 | INFO | Validation — loss: 0.4245 - Accuracy: 0.7848 - F1score: 0.6486 - Recall: 0.6369 - Precision 0.8829
2026-03-13 15:38:02 | INFO | ---------- New best model found at epoch 11 with F1=0.648600------------
2026-03-13 15:38:02 | INFO | [Epoch 012] loss=0.288047 lr=0.000010 time=0.53s
2026-03-13 15:38:03 | INFO | Validation — loss: 0.4193 - Accuracy: 0.7998 - F1score: 0.6828 - Recall: 0.6623 - Precision 0.8893
2026-03-13 15:38:03 | INFO | ---------- New best model found at epoch 12 with F1=0.682800------------
2026-03-13 15:38:04 | INFO | [Epoch 013] loss=0.264271 lr=0.000010 time=0.63s
2026-03-13 15:38:05 | INFO | Validation — loss: 0.3725 - Accuracy: 0.8189 - F1score: 0.723 - Recall: 0.6944 - Precision 0.8976
2026-03-13 15:38:05 | INFO | ---------- New best model found at epoch 13 with F1=0.723000------------
2026-03-13 15:38:06 | INFO | [Epoch 014] loss=0.232084 lr=0.000010 time=0.55s
2026-03-13 15:38:07 | INFO | Validation — loss: 0.3835 - Accuracy: 0.8135 - F1score: 0.7119 - Recall: 0.6853 - Precision 0.8952
2026-03-13 15:38:08 | INFO | [Epoch 015] loss=0.213762 lr=0.000009 time=0.57s
2026-03-13 15:38:09 | INFO | Validation — loss: 0.3465 - Accuracy: 0.8349 - F1score: 0.7544 - Recall: 0.7214 - Precision 0.905
2026-03-13 15:38:09 | INFO | ---------- New best model found at epoch 15 with F1=0.754400------------
2026-03-13 15:38:09 | INFO | [Epoch 016] loss=0.184502 lr=0.000009 time=0.54s
2026-03-13 15:38:10 | INFO | Validation — loss: 0.3756 - Accuracy: 0.8015 - F1score: 0.6864 - Recall: 0.6651 - Precision 0.89
2026-03-13 15:38:11 | INFO | [Epoch 017] loss=0.173269 lr=0.000009 time=0.54s
2026-03-13 15:38:12 | INFO | Validation — loss: 0.2151 - Accuracy: 0.9118 - F1score: 0.8831 - Recall: 0.8512 - Precision 0.9443
2026-03-13 15:38:12 | INFO | ---------- New best model found at epoch 17 with F1=0.883100------------
2026-03-13 15:38:12 | INFO | [Epoch 018] loss=0.166341 lr=0.000009 time=0.54s
2026-03-13 15:38:13 | INFO | Validation — loss: 0.3129 - Accuracy: 0.8469 - F1score: 0.7768 - Recall: 0.7417 - Precision 0.9106
2026-03-13 15:38:14 | INFO | [Epoch 019] loss=0.153550 lr=0.000009 time=0.54s
2026-03-13 15:38:15 | INFO | Validation — loss: 0.4856 - Accuracy: 0.7822 - F1score: 0.6425 - Recall: 0.6325 - Precision 0.8818
2026-03-13 15:38:15 | INFO | [Epoch 020] loss=0.136821 lr=0.000009 time=0.56s
2026-03-13 15:38:16 | INFO | Validation — loss: 0.3699 - Accuracy: 0.8144 - F1score: 0.7138 - Recall: 0.6869 - Precision 0.8956
2026-03-13 15:38:17 | INFO | [Epoch 021] loss=0.122535 lr=0.000009 time=0.64s
2026-03-13 15:38:18 | INFO | Validation — loss: 0.4164 - Accuracy: 0.8017 - F1score: 0.6869 - Recall: 0.6655 - Precision 0.8901
2026-03-13 15:38:19 | INFO | [Epoch 022] loss=0.109874 lr=0.000009 time=0.62s
2026-03-13 15:38:20 | INFO | Validation — loss: 0.2289 - Accuracy: 0.888 - F1score: 0.8467 - Recall: 0.8111 - Precision 0.9314
2026-03-13 15:38:20 | INFO | [Epoch 023] loss=0.099093 lr=0.000009 time=0.59s
2026-03-13 15:38:21 | INFO | Validation — loss: 0.3926 - Accuracy: 0.8127 - F1score: 0.7104 - Recall: 0.6841 - Precision 0.8949
2026-03-13 15:38:22 | INFO | [Epoch 024] loss=0.090656 lr=0.000009 time=0.64s
2026-03-13 15:38:23 | INFO | Validation — loss: 0.2593 - Accuracy: 0.8709 - F1score: 0.8187 - Recall: 0.7821 - Precision 0.9225
2026-03-13 15:38:23 | INFO | [Epoch 025] loss=0.087596 lr=0.000009 time=0.60s
2026-03-13 15:38:24 | INFO | Validation — loss: 0.3027 - Accuracy: 0.8447 - F1score: 0.7729 - Recall: 0.7381 - Precision 0.9096
2026-03-13 15:38:25 | INFO | [Epoch 026] loss=0.076707 lr=0.000008 time=0.58s
2026-03-13 15:38:26 | INFO | Validation — loss: 0.2873 - Accuracy: 0.8553 - F1score: 0.792 - Recall: 0.756 - Precision 0.9147
2026-03-13 15:38:27 | INFO | [Epoch 027] loss=0.071524 lr=0.000008 time=0.66s
2026-03-13 15:38:28 | INFO | Validation — loss: 0.3244 - Accuracy: 0.8389 - F1score: 0.762 - Recall: 0.7282 - Precision 0.9068
2026-03-13 15:38:28 | INFO | [Epoch 028] loss=0.064844 lr=0.000008 time=0.57s
2026-03-13 15:38:29 | INFO | Validation — loss: 0.2667 - Accuracy: 0.8676 - F1score: 0.8131 - Recall: 0.7766 - Precision 0.9208
2026-03-13 15:38:30 | INFO | [Epoch 029] loss=0.061721 lr=0.000008 time=0.62s
2026-03-13 15:38:31 | INFO | Validation — loss: 0.3306 - Accuracy: 0.8384 - F1score: 0.7611 - Recall: 0.7274 - Precision 0.9066
2026-03-13 15:38:31 | INFO | [Epoch 030] loss=0.059657 lr=0.000008 time=0.55s
2026-03-13 15:38:32 | INFO | Validation — loss: 0.2059 - Accuracy: 0.8977 - F1score: 0.8618 - Recall: 0.8274 - Precision 0.9365
2026-03-13 15:38:33 | INFO | [Epoch 031] loss=0.057371 lr=0.000008 time=0.62s
2026-03-13 15:38:34 | INFO | Validation — loss: 0.2284 - Accuracy: 0.8838 - F1score: 0.8399 - Recall: 0.804 - Precision 0.9291
2026-03-13 15:38:34 | INFO | [Epoch 032] loss=0.054583 lr=0.000008 time=0.56s
2026-03-13 15:38:35 | INFO | Validation — loss: 0.2095 - Accuracy: 0.8986 - F1score: 0.8632 - Recall: 0.829 - Precision 0.937
2026-03-13 15:38:35 | INFO | Early stopping at epoch 32. Best loss: 0.883100
2026-03-13 15:38:35 | INFO | Training complete.
2026-03-13 15:38:35 | INFO | Best result: {'acc': 0.9118, 'precision': 0.9443, 'recall': 0.8512, 'f1': 0.8831, 'conf_mat': array([[2991,    0],
       [ 375,  885]])}
2026-03-13 15:38:36 | INFO | === Run 10/1 | seed=0 | fold=fold_09.csv ===
2026-03-13 15:38:36 | INFO | Loading split file /home/s223149341/SSL-invariance-Subject_Project_model/subject_aware_contrastive_learning/datasets/process_dataset/LOSO_testval/fold_09.csv
2026-03-13 15:38:36 | INFO | Model.forward signature: (data)
2026-03-13 15:38:41 | INFO | [LOSO] Train size: 610, Val size: 4396, Test size: 4396
2026-03-13 15:38:41 | INFO | Train batches per epoch: 9
2026-03-13 15:38:42 | INFO | [Epoch 000] loss=0.691784 lr=0.000010 time=0.62s
2026-03-13 15:38:43 | INFO | Validation — loss: 0.6962 - Accuracy: 0.3028 - F1score: 0.2324 - Recall: 0.5 - Precision 0.1514
2026-03-13 15:38:43 | INFO | ---------- New best model found at epoch 0 with F1=0.232400------------
2026-03-13 15:38:43 | INFO | [Epoch 001] loss=0.676845 lr=0.000010 time=0.48s
2026-03-13 15:38:44 | INFO | Validation — loss: 0.6919 - Accuracy: 0.6972 - F1score: 0.4108 - Recall: 0.5 - Precision 0.3486
2026-03-13 15:38:44 | INFO | ---------- New best model found at epoch 1 with F1=0.410800------------
2026-03-13 15:38:45 | INFO | [Epoch 002] loss=0.654783 lr=0.000010 time=0.55s
2026-03-13 15:38:46 | INFO | Validation — loss: 0.6871 - Accuracy: 0.6972 - F1score: 0.4108 - Recall: 0.5 - Precision 0.3486
2026-03-13 15:38:46 | INFO | [Epoch 003] loss=0.624661 lr=0.000010 time=0.56s
2026-03-13 15:38:47 | INFO | Validation — loss: 0.6802 - Accuracy: 0.6972 - F1score: 0.4108 - Recall: 0.5 - Precision 0.3486
2026-03-13 15:38:48 | INFO | [Epoch 004] loss=0.587198 lr=0.000010 time=0.52s
2026-03-13 15:38:49 | INFO | Validation — loss: 0.6682 - Accuracy: 0.6972 - F1score: 0.4108 - Recall: 0.5 - Precision 0.3486
2026-03-13 15:38:49 | INFO | [Epoch 005] loss=0.545111 lr=0.000010 time=0.55s
2026-03-13 15:38:51 | INFO | Validation — loss: 0.6572 - Accuracy: 0.6972 - F1score: 0.4108 - Recall: 0.5 - Precision 0.3486
2026-03-13 15:38:51 | INFO | [Epoch 006] loss=0.506144 lr=0.000010 time=0.55s
2026-03-13 15:38:52 | INFO | Validation — loss: 0.6367 - Accuracy: 0.6972 - F1score: 0.4108 - Recall: 0.5 - Precision 0.3486
2026-03-13 15:38:53 | INFO | [Epoch 007] loss=0.463895 lr=0.000010 time=0.56s
2026-03-13 15:38:54 | INFO | Validation — loss: 0.5844 - Accuracy: 0.6972 - F1score: 0.4108 - Recall: 0.5 - Precision 0.3486
2026-03-13 15:38:54 | INFO | [Epoch 008] loss=0.423387 lr=0.000010 time=0.55s
2026-03-13 15:38:55 | INFO | Validation — loss: 0.5154 - Accuracy: 0.7682 - F1score: 0.6186 - Recall: 0.6172 - Precision 0.8752
2026-03-13 15:38:55 | INFO | ---------- New best model found at epoch 8 with F1=0.618600------------
2026-03-13 15:38:56 | INFO | [Epoch 009] loss=0.382785 lr=0.000010 time=0.49s
2026-03-13 15:38:57 | INFO | Validation — loss: 0.4560 - Accuracy: 0.9927 - F1score: 0.9913 - Recall: 0.988 - Precision 0.9948
2026-03-13 15:38:57 | INFO | ---------- New best model found at epoch 9 with F1=0.991300------------
2026-03-13 15:38:57 | INFO | [Epoch 010] loss=0.345836 lr=0.000010 time=0.54s
2026-03-13 15:38:58 | INFO | Validation — loss: 0.3760 - Accuracy: 0.9975 - F1score: 0.997 - Recall: 0.9982 - Precision 0.9959
2026-03-13 15:38:58 | INFO | ---------- New best model found at epoch 10 with F1=0.997000------------
2026-03-13 15:38:59 | INFO | [Epoch 011] loss=0.311297 lr=0.000010 time=0.51s
2026-03-13 15:38:59 | INFO | Validation — loss: 0.3648 - Accuracy: 0.9854 - F1score: 0.983 - Recall: 0.9896 - Precision 0.9771
2026-03-13 15:39:00 | INFO | [Epoch 012] loss=0.282526 lr=0.000010 time=0.49s
2026-03-13 15:39:01 | INFO | Validation — loss: 0.3960 - Accuracy: 0.8781 - F1score: 0.8683 - Recall: 0.9126 - Precision 0.8565
2026-03-13 15:39:02 | INFO | [Epoch 013] loss=0.251771 lr=0.000010 time=0.60s
2026-03-13 15:39:03 | INFO | Validation — loss: 0.5201 - Accuracy: 0.7871 - F1score: 0.7798 - Recall: 0.8473 - Precision 0.7936
2026-03-13 15:39:04 | INFO | [Epoch 014] loss=0.226285 lr=0.000010 time=0.59s
2026-03-13 15:39:04 | INFO | Validation — loss: 0.6374 - Accuracy: 0.551 - F1score: 0.5496 - Recall: 0.678 - Precision 0.7014
2026-03-13 15:39:05 | INFO | [Epoch 015] loss=0.198408 lr=0.000009 time=0.57s
2026-03-13 15:39:06 | INFO | Validation — loss: 0.7025 - Accuracy: 0.4045 - F1score: 0.3794 - Recall: 0.5729 - Precision 0.6685
2026-03-13 15:39:07 | INFO | [Epoch 016] loss=0.177950 lr=0.000009 time=0.62s
2026-03-13 15:39:08 | INFO | Validation — loss: 0.4445 - Accuracy: 0.8296 - F1score: 0.8187 - Recall: 0.868 - Precision 0.8136
2026-03-13 15:39:08 | INFO | [Epoch 017] loss=0.168206 lr=0.000009 time=0.56s
2026-03-13 15:39:09 | INFO | Validation — loss: 0.6257 - Accuracy: 0.6899 - F1score: 0.6877 - Recall: 0.7777 - Precision 0.747
2026-03-13 15:39:10 | INFO | [Epoch 018] loss=0.155641 lr=0.000009 time=0.52s
2026-03-13 15:39:11 | INFO | Validation — loss: 0.6546 - Accuracy: 0.6131 - F1score: 0.613 - Recall: 0.7204 - Precision 0.7157
2026-03-13 15:39:11 | INFO | [Epoch 019] loss=0.135614 lr=0.000009 time=0.53s
2026-03-13 15:39:12 | INFO | Validation — loss: 0.1943 - Accuracy: 0.9631 - F1score: 0.9561 - Recall: 0.953 - Precision 0.9593
2026-03-13 15:39:13 | INFO | [Epoch 020] loss=0.119826 lr=0.000009 time=0.59s
2026-03-13 15:39:14 | INFO | Validation — loss: 0.4091 - Accuracy: 0.843 - F1score: 0.8327 - Recall: 0.8821 - Precision 0.8261
2026-03-13 15:39:15 | INFO | [Epoch 021] loss=0.103353 lr=0.000009 time=0.61s
2026-03-13 15:39:16 | INFO | Validation — loss: 0.2716 - Accuracy: 0.9067 - F1score: 0.889 - Recall: 0.887 - Precision 0.891
2026-03-13 15:39:16 | INFO | [Epoch 022] loss=0.101257 lr=0.000009 time=0.56s
2026-03-13 15:39:17 | INFO | Validation — loss: 0.3477 - Accuracy: 0.8708 - F1score: 0.8601 - Recall: 0.9022 - Precision 0.8483
2026-03-13 15:39:18 | INFO | [Epoch 023] loss=0.097179 lr=0.000009 time=0.53s
2026-03-13 15:39:19 | INFO | Validation — loss: 0.2511 - Accuracy: 0.9179 - F1score: 0.909 - Recall: 0.9411 - Precision 0.8933
2026-03-13 15:39:19 | INFO | [Epoch 024] loss=0.078935 lr=0.000009 time=0.58s
2026-03-13 15:39:20 | INFO | Validation — loss: 0.2822 - Accuracy: 0.8972 - F1score: 0.8792 - Recall: 0.8825 - Precision 0.8762
2026-03-13 15:39:21 | INFO | [Epoch 025] loss=0.074820 lr=0.000009 time=0.57s
2026-03-13 15:39:22 | INFO | Validation — loss: 0.3487 - Accuracy: 0.853 - F1score: 0.8251 - Recall: 0.8234 - Precision 0.8268
2026-03-13 15:39:22 | INFO | Early stopping at epoch 25. Best loss: 0.997000
2026-03-13 15:39:22 | INFO | Training complete.
2026-03-13 15:39:22 | INFO | Best result: {'acc': 0.9975, 'precision': 0.9959, 'recall': 0.9982, 'f1': 0.997, 'conf_mat': array([[3054,   11],
       [   0, 1331]])}
2026-03-13 15:39:22 | INFO | === Run 11/1 | seed=0 | fold=fold_10.csv ===
2026-03-13 15:39:22 | INFO | Loading split file /home/s223149341/SSL-invariance-Subject_Project_model/subject_aware_contrastive_learning/datasets/process_dataset/LOSO_testval/fold_10.csv
2026-03-13 15:39:22 | INFO | Model.forward signature: (data)
2026-03-13 15:39:28 | INFO | [LOSO] Train size: 611, Val size: 4375, Test size: 4375
2026-03-13 15:39:28 | INFO | Train batches per epoch: 9
2026-03-13 15:39:29 | INFO | [Epoch 000] loss=0.691097 lr=0.000010 time=0.55s
2026-03-13 15:39:30 | INFO | Validation — loss: 0.6981 - Accuracy: 0.2903 - F1score: 0.225 - Recall: 0.5 - Precision 0.1451
2026-03-13 15:39:30 | INFO | ---------- New best model found at epoch 0 with F1=0.225000------------
2026-03-13 15:39:30 | INFO | [Epoch 001] loss=0.674580 lr=0.000010 time=0.61s
2026-03-13 15:39:31 | INFO | Validation — loss: 0.6945 - Accuracy: 0.2903 - F1score: 0.225 - Recall: 0.5 - Precision 0.1451
2026-03-13 15:39:32 | INFO | [Epoch 002] loss=0.652149 lr=0.000010 time=0.56s
2026-03-13 15:39:33 | INFO | Validation — loss: 0.6899 - Accuracy: 0.7097 - F1score: 0.4151 - Recall: 0.5 - Precision 0.3549
2026-03-13 15:39:33 | INFO | ---------- New best model found at epoch 2 with F1=0.415100------------
2026-03-13 15:39:33 | INFO | [Epoch 003] loss=0.621063 lr=0.000010 time=0.56s
2026-03-13 15:39:34 | INFO | Validation — loss: 0.6834 - Accuracy: 0.7097 - F1score: 0.4151 - Recall: 0.5 - Precision 0.3549
2026-03-13 15:39:35 | INFO | [Epoch 004] loss=0.582880 lr=0.000010 time=0.65s
2026-03-13 15:39:36 | INFO | Validation — loss: 0.6738 - Accuracy: 0.7097 - F1score: 0.4151 - Recall: 0.5 - Precision 0.3549
2026-03-13 15:39:37 | INFO | [Epoch 005] loss=0.545379 lr=0.000010 time=0.58s
2026-03-13 15:39:38 | INFO | Validation — loss: 0.6654 - Accuracy: 0.7097 - F1score: 0.4151 - Recall: 0.5 - Precision 0.3549
2026-03-13 15:39:38 | INFO | [Epoch 006] loss=0.502705 lr=0.000010 time=0.57s
2026-03-13 15:39:39 | INFO | Validation — loss: 0.6596 - Accuracy: 0.7097 - F1score: 0.4151 - Recall: 0.5 - Precision 0.3549
2026-03-13 15:39:40 | INFO | [Epoch 007] loss=0.464531 lr=0.000010 time=0.63s
2026-03-13 15:39:41 | INFO | Validation — loss: 0.6311 - Accuracy: 0.7097 - F1score: 0.4151 - Recall: 0.5 - Precision 0.3549
2026-03-13 15:39:41 | INFO | [Epoch 008] loss=0.423422 lr=0.000010 time=0.52s
2026-03-13 15:39:42 | INFO | Validation — loss: 0.6098 - Accuracy: 0.7097 - F1score: 0.4151 - Recall: 0.5 - Precision 0.3549
2026-03-13 15:39:43 | INFO | [Epoch 009] loss=0.384331 lr=0.000010 time=0.53s
2026-03-13 15:39:44 | INFO | Validation — loss: 0.5558 - Accuracy: 0.7097 - F1score: 0.4151 - Recall: 0.5 - Precision 0.3549
2026-03-13 15:39:44 | INFO | [Epoch 010] loss=0.344509 lr=0.000010 time=0.53s
2026-03-13 15:39:45 | INFO | Validation — loss: 0.4988 - Accuracy: 0.7191 - F1score: 0.4487 - Recall: 0.5161 - Precision 0.8582
2026-03-13 15:39:45 | INFO | ---------- New best model found at epoch 10 with F1=0.448700------------
2026-03-13 15:39:46 | INFO | [Epoch 011] loss=0.304847 lr=0.000010 time=0.64s
2026-03-13 15:39:47 | INFO | Validation — loss: 0.4355 - Accuracy: 0.8238 - F1score: 0.7269 - Recall: 0.6965 - Precision 0.9005
2026-03-13 15:39:47 | INFO | ---------- New best model found at epoch 11 with F1=0.726900------------
2026-03-13 15:39:47 | INFO | [Epoch 012] loss=0.274854 lr=0.000010 time=0.50s
2026-03-13 15:39:48 | INFO | Validation — loss: 0.3323 - Accuracy: 0.8555 - F1score: 0.7882 - Recall: 0.7512 - Precision 0.9154
2026-03-13 15:39:48 | INFO | ---------- New best model found at epoch 12 with F1=0.788200------------
2026-03-13 15:39:49 | INFO | [Epoch 013] loss=0.243261 lr=0.000010 time=0.74s
2026-03-13 15:39:50 | INFO | Validation — loss: 0.2346 - Accuracy: 1.0 - F1score: 1.0 - Recall: 1.0 - Precision 1.0
2026-03-13 15:39:50 | INFO | ---------- New best model found at epoch 13 with F1=1.000000------------
2026-03-13 15:39:51 | INFO | [Epoch 014] loss=0.213980 lr=0.000010 time=0.61s
2026-03-13 15:39:52 | INFO | Validation — loss: 0.2225 - Accuracy: 0.9291 - F1score: 0.9067 - Recall: 0.878 - Precision 0.9546
2026-03-13 15:39:52 | INFO | [Epoch 015] loss=0.186828 lr=0.000009 time=0.64s
2026-03-13 15:39:53 | INFO | Validation — loss: 0.2019 - Accuracy: 0.9495 - F1score: 0.9352 - Recall: 0.913 - Precision 0.9668
2026-03-13 15:39:54 | INFO | [Epoch 016] loss=0.158462 lr=0.000009 time=0.58s
2026-03-13 15:39:55 | INFO | Validation — loss: 0.2142 - Accuracy: 0.8843 - F1score: 0.8379 - Recall: 0.8008 - Precision 0.9299
2026-03-13 15:39:56 | INFO | [Epoch 017] loss=0.146114 lr=0.000009 time=0.65s
2026-03-13 15:39:56 | INFO | Validation — loss: 0.2095 - Accuracy: 0.8766 - F1score: 0.825 - Recall: 0.7874 - Precision 0.9259
2026-03-13 15:39:57 | INFO | [Epoch 018] loss=0.133909 lr=0.000009 time=0.58s
2026-03-13 15:39:58 | INFO | Validation — loss: 0.1510 - Accuracy: 0.9657 - F1score: 0.9568 - Recall: 0.9409 - Precision 0.977
2026-03-13 15:39:59 | INFO | [Epoch 019] loss=0.117727 lr=0.000009 time=0.52s
2026-03-13 15:40:00 | INFO | Validation — loss: 0.1387 - Accuracy: 0.9675 - F1score: 0.9592 - Recall: 0.9441 - Precision 0.9781
2026-03-13 15:40:00 | INFO | [Epoch 020] loss=0.106632 lr=0.000009 time=0.58s
2026-03-13 15:40:01 | INFO | Validation — loss: 0.2049 - Accuracy: 0.8937 - F1score: 0.8531 - Recall: 0.8169 - Precision 0.9349
2026-03-13 15:40:02 | INFO | [Epoch 021] loss=0.092418 lr=0.000009 time=0.54s
2026-03-13 15:40:03 | INFO | Validation — loss: 0.1204 - Accuracy: 0.9801 - F1score: 0.9754 - Recall: 0.9657 - Precision 0.9864
2026-03-13 15:40:03 | INFO | [Epoch 022] loss=0.085056 lr=0.000009 time=0.56s
2026-03-13 15:40:04 | INFO | Validation — loss: 0.4359 - Accuracy: 0.7495 - F1score: 0.5455 - Recall: 0.5685 - Precision 0.8696
2026-03-13 15:40:05 | INFO | [Epoch 023] loss=0.080794 lr=0.000009 time=0.56s
2026-03-13 15:40:06 | INFO | Validation — loss: 0.1821 - Accuracy: 0.8958 - F1score: 0.8564 - Recall: 0.8205 - Precision 0.936
2026-03-13 15:40:06 | INFO | [Epoch 024] loss=0.072319 lr=0.000009 time=0.55s
2026-03-13 15:40:07 | INFO | Validation — loss: 0.1427 - Accuracy: 0.9403 - F1score: 0.9226 - Recall: 0.8972 - Precision 0.9612
2026-03-13 15:40:08 | INFO | [Epoch 025] loss=0.068236 lr=0.000009 time=0.55s
2026-03-13 15:40:09 | INFO | Validation — loss: 0.5858 - Accuracy: 0.7255 - F1score: 0.4705 - Recall: 0.5272 - Precision 0.8605
2026-03-13 15:40:09 | INFO | [Epoch 026] loss=0.071934 lr=0.000008 time=0.57s
2026-03-13 15:40:10 | INFO | Validation — loss: 0.0653 - Accuracy: 0.9943 - F1score: 0.993 - Recall: 0.9902 - Precision 0.996
2026-03-13 15:40:11 | INFO | [Epoch 027] loss=0.068161 lr=0.000008 time=0.63s
2026-03-13 15:40:12 | INFO | Validation — loss: 0.6120 - Accuracy: 0.7266 - F1score: 0.4743 - Recall: 0.5291 - Precision 0.861
2026-03-13 15:40:13 | INFO | [Epoch 028] loss=0.056608 lr=0.000008 time=0.63s
2026-03-13 15:40:14 | INFO | Validation — loss: 0.0909 - Accuracy: 0.9785 - F1score: 0.9733 - Recall: 0.963 - Precision 0.9853
2026-03-13 15:40:14 | INFO | Early stopping at epoch 28. Best loss: 1.000000
2026-03-13 15:40:14 | INFO | Training complete.
2026-03-13 15:40:14 | INFO | Best result: {'acc': 1.0, 'precision': 1.0, 'recall': 1.0, 'f1': 1.0, 'conf_mat': array([[3105,    0],
       [   0, 1270]])}
2026-03-13 15:40:14 | INFO | === Run 12/1 | seed=0 | fold=fold_11.csv ===
2026-03-13 15:40:14 | INFO | Loading split file /home/s223149341/SSL-invariance-Subject_Project_model/subject_aware_contrastive_learning/datasets/process_dataset/LOSO_testval/fold_11.csv
2026-03-13 15:40:14 | INFO | Model.forward signature: (data)
2026-03-13 15:40:20 | INFO | [LOSO] Train size: 610, Val size: 4393, Test size: 4393
2026-03-13 15:40:20 | INFO | Train batches per epoch: 9
2026-03-13 15:40:21 | INFO | [Epoch 000] loss=0.691056 lr=0.000010 time=0.56s
2026-03-13 15:40:22 | INFO | Validation — loss: 0.6960 - Accuracy: 0.2977 - F1score: 0.2294 - Recall: 0.5 - Precision 0.1489
2026-03-13 15:40:22 | INFO | ---------- New best model found at epoch 0 with F1=0.229400------------
2026-03-13 15:40:22 | INFO | [Epoch 001] loss=0.674847 lr=0.000010 time=0.53s
2026-03-13 15:40:23 | INFO | Validation — loss: 0.6939 - Accuracy: 0.2977 - F1score: 0.2294 - Recall: 0.5 - Precision 0.1489
2026-03-13 15:40:24 | INFO | [Epoch 002] loss=0.651561 lr=0.000010 time=0.57s
2026-03-13 15:40:25 | INFO | Validation — loss: 0.6901 - Accuracy: 0.7023 - F1score: 0.4125 - Recall: 0.5 - Precision 0.3511
2026-03-13 15:40:25 | INFO | ---------- New best model found at epoch 2 with F1=0.412500------------
2026-03-13 15:40:26 | INFO | [Epoch 003] loss=0.620623 lr=0.000010 time=0.57s
2026-03-13 15:40:27 | INFO | Validation — loss: 0.6861 - Accuracy: 0.7023 - F1score: 0.4125 - Recall: 0.5 - Precision 0.3511
2026-03-13 15:40:27 | INFO | [Epoch 004] loss=0.581880 lr=0.000010 time=0.56s
2026-03-13 15:40:28 | INFO | Validation — loss: 0.6785 - Accuracy: 0.7023 - F1score: 0.4125 - Recall: 0.5 - Precision 0.3511
2026-03-13 15:40:29 | INFO | [Epoch 005] loss=0.539944 lr=0.000010 time=0.61s
2026-03-13 15:40:30 | INFO | Validation — loss: 0.6729 - Accuracy: 0.7023 - F1score: 0.4125 - Recall: 0.5 - Precision 0.3511
2026-03-13 15:40:30 | INFO | [Epoch 006] loss=0.500929 lr=0.000010 time=0.54s
2026-03-13 15:40:31 | INFO | Validation — loss: 0.6588 - Accuracy: 0.7023 - F1score: 0.4125 - Recall: 0.5 - Precision 0.3511
2026-03-13 15:40:32 | INFO | [Epoch 007] loss=0.460047 lr=0.000010 time=0.53s
2026-03-13 15:40:33 | INFO | Validation — loss: 0.6225 - Accuracy: 0.7023 - F1score: 0.4125 - Recall: 0.5 - Precision 0.3511
2026-03-13 15:40:33 | INFO | [Epoch 008] loss=0.419459 lr=0.000010 time=0.58s
2026-03-13 15:40:34 | INFO | Validation — loss: 0.5809 - Accuracy: 0.7023 - F1score: 0.4125 - Recall: 0.5 - Precision 0.3511
2026-03-13 15:40:35 | INFO | [Epoch 009] loss=0.379061 lr=0.000010 time=0.76s
2026-03-13 15:40:36 | INFO | Validation — loss: 0.5325 - Accuracy: 0.7023 - F1score: 0.4125 - Recall: 0.5 - Precision 0.3511
2026-03-13 15:40:37 | INFO | [Epoch 010] loss=0.343615 lr=0.000010 time=0.61s
2026-03-13 15:40:38 | INFO | Validation — loss: 0.4429 - Accuracy: 0.8516 - F1score: 0.7862 - Recall: 0.7508 - Precision 0.9128
2026-03-13 15:40:38 | INFO | ---------- New best model found at epoch 10 with F1=0.786200------------
2026-03-13 15:40:38 | INFO | [Epoch 011] loss=0.307095 lr=0.000010 time=0.60s
2026-03-13 15:40:39 | INFO | Validation — loss: 0.4351 - Accuracy: 0.9645 - F1score: 0.9567 - Recall: 0.9485 - Precision 0.9661
2026-03-13 15:40:39 | INFO | ---------- New best model found at epoch 11 with F1=0.956700------------
2026-03-13 15:40:40 | INFO | [Epoch 012] loss=0.280176 lr=0.000010 time=0.52s
2026-03-13 15:40:41 | INFO | Validation — loss: 0.5069 - Accuracy: 0.8345 - F1score: 0.8244 - Recall: 0.8815 - Precision 0.821
2026-03-13 15:40:42 | INFO | [Epoch 013] loss=0.246292 lr=0.000010 time=0.54s
2026-03-13 15:40:43 | INFO | Validation — loss: 0.4909 - Accuracy: 0.8083 - F1score: 0.7991 - Recall: 0.8629 - Precision 0.8037
2026-03-13 15:40:43 | INFO | [Epoch 014] loss=0.223283 lr=0.000010 time=0.62s
2026-03-13 15:40:44 | INFO | Validation — loss: 0.6232 - Accuracy: 0.5475 - F1score: 0.5464 - Recall: 0.6778 - Precision 0.6984
2026-03-13 15:40:45 | INFO | [Epoch 015] loss=0.193152 lr=0.000009 time=0.53s
2026-03-13 15:40:46 | INFO | Validation — loss: 0.8029 - Accuracy: 0.3494 - F1score: 0.3075 - Recall: 0.5368 - Precision 0.657
2026-03-13 15:40:46 | INFO | [Epoch 016] loss=0.173386 lr=0.000009 time=0.56s
2026-03-13 15:40:47 | INFO | Validation — loss: 0.7285 - Accuracy: 0.4421 - F1score: 0.4286 - Recall: 0.6028 - Precision 0.674
2026-03-13 15:40:48 | INFO | [Epoch 017] loss=0.159595 lr=0.000009 time=0.57s
2026-03-13 15:40:49 | INFO | Validation — loss: 0.5989 - Accuracy: 0.6057 - F1score: 0.6057 - Recall: 0.7193 - Precision 0.7151
2026-03-13 15:40:49 | INFO | [Epoch 018] loss=0.143642 lr=0.000009 time=0.54s
2026-03-13 15:40:50 | INFO | Validation — loss: 1.2058 - Accuracy: 0.2977 - F1score: 0.2294 - Recall: 0.5 - Precision 0.1489
2026-03-13 15:40:51 | INFO | [Epoch 019] loss=0.127224 lr=0.000009 time=0.56s
2026-03-13 15:40:52 | INFO | Validation — loss: 0.8136 - Accuracy: 0.4332 - F1score: 0.4179 - Recall: 0.5964 - Precision 0.6722
2026-03-13 15:40:53 | INFO | [Epoch 020] loss=0.110961 lr=0.000009 time=0.58s
2026-03-13 15:40:53 | INFO | Validation — loss: 0.9408 - Accuracy: 0.3781 - F1score: 0.3473 - Recall: 0.5572 - Precision 0.6619
2026-03-13 15:40:54 | INFO | [Epoch 021] loss=0.097358 lr=0.000009 time=0.56s
2026-03-13 15:40:55 | INFO | Validation — loss: 0.9764 - Accuracy: 0.3797 - F1score: 0.3494 - Recall: 0.5583 - Precision 0.6622
2026-03-13 15:40:56 | INFO | [Epoch 022] loss=0.090944 lr=0.000009 time=0.53s
2026-03-13 15:40:56 | INFO | Validation — loss: 1.0789 - Accuracy: 0.3412 - F1score: 0.2957 - Recall: 0.531 - Precision 0.6556
2026-03-13 15:40:57 | INFO | [Epoch 023] loss=0.089640 lr=0.000009 time=0.62s
2026-03-13 15:40:58 | INFO | Validation — loss: 1.4160 - Accuracy: 0.303 - F1score: 0.2378 - Recall: 0.5037 - Precision 0.6497
2026-03-13 15:40:59 | INFO | [Epoch 024] loss=0.074300 lr=0.000009 time=0.57s
2026-03-13 15:41:00 | INFO | Validation — loss: 1.2527 - Accuracy: 0.3244 - F1score: 0.2708 - Recall: 0.519 - Precision 0.6529
2026-03-13 15:41:00 | INFO | [Epoch 025] loss=0.070090 lr=0.000009 time=0.55s
2026-03-13 15:41:01 | INFO | Validation — loss: 1.3833 - Accuracy: 0.3121 - F1score: 0.252 - Recall: 0.5102 - Precision 0.651
2026-03-13 15:41:02 | INFO | [Epoch 026] loss=0.070072 lr=0.000008 time=0.52s
2026-03-13 15:41:03 | INFO | Validation — loss: 1.5747 - Accuracy: 0.3073 - F1score: 0.2446 - Recall: 0.5068 - Precision 0.6503
2026-03-13 15:41:03 | INFO | Early stopping at epoch 26. Best loss: 0.956700
2026-03-13 15:41:03 | INFO | Training complete.
2026-03-13 15:41:03 | INFO | Best result: {'acc': 0.9645, 'precision': 0.9661, 'recall': 0.9485, 'f1': 0.9567, 'conf_mat': array([[3048,   37],
       [ 119, 1189]])}
2026-03-13 15:41:03 | INFO | === Run 13/1 | seed=0 | fold=fold_12.csv ===
2026-03-13 15:41:03 | INFO | Loading split file /home/s223149341/SSL-invariance-Subject_Project_model/subject_aware_contrastive_learning/datasets/process_dataset/LOSO_testval/fold_12.csv
2026-03-13 15:41:03 | INFO | Model.forward signature: (data)
2026-03-13 15:41:08 | INFO | [LOSO] Train size: 611, Val size: 4337, Test size: 4337
2026-03-13 15:41:08 | INFO | Train batches per epoch: 9
2026-03-13 15:41:09 | INFO | [Epoch 000] loss=0.691199 lr=0.000010 time=0.52s
2026-03-13 15:41:10 | INFO | Validation — loss: 0.6979 - Accuracy: 0.2905 - F1score: 0.2251 - Recall: 0.5 - Precision 0.1453
2026-03-13 15:41:10 | INFO | ---------- New best model found at epoch 0 with F1=0.225100------------
2026-03-13 15:41:10 | INFO | [Epoch 001] loss=0.675449 lr=0.000010 time=0.54s
2026-03-13 15:41:11 | INFO | Validation — loss: 0.6955 - Accuracy: 0.2905 - F1score: 0.2251 - Recall: 0.5 - Precision 0.1453
2026-03-13 15:41:12 | INFO | [Epoch 002] loss=0.651923 lr=0.000010 time=0.58s
2026-03-13 15:41:13 | INFO | Validation — loss: 0.6920 - Accuracy: 0.7095 - F1score: 0.415 - Recall: 0.5 - Precision 0.3547
2026-03-13 15:41:13 | INFO | ---------- New best model found at epoch 2 with F1=0.415000------------
2026-03-13 15:41:14 | INFO | [Epoch 003] loss=0.619913 lr=0.000010 time=0.58s
2026-03-13 15:41:15 | INFO | Validation — loss: 0.6896 - Accuracy: 0.7095 - F1score: 0.415 - Recall: 0.5 - Precision 0.3547
2026-03-13 15:41:15 | INFO | [Epoch 004] loss=0.581450 lr=0.000010 time=0.53s
2026-03-13 15:41:16 | INFO | Validation — loss: 0.6831 - Accuracy: 0.7095 - F1score: 0.415 - Recall: 0.5 - Precision 0.3547
2026-03-13 15:41:17 | INFO | [Epoch 005] loss=0.539315 lr=0.000010 time=0.49s
2026-03-13 15:41:18 | INFO | Validation — loss: 0.6777 - Accuracy: 0.7095 - F1score: 0.415 - Recall: 0.5 - Precision 0.3547
2026-03-13 15:41:18 | INFO | [Epoch 006] loss=0.494830 lr=0.000010 time=0.53s
2026-03-13 15:41:19 | INFO | Validation — loss: 0.6784 - Accuracy: 0.7095 - F1score: 0.415 - Recall: 0.5 - Precision 0.3547
2026-03-13 15:41:20 | INFO | [Epoch 007] loss=0.456297 lr=0.000010 time=0.52s
2026-03-13 15:41:20 | INFO | Validation — loss: 0.6667 - Accuracy: 0.7095 - F1score: 0.415 - Recall: 0.5 - Precision 0.3547
2026-03-13 15:41:21 | INFO | [Epoch 008] loss=0.416430 lr=0.000010 time=0.54s
2026-03-13 15:41:22 | INFO | Validation — loss: 0.6280 - Accuracy: 0.7095 - F1score: 0.415 - Recall: 0.5 - Precision 0.3547
2026-03-13 15:41:22 | INFO | [Epoch 009] loss=0.382226 lr=0.000010 time=0.53s
2026-03-13 15:41:24 | INFO | Validation — loss: 0.5560 - Accuracy: 0.7591 - F1score: 0.5732 - Recall: 0.5853 - Precision 0.8732
2026-03-13 15:41:24 | INFO | ---------- New best model found at epoch 9 with F1=0.573200------------
2026-03-13 15:41:24 | INFO | [Epoch 010] loss=0.348336 lr=0.000010 time=0.78s
2026-03-13 15:41:26 | INFO | Validation — loss: 0.4582 - Accuracy: 0.7918 - F1score: 0.6568 - Recall: 0.6417 - Precision 0.8866
2026-03-13 15:41:26 | INFO | ---------- New best model found at epoch 10 with F1=0.656800------------
2026-03-13 15:41:26 | INFO | [Epoch 011] loss=0.315073 lr=0.000010 time=0.62s
2026-03-13 15:41:28 | INFO | Validation — loss: 0.4246 - Accuracy: 0.9205 - F1score: 0.8941 - Recall: 0.8631 - Precision 0.9496
2026-03-13 15:41:28 | INFO | ---------- New best model found at epoch 11 with F1=0.894100------------
2026-03-13 15:41:28 | INFO | [Epoch 012] loss=0.283517 lr=0.000010 time=0.65s
2026-03-13 15:41:29 | INFO | Validation — loss: 0.3427 - Accuracy: 0.944 - F1score: 0.9276 - Recall: 0.9036 - Precision 0.9634
2026-03-13 15:41:29 | INFO | ---------- New best model found at epoch 12 with F1=0.927600------------
2026-03-13 15:41:30 | INFO | [Epoch 013] loss=0.260462 lr=0.000010 time=0.50s
2026-03-13 15:41:31 | INFO | Validation — loss: 0.3530 - Accuracy: 0.982 - F1score: 0.9779 - Recall: 0.9721 - Precision 0.9842
2026-03-13 15:41:31 | INFO | ---------- New best model found at epoch 13 with F1=0.977900------------
2026-03-13 15:41:32 | INFO | [Epoch 014] loss=0.243168 lr=0.000010 time=0.56s
2026-03-13 15:41:32 | INFO | Validation — loss: 0.4925 - Accuracy: 0.8245 - F1score: 0.8135 - Recall: 0.8763 - Precision 0.8117
2026-03-13 15:41:33 | INFO | [Epoch 015] loss=0.207869 lr=0.000009 time=0.58s
2026-03-13 15:41:34 | INFO | Validation — loss: 0.2647 - Accuracy: 0.9915 - F1score: 0.9896 - Recall: 0.986 - Precision 0.9933
2026-03-13 15:41:34 | INFO | ---------- New best model found at epoch 15 with F1=0.989600------------
2026-03-13 15:41:35 | INFO | [Epoch 016] loss=0.187332 lr=0.000009 time=0.57s
2026-03-13 15:41:36 | INFO | Validation — loss: 0.3054 - Accuracy: 0.9767 - F1score: 0.9724 - Recall: 0.9836 - Precision 0.9629
2026-03-13 15:41:36 | INFO | [Epoch 017] loss=0.164394 lr=0.000009 time=0.62s
2026-03-13 15:41:37 | INFO | Validation — loss: 0.8254 - Accuracy: 0.3486 - F1score: 0.3114 - Recall: 0.5409 - Precision 0.6542
2026-03-13 15:41:38 | INFO | [Epoch 018] loss=0.147331 lr=0.000009 time=0.58s
2026-03-13 15:41:39 | INFO | Validation — loss: 0.1952 - Accuracy: 0.9878 - F1score: 0.985 - Recall: 0.979 - Precision 0.9915
2026-03-13 15:41:39 | INFO | [Epoch 019] loss=0.136383 lr=0.000009 time=0.58s
2026-03-13 15:41:40 | INFO | Validation — loss: 0.8650 - Accuracy: 0.3652 - F1score: 0.3342 - Recall: 0.5526 - Precision 0.657
2026-03-13 15:41:41 | INFO | [Epoch 020] loss=0.136767 lr=0.000009 time=0.54s
2026-03-13 15:41:42 | INFO | Validation — loss: 0.4444 - Accuracy: 0.7747 - F1score: 0.7659 - Recall: 0.8412 - Precision 0.7816
2026-03-13 15:41:42 | INFO | [Epoch 021] loss=0.113233 lr=0.000009 time=0.53s
2026-03-13 15:41:43 | INFO | Validation — loss: 0.2312 - Accuracy: 0.9532 - F1score: 0.9456 - Recall: 0.9661 - Precision 0.9309
2026-03-13 15:41:44 | INFO | [Epoch 022] loss=0.101689 lr=0.000009 time=0.57s
2026-03-13 15:41:45 | INFO | Validation — loss: 0.4249 - Accuracy: 0.7916 - F1score: 0.7819 - Recall: 0.8531 - Precision 0.7911
2026-03-13 15:41:45 | INFO | [Epoch 023] loss=0.101575 lr=0.000009 time=0.57s
2026-03-13 15:41:46 | INFO | Validation — loss: 0.4946 - Accuracy: 0.7321 - F1score: 0.7258 - Recall: 0.8112 - Precision 0.7601
2026-03-13 15:41:47 | INFO | [Epoch 024] loss=0.088575 lr=0.000009 time=0.62s
2026-03-13 15:41:48 | INFO | Validation — loss: 0.8740 - Accuracy: 0.4263 - F1score: 0.4123 - Recall: 0.5957 - Precision 0.6681
2026-03-13 15:41:48 | INFO | [Epoch 025] loss=0.092287 lr=0.000009 time=0.57s
2026-03-13 15:41:49 | INFO | Validation — loss: 0.8789 - Accuracy: 0.4614 - F1score: 0.4536 - Recall: 0.6204 - Precision 0.6752
2026-03-13 15:41:50 | INFO | [Epoch 026] loss=0.079247 lr=0.000008 time=0.58s
2026-03-13 15:41:51 | INFO | Validation — loss: 0.2636 - Accuracy: 0.8992 - F1score: 0.8878 - Recall: 0.9285 - Precision 0.8712
2026-03-13 15:41:52 | INFO | [Epoch 027] loss=0.069193 lr=0.000008 time=0.57s
2026-03-13 15:41:53 | INFO | Validation — loss: 0.9402 - Accuracy: 0.4392 - F1score: 0.4277 - Recall: 0.6048 - Precision 0.6706
2026-03-13 15:41:53 | INFO | [Epoch 028] loss=0.059941 lr=0.000008 time=0.64s
2026-03-13 15:41:54 | INFO | Validation — loss: 0.3613 - Accuracy: 0.8423 - F1score: 0.8307 - Recall: 0.8889 - Precision 0.8241
2026-03-13 15:41:55 | INFO | [Epoch 029] loss=0.069912 lr=0.000008 time=0.55s
2026-03-13 15:41:56 | INFO | Validation — loss: 0.8395 - Accuracy: 0.5121 - F1score: 0.5098 - Recall: 0.6562 - Precision 0.6866
2026-03-13 15:41:56 | INFO | [Epoch 030] loss=0.051406 lr=0.000008 time=0.57s
2026-03-13 15:41:57 | INFO | Validation — loss: 0.2408 - Accuracy: 0.9013 - F1score: 0.89 - Recall: 0.9302 - Precision 0.8732
2026-03-13 15:41:57 | INFO | Early stopping at epoch 30. Best loss: 0.989600
2026-03-13 15:41:57 | INFO | Training complete.
2026-03-13 15:41:57 | INFO | Best result: {'acc': 0.9915, 'precision': 0.9933, 'recall': 0.986, 'f1': 0.9896, 'conf_mat': array([[3074,    3],
       [  34, 1226]])}
2026-03-13 15:41:57 | INFO | === Run 14/1 | seed=0 | fold=fold_13.csv ===
2026-03-13 15:41:57 | INFO | Loading split file /home/s223149341/SSL-invariance-Subject_Project_model/subject_aware_contrastive_learning/datasets/process_dataset/LOSO_testval/fold_13.csv
2026-03-13 15:41:57 | INFO | Model.forward signature: (data)
2026-03-13 15:42:03 | INFO | [LOSO] Train size: 611, Val size: 4359, Test size: 4359
2026-03-13 15:42:03 | INFO | Train batches per epoch: 9
2026-03-13 15:42:03 | INFO | [Epoch 000] loss=0.690704 lr=0.000010 time=0.57s
2026-03-13 15:42:04 | INFO | Validation — loss: 0.6979 - Accuracy: 0.3028 - F1score: 0.2324 - Recall: 0.5 - Precision 0.1514
2026-03-13 15:42:04 | INFO | ---------- New best model found at epoch 0 with F1=0.232400------------
2026-03-13 15:42:05 | INFO | [Epoch 001] loss=0.672077 lr=0.000010 time=0.54s
2026-03-13 15:42:06 | INFO | Validation — loss: 0.6952 - Accuracy: 0.3028 - F1score: 0.2324 - Recall: 0.5 - Precision 0.1514
2026-03-13 15:42:07 | INFO | [Epoch 002] loss=0.645570 lr=0.000010 time=0.54s
2026-03-13 15:42:07 | INFO | Validation — loss: 0.6910 - Accuracy: 0.6972 - F1score: 0.4108 - Recall: 0.5 - Precision 0.3486
2026-03-13 15:42:07 | INFO | ---------- New best model found at epoch 2 with F1=0.410800------------
2026-03-13 15:42:08 | INFO | [Epoch 003] loss=0.613096 lr=0.000010 time=0.78s
2026-03-13 15:42:09 | INFO | Validation — loss: 0.6875 - Accuracy: 0.6972 - F1score: 0.4108 - Recall: 0.5 - Precision 0.3486
2026-03-13 15:42:10 | INFO | [Epoch 004] loss=0.572358 lr=0.000010 time=0.62s
2026-03-13 15:42:11 | INFO | Validation — loss: 0.6883 - Accuracy: 0.6972 - F1score: 0.4108 - Recall: 0.5 - Precision 0.3486
2026-03-13 15:42:11 | INFO | [Epoch 005] loss=0.528993 lr=0.000010 time=0.61s
2026-03-13 15:42:13 | INFO | Validation — loss: 0.6866 - Accuracy: 0.6972 - F1score: 0.4108 - Recall: 0.5 - Precision 0.3486
2026-03-13 15:42:13 | INFO | [Epoch 006] loss=0.483468 lr=0.000010 time=0.60s
2026-03-13 15:42:14 | INFO | Validation — loss: 0.6849 - Accuracy: 0.6972 - F1score: 0.4108 - Recall: 0.5 - Precision 0.3486
2026-03-13 15:42:15 | INFO | [Epoch 007] loss=0.442873 lr=0.000010 time=0.58s
2026-03-13 15:42:16 | INFO | Validation — loss: 0.6816 - Accuracy: 0.6972 - F1score: 0.4108 - Recall: 0.5 - Precision 0.3486
2026-03-13 15:42:16 | INFO | [Epoch 008] loss=0.406573 lr=0.000010 time=0.61s
2026-03-13 15:42:17 | INFO | Validation — loss: 0.6684 - Accuracy: 0.6972 - F1score: 0.4108 - Recall: 0.5 - Precision 0.3486
2026-03-13 15:42:18 | INFO | [Epoch 009] loss=0.371033 lr=0.000010 time=0.55s
2026-03-13 15:42:19 | INFO | Validation — loss: 0.6350 - Accuracy: 0.6972 - F1score: 0.4108 - Recall: 0.5 - Precision 0.3486
2026-03-13 15:42:20 | INFO | [Epoch 010] loss=0.332304 lr=0.000010 time=0.56s
2026-03-13 15:42:21 | INFO | Validation — loss: 0.5953 - Accuracy: 0.7125 - F1score: 0.4628 - Recall: 0.5254 - Precision 0.854
2026-03-13 15:42:21 | INFO | ---------- New best model found at epoch 10 with F1=0.462800------------
2026-03-13 15:42:21 | INFO | [Epoch 011] loss=0.299599 lr=0.000010 time=0.57s
2026-03-13 15:42:22 | INFO | Validation — loss: 0.5675 - Accuracy: 0.71 - F1score: 0.4546 - Recall: 0.5212 - Precision 0.8531
2026-03-13 15:42:23 | INFO | [Epoch 012] loss=0.279780 lr=0.000010 time=0.56s
2026-03-13 15:42:24 | INFO | Validation — loss: 0.5837 - Accuracy: 0.836 - F1score: 0.7617 - Recall: 0.7292 - Precision 0.9048
2026-03-13 15:42:24 | INFO | ---------- New best model found at epoch 12 with F1=0.761700------------
2026-03-13 15:42:24 | INFO | [Epoch 013] loss=0.251390 lr=0.000010 time=0.63s
2026-03-13 15:42:25 | INFO | Validation — loss: 0.5584 - Accuracy: 0.8004 - F1score: 0.6916 - Recall: 0.6705 - Precision 0.8887
2026-03-13 15:42:26 | INFO | [Epoch 014] loss=0.224628 lr=0.000010 time=0.53s
2026-03-13 15:42:27 | INFO | Validation — loss: 0.5433 - Accuracy: 0.7339 - F1score: 0.528 - Recall: 0.5606 - Precision 0.8619
2026-03-13 15:42:28 | INFO | [Epoch 015] loss=0.201545 lr=0.000009 time=0.59s
2026-03-13 15:42:28 | INFO | Validation — loss: 0.5616 - Accuracy: 0.7236 - F1score: 0.4974 - Recall: 0.5436 - Precision 0.858
2026-03-13 15:42:29 | INFO | [Epoch 016] loss=0.185484 lr=0.000009 time=0.54s
2026-03-13 15:42:30 | INFO | Validation — loss: 0.5077 - Accuracy: 0.7954 - F1score: 0.6809 - Recall: 0.6621 - Precision 0.8865
2026-03-13 15:42:31 | INFO | [Epoch 017] loss=0.163057 lr=0.000009 time=0.54s
2026-03-13 15:42:32 | INFO | Validation — loss: 0.4808 - Accuracy: 0.8936 - F1score: 0.8597 - Recall: 0.8287 - Precision 0.9243
2026-03-13 15:42:32 | INFO | ---------- New best model found at epoch 17 with F1=0.859700------------
2026-03-13 15:42:32 | INFO | [Epoch 018] loss=0.150876 lr=0.000009 time=0.54s
2026-03-13 15:42:33 | INFO | Validation — loss: 0.5229 - Accuracy: 0.758 - F1score: 0.5932 - Recall: 0.6004 - Precision 0.8712
2026-03-13 15:42:34 | INFO | [Epoch 019] loss=0.133009 lr=0.000009 time=0.56s
2026-03-13 15:42:35 | INFO | Validation — loss: 0.4986 - Accuracy: 0.8901 - F1score: 0.8648 - Recall: 0.852 - Precision 0.882
2026-03-13 15:42:35 | INFO | ---------- New best model found at epoch 19 with F1=0.864800------------
2026-03-13 15:42:36 | INFO | [Epoch 020] loss=0.131662 lr=0.000009 time=0.87s
2026-03-13 15:42:37 | INFO | Validation — loss: 0.4726 - Accuracy: 0.8511 - F1score: 0.7888 - Recall: 0.7542 - Precision 0.912
2026-03-13 15:42:37 | INFO | [Epoch 021] loss=0.114937 lr=0.000009 time=0.67s
2026-03-13 15:42:38 | INFO | Validation — loss: 0.4872 - Accuracy: 0.774 - F1score: 0.6327 - Recall: 0.6269 - Precision 0.8776
2026-03-13 15:42:39 | INFO | [Epoch 022] loss=0.110227 lr=0.000009 time=0.53s
2026-03-13 15:42:40 | INFO | Validation — loss: 0.5037 - Accuracy: 0.888 - F1score: 0.8586 - Recall: 0.8385 - Precision 0.8908
2026-03-13 15:42:41 | INFO | [Epoch 023] loss=0.096522 lr=0.000009 time=0.58s
2026-03-13 15:42:42 | INFO | Validation — loss: 0.4761 - Accuracy: 0.8486 - F1score: 0.7844 - Recall: 0.75 - Precision 0.9108
2026-03-13 15:42:42 | INFO | [Epoch 024] loss=0.088465 lr=0.000009 time=0.55s
2026-03-13 15:42:43 | INFO | Validation — loss: 0.5917 - Accuracy: 0.8245 - F1score: 0.7472 - Recall: 0.7182 - Precision 0.873
2026-03-13 15:42:44 | INFO | [Epoch 025] loss=0.082924 lr=0.000009 time=0.58s
2026-03-13 15:42:45 | INFO | Validation — loss: 0.5282 - Accuracy: 0.8268 - F1score: 0.7447 - Recall: 0.7142 - Precision 0.8997
2026-03-13 15:42:45 | INFO | [Epoch 026] loss=0.079758 lr=0.000008 time=0.55s
2026-03-13 15:42:46 | INFO | Validation — loss: 0.5113 - Accuracy: 0.8162 - F1score: 0.724 - Recall: 0.6966 - Precision 0.8957
2026-03-13 15:42:47 | INFO | [Epoch 027] loss=0.074594 lr=0.000008 time=0.51s
2026-03-13 15:42:48 | INFO | Validation — loss: 0.5208 - Accuracy: 0.8133 - F1score: 0.7181 - Recall: 0.6917 - Precision 0.8944
2026-03-13 15:42:48 | INFO | [Epoch 028] loss=0.065381 lr=0.000008 time=0.59s
2026-03-13 15:42:49 | INFO | Validation — loss: 0.5303 - Accuracy: 0.7607 - F1score: 0.6002 - Recall: 0.6049 - Precision 0.8722
2026-03-13 15:42:50 | INFO | [Epoch 029] loss=0.059891 lr=0.000008 time=0.57s
2026-03-13 15:42:51 | INFO | Validation — loss: 0.5800 - Accuracy: 0.7509 - F1score: 0.5748 - Recall: 0.5886 - Precision 0.8684
2026-03-13 15:42:51 | INFO | [Epoch 030] loss=0.055135 lr=0.000008 time=0.51s
2026-03-13 15:42:52 | INFO | Validation — loss: 0.4750 - Accuracy: 0.8135 - F1score: 0.7185 - Recall: 0.692 - Precision 0.8945
2026-03-13 15:42:53 | INFO | [Epoch 031] loss=0.055558 lr=0.000008 time=0.78s
2026-03-13 15:42:54 | INFO | Validation — loss: 0.4866 - Accuracy: 0.8821 - F1score: 0.8451 - Recall: 0.8162 - Precision 0.9048
2026-03-13 15:42:55 | INFO | [Epoch 032] loss=0.046705 lr=0.000008 time=0.56s
2026-03-13 15:42:56 | INFO | Validation — loss: 0.4869 - Accuracy: 0.8018 - F1score: 0.6945 - Recall: 0.6727 - Precision 0.8893
2026-03-13 15:42:57 | INFO | [Epoch 033] loss=0.043881 lr=0.000008 time=0.64s
2026-03-13 15:42:58 | INFO | Validation — loss: 0.5851 - Accuracy: 0.7759 - F1score: 0.637 - Recall: 0.6299 - Precision 0.8784
2026-03-13 15:42:58 | INFO | [Epoch 034] loss=0.042730 lr=0.000008 time=0.55s
2026-03-13 15:42:59 | INFO | Validation — loss: 0.5269 - Accuracy: 0.8029 - F1score: 0.6969 - Recall: 0.6746 - Precision 0.8898
2026-03-13 15:42:59 | INFO | Early stopping at epoch 34. Best loss: 0.864800
2026-03-13 15:42:59 | INFO | Training complete.
2026-03-13 15:42:59 | INFO | Best result: {'acc': 0.8901, 'precision': 0.882, 'recall': 0.852, 'f1': 0.8648, 'conf_mat': array([[2883,  156],
       [ 323,  997]])}
2026-03-13 15:42:59 | INFO | === Run 15/1 | seed=0 | fold=fold_14.csv ===
2026-03-13 15:42:59 | INFO | Loading split file /home/s223149341/SSL-invariance-Subject_Project_model/subject_aware_contrastive_learning/datasets/process_dataset/LOSO_testval/fold_14.csv
2026-03-13 15:42:59 | INFO | Model.forward signature: (data)
2026-03-13 15:43:05 | INFO | [LOSO] Train size: 610, Val size: 4398, Test size: 4398
2026-03-13 15:43:05 | INFO | Train batches per epoch: 9
2026-03-13 15:43:06 | INFO | [Epoch 000] loss=0.691095 lr=0.000010 time=0.56s
2026-03-13 15:43:07 | INFO | Validation — loss: 0.6978 - Accuracy: 0.3049 - F1score: 0.2337 - Recall: 0.5 - Precision 0.1525
2026-03-13 15:43:07 | INFO | ---------- New best model found at epoch 0 with F1=0.233700------------
2026-03-13 15:43:07 | INFO | [Epoch 001] loss=0.675742 lr=0.000010 time=0.57s
2026-03-13 15:43:08 | INFO | Validation — loss: 0.6971 - Accuracy: 0.3049 - F1score: 0.2337 - Recall: 0.5 - Precision 0.1525
2026-03-13 15:43:09 | INFO | [Epoch 002] loss=0.655269 lr=0.000010 time=0.56s
2026-03-13 15:43:10 | INFO | Validation — loss: 0.6923 - Accuracy: 0.6951 - F1score: 0.4101 - Recall: 0.5 - Precision 0.3475
2026-03-13 15:43:10 | INFO | ---------- New best model found at epoch 2 with F1=0.410100------------
2026-03-13 15:43:10 | INFO | [Epoch 003] loss=0.626757 lr=0.000010 time=0.54s
2026-03-13 15:43:11 | INFO | Validation — loss: 0.6812 - Accuracy: 0.6951 - F1score: 0.4101 - Recall: 0.5 - Precision 0.3475
2026-03-13 15:43:12 | INFO | [Epoch 004] loss=0.591257 lr=0.000010 time=0.55s
2026-03-13 15:43:13 | INFO | Validation — loss: 0.6728 - Accuracy: 0.6951 - F1score: 0.4101 - Recall: 0.5 - Precision 0.3475
2026-03-13 15:43:14 | INFO | [Epoch 005] loss=0.549786 lr=0.000010 time=0.60s
2026-03-13 15:43:14 | INFO | Validation — loss: 0.6629 - Accuracy: 0.6951 - F1score: 0.4101 - Recall: 0.5 - Precision 0.3475
2026-03-13 15:43:15 | INFO | [Epoch 006] loss=0.506486 lr=0.000010 time=0.51s
2026-03-13 15:43:16 | INFO | Validation — loss: 0.6528 - Accuracy: 0.6951 - F1score: 0.4101 - Recall: 0.5 - Precision 0.3475
2026-03-13 15:43:17 | INFO | [Epoch 007] loss=0.464180 lr=0.000010 time=0.56s
2026-03-13 15:43:18 | INFO | Validation — loss: 0.6238 - Accuracy: 0.6951 - F1score: 0.4101 - Recall: 0.5 - Precision 0.3475
2026-03-13 15:43:19 | INFO | [Epoch 008] loss=0.420347 lr=0.000010 time=0.57s
2026-03-13 15:43:20 | INFO | Validation — loss: 0.5644 - Accuracy: 0.6951 - F1score: 0.4101 - Recall: 0.5 - Precision 0.3475
2026-03-13 15:43:20 | INFO | [Epoch 009] loss=0.382129 lr=0.000010 time=0.56s
2026-03-13 15:43:21 | INFO | Validation — loss: 0.4551 - Accuracy: 0.6978 - F1score: 0.4196 - Recall: 0.5045 - Precision 0.8485
2026-03-13 15:43:21 | INFO | ---------- New best model found at epoch 9 with F1=0.419600------------
2026-03-13 15:43:22 | INFO | [Epoch 010] loss=0.340717 lr=0.000010 time=0.52s
2026-03-13 15:43:23 | INFO | Validation — loss: 0.3252 - Accuracy: 1.0 - F1score: 1.0 - Recall: 1.0 - Precision 1.0
2026-03-13 15:43:23 | INFO | ---------- New best model found at epoch 10 with F1=1.000000------------
2026-03-13 15:43:23 | INFO | [Epoch 011] loss=0.310112 lr=0.000010 time=0.53s
2026-03-13 15:43:24 | INFO | Validation — loss: 0.2881 - Accuracy: 0.9975 - F1score: 0.9971 - Recall: 0.9982 - Precision 0.9959
2026-03-13 15:43:25 | INFO | [Epoch 012] loss=0.277665 lr=0.000010 time=0.58s
2026-03-13 15:43:26 | INFO | Validation — loss: 0.2097 - Accuracy: 0.9998 - F1score: 0.9997 - Recall: 0.9998 - Precision 0.9996
2026-03-13 15:43:26 | INFO | [Epoch 013] loss=0.245097 lr=0.000010 time=0.55s
2026-03-13 15:43:27 | INFO | Validation — loss: 0.2203 - Accuracy: 0.9961 - F1score: 0.9955 - Recall: 0.9972 - Precision 0.9937
2026-03-13 15:43:28 | INFO | [Epoch 014] loss=0.223149 lr=0.000010 time=0.52s
2026-03-13 15:43:29 | INFO | Validation — loss: 0.1471 - Accuracy: 0.9995 - F1score: 0.9995 - Recall: 0.9997 - Precision 0.9993
2026-03-13 15:43:29 | INFO | [Epoch 015] loss=0.199328 lr=0.000009 time=0.52s
2026-03-13 15:43:30 | INFO | Validation — loss: 0.1802 - Accuracy: 0.9866 - F1score: 0.9844 - Recall: 0.9904 - Precision 0.9789
2026-03-13 15:43:31 | INFO | [Epoch 016] loss=0.178784 lr=0.000009 time=0.58s
2026-03-13 15:43:32 | INFO | Validation — loss: 0.1841 - Accuracy: 0.965 - F1score: 0.9599 - Recall: 0.9748 - Precision 0.9485
2026-03-13 15:43:32 | INFO | [Epoch 017] loss=0.161567 lr=0.000009 time=0.56s
2026-03-13 15:43:33 | INFO | Validation — loss: 0.1583 - Accuracy: 0.9861 - F1score: 0.9838 - Recall: 0.99 - Precision 0.9782
2026-03-13 15:43:34 | INFO | [Epoch 018] loss=0.146371 lr=0.000009 time=0.52s
2026-03-13 15:43:35 | INFO | Validation — loss: 0.1188 - Accuracy: 0.9866 - F1score: 0.9844 - Recall: 0.9904 - Precision 0.9789
2026-03-13 15:43:35 | INFO | [Epoch 019] loss=0.131164 lr=0.000009 time=0.55s
2026-03-13 15:43:36 | INFO | Validation — loss: 0.2951 - Accuracy: 0.9181 - F1score: 0.9095 - Recall: 0.9411 - Precision 0.8942
2026-03-13 15:43:37 | INFO | [Epoch 020] loss=0.119929 lr=0.000009 time=0.57s
2026-03-13 15:43:38 | INFO | Validation — loss: 0.1781 - Accuracy: 0.9475 - F1score: 0.9407 - Recall: 0.9622 - Precision 0.9265
2026-03-13 15:43:38 | INFO | [Epoch 021] loss=0.100434 lr=0.000009 time=0.53s
2026-03-13 15:43:39 | INFO | Validation — loss: 0.1267 - Accuracy: 0.9723 - F1score: 0.9681 - Recall: 0.98 - Precision 0.9583
2026-03-13 15:43:40 | INFO | [Epoch 022] loss=0.101790 lr=0.000009 time=0.78s
2026-03-13 15:43:41 | INFO | Validation — loss: 0.2022 - Accuracy: 0.9363 - F1score: 0.9287 - Recall: 0.9542 - Precision 0.9136
2026-03-13 15:43:42 | INFO | [Epoch 023] loss=0.087238 lr=0.000009 time=0.61s
2026-03-13 15:43:43 | INFO | Validation — loss: 0.0756 - Accuracy: 0.9893 - F1score: 0.9875 - Recall: 0.9923 - Precision 0.9831
2026-03-13 15:43:43 | INFO | [Epoch 024] loss=0.093180 lr=0.000009 time=0.62s
2026-03-13 15:43:44 | INFO | Validation — loss: 0.2025 - Accuracy: 0.9311 - F1score: 0.9232 - Recall: 0.9504 - Precision 0.9078
2026-03-13 15:43:45 | INFO | [Epoch 025] loss=0.081892 lr=0.000009 time=0.60s
2026-03-13 15:43:46 | INFO | Validation — loss: 0.1040 - Accuracy: 0.9698 - F1score: 0.9653 - Recall: 0.9782 - Precision 0.9549
2026-03-13 15:43:46 | INFO | Early stopping at epoch 25. Best loss: 1.000000
2026-03-13 15:43:46 | INFO | Training complete.
2026-03-13 15:43:46 | INFO | Best result: {'acc': 1.0, 'precision': 1.0, 'recall': 1.0, 'f1': 1.0, 'conf_mat': array([[3057,    0],
       [   0, 1341]])}
