2026-03-14 20:51:23 | INFO | Starting new run with seed 0
2026-03-14 20:51:23 | INFO | Starting new run with seed 0
2026-03-14 20:52:02 | INFO | Model forward SubjectInvariantContrastiveModel(
  (encoder): CNNEncoder(
    (cnn_layers): Sequential(
      (0): Conv1d(1, 32, kernel_size=(10,), stride=(1,))
      (1): BatchNorm1d(32, eps=1e-05, momentum=0.1, affine=True, track_running_stats=True)
      (2): ReLU()
      (3): MaxPool1d(kernel_size=2, stride=2, padding=0, dilation=1, ceil_mode=False)
      (4): Dropout(p=0.1, inplace=False)
      (5): Conv1d(32, 64, kernel_size=(10,), stride=(1,))
      (6): BatchNorm1d(64, eps=1e-05, momentum=0.1, affine=True, track_running_stats=True)
      (7): ReLU()
      (8): MaxPool1d(kernel_size=2, stride=2, padding=0, dilation=1, ceil_mode=False)
      (9): Dropout(p=0.1, inplace=False)
      (10): Conv1d(64, 128, kernel_size=(10,), stride=(1,))
      (11): BatchNorm1d(128, eps=1e-05, momentum=0.1, affine=True, track_running_stats=True)
      (12): ReLU()
      (13): MaxPool1d(kernel_size=2, stride=2, padding=0, dilation=1, ceil_mode=False)
      (14): Dropout(p=0.1, inplace=False)
      (15): Conv1d(128, 256, kernel_size=(10,), stride=(1,))
      (16): BatchNorm1d(256, eps=1e-05, momentum=0.1, affine=True, track_running_stats=True)
      (17): ReLU()
      (18): MaxPool1d(kernel_size=2, stride=2, padding=0, dilation=1, ceil_mode=False)
      (19): Dropout(p=0.1, inplace=False)
    )
    (linear_layer): Sequential(
      (0): Linear(in_features=18176, out_features=64, bias=True)
      (1): ReLU()
    )
  )
  (projection_head): Sequential(
    (0): Linear(in_features=64, out_features=32, bias=True)
    (1): BatchNorm1d(32, eps=1e-05, momentum=0.1, affine=True, track_running_stats=True)
  )
  (subject_head): Sequential(
    (0): Linear(in_features=18176, out_features=256, bias=True)
    (1): ReLU(inplace=True)
    (2): Linear(in_features=256, out_features=128, bias=True)
    (3): ReLU(inplace=True)
    (4): Linear(in_features=128, out_features=25, bias=True)
  )
  (subject_criterion): CrossEntropyLoss()
  (loss_fn): NCELoss()
)
2026-03-14 20:52:03 | INFO | Model forward SubjectInvariantContrastiveModel(
  (encoder): CNNEncoder(
    (cnn_layers): Sequential(
      (0): Conv1d(1, 32, kernel_size=(10,), stride=(1,))
      (1): BatchNorm1d(32, eps=1e-05, momentum=0.1, affine=True, track_running_stats=True)
      (2): ReLU()
      (3): MaxPool1d(kernel_size=2, stride=2, padding=0, dilation=1, ceil_mode=False)
      (4): Dropout(p=0.1, inplace=False)
      (5): Conv1d(32, 64, kernel_size=(10,), stride=(1,))
      (6): BatchNorm1d(64, eps=1e-05, momentum=0.1, affine=True, track_running_stats=True)
      (7): ReLU()
      (8): MaxPool1d(kernel_size=2, stride=2, padding=0, dilation=1, ceil_mode=False)
      (9): Dropout(p=0.1, inplace=False)
      (10): Conv1d(64, 128, kernel_size=(10,), stride=(1,))
      (11): BatchNorm1d(128, eps=1e-05, momentum=0.1, affine=True, track_running_stats=True)
      (12): ReLU()
      (13): MaxPool1d(kernel_size=2, stride=2, padding=0, dilation=1, ceil_mode=False)
      (14): Dropout(p=0.1, inplace=False)
      (15): Conv1d(128, 256, kernel_size=(10,), stride=(1,))
      (16): BatchNorm1d(256, eps=1e-05, momentum=0.1, affine=True, track_running_stats=True)
      (17): ReLU()
      (18): MaxPool1d(kernel_size=2, stride=2, padding=0, dilation=1, ceil_mode=False)
      (19): Dropout(p=0.1, inplace=False)
    )
    (linear_layer): Sequential(
      (0): Linear(in_features=18176, out_features=64, bias=True)
      (1): ReLU()
    )
  )
  (projection_head): Sequential(
    (0): Linear(in_features=64, out_features=32, bias=True)
    (1): BatchNorm1d(32, eps=1e-05, momentum=0.1, affine=True, track_running_stats=True)
  )
  (subject_head): Sequential(
    (0): Linear(in_features=18176, out_features=256, bias=True)
    (1): ReLU(inplace=True)
    (2): Linear(in_features=256, out_features=128, bias=True)
    (3): ReLU(inplace=True)
    (4): Linear(in_features=128, out_features=25, bias=True)
  )
  (subject_criterion): CrossEntropyLoss()
  (loss_fn): NCELoss()
)
2026-03-14 20:52:53 | INFO | [Epoch 000] total_loss=11.441252, contrastive_loss=8.299644, adversarial_loss=3.142342, Lr0=0.001000, time=49.34s
2026-03-14 20:52:53 | INFO | Best model logged 11.441251754760742
2026-03-14 20:53:34 | INFO | [Epoch 001] total_loss=10.275291, contrastive_loss=7.178906, adversarial_loss=3.104615, Lr0=0.001000, time=41.26s
2026-03-14 20:53:34 | INFO | Best model logged 10.275291442871094
2026-03-14 20:54:14 | INFO | [Epoch 002] total_loss=9.898355, contrastive_loss=6.802035, adversarial_loss=3.095840, Lr0=0.001000, time=40.39s
2026-03-14 20:54:14 | INFO | Best model logged 9.898355484008789
2026-03-14 20:54:55 | INFO | [Epoch 003] total_loss=9.670367, contrastive_loss=6.552112, adversarial_loss=3.119786, Lr0=0.001000, time=40.49s
2026-03-14 20:54:55 | INFO | Best model logged 9.670367240905762
2026-03-14 20:55:36 | INFO | [Epoch 004] total_loss=9.579739, contrastive_loss=6.445809, adversarial_loss=3.127094, Lr0=0.001000, time=40.78s
2026-03-14 20:55:36 | INFO | Best model logged 9.57973861694336
2026-03-14 20:56:17 | INFO | [Epoch 005] total_loss=9.418809, contrastive_loss=6.302604, adversarial_loss=3.117051, Lr0=0.001000, time=40.71s
2026-03-14 20:56:17 | INFO | Best model logged 9.418808937072754
2026-03-14 20:56:57 | INFO | [Epoch 006] total_loss=9.428738, contrastive_loss=6.309782, adversarial_loss=3.124123, Lr0=0.001000, time=40.48s
2026-03-14 20:57:38 | INFO | [Epoch 007] total_loss=9.382812, contrastive_loss=6.250448, adversarial_loss=3.132785, Lr0=0.001000, time=40.50s
2026-03-14 20:57:38 | INFO | Best model logged 9.3828125
2026-03-14 20:58:18 | INFO | [Epoch 008] total_loss=9.348783, contrastive_loss=6.231140, adversarial_loss=3.116588, Lr0=0.001000, time=40.36s
2026-03-14 20:58:18 | INFO | Best model logged 9.348783493041992
2026-03-14 20:59:00 | INFO | [Epoch 009] total_loss=9.366226, contrastive_loss=6.239190, adversarial_loss=3.127110, Lr0=0.001000, time=41.05s
2026-03-14 20:59:40 | INFO | [Epoch 010] total_loss=9.330254, contrastive_loss=6.223595, adversarial_loss=3.108191, Lr0=0.001000, time=40.51s
2026-03-14 20:59:40 | INFO | Best model logged 9.330253601074219
2026-03-14 21:00:21 | INFO | [Epoch 011] total_loss=9.358921, contrastive_loss=6.231267, adversarial_loss=3.125922, Lr0=0.001000, time=40.54s
2026-03-14 21:01:02 | INFO | [Epoch 012] total_loss=9.406061, contrastive_loss=6.261299, adversarial_loss=3.142921, Lr0=0.001000, time=41.06s
2026-03-14 21:01:43 | INFO | [Epoch 013] total_loss=9.371223, contrastive_loss=6.239307, adversarial_loss=3.131750, Lr0=0.001000, time=40.58s
2026-03-14 21:02:23 | INFO | [Epoch 014] total_loss=9.387162, contrastive_loss=6.243062, adversarial_loss=3.144779, Lr0=0.001000, time=40.55s
2026-03-14 21:03:04 | INFO | [Epoch 015] total_loss=9.388000, contrastive_loss=6.237240, adversarial_loss=3.148650, Lr0=0.001000, time=40.75s
2026-03-14 21:03:45 | INFO | [Epoch 016] total_loss=9.376428, contrastive_loss=6.232509, adversarial_loss=3.143348, Lr0=0.001000, time=40.96s
2026-03-14 21:04:26 | INFO | [Epoch 017] total_loss=9.347746, contrastive_loss=6.218661, adversarial_loss=3.129007, Lr0=0.001000, time=40.74s
2026-03-14 21:05:07 | INFO | [Epoch 018] total_loss=9.321821, contrastive_loss=6.195804, adversarial_loss=3.122843, Lr0=0.001000, time=40.93s
2026-03-14 21:05:07 | INFO | Best model logged 9.321821212768555
2026-03-14 21:05:47 | INFO | [Epoch 019] total_loss=9.375971, contrastive_loss=6.250111, adversarial_loss=3.123499, Lr0=0.001000, time=40.59s
2026-03-14 21:06:28 | INFO | [Epoch 020] total_loss=9.287936, contrastive_loss=6.172960, adversarial_loss=3.115350, Lr0=0.001000, time=41.01s
2026-03-14 21:06:28 | INFO | Best model logged 9.287936210632324
2026-03-14 21:07:10 | INFO | [Epoch 021] total_loss=9.271087, contrastive_loss=6.154669, adversarial_loss=3.123082, Lr0=0.001000, time=40.43s
2026-03-14 21:07:10 | INFO | Best model logged 9.271086692810059
2026-03-14 21:07:50 | INFO | [Epoch 022] total_loss=9.282701, contrastive_loss=6.157206, adversarial_loss=3.123465, Lr0=0.001000, time=40.44s
2026-03-14 21:08:31 | INFO | [Epoch 023] total_loss=9.251234, contrastive_loss=6.133747, adversarial_loss=3.120710, Lr0=0.001000, time=40.85s
2026-03-14 21:08:31 | INFO | Best model logged 9.25123405456543
2026-03-14 21:09:12 | INFO | [Epoch 024] total_loss=9.243948, contrastive_loss=6.119056, adversarial_loss=3.123635, Lr0=0.001000, time=40.34s
2026-03-14 21:09:12 | INFO | Best model logged 9.243947982788086
2026-03-14 21:09:52 | INFO | [Epoch 025] total_loss=9.257419, contrastive_loss=6.127094, adversarial_loss=3.133032, Lr0=0.001000, time=40.35s
2026-03-14 21:10:33 | INFO | [Epoch 026] total_loss=9.239662, contrastive_loss=6.098866, adversarial_loss=3.135117, Lr0=0.001000, time=40.81s
2026-03-14 21:10:33 | INFO | Best model logged 9.239662170410156
2026-03-14 21:11:14 | INFO | [Epoch 027] total_loss=9.215707, contrastive_loss=6.082471, adversarial_loss=3.135097, Lr0=0.001000, time=40.86s
2026-03-14 21:11:14 | INFO | Best model logged 9.215706825256348
2026-03-14 21:11:55 | INFO | [Epoch 028] total_loss=9.177418, contrastive_loss=6.041862, adversarial_loss=3.132853, Lr0=0.001000, time=40.42s
2026-03-14 21:11:55 | INFO | Best model logged 9.177417755126953
2026-03-14 21:12:36 | INFO | [Epoch 029] total_loss=9.152035, contrastive_loss=6.024148, adversarial_loss=3.120981, Lr0=0.001000, time=40.44s
2026-03-14 21:12:36 | INFO | Best model logged 9.152034759521484
2026-03-14 21:13:17 | INFO | [Epoch 030] total_loss=9.044460, contrastive_loss=5.934816, adversarial_loss=3.108287, Lr0=0.001000, time=40.67s
2026-03-14 21:13:17 | INFO | Best model logged 9.04446029663086
2026-03-14 21:13:57 | INFO | [Epoch 031] total_loss=8.990050, contrastive_loss=5.878795, adversarial_loss=3.111048, Lr0=0.001000, time=40.79s
2026-03-14 21:13:57 | INFO | Best model logged 8.990050315856934
2026-03-14 21:14:38 | INFO | [Epoch 032] total_loss=8.960370, contrastive_loss=5.841957, adversarial_loss=3.119872, Lr0=0.001000, time=40.45s
2026-03-14 21:14:38 | INFO | Best model logged 8.960370063781738
2026-03-14 21:15:19 | INFO | [Epoch 033] total_loss=8.927639, contrastive_loss=5.818677, adversarial_loss=3.112738, Lr0=0.001000, time=40.44s
2026-03-14 21:15:19 | INFO | Best model logged 8.92763900756836
2026-03-14 21:16:00 | INFO | [Epoch 034] total_loss=8.906668, contrastive_loss=5.790128, adversarial_loss=3.118961, Lr0=0.001000, time=40.88s
2026-03-14 21:16:00 | INFO | Best model logged 8.906667709350586
2026-03-14 21:16:41 | INFO | [Epoch 035] total_loss=8.893425, contrastive_loss=5.759439, adversarial_loss=3.130201, Lr0=0.001000, time=40.73s
2026-03-14 21:16:41 | INFO | Best model logged 8.893424987792969
2026-03-14 21:17:21 | INFO | [Epoch 036] total_loss=8.855860, contrastive_loss=5.724892, adversarial_loss=3.133837, Lr0=0.001000, time=40.31s
2026-03-14 21:17:21 | INFO | Best model logged 8.855859756469727
2026-03-14 21:18:02 | INFO | [Epoch 037] total_loss=8.841891, contrastive_loss=5.695863, adversarial_loss=3.141364, Lr0=0.001000, time=40.51s
2026-03-14 21:18:02 | INFO | Best model logged 8.841891288757324
2026-03-14 21:18:43 | INFO | [Epoch 038] total_loss=8.787332, contrastive_loss=5.648525, adversarial_loss=3.139964, Lr0=0.001000, time=40.82s
2026-03-14 21:18:43 | INFO | Best model logged 8.787331581115723
2026-03-14 21:19:23 | INFO | [Epoch 039] total_loss=8.642355, contrastive_loss=5.501400, adversarial_loss=3.137264, Lr0=0.001000, time=40.38s
2026-03-14 21:19:23 | INFO | Best model logged 8.642354965209961
2026-03-14 21:20:04 | INFO | [Epoch 040] total_loss=8.500122, contrastive_loss=5.383927, adversarial_loss=3.124223, Lr0=0.001000, time=40.40s
2026-03-14 21:20:04 | INFO | Best model logged 8.5001220703125
2026-03-14 21:20:45 | INFO | [Epoch 041] total_loss=8.310246, contrastive_loss=5.228097, adversarial_loss=3.077721, Lr0=0.001000, time=40.30s
2026-03-14 21:20:45 | INFO | Best model logged 8.310245513916016
2026-03-14 21:21:26 | INFO | [Epoch 042] total_loss=8.278765, contrastive_loss=5.182477, adversarial_loss=3.093016, Lr0=0.001000, time=41.00s
2026-03-14 21:21:26 | INFO | Best model logged 8.278764724731445
2026-03-14 21:22:07 | INFO | [Epoch 043] total_loss=8.192722, contrastive_loss=5.077191, adversarial_loss=3.114373, Lr0=0.001000, time=40.72s
2026-03-14 21:22:07 | INFO | Best model logged 8.19272232055664
2026-03-14 21:22:48 | INFO | [Epoch 044] total_loss=8.173843, contrastive_loss=5.047638, adversarial_loss=3.130044, Lr0=0.001000, time=40.35s
2026-03-14 21:22:48 | INFO | Best model logged 8.173843383789062
2026-03-14 21:23:29 | INFO | [Epoch 045] total_loss=8.121017, contrastive_loss=4.984355, adversarial_loss=3.138021, Lr0=0.001000, time=40.77s
2026-03-14 21:23:29 | INFO | Best model logged 8.121017456054688
2026-03-14 21:24:10 | INFO | [Epoch 046] total_loss=8.047615, contrastive_loss=4.905856, adversarial_loss=3.138804, Lr0=0.001000, time=41.00s
2026-03-14 21:24:10 | INFO | Best model logged 8.047615051269531
2026-03-14 21:24:50 | INFO | [Epoch 047] total_loss=8.021252, contrastive_loss=4.880803, adversarial_loss=3.143257, Lr0=0.001000, time=40.24s
2026-03-14 21:24:50 | INFO | Best model logged 8.021251678466797
2026-03-14 21:25:31 | INFO | [Epoch 048] total_loss=7.970041, contrastive_loss=4.824628, adversarial_loss=3.144825, Lr0=0.001000, time=40.47s
2026-03-14 21:25:31 | INFO | Best model logged 7.970041275024414
2026-03-14 21:26:12 | INFO | [Epoch 049] total_loss=7.956008, contrastive_loss=4.811393, adversarial_loss=3.146701, Lr0=0.001000, time=40.82s
2026-03-14 21:26:12 | INFO | Best model logged 7.956007957458496
2026-03-14 21:26:52 | INFO | [Epoch 050] total_loss=7.934020, contrastive_loss=4.789254, adversarial_loss=3.144951, Lr0=0.001000, time=40.38s
2026-03-14 21:26:52 | INFO | Best model logged 7.934020042419434
2026-03-14 21:27:33 | INFO | [Epoch 051] total_loss=7.888133, contrastive_loss=4.745495, adversarial_loss=3.147879, Lr0=0.001000, time=40.45s
2026-03-14 21:27:33 | INFO | Best model logged 7.8881330490112305
2026-03-14 21:28:13 | INFO | [Epoch 052] total_loss=7.867065, contrastive_loss=4.726019, adversarial_loss=3.143358, Lr0=0.001000, time=40.28s
2026-03-14 21:28:13 | INFO | Best model logged 7.8670654296875
2026-03-14 21:28:54 | INFO | [Epoch 053] total_loss=7.836661, contrastive_loss=4.695488, adversarial_loss=3.136822, Lr0=0.001000, time=40.93s
2026-03-14 21:28:54 | INFO | Best model logged 7.836661338806152
2026-03-14 21:29:35 | INFO | [Epoch 054] total_loss=7.814799, contrastive_loss=4.680684, adversarial_loss=3.133048, Lr0=0.001000, time=40.81s
2026-03-14 21:29:35 | INFO | Best model logged 7.8147993087768555
2026-03-14 21:30:16 | INFO | [Epoch 055] total_loss=7.786677, contrastive_loss=4.653306, adversarial_loss=3.132486, Lr0=0.001000, time=40.55s
2026-03-14 21:30:16 | INFO | Best model logged 7.786677360534668
2026-03-14 21:30:58 | INFO | [Epoch 056] total_loss=7.777263, contrastive_loss=4.645194, adversarial_loss=3.137773, Lr0=0.001000, time=40.37s
2026-03-14 21:30:58 | INFO | Best model logged 7.7772626876831055
2026-03-14 21:31:39 | INFO | [Epoch 057] total_loss=7.756050, contrastive_loss=4.612593, adversarial_loss=3.146463, Lr0=0.001000, time=41.14s
2026-03-14 21:31:39 | INFO | Best model logged 7.756050109863281
2026-03-14 21:32:19 | INFO | [Epoch 058] total_loss=7.730602, contrastive_loss=4.579547, adversarial_loss=3.150555, Lr0=0.001000, time=40.28s
2026-03-14 21:32:19 | INFO | Best model logged 7.730601787567139
2026-03-14 21:33:00 | INFO | [Epoch 059] total_loss=7.726532, contrastive_loss=4.564170, adversarial_loss=3.158691, Lr0=0.001000, time=40.65s
2026-03-14 21:33:00 | INFO | Best model logged 7.726532459259033
2026-03-14 21:33:41 | INFO | [Epoch 060] total_loss=7.706461, contrastive_loss=4.550272, adversarial_loss=3.163298, Lr0=0.001000, time=40.69s
2026-03-14 21:33:41 | INFO | Best model logged 7.706460952758789
2026-03-14 21:34:22 | INFO | [Epoch 061] total_loss=7.683035, contrastive_loss=4.520115, adversarial_loss=3.164777, Lr0=0.001000, time=40.58s
2026-03-14 21:34:22 | INFO | Best model logged 7.683034896850586
2026-03-14 21:35:03 | INFO | [Epoch 062] total_loss=7.707681, contrastive_loss=4.539551, adversarial_loss=3.166152, Lr0=0.001000, time=40.82s
2026-03-14 21:35:43 | INFO | [Epoch 063] total_loss=7.693615, contrastive_loss=4.530153, adversarial_loss=3.165784, Lr0=0.001000, time=40.48s
2026-03-14 21:36:24 | INFO | [Epoch 064] total_loss=7.679595, contrastive_loss=4.511676, adversarial_loss=3.165062, Lr0=0.001000, time=41.12s
2026-03-14 21:36:24 | INFO | Best model logged 7.67959451675415
2026-03-14 21:37:05 | INFO | [Epoch 065] total_loss=7.681509, contrastive_loss=4.513741, adversarial_loss=3.165017, Lr0=0.001000, time=40.49s
2026-03-14 21:37:46 | INFO | [Epoch 066] total_loss=7.677894, contrastive_loss=4.513752, adversarial_loss=3.165952, Lr0=0.001000, time=40.45s
2026-03-14 21:37:46 | INFO | Best model logged 7.67789363861084
2026-03-14 21:38:26 | INFO | [Epoch 067] total_loss=7.647043, contrastive_loss=4.481103, adversarial_loss=3.164055, Lr0=0.001000, time=40.80s
2026-03-14 21:38:26 | INFO | Best model logged 7.647043228149414
2026-03-14 21:39:08 | INFO | [Epoch 068] total_loss=7.650516, contrastive_loss=4.490849, adversarial_loss=3.163999, Lr0=0.001000, time=41.00s
2026-03-14 21:39:49 | INFO | [Epoch 069] total_loss=7.644274, contrastive_loss=4.475931, adversarial_loss=3.166878, Lr0=0.001000, time=41.00s
2026-03-14 21:39:49 | INFO | Best model logged 7.64427375793457
2026-03-14 21:40:29 | INFO | [Epoch 070] total_loss=7.649074, contrastive_loss=4.489682, adversarial_loss=3.166126, Lr0=0.001000, time=40.48s
2026-03-14 21:41:10 | INFO | [Epoch 071] total_loss=7.663153, contrastive_loss=4.498420, adversarial_loss=3.164837, Lr0=0.001000, time=40.76s
2026-03-14 21:41:51 | INFO | [Epoch 072] total_loss=7.666068, contrastive_loss=4.499072, adversarial_loss=3.165537, Lr0=0.001000, time=40.80s
2026-03-14 21:42:32 | INFO | [Epoch 073] total_loss=7.610640, contrastive_loss=4.451523, adversarial_loss=3.166142, Lr0=0.001000, time=40.62s
2026-03-14 21:42:32 | INFO | Best model logged 7.610639572143555
2026-03-14 21:43:12 | INFO | [Epoch 074] total_loss=7.594460, contrastive_loss=4.430932, adversarial_loss=3.167228, Lr0=0.001000, time=40.73s
2026-03-14 21:43:12 | INFO | Best model logged 7.594459533691406
2026-03-14 21:43:54 | INFO | [Epoch 075] total_loss=7.613997, contrastive_loss=4.446948, adversarial_loss=3.164420, Lr0=0.001000, time=41.01s
2026-03-14 21:44:34 | INFO | [Epoch 076] total_loss=7.624341, contrastive_loss=4.457509, adversarial_loss=3.165977, Lr0=0.001000, time=40.53s
2026-03-14 21:45:15 | INFO | [Epoch 077] total_loss=7.610044, contrastive_loss=4.443844, adversarial_loss=3.166614, Lr0=0.001000, time=40.58s
2026-03-14 21:45:55 | INFO | [Epoch 078] total_loss=7.606558, contrastive_loss=4.442421, adversarial_loss=3.165980, Lr0=0.001000, time=40.58s
2026-03-14 21:46:36 | INFO | [Epoch 079] total_loss=7.617942, contrastive_loss=4.453591, adversarial_loss=3.166689, Lr0=0.001000, time=41.03s
2026-03-14 21:47:17 | INFO | [Epoch 080] total_loss=7.608477, contrastive_loss=4.444257, adversarial_loss=3.165837, Lr0=0.001000, time=40.65s
2026-03-14 21:47:58 | INFO | [Epoch 081] total_loss=7.613258, contrastive_loss=4.447867, adversarial_loss=3.166227, Lr0=0.001000, time=41.16s
2026-03-14 21:48:39 | INFO | [Epoch 082] total_loss=7.623235, contrastive_loss=4.451956, adversarial_loss=3.165324, Lr0=0.001000, time=40.88s
2026-03-14 21:49:21 | INFO | [Epoch 083] total_loss=7.586237, contrastive_loss=4.418569, adversarial_loss=3.166426, Lr0=0.001000, time=41.66s
2026-03-14 21:49:21 | INFO | Best model logged 7.586236953735352
2026-03-14 21:50:02 | INFO | [Epoch 084] total_loss=7.691100, contrastive_loss=4.524084, adversarial_loss=3.165865, Lr0=0.001000, time=40.84s
2026-03-14 21:50:42 | INFO | [Epoch 085] total_loss=7.612559, contrastive_loss=4.442993, adversarial_loss=3.167043, Lr0=0.001000, time=40.60s
2026-03-14 21:51:24 | INFO | [Epoch 086] total_loss=7.604406, contrastive_loss=4.435069, adversarial_loss=3.166259, Lr0=0.001000, time=41.31s
2026-03-14 21:52:04 | INFO | [Epoch 087] total_loss=7.572727, contrastive_loss=4.403780, adversarial_loss=3.166247, Lr0=0.001000, time=40.47s
2026-03-14 21:52:04 | INFO | Best model logged 7.572727203369141
2026-03-14 21:52:45 | INFO | [Epoch 088] total_loss=7.631890, contrastive_loss=4.465746, adversarial_loss=3.166869, Lr0=0.001000, time=40.64s
2026-03-14 21:53:26 | INFO | [Epoch 089] total_loss=7.586709, contrastive_loss=4.417753, adversarial_loss=3.166035, Lr0=0.001000, time=40.81s
2026-03-14 21:54:07 | INFO | [Epoch 090] total_loss=7.570058, contrastive_loss=4.402434, adversarial_loss=3.164615, Lr0=0.001000, time=41.23s
2026-03-14 21:54:07 | INFO | Best model logged 7.5700578689575195
2026-03-14 21:54:48 | INFO | [Epoch 091] total_loss=7.580068, contrastive_loss=4.427977, adversarial_loss=3.166265, Lr0=0.001000, time=40.76s
2026-03-14 21:55:29 | INFO | [Epoch 092] total_loss=7.611025, contrastive_loss=4.446690, adversarial_loss=3.166103, Lr0=0.001000, time=40.74s
2026-03-14 21:56:10 | INFO | [Epoch 093] total_loss=7.568157, contrastive_loss=4.406169, adversarial_loss=3.165389, Lr0=0.001000, time=40.76s
2026-03-14 21:56:10 | INFO | Best model logged 7.568156719207764
2026-03-14 21:56:51 | INFO | [Epoch 094] total_loss=7.574021, contrastive_loss=4.409646, adversarial_loss=3.164575, Lr0=0.001000, time=41.63s
2026-03-14 21:57:32 | INFO | [Epoch 095] total_loss=7.562557, contrastive_loss=4.398012, adversarial_loss=3.165645, Lr0=0.001000, time=40.65s
2026-03-14 21:57:32 | INFO | Best model logged 7.562557220458984
2026-03-14 21:58:13 | INFO | [Epoch 096] total_loss=7.566669, contrastive_loss=4.406378, adversarial_loss=3.165964, Lr0=0.001000, time=40.66s
2026-03-14 21:58:54 | INFO | [Epoch 097] total_loss=7.592323, contrastive_loss=4.430520, adversarial_loss=3.165539, Lr0=0.001000, time=41.31s
2026-03-14 21:59:35 | INFO | [Epoch 098] total_loss=7.564823, contrastive_loss=4.398743, adversarial_loss=3.167548, Lr0=0.001000, time=40.79s
2026-03-14 22:00:16 | INFO | [Epoch 099] total_loss=7.578231, contrastive_loss=4.412310, adversarial_loss=3.164550, Lr0=0.001000, time=40.80s
2026-03-14 22:00:57 | INFO | [Epoch 100] total_loss=7.541180, contrastive_loss=4.374643, adversarial_loss=3.165363, Lr0=0.001000, time=40.79s
2026-03-14 22:00:57 | INFO | Best model logged 7.541179656982422
2026-03-14 22:01:38 | INFO | [Epoch 101] total_loss=7.566943, contrastive_loss=4.398121, adversarial_loss=3.166806, Lr0=0.001000, time=41.28s
2026-03-14 22:02:19 | INFO | [Epoch 102] total_loss=7.562894, contrastive_loss=4.397193, adversarial_loss=3.165623, Lr0=0.001000, time=40.84s
2026-03-14 22:03:00 | INFO | [Epoch 103] total_loss=7.527862, contrastive_loss=4.359346, adversarial_loss=3.165455, Lr0=0.001000, time=40.59s
2026-03-14 22:03:00 | INFO | Best model logged 7.527861595153809
2026-03-14 22:03:40 | INFO | [Epoch 104] total_loss=7.548800, contrastive_loss=4.383393, adversarial_loss=3.165731, Lr0=0.000999, time=40.60s
2026-03-14 22:04:22 | INFO | [Epoch 105] total_loss=7.568771, contrastive_loss=4.404769, adversarial_loss=3.166305, Lr0=0.000999, time=41.51s
2026-03-14 22:05:03 | INFO | [Epoch 106] total_loss=7.585184, contrastive_loss=4.414860, adversarial_loss=3.165514, Lr0=0.000999, time=40.81s
2026-03-14 22:05:44 | INFO | [Epoch 107] total_loss=7.545444, contrastive_loss=4.380511, adversarial_loss=3.165615, Lr0=0.000998, time=40.84s
2026-03-14 22:06:25 | INFO | [Epoch 108] total_loss=7.541975, contrastive_loss=4.386343, adversarial_loss=3.166325, Lr0=0.000998, time=41.29s
2026-03-14 22:07:06 | INFO | [Epoch 109] total_loss=7.554218, contrastive_loss=4.393506, adversarial_loss=3.166593, Lr0=0.000998, time=41.05s
2026-03-14 22:07:46 | INFO | [Epoch 110] total_loss=7.582003, contrastive_loss=4.415208, adversarial_loss=3.164152, Lr0=0.000997, time=40.58s
2026-03-14 22:08:27 | INFO | [Epoch 111] total_loss=7.550794, contrastive_loss=4.383331, adversarial_loss=3.166075, Lr0=0.000996, time=40.57s
2026-03-14 22:09:09 | INFO | [Epoch 112] total_loss=7.534074, contrastive_loss=4.369496, adversarial_loss=3.166023, Lr0=0.000996, time=41.59s
2026-03-14 22:09:49 | INFO | [Epoch 113] total_loss=7.562541, contrastive_loss=4.390785, adversarial_loss=3.167639, Lr0=0.000995, time=40.63s
2026-03-14 22:10:30 | INFO | [Epoch 114] total_loss=7.561256, contrastive_loss=4.400715, adversarial_loss=3.164747, Lr0=0.000994, time=41.10s
2026-03-14 22:11:11 | INFO | [Epoch 115] total_loss=7.563432, contrastive_loss=4.401298, adversarial_loss=3.167415, Lr0=0.000994, time=40.65s
2026-03-14 22:11:52 | INFO | [Epoch 116] total_loss=7.545628, contrastive_loss=4.382007, adversarial_loss=3.164797, Lr0=0.000993, time=41.22s
2026-03-14 22:12:33 | INFO | [Epoch 117] total_loss=7.615285, contrastive_loss=4.451451, adversarial_loss=3.164266, Lr0=0.000992, time=40.86s
2026-03-14 22:13:14 | INFO | [Epoch 118] total_loss=7.561037, contrastive_loss=4.399993, adversarial_loss=3.165755, Lr0=0.000991, time=40.82s
2026-03-14 22:13:55 | INFO | [Epoch 119] total_loss=7.544575, contrastive_loss=4.379386, adversarial_loss=3.166200, Lr0=0.000990, time=41.16s
2026-03-14 22:14:36 | INFO | [Epoch 120] total_loss=7.548074, contrastive_loss=4.383658, adversarial_loss=3.163467, Lr0=0.000989, time=40.72s
2026-03-14 22:15:17 | INFO | [Epoch 121] total_loss=7.543456, contrastive_loss=4.375700, adversarial_loss=3.164239, Lr0=0.000988, time=40.86s
2026-03-14 22:15:58 | INFO | [Epoch 122] total_loss=7.518312, contrastive_loss=4.351330, adversarial_loss=3.165844, Lr0=0.000987, time=40.76s
2026-03-14 22:15:58 | INFO | Best model logged 7.518311500549316
2026-03-14 22:16:39 | INFO | [Epoch 123] total_loss=7.590914, contrastive_loss=4.434074, adversarial_loss=3.164805, Lr0=0.000986, time=41.28s
2026-03-14 22:17:20 | INFO | [Epoch 124] total_loss=7.572119, contrastive_loss=4.407936, adversarial_loss=3.165558, Lr0=0.000985, time=41.08s
2026-03-14 22:18:01 | INFO | [Epoch 125] total_loss=7.537121, contrastive_loss=4.374178, adversarial_loss=3.166705, Lr0=0.000983, time=40.85s
2026-03-14 22:18:42 | INFO | [Epoch 126] total_loss=7.549178, contrastive_loss=4.380119, adversarial_loss=3.165483, Lr0=0.000982, time=40.64s
2026-03-14 22:19:23 | INFO | [Epoch 127] total_loss=7.581465, contrastive_loss=4.420394, adversarial_loss=3.164585, Lr0=0.000981, time=41.24s
2026-03-14 22:20:03 | INFO | [Epoch 128] total_loss=7.596069, contrastive_loss=4.432333, adversarial_loss=3.165126, Lr0=0.000979, time=40.64s
2026-03-14 22:20:44 | INFO | [Epoch 129] total_loss=7.541461, contrastive_loss=4.378859, adversarial_loss=3.164328, Lr0=0.000978, time=40.82s
2026-03-14 22:21:25 | INFO | [Epoch 130] total_loss=7.453984, contrastive_loss=4.394028, adversarial_loss=3.058257, Lr0=0.000976, time=40.87s
2026-03-14 22:21:25 | INFO | Best model logged 7.453984260559082
2026-03-14 22:22:06 | INFO | [Epoch 131] total_loss=7.535624, contrastive_loss=4.490443, adversarial_loss=3.040447, Lr0=0.000975, time=41.07s
2026-03-14 22:22:48 | INFO | [Epoch 132] total_loss=7.504220, contrastive_loss=4.408700, adversarial_loss=3.096569, Lr0=0.000973, time=41.20s
2026-03-14 22:23:28 | INFO | [Epoch 133] total_loss=7.510962, contrastive_loss=4.404177, adversarial_loss=3.108120, Lr0=0.000972, time=40.54s
2026-03-14 22:24:09 | INFO | [Epoch 134] total_loss=7.500046, contrastive_loss=4.406057, adversarial_loss=3.087559, Lr0=0.000970, time=41.17s
2026-03-14 22:24:50 | INFO | [Epoch 135] total_loss=7.542850, contrastive_loss=4.479950, adversarial_loss=3.057905, Lr0=0.000968, time=40.79s
2026-03-14 22:25:31 | INFO | [Epoch 136] total_loss=7.507177, contrastive_loss=4.412218, adversarial_loss=3.094242, Lr0=0.000967, time=40.84s
2026-03-14 22:26:12 | INFO | [Epoch 137] total_loss=7.502894, contrastive_loss=4.392659, adversarial_loss=3.115573, Lr0=0.000965, time=40.65s
2026-03-14 22:26:53 | INFO | [Epoch 138] total_loss=7.511458, contrastive_loss=4.378236, adversarial_loss=3.132998, Lr0=0.000963, time=41.32s
2026-03-14 22:27:34 | INFO | [Epoch 139] total_loss=7.536998, contrastive_loss=4.401523, adversarial_loss=3.140844, Lr0=0.000961, time=40.65s
2026-03-14 22:28:14 | INFO | [Epoch 140] total_loss=7.525494, contrastive_loss=4.383939, adversarial_loss=3.142998, Lr0=0.000959, time=40.71s
2026-03-14 22:28:55 | INFO | [Epoch 141] total_loss=7.504552, contrastive_loss=4.372230, adversarial_loss=3.134491, Lr0=0.000957, time=41.09s
2026-03-14 22:29:37 | INFO | [Epoch 142] total_loss=7.593176, contrastive_loss=4.490266, adversarial_loss=3.104564, Lr0=0.000955, time=41.14s
2026-03-14 22:30:18 | INFO | [Epoch 143] total_loss=7.547215, contrastive_loss=4.426052, adversarial_loss=3.122952, Lr0=0.000953, time=40.95s
2026-03-14 22:30:58 | INFO | [Epoch 144] total_loss=7.547453, contrastive_loss=4.394674, adversarial_loss=3.147287, Lr0=0.000951, time=40.72s
2026-03-14 22:31:39 | INFO | [Epoch 145] total_loss=7.558937, contrastive_loss=4.398346, adversarial_loss=3.159826, Lr0=0.000949, time=41.16s
2026-03-14 22:32:20 | INFO | [Epoch 146] total_loss=7.550397, contrastive_loss=4.394045, adversarial_loss=3.165008, Lr0=0.000947, time=40.80s
2026-03-14 22:33:01 | INFO | [Epoch 147] total_loss=7.532293, contrastive_loss=4.365761, adversarial_loss=3.164685, Lr0=0.000944, time=40.59s
2026-03-14 22:33:42 | INFO | [Epoch 148] total_loss=7.506588, contrastive_loss=4.341277, adversarial_loss=3.165304, Lr0=0.000942, time=40.86s
2026-03-14 22:34:23 | INFO | [Epoch 149] total_loss=7.504631, contrastive_loss=4.338029, adversarial_loss=3.164025, Lr0=0.000940, time=41.49s
2026-03-14 22:35:04 | INFO | [Epoch 150] total_loss=7.499879, contrastive_loss=4.343500, adversarial_loss=3.166259, Lr0=0.000937, time=40.65s
2026-03-14 22:35:45 | INFO | [Epoch 151] total_loss=7.507157, contrastive_loss=4.344751, adversarial_loss=3.165067, Lr0=0.000935, time=40.74s
2026-03-14 22:36:26 | INFO | [Epoch 152] total_loss=7.493566, contrastive_loss=4.327178, adversarial_loss=3.165597, Lr0=0.000932, time=41.09s
2026-03-14 22:37:07 | INFO | [Epoch 153] total_loss=7.494308, contrastive_loss=4.320860, adversarial_loss=3.166517, Lr0=0.000930, time=41.11s
2026-03-14 22:37:48 | INFO | [Epoch 154] total_loss=7.505821, contrastive_loss=4.336478, adversarial_loss=3.164350, Lr0=0.000927, time=40.81s
2026-03-14 22:38:28 | INFO | [Epoch 155] total_loss=7.546316, contrastive_loss=4.379489, adversarial_loss=3.165266, Lr0=0.000925, time=40.70s
2026-03-14 22:39:10 | INFO | [Epoch 156] total_loss=7.506133, contrastive_loss=4.341744, adversarial_loss=3.165885, Lr0=0.000922, time=41.61s
2026-03-14 22:39:51 | INFO | [Epoch 157] total_loss=7.508824, contrastive_loss=4.345991, adversarial_loss=3.166102, Lr0=0.000920, time=40.92s
2026-03-14 22:40:32 | INFO | [Epoch 158] total_loss=7.491334, contrastive_loss=4.329490, adversarial_loss=3.165893, Lr0=0.000917, time=41.23s
2026-03-14 22:41:13 | INFO | [Epoch 159] total_loss=7.561096, contrastive_loss=4.394635, adversarial_loss=3.165720, Lr0=0.000914, time=40.93s
2026-03-14 22:41:54 | INFO | [Epoch 160] total_loss=7.481194, contrastive_loss=4.317181, adversarial_loss=3.165218, Lr0=0.000911, time=41.33s
2026-03-14 22:42:35 | INFO | [Epoch 161] total_loss=7.488014, contrastive_loss=4.324315, adversarial_loss=3.165315, Lr0=0.000908, time=40.74s
2026-03-14 22:43:16 | INFO | [Epoch 162] total_loss=7.508545, contrastive_loss=4.339623, adversarial_loss=3.165463, Lr0=0.000906, time=41.00s
2026-03-14 22:43:57 | INFO | [Epoch 163] total_loss=7.493396, contrastive_loss=4.328371, adversarial_loss=3.165920, Lr0=0.000903, time=41.01s
2026-03-14 22:44:38 | INFO | [Epoch 164] total_loss=7.507590, contrastive_loss=4.341393, adversarial_loss=3.165775, Lr0=0.000900, time=41.24s
2026-03-14 22:45:19 | INFO | [Epoch 165] total_loss=7.535632, contrastive_loss=4.363924, adversarial_loss=3.166622, Lr0=0.000897, time=40.86s
2026-03-14 22:46:00 | INFO | [Epoch 166] total_loss=7.501977, contrastive_loss=4.330525, adversarial_loss=3.165641, Lr0=0.000894, time=40.58s
2026-03-14 22:46:41 | INFO | [Epoch 167] total_loss=7.506120, contrastive_loss=4.340158, adversarial_loss=3.165271, Lr0=0.000891, time=41.25s
2026-03-14 22:47:22 | INFO | [Epoch 168] total_loss=7.514340, contrastive_loss=4.348131, adversarial_loss=3.166214, Lr0=0.000888, time=40.86s
2026-03-14 22:48:03 | INFO | [Epoch 169] total_loss=7.486810, contrastive_loss=4.325436, adversarial_loss=3.165932, Lr0=0.000884, time=40.82s
2026-03-14 22:48:44 | INFO | [Epoch 170] total_loss=7.479843, contrastive_loss=4.318861, adversarial_loss=3.167428, Lr0=0.000881, time=40.84s
2026-03-14 22:49:25 | INFO | [Epoch 171] total_loss=7.505543, contrastive_loss=4.340033, adversarial_loss=3.164308, Lr0=0.000878, time=41.19s
2026-03-14 22:50:06 | INFO | [Epoch 172] total_loss=7.506830, contrastive_loss=4.343786, adversarial_loss=3.164809, Lr0=0.000875, time=40.71s
2026-03-14 22:50:46 | INFO | [Epoch 173] total_loss=7.492947, contrastive_loss=4.333794, adversarial_loss=3.164812, Lr0=0.000872, time=40.75s
2026-03-14 22:51:27 | INFO | [Epoch 174] total_loss=7.486823, contrastive_loss=4.319335, adversarial_loss=3.165233, Lr0=0.000868, time=40.99s
2026-03-14 22:52:09 | INFO | [Epoch 175] total_loss=7.475248, contrastive_loss=4.311203, adversarial_loss=3.164615, Lr0=0.000865, time=41.30s
2026-03-14 22:52:50 | INFO | [Epoch 176] total_loss=7.495310, contrastive_loss=4.321485, adversarial_loss=3.166471, Lr0=0.000861, time=41.23s
2026-03-14 22:53:31 | INFO | [Epoch 177] total_loss=7.478037, contrastive_loss=4.298187, adversarial_loss=3.165214, Lr0=0.000858, time=40.63s
2026-03-14 22:54:12 | INFO | [Epoch 178] total_loss=7.479325, contrastive_loss=4.311875, adversarial_loss=3.165308, Lr0=0.000855, time=41.32s
2026-03-14 22:54:53 | INFO | [Epoch 179] total_loss=7.495166, contrastive_loss=4.328968, adversarial_loss=3.167898, Lr0=0.000851, time=40.85s
2026-03-14 22:55:34 | INFO | [Epoch 180] total_loss=7.506145, contrastive_loss=4.339434, adversarial_loss=3.165859, Lr0=0.000848, time=40.77s
2026-03-14 22:56:15 | INFO | [Epoch 181] total_loss=7.537344, contrastive_loss=4.363837, adversarial_loss=3.165848, Lr0=0.000844, time=41.13s
2026-03-14 22:56:56 | INFO | [Epoch 182] total_loss=7.469085, contrastive_loss=4.299883, adversarial_loss=3.166360, Lr0=0.000840, time=41.28s
2026-03-14 22:57:37 | INFO | [Epoch 183] total_loss=7.471295, contrastive_loss=4.302933, adversarial_loss=3.164624, Lr0=0.000837, time=40.72s
2026-03-14 22:58:17 | INFO | [Epoch 184] total_loss=7.465810, contrastive_loss=4.294092, adversarial_loss=3.165539, Lr0=0.000833, time=40.72s
2026-03-14 22:58:58 | INFO | [Epoch 185] total_loss=7.467163, contrastive_loss=4.303785, adversarial_loss=3.165017, Lr0=0.000830, time=40.67s
2026-03-14 22:59:39 | INFO | [Epoch 186] total_loss=7.475772, contrastive_loss=4.309474, adversarial_loss=3.165596, Lr0=0.000826, time=41.10s
2026-03-14 23:00:20 | INFO | [Epoch 187] total_loss=7.475031, contrastive_loss=4.304079, adversarial_loss=3.165449, Lr0=0.000822, time=41.15s
2026-03-14 23:01:01 | INFO | [Epoch 188] total_loss=7.499401, contrastive_loss=4.335585, adversarial_loss=3.164599, Lr0=0.000818, time=40.99s
2026-03-14 23:01:43 | INFO | [Epoch 189] total_loss=7.493641, contrastive_loss=4.327652, adversarial_loss=3.166183, Lr0=0.000815, time=41.31s
2026-03-14 23:02:24 | INFO | [Epoch 190] total_loss=7.473588, contrastive_loss=4.314829, adversarial_loss=3.164855, Lr0=0.000811, time=41.08s
2026-03-14 23:03:04 | INFO | [Epoch 191] total_loss=7.472641, contrastive_loss=4.305795, adversarial_loss=3.166247, Lr0=0.000807, time=40.60s
2026-03-14 23:03:45 | INFO | [Epoch 192] total_loss=7.458179, contrastive_loss=4.285014, adversarial_loss=3.164987, Lr0=0.000803, time=40.83s
2026-03-14 23:04:26 | INFO | [Epoch 193] total_loss=7.470112, contrastive_loss=4.315068, adversarial_loss=3.164689, Lr0=0.000799, time=41.23s
2026-03-14 23:05:07 | INFO | [Epoch 194] total_loss=7.458332, contrastive_loss=4.292499, adversarial_loss=3.164602, Lr0=0.000795, time=40.88s
2026-03-14 23:05:48 | INFO | [Epoch 195] total_loss=7.462087, contrastive_loss=4.293716, adversarial_loss=3.165163, Lr0=0.000791, time=41.12s
2026-03-14 23:06:29 | INFO | [Epoch 196] total_loss=7.489324, contrastive_loss=4.319920, adversarial_loss=3.165806, Lr0=0.000787, time=40.72s
2026-03-14 23:07:11 | INFO | [Epoch 197] total_loss=7.488670, contrastive_loss=4.332700, adversarial_loss=3.166411, Lr0=0.000783, time=41.30s
2026-03-14 23:07:51 | INFO | [Epoch 198] total_loss=7.477174, contrastive_loss=4.310607, adversarial_loss=3.165661, Lr0=0.000779, time=40.80s
2026-03-14 23:08:32 | INFO | [Epoch 199] total_loss=7.457019, contrastive_loss=4.294237, adversarial_loss=3.165938, Lr0=0.000775, time=40.72s
2026-03-14 23:09:13 | INFO | [Epoch 200] total_loss=7.472195, contrastive_loss=4.306103, adversarial_loss=3.166624, Lr0=0.000771, time=41.42s
2026-03-14 23:09:55 | INFO | [Epoch 201] total_loss=7.461778, contrastive_loss=4.287181, adversarial_loss=3.166131, Lr0=0.000767, time=41.05s
2026-03-14 23:10:35 | INFO | [Epoch 202] total_loss=7.452690, contrastive_loss=4.279335, adversarial_loss=3.165691, Lr0=0.000763, time=40.76s
2026-03-14 23:10:35 | INFO | Best model logged 7.452690124511719
2026-03-14 23:11:16 | INFO | [Epoch 203] total_loss=7.474253, contrastive_loss=4.314365, adversarial_loss=3.166316, Lr0=0.000758, time=40.85s
2026-03-14 23:11:57 | INFO | [Epoch 204] total_loss=7.453853, contrastive_loss=4.282391, adversarial_loss=3.167040, Lr0=0.000754, time=41.08s
2026-03-14 23:12:38 | INFO | [Epoch 205] total_loss=7.448826, contrastive_loss=4.280495, adversarial_loss=3.166543, Lr0=0.000750, time=40.72s
2026-03-14 23:12:38 | INFO | Best model logged 7.448826313018799
2026-03-14 23:13:19 | INFO | [Epoch 206] total_loss=7.461892, contrastive_loss=4.296587, adversarial_loss=3.165432, Lr0=0.000746, time=40.85s
2026-03-14 23:14:00 | INFO | [Epoch 207] total_loss=7.528298, contrastive_loss=4.356444, adversarial_loss=3.164728, Lr0=0.000742, time=40.89s
2026-03-14 23:14:41 | INFO | [Epoch 208] total_loss=7.500986, contrastive_loss=4.330781, adversarial_loss=3.164217, Lr0=0.000737, time=40.89s
2026-03-14 23:15:22 | INFO | [Epoch 209] total_loss=7.482039, contrastive_loss=4.320244, adversarial_loss=3.165796, Lr0=0.000733, time=40.65s
2026-03-14 23:16:03 | INFO | [Epoch 210] total_loss=7.467786, contrastive_loss=4.297124, adversarial_loss=3.166137, Lr0=0.000729, time=40.79s
2026-03-14 23:16:44 | INFO | [Epoch 211] total_loss=7.475955, contrastive_loss=4.313890, adversarial_loss=3.165889, Lr0=0.000724, time=41.15s
2026-03-14 23:17:24 | INFO | [Epoch 212] total_loss=7.481434, contrastive_loss=4.316561, adversarial_loss=3.166124, Lr0=0.000720, time=40.58s
2026-03-14 23:18:05 | INFO | [Epoch 213] total_loss=7.462236, contrastive_loss=4.299944, adversarial_loss=3.166596, Lr0=0.000716, time=40.69s
2026-03-14 23:18:46 | INFO | [Epoch 214] total_loss=7.427084, contrastive_loss=4.256184, adversarial_loss=3.165128, Lr0=0.000711, time=41.17s
2026-03-14 23:18:46 | INFO | Best model logged 7.427083969116211
2026-03-14 23:19:28 | INFO | [Epoch 215] total_loss=7.462098, contrastive_loss=4.292289, adversarial_loss=3.165104, Lr0=0.000707, time=41.55s
2026-03-14 23:20:09 | INFO | [Epoch 216] total_loss=7.471330, contrastive_loss=4.305684, adversarial_loss=3.164938, Lr0=0.000702, time=40.73s
2026-03-14 23:20:50 | INFO | [Epoch 217] total_loss=7.465739, contrastive_loss=4.299245, adversarial_loss=3.166602, Lr0=0.000698, time=40.69s
2026-03-14 23:21:31 | INFO | [Epoch 218] total_loss=7.439878, contrastive_loss=4.273016, adversarial_loss=3.164896, Lr0=0.000694, time=40.88s
2026-03-14 23:22:11 | INFO | [Epoch 219] total_loss=7.449567, contrastive_loss=4.285658, adversarial_loss=3.166346, Lr0=0.000689, time=40.85s
2026-03-14 23:22:53 | INFO | [Epoch 220] total_loss=7.464325, contrastive_loss=4.301397, adversarial_loss=3.164510, Lr0=0.000685, time=41.08s
2026-03-14 23:23:33 | INFO | [Epoch 221] total_loss=7.430547, contrastive_loss=4.260643, adversarial_loss=3.165479, Lr0=0.000680, time=40.79s
2026-03-14 23:24:15 | INFO | [Epoch 222] total_loss=7.435891, contrastive_loss=4.278537, adversarial_loss=3.165792, Lr0=0.000676, time=41.73s
2026-03-14 23:24:56 | INFO | [Epoch 223] total_loss=7.448817, contrastive_loss=4.285298, adversarial_loss=3.166272, Lr0=0.000671, time=40.69s
2026-03-14 23:25:37 | INFO | [Epoch 224] total_loss=7.422736, contrastive_loss=4.250532, adversarial_loss=3.165048, Lr0=0.000666, time=40.79s
2026-03-14 23:25:37 | INFO | Best model logged 7.422736167907715
2026-03-14 23:26:17 | INFO | [Epoch 225] total_loss=7.433918, contrastive_loss=4.272396, adversarial_loss=3.164913, Lr0=0.000662, time=40.64s
2026-03-14 23:26:59 | INFO | [Epoch 226] total_loss=7.410210, contrastive_loss=4.249467, adversarial_loss=3.164112, Lr0=0.000657, time=41.38s
2026-03-14 23:26:59 | INFO | Best model logged 7.410209655761719
2026-03-14 23:27:40 | INFO | [Epoch 227] total_loss=7.385293, contrastive_loss=4.324170, adversarial_loss=3.058218, Lr0=0.000653, time=40.53s
2026-03-14 23:27:40 | INFO | Best model logged 7.385293006896973
2026-03-14 23:28:20 | INFO | [Epoch 228] total_loss=7.397399, contrastive_loss=4.369687, adversarial_loss=3.034427, Lr0=0.000648, time=40.63s
2026-03-14 23:29:01 | INFO | [Epoch 229] total_loss=7.407871, contrastive_loss=4.326771, adversarial_loss=3.077804, Lr0=0.000644, time=41.07s
2026-03-14 23:29:42 | INFO | [Epoch 230] total_loss=7.410661, contrastive_loss=4.318162, adversarial_loss=3.088632, Lr0=0.000639, time=40.90s
2026-03-14 23:30:23 | INFO | [Epoch 231] total_loss=7.417703, contrastive_loss=4.366403, adversarial_loss=3.052940, Lr0=0.000634, time=40.87s
2026-03-14 23:31:04 | INFO | [Epoch 232] total_loss=7.399307, contrastive_loss=4.304535, adversarial_loss=3.095669, Lr0=0.000630, time=40.65s
2026-03-14 23:31:45 | INFO | [Epoch 233] total_loss=7.399107, contrastive_loss=4.283346, adversarial_loss=3.121496, Lr0=0.000625, time=41.30s
2026-03-14 23:32:26 | INFO | [Epoch 234] total_loss=7.406217, contrastive_loss=4.268134, adversarial_loss=3.130777, Lr0=0.000620, time=40.65s
2026-03-14 23:33:06 | INFO | [Epoch 235] total_loss=7.391512, contrastive_loss=4.264416, adversarial_loss=3.129145, Lr0=0.000616, time=40.65s
2026-03-14 23:33:47 | INFO | [Epoch 236] total_loss=7.371075, contrastive_loss=4.246028, adversarial_loss=3.121501, Lr0=0.000611, time=40.88s
2026-03-14 23:33:47 | INFO | Best model logged 7.37107515335083
2026-03-14 23:34:29 | INFO | [Epoch 237] total_loss=7.369771, contrastive_loss=4.269964, adversarial_loss=3.110823, Lr0=0.000606, time=41.10s
2026-03-14 23:34:29 | INFO | Best model logged 7.369771480560303
2026-03-14 23:35:09 | INFO | [Epoch 238] total_loss=7.395636, contrastive_loss=4.278714, adversarial_loss=3.119722, Lr0=0.000602, time=40.62s
2026-03-14 23:35:50 | INFO | [Epoch 239] total_loss=7.397628, contrastive_loss=4.249954, adversarial_loss=3.141673, Lr0=0.000597, time=40.66s
2026-03-14 23:36:31 | INFO | [Epoch 240] total_loss=7.400973, contrastive_loss=4.244616, adversarial_loss=3.157029, Lr0=0.000592, time=40.99s
2026-03-14 23:37:12 | INFO | [Epoch 241] total_loss=7.420894, contrastive_loss=4.254886, adversarial_loss=3.163189, Lr0=0.000588, time=41.20s
2026-03-14 23:37:53 | INFO | [Epoch 242] total_loss=7.386635, contrastive_loss=4.223324, adversarial_loss=3.165208, Lr0=0.000583, time=40.82s
2026-03-14 23:38:34 | INFO | [Epoch 243] total_loss=7.385519, contrastive_loss=4.219243, adversarial_loss=3.164904, Lr0=0.000578, time=40.70s
2026-03-14 23:39:15 | INFO | [Epoch 244] total_loss=7.400872, contrastive_loss=4.244067, adversarial_loss=3.163947, Lr0=0.000574, time=41.16s
2026-03-14 23:39:56 | INFO | [Epoch 245] total_loss=7.401875, contrastive_loss=4.241693, adversarial_loss=3.163877, Lr0=0.000569, time=41.14s
2026-03-14 23:40:37 | INFO | [Epoch 246] total_loss=7.386744, contrastive_loss=4.217357, adversarial_loss=3.163881, Lr0=0.000564, time=41.14s
2026-03-14 23:41:18 | INFO | [Epoch 247] total_loss=7.393175, contrastive_loss=4.231535, adversarial_loss=3.164931, Lr0=0.000559, time=40.82s
2026-03-14 23:41:59 | INFO | [Epoch 248] total_loss=7.381427, contrastive_loss=4.215996, adversarial_loss=3.166766, Lr0=0.000555, time=41.23s
2026-03-14 23:42:40 | INFO | [Epoch 249] total_loss=7.381542, contrastive_loss=4.209049, adversarial_loss=3.165048, Lr0=0.000550, time=40.80s
2026-03-14 23:43:21 | INFO | [Epoch 250] total_loss=7.360851, contrastive_loss=4.194696, adversarial_loss=3.166115, Lr0=0.000545, time=40.97s
2026-03-14 23:43:21 | INFO | Best model logged 7.360851287841797
2026-03-14 23:44:02 | INFO | [Epoch 251] total_loss=7.373651, contrastive_loss=4.198959, adversarial_loss=3.166212, Lr0=0.000541, time=41.03s
2026-03-14 23:44:43 | INFO | [Epoch 252] total_loss=7.381350, contrastive_loss=4.222014, adversarial_loss=3.164421, Lr0=0.000536, time=41.02s
2026-03-14 23:45:24 | INFO | [Epoch 253] total_loss=7.371394, contrastive_loss=4.204525, adversarial_loss=3.165303, Lr0=0.000531, time=40.58s
2026-03-14 23:46:05 | INFO | [Epoch 254] total_loss=7.374073, contrastive_loss=4.202280, adversarial_loss=3.165091, Lr0=0.000526, time=40.79s
2026-03-14 23:46:46 | INFO | [Epoch 255] total_loss=7.350083, contrastive_loss=4.182767, adversarial_loss=3.164078, Lr0=0.000522, time=41.25s
2026-03-14 23:46:46 | INFO | Best model logged 7.350083351135254
2026-03-14 23:47:27 | INFO | [Epoch 256] total_loss=7.362893, contrastive_loss=4.203315, adversarial_loss=3.164548, Lr0=0.000517, time=40.89s
2026-03-14 23:48:08 | INFO | [Epoch 257] total_loss=7.394505, contrastive_loss=4.232806, adversarial_loss=3.164168, Lr0=0.000512, time=40.87s
2026-03-14 23:48:49 | INFO | [Epoch 258] total_loss=7.367287, contrastive_loss=4.198321, adversarial_loss=3.165170, Lr0=0.000508, time=41.15s
2026-03-14 23:49:30 | INFO | [Epoch 259] total_loss=7.359128, contrastive_loss=4.193050, adversarial_loss=3.165201, Lr0=0.000503, time=41.18s
2026-03-14 23:50:11 | INFO | [Epoch 260] total_loss=7.368330, contrastive_loss=4.209002, adversarial_loss=3.165509, Lr0=0.000498, time=40.75s
2026-03-14 23:50:52 | INFO | [Epoch 261] total_loss=7.362992, contrastive_loss=4.193106, adversarial_loss=3.166317, Lr0=0.000494, time=41.07s
2026-03-14 23:51:33 | INFO | [Epoch 262] total_loss=7.341326, contrastive_loss=4.182466, adversarial_loss=3.165706, Lr0=0.000489, time=40.92s
2026-03-14 23:51:33 | INFO | Best model logged 7.341325759887695
2026-03-14 23:52:14 | INFO | [Epoch 263] total_loss=7.352717, contrastive_loss=4.187848, adversarial_loss=3.164946, Lr0=0.000484, time=40.95s
2026-03-14 23:52:55 | INFO | [Epoch 264] total_loss=7.396375, contrastive_loss=4.234580, adversarial_loss=3.165890, Lr0=0.000480, time=40.97s
2026-03-14 23:53:36 | INFO | [Epoch 265] total_loss=7.366648, contrastive_loss=4.205266, adversarial_loss=3.165791, Lr0=0.000475, time=40.76s
2026-03-14 23:54:17 | INFO | [Epoch 266] total_loss=7.351167, contrastive_loss=4.183875, adversarial_loss=3.165603, Lr0=0.000470, time=40.97s
2026-03-14 23:54:58 | INFO | [Epoch 267] total_loss=7.335838, contrastive_loss=4.171349, adversarial_loss=3.167454, Lr0=0.000466, time=40.98s
2026-03-14 23:54:58 | INFO | Best model logged 7.335838317871094
2026-03-14 23:55:39 | INFO | [Epoch 268] total_loss=7.363644, contrastive_loss=4.197785, adversarial_loss=3.164960, Lr0=0.000461, time=40.53s
2026-03-14 23:56:20 | INFO | [Epoch 269] total_loss=7.347114, contrastive_loss=4.188625, adversarial_loss=3.166590, Lr0=0.000456, time=40.71s
2026-03-14 23:57:01 | INFO | [Epoch 270] total_loss=7.347138, contrastive_loss=4.184151, adversarial_loss=3.166215, Lr0=0.000452, time=41.69s
2026-03-14 23:57:42 | INFO | [Epoch 271] total_loss=7.332512, contrastive_loss=4.174740, adversarial_loss=3.165596, Lr0=0.000447, time=40.73s
2026-03-14 23:57:42 | INFO | Best model logged 7.332511901855469
2026-03-14 23:58:23 | INFO | [Epoch 272] total_loss=7.357591, contrastive_loss=4.185580, adversarial_loss=3.165058, Lr0=0.000443, time=40.85s
2026-03-14 23:59:04 | INFO | [Epoch 273] total_loss=7.339827, contrastive_loss=4.166868, adversarial_loss=3.165087, Lr0=0.000438, time=41.37s
2026-03-14 23:59:45 | INFO | [Epoch 274] total_loss=7.345992, contrastive_loss=4.178499, adversarial_loss=3.164224, Lr0=0.000434, time=41.09s
2026-03-15 00:00:26 | INFO | [Epoch 275] total_loss=7.329103, contrastive_loss=4.163733, adversarial_loss=3.166231, Lr0=0.000429, time=40.64s
2026-03-15 00:00:26 | INFO | Best model logged 7.329103469848633
2026-03-15 00:01:07 | INFO | [Epoch 276] total_loss=7.331136, contrastive_loss=4.167161, adversarial_loss=3.164696, Lr0=0.000424, time=40.74s
2026-03-15 00:01:48 | INFO | [Epoch 277] total_loss=7.335591, contrastive_loss=4.165762, adversarial_loss=3.165427, Lr0=0.000420, time=41.01s
2026-03-15 00:02:29 | INFO | [Epoch 278] total_loss=7.345194, contrastive_loss=4.174479, adversarial_loss=3.165894, Lr0=0.000415, time=41.44s
2026-03-15 00:03:11 | INFO | [Epoch 279] total_loss=7.328522, contrastive_loss=4.162014, adversarial_loss=3.165712, Lr0=0.000411, time=41.16s
2026-03-15 00:03:11 | INFO | Best model logged 7.328522205352783
2026-03-15 00:03:51 | INFO | [Epoch 280] total_loss=7.304297, contrastive_loss=4.138539, adversarial_loss=3.166031, Lr0=0.000406, time=40.68s
2026-03-15 00:03:51 | INFO | Best model logged 7.30429744720459
2026-03-15 00:04:33 | INFO | [Epoch 281] total_loss=7.314780, contrastive_loss=4.150242, adversarial_loss=3.165840, Lr0=0.000402, time=41.38s
2026-03-15 00:05:14 | INFO | [Epoch 282] total_loss=7.321900, contrastive_loss=4.150927, adversarial_loss=3.166266, Lr0=0.000398, time=40.87s
2026-03-15 00:05:55 | INFO | [Epoch 283] total_loss=7.326864, contrastive_loss=4.158476, adversarial_loss=3.165184, Lr0=0.000393, time=40.72s
2026-03-15 00:06:36 | INFO | [Epoch 284] total_loss=7.310687, contrastive_loss=4.147358, adversarial_loss=3.163776, Lr0=0.000389, time=40.92s
2026-03-15 00:07:17 | INFO | [Epoch 285] total_loss=7.320592, contrastive_loss=4.156411, adversarial_loss=3.165052, Lr0=0.000384, time=41.25s
2026-03-15 00:07:58 | INFO | [Epoch 286] total_loss=7.305958, contrastive_loss=4.137418, adversarial_loss=3.166575, Lr0=0.000380, time=41.02s
2026-03-15 00:08:39 | INFO | [Epoch 287] total_loss=7.304329, contrastive_loss=4.142877, adversarial_loss=3.165293, Lr0=0.000376, time=41.09s
2026-03-15 00:09:20 | INFO | [Epoch 288] total_loss=7.294360, contrastive_loss=4.136005, adversarial_loss=3.165526, Lr0=0.000371, time=40.98s
2026-03-15 00:09:20 | INFO | Best model logged 7.2943596839904785
2026-03-15 00:10:01 | INFO | [Epoch 289] total_loss=7.298737, contrastive_loss=4.122930, adversarial_loss=3.166529, Lr0=0.000367, time=41.17s
2026-03-15 00:10:42 | INFO | [Epoch 290] total_loss=7.279891, contrastive_loss=4.115333, adversarial_loss=3.165251, Lr0=0.000363, time=40.72s
2026-03-15 00:10:42 | INFO | Best model logged 7.279891014099121
2026-03-15 00:11:23 | INFO | [Epoch 291] total_loss=7.315800, contrastive_loss=4.148940, adversarial_loss=3.165396, Lr0=0.000358, time=40.64s
2026-03-15 00:12:04 | INFO | [Epoch 292] total_loss=7.300216, contrastive_loss=4.133018, adversarial_loss=3.165504, Lr0=0.000354, time=41.70s
2026-03-15 00:12:45 | INFO | [Epoch 293] total_loss=7.303679, contrastive_loss=4.145015, adversarial_loss=3.165795, Lr0=0.000350, time=40.68s
2026-03-15 00:13:26 | INFO | [Epoch 294] total_loss=7.301295, contrastive_loss=4.144450, adversarial_loss=3.166072, Lr0=0.000346, time=40.62s
2026-03-15 00:14:07 | INFO | [Epoch 295] total_loss=7.287910, contrastive_loss=4.117907, adversarial_loss=3.167426, Lr0=0.000342, time=41.37s
2026-03-15 00:14:48 | INFO | [Epoch 296] total_loss=7.287098, contrastive_loss=4.121783, adversarial_loss=3.166856, Lr0=0.000337, time=40.98s
2026-03-15 00:15:29 | INFO | [Epoch 297] total_loss=7.276074, contrastive_loss=4.108230, adversarial_loss=3.164555, Lr0=0.000333, time=40.78s
2026-03-15 00:15:29 | INFO | Best model logged 7.276074409484863
2026-03-15 00:16:10 | INFO | [Epoch 298] total_loss=7.273379, contrastive_loss=4.111254, adversarial_loss=3.165939, Lr0=0.000329, time=40.84s
2026-03-15 00:16:10 | INFO | Best model logged 7.273379325866699
2026-03-15 00:16:51 | INFO | [Epoch 299] total_loss=7.269060, contrastive_loss=4.097648, adversarial_loss=3.166335, Lr0=0.000325, time=41.04s
2026-03-15 00:16:51 | INFO | Best model logged 7.269060134887695
2026-03-15 00:17:32 | INFO | [Epoch 300] total_loss=7.274667, contrastive_loss=4.105572, adversarial_loss=3.165060, Lr0=0.000321, time=40.98s
2026-03-15 00:18:13 | INFO | [Epoch 301] total_loss=7.312753, contrastive_loss=4.145154, adversarial_loss=3.165465, Lr0=0.000317, time=41.15s
2026-03-15 00:18:55 | INFO | [Epoch 302] total_loss=7.273521, contrastive_loss=4.108626, adversarial_loss=3.166804, Lr0=0.000313, time=41.04s
2026-03-15 00:19:36 | INFO | [Epoch 303] total_loss=7.274168, contrastive_loss=4.107460, adversarial_loss=3.165079, Lr0=0.000309, time=41.36s
2026-03-15 00:20:17 | INFO | [Epoch 304] total_loss=7.270957, contrastive_loss=4.103264, adversarial_loss=3.167293, Lr0=0.000305, time=40.76s
2026-03-15 00:20:57 | INFO | [Epoch 305] total_loss=7.262631, contrastive_loss=4.091549, adversarial_loss=3.164304, Lr0=0.000301, time=40.74s
2026-03-15 00:20:57 | INFO | Best model logged 7.262631416320801
2026-03-15 00:22:01 | INFO | [Epoch 306] total_loss=7.254411, contrastive_loss=4.084250, adversarial_loss=3.164910, Lr0=0.000297, time=41.07s
2026-03-15 00:22:01 | INFO | Best model logged 7.254410743713379
2026-03-15 00:22:46 | INFO | [Epoch 307] total_loss=7.274609, contrastive_loss=4.111333, adversarial_loss=3.164553, Lr0=0.000293, time=41.10s
2026-03-15 00:23:27 | INFO | [Epoch 308] total_loss=7.265473, contrastive_loss=4.099522, adversarial_loss=3.165195, Lr0=0.000289, time=40.83s
2026-03-15 00:24:08 | INFO | [Epoch 309] total_loss=7.258305, contrastive_loss=4.093448, adversarial_loss=3.166425, Lr0=0.000285, time=40.86s
2026-03-15 00:24:49 | INFO | [Epoch 310] total_loss=7.246897, contrastive_loss=4.085505, adversarial_loss=3.165032, Lr0=0.000282, time=41.11s
2026-03-15 00:24:49 | INFO | Best model logged 7.246897220611572
2026-03-15 00:25:30 | INFO | [Epoch 311] total_loss=7.287037, contrastive_loss=4.117996, adversarial_loss=3.165713, Lr0=0.000278, time=40.90s
2026-03-15 00:26:11 | INFO | [Epoch 312] total_loss=7.285154, contrastive_loss=4.119422, adversarial_loss=3.166996, Lr0=0.000274, time=40.78s
2026-03-15 00:26:52 | INFO | [Epoch 313] total_loss=7.244423, contrastive_loss=4.080982, adversarial_loss=3.166127, Lr0=0.000270, time=40.92s
2026-03-15 00:26:52 | INFO | Best model logged 7.244422912597656
2026-03-15 00:27:33 | INFO | [Epoch 314] total_loss=7.242894, contrastive_loss=4.080148, adversarial_loss=3.165145, Lr0=0.000267, time=41.15s
2026-03-15 00:27:33 | INFO | Best model logged 7.242894172668457
2026-03-15 00:28:14 | INFO | [Epoch 315] total_loss=7.261335, contrastive_loss=4.098662, adversarial_loss=3.164661, Lr0=0.000263, time=40.49s
2026-03-15 00:28:54 | INFO | [Epoch 316] total_loss=7.250163, contrastive_loss=4.077912, adversarial_loss=3.165491, Lr0=0.000260, time=40.75s
2026-03-15 00:29:36 | INFO | [Epoch 317] total_loss=7.247068, contrastive_loss=4.082749, adversarial_loss=3.165112, Lr0=0.000256, time=41.07s
2026-03-15 00:30:17 | INFO | [Epoch 318] total_loss=7.255557, contrastive_loss=4.091312, adversarial_loss=3.165749, Lr0=0.000252, time=41.15s
2026-03-15 00:30:58 | INFO | [Epoch 319] total_loss=7.249138, contrastive_loss=4.081379, adversarial_loss=3.165089, Lr0=0.000249, time=41.04s
2026-03-15 00:31:38 | INFO | [Epoch 320] total_loss=7.236878, contrastive_loss=4.064444, adversarial_loss=3.166959, Lr0=0.000245, time=40.67s
2026-03-15 00:31:38 | INFO | Best model logged 7.236877918243408
2026-03-15 00:32:20 | INFO | [Epoch 321] total_loss=7.247435, contrastive_loss=4.083633, adversarial_loss=3.166598, Lr0=0.000242, time=41.07s
2026-03-15 00:33:01 | INFO | [Epoch 322] total_loss=7.227849, contrastive_loss=4.064882, adversarial_loss=3.164433, Lr0=0.000239, time=40.96s
2026-03-15 00:33:01 | INFO | Best model logged 7.22784948348999
2026-03-15 00:33:41 | INFO | [Epoch 323] total_loss=7.249905, contrastive_loss=4.080707, adversarial_loss=3.165452, Lr0=0.000235, time=40.66s
2026-03-15 00:34:22 | INFO | [Epoch 324] total_loss=7.228846, contrastive_loss=4.064629, adversarial_loss=3.165901, Lr0=0.000232, time=40.75s
2026-03-15 00:35:04 | INFO | [Epoch 325] total_loss=7.202826, contrastive_loss=4.034885, adversarial_loss=3.164937, Lr0=0.000228, time=41.42s
2026-03-15 00:35:04 | INFO | Best model logged 7.202826023101807
2026-03-15 00:35:45 | INFO | [Epoch 326] total_loss=7.225546, contrastive_loss=4.059389, adversarial_loss=3.165547, Lr0=0.000225, time=40.98s
2026-03-15 00:36:26 | INFO | [Epoch 327] total_loss=7.240231, contrastive_loss=4.078675, adversarial_loss=3.162920, Lr0=0.000222, time=41.11s
2026-03-15 00:37:07 | INFO | [Epoch 328] total_loss=7.227898, contrastive_loss=4.059783, adversarial_loss=3.165483, Lr0=0.000219, time=41.41s
2026-03-15 00:37:49 | INFO | [Epoch 329] total_loss=7.234865, contrastive_loss=4.068226, adversarial_loss=3.166034, Lr0=0.000216, time=41.94s
2026-03-15 00:38:30 | INFO | [Epoch 330] total_loss=7.209050, contrastive_loss=4.042338, adversarial_loss=3.165380, Lr0=0.000212, time=41.12s
2026-03-15 00:39:11 | INFO | [Epoch 331] total_loss=7.215243, contrastive_loss=4.049767, adversarial_loss=3.166304, Lr0=0.000209, time=41.10s
2026-03-15 00:39:53 | INFO | [Epoch 332] total_loss=7.223667, contrastive_loss=4.052320, adversarial_loss=3.165686, Lr0=0.000206, time=41.19s
2026-03-15 00:40:34 | INFO | [Epoch 333] total_loss=7.213577, contrastive_loss=4.053482, adversarial_loss=3.166309, Lr0=0.000203, time=41.21s
2026-03-15 00:41:15 | INFO | [Epoch 334] total_loss=7.216192, contrastive_loss=4.052365, adversarial_loss=3.165844, Lr0=0.000200, time=41.35s
2026-03-15 00:41:56 | INFO | [Epoch 335] total_loss=7.237186, contrastive_loss=4.075632, adversarial_loss=3.165882, Lr0=0.000197, time=41.15s
2026-03-15 00:42:38 | INFO | [Epoch 336] total_loss=7.236265, contrastive_loss=4.073211, adversarial_loss=3.165461, Lr0=0.000194, time=41.29s
2026-03-15 00:43:19 | INFO | [Epoch 337] total_loss=7.207174, contrastive_loss=4.039452, adversarial_loss=3.165523, Lr0=0.000192, time=41.54s
2026-03-15 00:44:00 | INFO | [Epoch 338] total_loss=7.214323, contrastive_loss=4.055035, adversarial_loss=3.163721, Lr0=0.000189, time=41.09s
2026-03-15 00:44:42 | INFO | [Epoch 339] total_loss=7.223073, contrastive_loss=4.053511, adversarial_loss=3.164997, Lr0=0.000186, time=41.71s
2026-03-15 00:45:23 | INFO | [Epoch 340] total_loss=7.211889, contrastive_loss=4.045479, adversarial_loss=3.165781, Lr0=0.000183, time=41.35s
2026-03-15 00:46:04 | INFO | [Epoch 341] total_loss=7.195328, contrastive_loss=4.031365, adversarial_loss=3.166062, Lr0=0.000180, time=41.03s
2026-03-15 00:46:04 | INFO | Best model logged 7.1953277587890625
2026-03-15 00:46:46 | INFO | [Epoch 342] total_loss=7.207942, contrastive_loss=4.036626, adversarial_loss=3.165024, Lr0=0.000178, time=40.96s
2026-03-15 00:47:27 | INFO | [Epoch 343] total_loss=7.197706, contrastive_loss=4.029091, adversarial_loss=3.166079, Lr0=0.000175, time=41.99s
2026-03-15 00:48:09 | INFO | [Epoch 344] total_loss=7.184149, contrastive_loss=4.017894, adversarial_loss=3.165751, Lr0=0.000173, time=41.42s
2026-03-15 00:48:09 | INFO | Best model logged 7.184148788452148
2026-03-15 00:48:51 | INFO | [Epoch 345] total_loss=7.190742, contrastive_loss=4.026371, adversarial_loss=3.164390, Lr0=0.000170, time=41.64s
2026-03-15 00:49:32 | INFO | [Epoch 346] total_loss=7.211105, contrastive_loss=4.043883, adversarial_loss=3.164617, Lr0=0.000168, time=41.50s
2026-03-15 00:50:13 | INFO | [Epoch 347] total_loss=7.180820, contrastive_loss=4.019295, adversarial_loss=3.165492, Lr0=0.000165, time=40.73s
2026-03-15 00:50:13 | INFO | Best model logged 7.180820465087891
2026-03-15 00:50:54 | INFO | [Epoch 348] total_loss=7.200164, contrastive_loss=4.039640, adversarial_loss=3.165494, Lr0=0.000163, time=41.00s
2026-03-15 00:51:35 | INFO | [Epoch 349] total_loss=7.187407, contrastive_loss=4.021152, adversarial_loss=3.165023, Lr0=0.000160, time=40.74s
2026-03-15 00:52:16 | INFO | [Epoch 350] total_loss=7.189788, contrastive_loss=4.024336, adversarial_loss=3.165479, Lr0=0.000158, time=40.88s
2026-03-15 00:52:57 | INFO | [Epoch 351] total_loss=7.182376, contrastive_loss=4.022733, adversarial_loss=3.165318, Lr0=0.000156, time=40.96s
2026-03-15 00:53:38 | INFO | [Epoch 352] total_loss=7.176111, contrastive_loss=4.013919, adversarial_loss=3.167839, Lr0=0.000153, time=40.69s
2026-03-15 00:53:38 | INFO | Best model logged 7.176111221313477
2026-03-15 00:54:18 | INFO | [Epoch 353] total_loss=7.180788, contrastive_loss=4.019960, adversarial_loss=3.164258, Lr0=0.000151, time=40.65s
2026-03-15 00:55:00 | INFO | [Epoch 354] total_loss=7.172171, contrastive_loss=4.009621, adversarial_loss=3.166750, Lr0=0.000149, time=41.13s
2026-03-15 00:55:00 | INFO | Best model logged 7.172170639038086
2026-03-15 00:55:41 | INFO | [Epoch 355] total_loss=7.187280, contrastive_loss=4.019718, adversarial_loss=3.165568, Lr0=0.000147, time=40.92s
2026-03-15 00:56:22 | INFO | [Epoch 356] total_loss=7.188498, contrastive_loss=4.022539, adversarial_loss=3.164318, Lr0=0.000145, time=40.72s
2026-03-15 00:57:03 | INFO | [Epoch 357] total_loss=7.180784, contrastive_loss=4.009726, adversarial_loss=3.165872, Lr0=0.000143, time=41.19s
2026-03-15 00:57:43 | INFO | [Epoch 358] total_loss=7.181082, contrastive_loss=4.013966, adversarial_loss=3.165488, Lr0=0.000141, time=40.66s
2026-03-15 00:58:25 | INFO | [Epoch 359] total_loss=7.175858, contrastive_loss=4.005329, adversarial_loss=3.164256, Lr0=0.000139, time=41.59s
2026-03-15 00:59:06 | INFO | [Epoch 360] total_loss=7.168257, contrastive_loss=4.004205, adversarial_loss=3.165762, Lr0=0.000137, time=40.60s
2026-03-15 00:59:06 | INFO | Best model logged 7.168256759643555
2026-03-15 00:59:47 | INFO | [Epoch 361] total_loss=7.175703, contrastive_loss=4.001280, adversarial_loss=3.165605, Lr0=0.000135, time=40.85s
2026-03-15 01:00:28 | INFO | [Epoch 362] total_loss=7.168226, contrastive_loss=4.003169, adversarial_loss=3.165494, Lr0=0.000133, time=40.91s
2026-03-15 01:01:09 | INFO | [Epoch 363] total_loss=7.163223, contrastive_loss=3.993547, adversarial_loss=3.166249, Lr0=0.000132, time=40.67s
2026-03-15 01:01:09 | INFO | Best model logged 7.1632232666015625
2026-03-15 01:01:50 | INFO | [Epoch 364] total_loss=7.156568, contrastive_loss=3.994694, adversarial_loss=3.165741, Lr0=0.000130, time=40.65s
2026-03-15 01:01:50 | INFO | Best model logged 7.156567573547363
2026-03-15 01:02:31 | INFO | [Epoch 365] total_loss=7.184781, contrastive_loss=4.023599, adversarial_loss=3.165195, Lr0=0.000128, time=40.98s
2026-03-15 01:03:12 | INFO | [Epoch 366] total_loss=7.161640, contrastive_loss=3.997491, adversarial_loss=3.164605, Lr0=0.000127, time=41.05s
2026-03-15 01:03:53 | INFO | [Epoch 367] total_loss=7.163756, contrastive_loss=3.998459, adversarial_loss=3.165922, Lr0=0.000125, time=40.74s
2026-03-15 01:04:34 | INFO | [Epoch 368] total_loss=7.162244, contrastive_loss=3.991183, adversarial_loss=3.168569, Lr0=0.000124, time=41.07s
2026-03-15 01:05:15 | INFO | [Epoch 369] total_loss=7.158044, contrastive_loss=3.992188, adversarial_loss=3.165133, Lr0=0.000122, time=40.76s
2026-03-15 01:05:56 | INFO | [Epoch 370] total_loss=7.144595, contrastive_loss=3.977149, adversarial_loss=3.166782, Lr0=0.000121, time=40.90s
2026-03-15 01:05:56 | INFO | Best model logged 7.144595146179199
2026-03-15 01:06:36 | INFO | [Epoch 371] total_loss=7.167596, contrastive_loss=4.003042, adversarial_loss=3.164320, Lr0=0.000119, time=40.53s
2026-03-15 01:07:17 | INFO | [Epoch 372] total_loss=7.148881, contrastive_loss=3.980870, adversarial_loss=3.166448, Lr0=0.000118, time=41.22s
2026-03-15 01:07:59 | INFO | [Epoch 373] total_loss=7.165662, contrastive_loss=4.006835, adversarial_loss=3.164473, Lr0=0.000117, time=41.12s
2026-03-15 01:08:40 | INFO | [Epoch 374] total_loss=7.176549, contrastive_loss=4.008091, adversarial_loss=3.165352, Lr0=0.000115, time=41.16s
2026-03-15 01:09:21 | INFO | [Epoch 375] total_loss=7.164302, contrastive_loss=3.999166, adversarial_loss=3.166733, Lr0=0.000114, time=40.79s
2026-03-15 01:10:02 | INFO | [Epoch 376] total_loss=7.149251, contrastive_loss=3.981932, adversarial_loss=3.164984, Lr0=0.000113, time=41.26s
2026-03-15 01:10:43 | INFO | [Epoch 377] total_loss=7.142743, contrastive_loss=3.977846, adversarial_loss=3.165626, Lr0=0.000112, time=41.21s
2026-03-15 01:10:43 | INFO | Best model logged 7.142743110656738
2026-03-15 01:11:31 | INFO | [Epoch 378] total_loss=7.145676, contrastive_loss=3.982716, adversarial_loss=3.165191, Lr0=0.000111, time=47.78s
2026-03-15 01:12:20 | INFO | [Epoch 379] total_loss=7.145260, contrastive_loss=3.984204, adversarial_loss=3.164196, Lr0=0.000110, time=48.97s
2026-03-15 01:13:09 | INFO | [Epoch 380] total_loss=7.153112, contrastive_loss=3.982109, adversarial_loss=3.165695, Lr0=0.000109, time=48.86s
2026-03-15 01:13:58 | INFO | [Epoch 381] total_loss=7.149484, contrastive_loss=3.988310, adversarial_loss=3.166189, Lr0=0.000108, time=49.50s
2026-03-15 01:14:47 | INFO | [Epoch 382] total_loss=7.132086, contrastive_loss=3.970520, adversarial_loss=3.166185, Lr0=0.000107, time=48.53s
2026-03-15 01:14:47 | INFO | Best model logged 7.132085800170898
2026-03-15 01:15:36 | INFO | [Epoch 383] total_loss=7.137839, contrastive_loss=3.972906, adversarial_loss=3.164350, Lr0=0.000106, time=48.80s
2026-03-15 01:16:25 | INFO | [Epoch 384] total_loss=7.147057, contrastive_loss=3.977003, adversarial_loss=3.165130, Lr0=0.000106, time=49.12s
2026-03-15 01:17:13 | INFO | [Epoch 385] total_loss=7.128719, contrastive_loss=3.960154, adversarial_loss=3.165556, Lr0=0.000105, time=48.54s
2026-03-15 01:17:14 | INFO | Best model logged 7.128719329833984
2026-03-15 01:18:03 | INFO | [Epoch 386] total_loss=7.126356, contrastive_loss=3.960299, adversarial_loss=3.166135, Lr0=0.000104, time=48.41s
2026-03-15 01:18:03 | INFO | Best model logged 7.12635612487793
2026-03-15 01:18:52 | INFO | [Epoch 387] total_loss=7.135543, contrastive_loss=3.973195, adversarial_loss=3.164811, Lr0=0.000104, time=48.83s
2026-03-15 01:19:41 | INFO | [Epoch 388] total_loss=7.135817, contrastive_loss=3.968499, adversarial_loss=3.165892, Lr0=0.000103, time=49.59s
2026-03-15 01:20:27 | INFO | [Epoch 389] total_loss=7.125865, contrastive_loss=3.963025, adversarial_loss=3.166176, Lr0=0.000102, time=45.67s
2026-03-15 01:20:27 | INFO | Best model logged 7.1258649826049805
2026-03-15 01:21:08 | INFO | [Epoch 390] total_loss=7.135262, contrastive_loss=3.965450, adversarial_loss=3.164969, Lr0=0.000102, time=41.31s
2026-03-15 01:21:49 | INFO | [Epoch 391] total_loss=7.131363, contrastive_loss=3.967333, adversarial_loss=3.167138, Lr0=0.000102, time=41.18s
2026-03-15 01:22:31 | INFO | [Epoch 392] total_loss=7.140795, contrastive_loss=3.979857, adversarial_loss=3.164151, Lr0=0.000101, time=41.64s
2026-03-15 01:23:12 | INFO | [Epoch 393] total_loss=7.129252, contrastive_loss=3.962554, adversarial_loss=3.167037, Lr0=0.000101, time=41.02s
2026-03-15 01:23:54 | INFO | [Epoch 394] total_loss=7.150223, contrastive_loss=3.988409, adversarial_loss=3.164812, Lr0=0.000101, time=41.62s
2026-03-15 01:24:36 | INFO | [Epoch 395] total_loss=7.142159, contrastive_loss=3.975967, adversarial_loss=3.165046, Lr0=0.000100, time=41.90s
2026-03-15 01:25:20 | INFO | [Epoch 396] total_loss=7.120069, contrastive_loss=3.955519, adversarial_loss=3.166467, Lr0=0.000100, time=44.58s
2026-03-15 01:25:20 | INFO | Best model logged 7.120068550109863
2026-03-15 01:26:05 | INFO | [Epoch 397] total_loss=7.115754, contrastive_loss=3.951601, adversarial_loss=3.164757, Lr0=0.000100, time=44.66s
2026-03-15 01:26:05 | INFO | Best model logged 7.115754127502441
2026-03-15 01:26:50 | INFO | [Epoch 398] total_loss=7.133429, contrastive_loss=3.972136, adversarial_loss=3.165116, Lr0=0.000100, time=45.04s
2026-03-15 01:27:35 | INFO | [Epoch 399] total_loss=7.123823, contrastive_loss=3.960634, adversarial_loss=3.165644, Lr0=0.000100, time=44.64s
2026-03-15 01:27:35 | INFO | Training complete.
2026-03-15 01:27:35 | INFO | Best checkpoint: ./save/cnn_overlap_new/subject_invariant_SWELLDataset/encoder_best_.pt
2026-03-15 01:27:48 | INFO | Model forward EncoderClassifierModel(
  (encoder): CNNEncoder(
    (cnn_layers): Sequential(
      (0): Conv1d(1, 32, kernel_size=(10,), stride=(1,))
      (1): BatchNorm1d(32, eps=1e-05, momentum=0.1, affine=True, track_running_stats=True)
      (2): ReLU()
      (3): MaxPool1d(kernel_size=2, stride=2, padding=0, dilation=1, ceil_mode=False)
      (4): Dropout(p=0.0, inplace=False)
      (5): Conv1d(32, 64, kernel_size=(10,), stride=(1,))
      (6): BatchNorm1d(64, eps=1e-05, momentum=0.1, affine=True, track_running_stats=True)
      (7): ReLU()
      (8): MaxPool1d(kernel_size=2, stride=2, padding=0, dilation=1, ceil_mode=False)
      (9): Dropout(p=0.0, inplace=False)
      (10): Conv1d(64, 128, kernel_size=(10,), stride=(1,))
      (11): BatchNorm1d(128, eps=1e-05, momentum=0.1, affine=True, track_running_stats=True)
      (12): ReLU()
      (13): MaxPool1d(kernel_size=2, stride=2, padding=0, dilation=1, ceil_mode=False)
      (14): Dropout(p=0.0, inplace=False)
      (15): Conv1d(128, 256, kernel_size=(10,), stride=(1,))
      (16): BatchNorm1d(256, eps=1e-05, momentum=0.1, affine=True, track_running_stats=True)
      (17): ReLU()
      (18): MaxPool1d(kernel_size=2, stride=2, padding=0, dilation=1, ceil_mode=False)
      (19): Dropout(p=0.0, inplace=False)
    )
    (linear_layer): Sequential(
      (0): Linear(in_features=18176, out_features=64, bias=True)
      (1): ReLU()
    )
  )
  (classifier): Linear(in_features=64, out_features=1, bias=True)
  (loss_fn): BCEWithLogitsLoss()
)
2026-03-15 01:27:49 | INFO | Model forward EncoderClassifierModel(
  (encoder): CNNEncoder(
    (cnn_layers): Sequential(
      (0): Conv1d(1, 32, kernel_size=(10,), stride=(1,))
      (1): BatchNorm1d(32, eps=1e-05, momentum=0.1, affine=True, track_running_stats=True)
      (2): ReLU()
      (3): MaxPool1d(kernel_size=2, stride=2, padding=0, dilation=1, ceil_mode=False)
      (4): Dropout(p=0.0, inplace=False)
      (5): Conv1d(32, 64, kernel_size=(10,), stride=(1,))
      (6): BatchNorm1d(64, eps=1e-05, momentum=0.1, affine=True, track_running_stats=True)
      (7): ReLU()
      (8): MaxPool1d(kernel_size=2, stride=2, padding=0, dilation=1, ceil_mode=False)
      (9): Dropout(p=0.0, inplace=False)
      (10): Conv1d(64, 128, kernel_size=(10,), stride=(1,))
      (11): BatchNorm1d(128, eps=1e-05, momentum=0.1, affine=True, track_running_stats=True)
      (12): ReLU()
      (13): MaxPool1d(kernel_size=2, stride=2, padding=0, dilation=1, ceil_mode=False)
      (14): Dropout(p=0.0, inplace=False)
      (15): Conv1d(128, 256, kernel_size=(10,), stride=(1,))
      (16): BatchNorm1d(256, eps=1e-05, momentum=0.1, affine=True, track_running_stats=True)
      (17): ReLU()
      (18): MaxPool1d(kernel_size=2, stride=2, padding=0, dilation=1, ceil_mode=False)
      (19): Dropout(p=0.0, inplace=False)
    )
    (linear_layer): Sequential(
      (0): Linear(in_features=18176, out_features=64, bias=True)
      (1): ReLU()
    )
  )
  (classifier): Linear(in_features=64, out_features=1, bias=True)
  (loss_fn): BCEWithLogitsLoss()
)
2026-03-15 01:27:49 | INFO | [Epoch 000] total_loss=0.649124, Lr0=0.000100Lr1=0.001000, time=1.07s
2026-03-15 01:27:50 | INFO | [Epoch 000] total_loss=0.649124, Lr0=0.000100Lr1=0.001000, time=1.16s
2026-03-15 01:27:51 | INFO | Validation — loss=0.6308, acc=0.6819, f1=0.4054, recall=0.5, precision=0.341
2026-03-15 01:27:51 | INFO | Best model logged 0.4054
2026-03-15 01:27:51 | INFO | Validation — loss=0.6292, acc=0.6819, f1=0.4054, recall=0.5, precision=0.341
2026-03-15 01:27:51 | INFO | Best model logged 0.4054
2026-03-15 01:27:52 | INFO | [Epoch 001] total_loss=0.544098, Lr0=0.000100Lr1=0.000999, time=0.61s
2026-03-15 01:27:53 | INFO | Validation — loss=0.9812, acc=0.6819, f1=0.4054, recall=0.5, precision=0.341
2026-03-15 01:27:53 | INFO | [Epoch 001] total_loss=0.544098, Lr0=0.000100Lr1=0.000999, time=0.80s
2026-03-15 01:27:54 | INFO | [Epoch 002] total_loss=0.406300, Lr0=0.000100Lr1=0.000998, time=0.67s
2026-03-15 01:27:54 | INFO | Validation — loss=1.0541, acc=0.6819, f1=0.4054, recall=0.5, precision=0.341
2026-03-15 01:27:55 | INFO | [Epoch 002] total_loss=0.406292, Lr0=0.000100Lr1=0.000998, time=0.81s
2026-03-15 01:27:55 | INFO | Validation — loss=1.1706, acc=0.6819, f1=0.4054, recall=0.5, precision=0.341
2026-03-15 01:27:56 | INFO | [Epoch 003] total_loss=0.274992, Lr0=0.000100Lr1=0.000996, time=0.60s
2026-03-15 01:27:56 | INFO | Validation — loss=2.1123, acc=0.6819, f1=0.4054, recall=0.5, precision=0.341
2026-03-15 01:27:57 | INFO | [Epoch 003] total_loss=0.274411, Lr0=0.000100Lr1=0.000996, time=0.81s
2026-03-15 01:27:57 | INFO | Validation — loss=2.8712, acc=0.6819, f1=0.4054, recall=0.5, precision=0.341
2026-03-15 01:27:58 | INFO | [Epoch 004] total_loss=0.205010, Lr0=0.000099Lr1=0.000994, time=0.63s
2026-03-15 01:27:58 | INFO | Validation — loss=2.4855, acc=0.6819, f1=0.4054, recall=0.5, precision=0.341
2026-03-15 01:27:59 | INFO | [Epoch 004] total_loss=0.206816, Lr0=0.000099Lr1=0.000994, time=0.80s
2026-03-15 01:27:59 | INFO | Validation — loss=1.6218, acc=0.6819, f1=0.4054, recall=0.5, precision=0.341
2026-03-15 01:28:00 | INFO | Validation — loss=0.9039, acc=0.6819, f1=0.4054, recall=0.5, precision=0.341
2026-03-15 01:28:00 | INFO | [Epoch 005] total_loss=0.174023, Lr0=0.000099Lr1=0.000991, time=0.64s
2026-03-15 01:28:00 | INFO | [Epoch 005] total_loss=0.174774, Lr0=0.000099Lr1=0.000991, time=0.82s
2026-03-15 01:28:01 | INFO | Validation — loss=0.9411, acc=0.6819, f1=0.4054, recall=0.5, precision=0.341
2026-03-15 01:28:01 | INFO | Validation — loss=0.6526, acc=0.6819, f1=0.4054, recall=0.5, precision=0.341
2026-03-15 01:28:02 | INFO | [Epoch 006] total_loss=0.111795, Lr0=0.000099Lr1=0.000988, time=0.59s
2026-03-15 01:28:02 | INFO | [Epoch 006] total_loss=0.112875, Lr0=0.000099Lr1=0.000988, time=0.75s
2026-03-15 01:28:03 | INFO | Validation — loss=0.7876, acc=0.6819, f1=0.4054, recall=0.5, precision=0.341
2026-03-15 01:28:03 | INFO | Validation — loss=0.6572, acc=0.6639, f1=0.412, recall=0.4907, precision=0.4243
2026-03-15 01:28:03 | INFO | Best model logged 0.412
2026-03-15 01:28:04 | INFO | [Epoch 007] total_loss=0.117081, Lr0=0.000098Lr1=0.000984, time=0.61s
2026-03-15 01:28:05 | INFO | [Epoch 007] total_loss=0.130247, Lr0=0.000098Lr1=0.000984, time=0.83s
2026-03-15 01:28:05 | INFO | Validation — loss=0.6993, acc=0.6819, f1=0.4054, recall=0.5, precision=0.341
2026-03-15 01:28:06 | INFO | [Epoch 008] total_loss=0.096961, Lr0=0.000098Lr1=0.000980, time=0.65s
2026-03-15 01:28:06 | INFO | Validation — loss=0.6773, acc=0.6864, f1=0.4203, recall=0.507, precision=0.8425
2026-03-15 01:28:06 | INFO | Best model logged 0.4203
2026-03-15 01:28:07 | INFO | [Epoch 008] total_loss=0.120683, Lr0=0.000098Lr1=0.000980, time=0.78s
2026-03-15 01:28:07 | INFO | Validation — loss=0.7648, acc=0.3726, f1=0.3672, recall=0.3907, precision=0.402
2026-03-15 01:28:08 | INFO | [Epoch 009] total_loss=0.078123, Lr0=0.000098Lr1=0.000976, time=0.63s
2026-03-15 01:28:08 | INFO | Validation — loss=0.9264, acc=0.4235, f1=0.4161, recall=0.5353, precision=0.5469
2026-03-15 01:28:08 | INFO | [Epoch 009] total_loss=0.097955, Lr0=0.000098Lr1=0.000976, time=0.77s
2026-03-15 01:28:09 | INFO | Validation — loss=1.0389, acc=0.4262, f1=0.4188, recall=0.444, precision=0.4505
2026-03-15 01:28:09 | INFO | Best model logged 0.4188
2026-03-15 01:28:10 | INFO | Validation — loss=1.0236, acc=0.4448, f1=0.438, recall=0.4665, precision=0.4703
2026-03-15 01:28:10 | INFO | Best model logged 0.438
2026-03-15 01:28:10 | INFO | [Epoch 010] total_loss=0.074364, Lr0=0.000097Lr1=0.000970, time=0.62s
2026-03-15 01:28:10 | INFO | [Epoch 010] total_loss=0.074868, Lr0=0.000097Lr1=0.000970, time=0.81s
2026-03-15 01:28:11 | INFO | Validation — loss=2.6192, acc=0.3181, f1=0.2413, recall=0.5, precision=0.159
2026-03-15 01:28:11 | INFO | Validation — loss=2.6943, acc=0.3181, f1=0.2413, recall=0.5, precision=0.159
2026-03-15 01:28:12 | INFO | [Epoch 011] total_loss=0.051749, Lr0=0.000097Lr1=0.000965, time=0.65s
2026-03-15 01:28:12 | INFO | [Epoch 011] total_loss=0.040771, Lr0=0.000097Lr1=0.000965, time=0.82s
2026-03-15 01:28:13 | INFO | Validation — loss=1.9111, acc=0.395, f1=0.3593, recall=0.5544, precision=0.6569
2026-03-15 01:28:13 | INFO | Validation — loss=3.0966, acc=0.3181, f1=0.2413, recall=0.5, precision=0.159
2026-03-15 01:28:14 | INFO | [Epoch 012] total_loss=0.044032, Lr0=0.000096Lr1=0.000959, time=0.63s
2026-03-15 01:28:14 | INFO | [Epoch 012] total_loss=0.042119, Lr0=0.000096Lr1=0.000959, time=0.83s
2026-03-15 01:28:15 | INFO | Validation — loss=2.2511, acc=0.3632, f1=0.3155, recall=0.5294, precision=0.6246
2026-03-15 01:28:15 | INFO | Validation — loss=2.2081, acc=0.3452, f1=0.2847, recall=0.5199, precision=0.6635
2026-03-15 01:28:16 | INFO | [Epoch 013] total_loss=0.039386, Lr0=0.000095Lr1=0.000952, time=0.61s
2026-03-15 01:28:16 | INFO | [Epoch 013] total_loss=0.035307, Lr0=0.000095Lr1=0.000952, time=0.79s
2026-03-15 01:28:17 | INFO | Validation — loss=2.7410, acc=0.3365, f1=0.2765, recall=0.5087, precision=0.5647
2026-03-15 01:28:17 | INFO | Validation — loss=2.7276, acc=0.3218, f1=0.2475, recall=0.5028, precision=0.6596
2026-03-15 01:28:18 | INFO | [Epoch 014] total_loss=0.043385, Lr0=0.000095Lr1=0.000946, time=0.65s
2026-03-15 01:28:18 | INFO | [Epoch 014] total_loss=0.054463, Lr0=0.000095Lr1=0.000946, time=0.82s
2026-03-15 01:28:19 | INFO | Validation — loss=2.2543, acc=0.3788, f1=0.3393, recall=0.5391, precision=0.6244
2026-03-15 01:28:19 | INFO | Validation — loss=1.1972, acc=0.5156, f1=0.5149, recall=0.6099, precision=0.6181
2026-03-15 01:28:19 | INFO | Best model logged 0.5149
2026-03-15 01:28:20 | INFO | [Epoch 015] total_loss=0.022591, Lr0=0.000094Lr1=0.000938, time=0.63s
2026-03-15 01:28:20 | INFO | [Epoch 015] total_loss=0.050634, Lr0=0.000094Lr1=0.000938, time=0.77s
2026-03-15 01:28:21 | INFO | Validation — loss=2.4675, acc=0.3579, f1=0.304, recall=0.5292, precision=0.6656
2026-03-15 01:28:21 | INFO | Validation — loss=1.7991, acc=0.4284, f1=0.4026, recall=0.5809, precision=0.6787
2026-03-15 01:28:22 | INFO | [Epoch 016] total_loss=0.014013, Lr0=0.000093Lr1=0.000930, time=0.59s
2026-03-15 01:28:22 | INFO | [Epoch 016] total_loss=0.044481, Lr0=0.000093Lr1=0.000930, time=0.82s
2026-03-15 01:28:23 | INFO | Validation — loss=2.2156, acc=0.3839, f1=0.3507, recall=0.5373, precision=0.5967
2026-03-15 01:28:23 | INFO | Validation — loss=1.9684, acc=0.3697, f1=0.3215, recall=0.5378, precision=0.6677
2026-03-15 01:28:24 | INFO | [Epoch 017] total_loss=0.018594, Lr0=0.000092Lr1=0.000922, time=0.63s
2026-03-15 01:28:24 | INFO | [Epoch 017] total_loss=0.031172, Lr0=0.000092Lr1=0.000922, time=0.82s
2026-03-15 01:28:25 | INFO | Validation — loss=2.4363, acc=0.3421, f1=0.2829, recall=0.5148, precision=0.608
2026-03-15 01:28:25 | INFO | Validation — loss=2.9828, acc=0.3347, f1=0.2683, recall=0.5122, precision=0.6617
2026-03-15 01:28:26 | INFO | [Epoch 018] total_loss=0.013815, Lr0=0.000091Lr1=0.000914, time=0.61s
2026-03-15 01:28:26 | INFO | [Epoch 018] total_loss=0.021400, Lr0=0.000091Lr1=0.000914, time=0.82s
2026-03-15 01:28:27 | INFO | Validation — loss=2.4441, acc=0.339, f1=0.2749, recall=0.5153, precision=0.6624
2026-03-15 01:28:27 | INFO | Validation — loss=2.6949, acc=0.3434, f1=0.2819, recall=0.5186, precision=0.6632
2026-03-15 01:28:28 | INFO | [Epoch 019] total_loss=0.026499, Lr0=0.000091Lr1=0.000905, time=0.67s
2026-03-15 01:28:28 | INFO | [Epoch 019] total_loss=0.021246, Lr0=0.000091Lr1=0.000905, time=0.78s
2026-03-15 01:28:29 | INFO | Validation — loss=2.4659, acc=0.3554, f1=0.3014, recall=0.5263, precision=0.6483
2026-03-15 01:28:29 | INFO | Validation — loss=3.0341, acc=0.3205, f1=0.2453, recall=0.5018, precision=0.6594
2026-03-15 01:28:30 | INFO | [Epoch 020] total_loss=0.010190, Lr0=0.000090Lr1=0.000895, time=0.77s
2026-03-15 01:28:30 | INFO | [Epoch 020] total_loss=0.013715, Lr0=0.000090Lr1=0.000895, time=0.59s
2026-03-15 01:28:31 | INFO | Validation — loss=2.3597, acc=0.3843, f1=0.3459, recall=0.5447, precision=0.6386
2026-03-15 01:28:31 | INFO | Validation — loss=2.9038, acc=0.3354, f1=0.2693, recall=0.5127, precision=0.6618
2026-03-15 01:28:31 | INFO | [Epoch 021] total_loss=0.016583, Lr0=0.000089Lr1=0.000885, time=0.78s
2026-03-15 01:28:32 | INFO | [Epoch 021] total_loss=0.008791, Lr0=0.000089Lr1=0.000885, time=0.62s
2026-03-15 01:28:32 | INFO | Validation — loss=2.3674, acc=0.3895, f1=0.3508, recall=0.5512, precision=0.662
2026-03-15 01:28:33 | INFO | Validation — loss=3.1737, acc=0.3339, f1=0.2669, recall=0.5116, precision=0.6616
2026-03-15 01:28:33 | INFO | [Epoch 022] total_loss=0.018579, Lr0=0.000088Lr1=0.000875, time=0.77s
2026-03-15 01:28:33 | INFO | [Epoch 022] total_loss=0.012442, Lr0=0.000088Lr1=0.000875, time=0.61s
2026-03-15 01:28:34 | INFO | Validation — loss=2.9061, acc=0.3505, f1=0.2954, recall=0.5214, precision=0.6261
2026-03-15 01:28:35 | INFO | Validation — loss=2.9276, acc=0.3459, f1=0.2857, recall=0.5204, precision=0.6636
2026-03-15 01:28:35 | INFO | [Epoch 023] total_loss=0.018094, Lr0=0.000087Lr1=0.000865, time=0.77s
2026-03-15 01:28:35 | INFO | [Epoch 023] total_loss=0.018295, Lr0=0.000087Lr1=0.000865, time=0.61s
2026-03-15 01:28:36 | INFO | Validation — loss=1.9058, acc=0.4322, f1=0.4086, recall=0.5818, precision=0.6698
2026-03-15 01:28:37 | INFO | Validation — loss=3.1292, acc=0.347, f1=0.2892, recall=0.5195, precision=0.633
2026-03-15 01:28:37 | INFO | [Epoch 024] total_loss=0.005951, Lr0=0.000086Lr1=0.000854, time=0.83s
2026-03-15 01:28:37 | INFO | [Epoch 024] total_loss=0.012838, Lr0=0.000086Lr1=0.000854, time=0.61s
2026-03-15 01:28:38 | INFO | Validation — loss=2.1747, acc=0.3988, f1=0.3673, recall=0.5532, precision=0.6343
2026-03-15 01:28:39 | INFO | Validation — loss=3.2069, acc=0.3468, f1=0.2884, recall=0.5197, precision=0.639
2026-03-15 01:28:39 | INFO | [Epoch 025] total_loss=0.011575, Lr0=0.000084Lr1=0.000842, time=0.82s
2026-03-15 01:28:39 | INFO | [Epoch 025] total_loss=0.020174, Lr0=0.000084Lr1=0.000842, time=0.61s
2026-03-15 01:28:40 | INFO | Validation — loss=2.2789, acc=0.3879, f1=0.3477, recall=0.5512, precision=0.671
2026-03-15 01:28:41 | INFO | [Epoch 026] total_loss=0.012361, Lr0=0.000083Lr1=0.000831, time=0.77s
2026-03-15 01:28:41 | INFO | Validation — loss=3.5330, acc=0.3474, f1=0.2881, recall=0.5215, precision=0.6638
2026-03-15 01:28:41 | INFO | [Epoch 026] total_loss=0.032444, Lr0=0.000083Lr1=0.000831, time=0.60s
2026-03-15 01:28:42 | INFO | Validation — loss=2.2804, acc=0.4084, f1=0.3761, recall=0.566, precision=0.6736
2026-03-15 01:28:43 | INFO | [Epoch 027] total_loss=0.009648, Lr0=0.000082Lr1=0.000819, time=0.82s
2026-03-15 01:28:43 | INFO | Validation — loss=2.9529, acc=0.3701, f1=0.3235, recall=0.5367, precision=0.6515
2026-03-15 01:28:43 | INFO | [Epoch 027] total_loss=0.038118, Lr0=0.000082Lr1=0.000819, time=0.64s
2026-03-15 01:28:44 | INFO | Validation — loss=2.1678, acc=0.4326, f1=0.4149, recall=0.5717, precision=0.6262
2026-03-15 01:28:44 | INFO | [Epoch 028] total_loss=0.007990, Lr0=0.000081Lr1=0.000807, time=0.80s
2026-03-15 01:28:45 | INFO | Validation — loss=3.1247, acc=0.3652, f1=0.3283, recall=0.5193, precision=0.5545
2026-03-15 01:28:46 | INFO | Validation — loss=2.5695, acc=0.3772, f1=0.3343, recall=0.5413, precision=0.6495
2026-03-15 01:28:46 | INFO | [Epoch 028] total_loss=0.020142, Lr0=0.000081Lr1=0.000807, time=0.72s
2026-03-15 01:28:46 | INFO | [Epoch 029] total_loss=0.007657, Lr0=0.000080Lr1=0.000794, time=0.79s
2026-03-15 01:28:47 | INFO | Validation — loss=3.1872, acc=0.3841, f1=0.36, recall=0.5242, precision=0.5483
2026-03-15 01:28:47 | INFO | Validation — loss=2.4902, acc=0.381, f1=0.3397, recall=0.5441, precision=0.6513
2026-03-15 01:28:48 | INFO | [Epoch 029] total_loss=0.008759, Lr0=0.000080Lr1=0.000794, time=0.61s
2026-03-15 01:28:48 | INFO | [Epoch 030] total_loss=0.008039, Lr0=0.000078Lr1=0.000781, time=0.81s
2026-03-15 01:28:49 | INFO | Validation — loss=3.3935, acc=0.3588, f1=0.3223, recall=0.5108, precision=0.5298
2026-03-15 01:28:49 | INFO | Early stopping at epoch 29. Best: 0.418800
2026-03-15 01:28:49 | INFO | Training complete.
2026-03-15 01:28:49 | INFO | Best checkpoint: ./save/cnn_overlap_new/subject_invariant_SWELLDataset/finetuned_best_0.pt
2026-03-15 01:28:49 | INFO | Validation — loss=3.2416, acc=0.3532, f1=0.2981, recall=0.5246, precision=0.6469
2026-03-15 01:28:50 | INFO | [Epoch 031] total_loss=0.002444, Lr0=0.000077Lr1=0.000768, time=0.79s
2026-03-15 01:28:51 | INFO | Validation — loss=3.0271, acc=0.3623, f1=0.311, recall=0.5321, precision=0.6614
2026-03-15 01:28:52 | INFO | [Epoch 032] total_loss=0.002178, Lr0=0.000076Lr1=0.000755, time=0.78s
2026-03-15 01:28:53 | INFO | Validation — loss=2.4527, acc=0.4026, f1=0.3696, recall=0.5599, precision=0.6596
2026-03-15 01:28:54 | INFO | [Epoch 033] total_loss=0.003190, Lr0=0.000074Lr1=0.000741, time=0.77s
2026-03-15 01:28:55 | INFO | Validation — loss=2.0459, acc=0.4488, f1=0.4318, recall=0.5899, precision=0.6573
2026-03-15 01:28:55 | INFO | [Epoch 034] total_loss=0.004268, Lr0=0.000073Lr1=0.000727, time=0.75s
2026-03-15 01:28:56 | INFO | Validation — loss=2.0427, acc=0.4531, f1=0.4371, recall=0.5928, precision=0.6582
2026-03-15 01:28:56 | INFO | Early stopping at epoch 34. Best: 0.514900
2026-03-15 01:28:56 | INFO | Training complete.
2026-03-15 01:28:56 | INFO | Best checkpoint: ./save/cnn_overlap_new/subject_invariant_SWELLDataset/finetuned_best_0.pt
2026-03-15 01:29:01 | INFO | Model forward EncoderClassifierModel(
  (encoder): CNNEncoder(
    (cnn_layers): Sequential(
      (0): Conv1d(1, 32, kernel_size=(10,), stride=(1,))
      (1): BatchNorm1d(32, eps=1e-05, momentum=0.1, affine=True, track_running_stats=True)
      (2): ReLU()
      (3): MaxPool1d(kernel_size=2, stride=2, padding=0, dilation=1, ceil_mode=False)
      (4): Dropout(p=0.0, inplace=False)
      (5): Conv1d(32, 64, kernel_size=(10,), stride=(1,))
      (6): BatchNorm1d(64, eps=1e-05, momentum=0.1, affine=True, track_running_stats=True)
      (7): ReLU()
      (8): MaxPool1d(kernel_size=2, stride=2, padding=0, dilation=1, ceil_mode=False)
      (9): Dropout(p=0.0, inplace=False)
      (10): Conv1d(64, 128, kernel_size=(10,), stride=(1,))
      (11): BatchNorm1d(128, eps=1e-05, momentum=0.1, affine=True, track_running_stats=True)
      (12): ReLU()
      (13): MaxPool1d(kernel_size=2, stride=2, padding=0, dilation=1, ceil_mode=False)
      (14): Dropout(p=0.0, inplace=False)
      (15): Conv1d(128, 256, kernel_size=(10,), stride=(1,))
      (16): BatchNorm1d(256, eps=1e-05, momentum=0.1, affine=True, track_running_stats=True)
      (17): ReLU()
      (18): MaxPool1d(kernel_size=2, stride=2, padding=0, dilation=1, ceil_mode=False)
      (19): Dropout(p=0.0, inplace=False)
    )
    (linear_layer): Sequential(
      (0): Linear(in_features=18176, out_features=64, bias=True)
      (1): ReLU()
    )
  )
  (classifier): Linear(in_features=64, out_features=1, bias=True)
  (loss_fn): BCEWithLogitsLoss()
)
2026-03-15 01:29:02 | INFO | [Epoch 000] total_loss=0.639877, Lr0=0.000100Lr1=0.001000, time=0.61s
2026-03-15 01:29:03 | INFO | Validation — loss=0.6388, acc=0.7069, f1=0.4141, recall=0.5, precision=0.3534
2026-03-15 01:29:03 | INFO | Best model logged 0.4141
2026-03-15 01:29:04 | INFO | [Epoch 001] total_loss=0.512290, Lr0=0.000100Lr1=0.000999, time=0.59s
2026-03-15 01:29:05 | INFO | Validation — loss=0.7251, acc=0.7069, f1=0.4141, recall=0.5, precision=0.3534
2026-03-15 01:29:06 | INFO | [Epoch 002] total_loss=0.341711, Lr0=0.000100Lr1=0.000998, time=0.62s
2026-03-15 01:29:07 | INFO | Validation — loss=0.9031, acc=0.7069, f1=0.4141, recall=0.5, precision=0.3534
2026-03-15 01:29:08 | INFO | [Epoch 003] total_loss=0.213763, Lr0=0.000100Lr1=0.000996, time=0.64s
2026-03-15 01:29:09 | INFO | Validation — loss=1.8115, acc=0.7069, f1=0.4141, recall=0.5, precision=0.3534
2026-03-15 01:29:10 | INFO | Model forward EncoderClassifierModel(
  (encoder): CNNEncoder(
    (cnn_layers): Sequential(
      (0): Conv1d(1, 32, kernel_size=(10,), stride=(1,))
      (1): BatchNorm1d(32, eps=1e-05, momentum=0.1, affine=True, track_running_stats=True)
      (2): ReLU()
      (3): MaxPool1d(kernel_size=2, stride=2, padding=0, dilation=1, ceil_mode=False)
      (4): Dropout(p=0.0, inplace=False)
      (5): Conv1d(32, 64, kernel_size=(10,), stride=(1,))
      (6): BatchNorm1d(64, eps=1e-05, momentum=0.1, affine=True, track_running_stats=True)
      (7): ReLU()
      (8): MaxPool1d(kernel_size=2, stride=2, padding=0, dilation=1, ceil_mode=False)
      (9): Dropout(p=0.0, inplace=False)
      (10): Conv1d(64, 128, kernel_size=(10,), stride=(1,))
      (11): BatchNorm1d(128, eps=1e-05, momentum=0.1, affine=True, track_running_stats=True)
      (12): ReLU()
      (13): MaxPool1d(kernel_size=2, stride=2, padding=0, dilation=1, ceil_mode=False)
      (14): Dropout(p=0.0, inplace=False)
      (15): Conv1d(128, 256, kernel_size=(10,), stride=(1,))
      (16): BatchNorm1d(256, eps=1e-05, momentum=0.1, affine=True, track_running_stats=True)
      (17): ReLU()
      (18): MaxPool1d(kernel_size=2, stride=2, padding=0, dilation=1, ceil_mode=False)
      (19): Dropout(p=0.0, inplace=False)
    )
    (linear_layer): Sequential(
      (0): Linear(in_features=18176, out_features=64, bias=True)
      (1): ReLU()
    )
  )
  (classifier): Linear(in_features=64, out_features=1, bias=True)
  (loss_fn): BCEWithLogitsLoss()
)
2026-03-15 01:29:10 | INFO | [Epoch 004] total_loss=0.154553, Lr0=0.000099Lr1=0.000994, time=0.63s
2026-03-15 01:29:10 | INFO | [Epoch 000] total_loss=0.639876, Lr0=0.000100Lr1=0.001000, time=0.83s
2026-03-15 01:29:11 | INFO | Validation — loss=2.7152, acc=0.7069, f1=0.4141, recall=0.5, precision=0.3534
2026-03-15 01:29:12 | INFO | Validation — loss=0.6335, acc=0.7069, f1=0.4141, recall=0.5, precision=0.3534
2026-03-15 01:29:12 | INFO | Best model logged 0.4141
2026-03-15 01:29:12 | INFO | [Epoch 005] total_loss=0.102815, Lr0=0.000099Lr1=0.000991, time=0.67s
2026-03-15 01:29:12 | INFO | [Epoch 001] total_loss=0.512277, Lr0=0.000100Lr1=0.000999, time=0.78s
2026-03-15 01:29:13 | INFO | Validation — loss=1.4527, acc=0.7069, f1=0.4141, recall=0.5, precision=0.3534
2026-03-15 01:29:13 | INFO | Validation — loss=0.7232, acc=0.7069, f1=0.4141, recall=0.5, precision=0.3534
2026-03-15 01:29:14 | INFO | [Epoch 006] total_loss=0.077899, Lr0=0.000099Lr1=0.000988, time=0.69s
2026-03-15 01:29:14 | INFO | [Epoch 002] total_loss=0.341614, Lr0=0.000100Lr1=0.000998, time=0.79s
2026-03-15 01:29:15 | INFO | Validation — loss=2.2556, acc=0.7069, f1=0.4141, recall=0.5, precision=0.3534
2026-03-15 01:29:15 | INFO | Validation — loss=1.1903, acc=0.7069, f1=0.4141, recall=0.5, precision=0.3534
2026-03-15 01:29:16 | INFO | [Epoch 007] total_loss=0.051730, Lr0=0.000098Lr1=0.000984, time=0.59s
2026-03-15 01:29:16 | INFO | [Epoch 003] total_loss=0.212527, Lr0=0.000100Lr1=0.000996, time=0.79s
2026-03-15 01:29:17 | INFO | Validation — loss=0.8403, acc=0.7069, f1=0.4141, recall=0.5, precision=0.3534
2026-03-15 01:29:17 | INFO | Validation — loss=2.8209, acc=0.7069, f1=0.4141, recall=0.5, precision=0.3534
2026-03-15 01:29:18 | INFO | [Epoch 008] total_loss=0.047941, Lr0=0.000098Lr1=0.000980, time=0.60s
2026-03-15 01:29:18 | INFO | [Epoch 004] total_loss=0.155597, Lr0=0.000099Lr1=0.000994, time=0.77s
2026-03-15 01:29:19 | INFO | Validation — loss=0.7439, acc=0.7069, f1=0.4141, recall=0.5, precision=0.3534
2026-03-15 01:29:19 | INFO | Validation — loss=3.9753, acc=0.7069, f1=0.4141, recall=0.5, precision=0.3534
2026-03-15 01:29:20 | INFO | [Epoch 009] total_loss=0.074630, Lr0=0.000098Lr1=0.000976, time=0.58s
2026-03-15 01:29:20 | INFO | [Epoch 005] total_loss=0.119780, Lr0=0.000099Lr1=0.000991, time=0.83s
2026-03-15 01:29:21 | INFO | Validation — loss=1.2260, acc=0.2931, f1=0.2267, recall=0.5, precision=0.1466
2026-03-15 01:29:21 | INFO | Validation — loss=3.1709, acc=0.7069, f1=0.4141, recall=0.5, precision=0.3534
2026-03-15 01:29:22 | INFO | [Epoch 006] total_loss=0.073092, Lr0=0.000099Lr1=0.000988, time=0.75s
2026-03-15 01:29:22 | INFO | [Epoch 010] total_loss=0.043053, Lr0=0.000097Lr1=0.000970, time=0.62s
2026-03-15 01:29:23 | INFO | Validation — loss=1.0375, acc=0.7069, f1=0.4141, recall=0.5, precision=0.3534
2026-03-15 01:29:23 | INFO | Validation — loss=1.3748, acc=0.7106, f1=0.4275, recall=0.5063, precision=0.8547
2026-03-15 01:29:23 | INFO | Best model logged 0.4275
2026-03-15 01:29:23 | INFO | [Epoch 007] total_loss=0.052616, Lr0=0.000098Lr1=0.000984, time=0.81s
2026-03-15 01:29:24 | INFO | [Epoch 011] total_loss=0.031520, Lr0=0.000097Lr1=0.000965, time=0.61s
2026-03-15 01:29:25 | INFO | Validation — loss=1.2769, acc=0.7069, f1=0.4141, recall=0.5, precision=0.3534
2026-03-15 01:29:25 | INFO | Validation — loss=0.5750, acc=0.7198, f1=0.6723, recall=0.6784, precision=0.6682
2026-03-15 01:29:25 | INFO | Best model logged 0.6723
2026-03-15 01:29:25 | INFO | [Epoch 008] total_loss=0.040157, Lr0=0.000098Lr1=0.000980, time=0.83s
2026-03-15 01:29:26 | INFO | [Epoch 012] total_loss=0.050522, Lr0=0.000096Lr1=0.000959, time=0.65s
2026-03-15 01:29:26 | INFO | Validation — loss=2.9632, acc=0.7069, f1=0.4141, recall=0.5, precision=0.3534
2026-03-15 01:29:27 | INFO | Validation — loss=0.8260, acc=0.7493, f1=0.7289, recall=0.767, precision=0.7254
2026-03-15 01:29:27 | INFO | Best model logged 0.7289
2026-03-15 01:29:27 | INFO | [Epoch 009] total_loss=0.062270, Lr0=0.000098Lr1=0.000976, time=0.76s
2026-03-15 01:29:28 | INFO | [Epoch 013] total_loss=0.032258, Lr0=0.000095Lr1=0.000952, time=0.61s
2026-03-15 01:29:28 | INFO | Validation — loss=2.5737, acc=0.7069, f1=0.4141, recall=0.5, precision=0.3534
2026-03-15 01:29:29 | INFO | [Epoch 010] total_loss=0.040757, Lr0=0.000097Lr1=0.000970, time=0.82s
2026-03-15 01:29:29 | INFO | Validation — loss=1.3155, acc=0.5696, f1=0.4186, recall=0.4329, precision=0.4121
2026-03-15 01:29:30 | INFO | [Epoch 014] total_loss=0.022958, Lr0=0.000095Lr1=0.000946, time=0.61s
2026-03-15 01:29:30 | INFO | Validation — loss=1.6606, acc=0.7069, f1=0.4141, recall=0.5, precision=0.3534
2026-03-15 01:29:31 | INFO | [Epoch 011] total_loss=0.054195, Lr0=0.000097Lr1=0.000965, time=0.78s
2026-03-15 01:29:31 | INFO | Validation — loss=1.4344, acc=0.7119, f1=0.4324, recall=0.5087, precision=0.8552
2026-03-15 01:29:32 | INFO | [Epoch 015] total_loss=0.039915, Lr0=0.000094Lr1=0.000938, time=0.62s
2026-03-15 01:29:32 | INFO | Validation — loss=1.8381, acc=0.7096, f1=0.4242, recall=0.5047, precision=0.8544
2026-03-15 01:29:32 | INFO | Best model logged 0.4242
2026-03-15 01:29:33 | INFO | [Epoch 012] total_loss=0.083343, Lr0=0.000096Lr1=0.000959, time=0.73s
2026-03-15 01:29:33 | INFO | Validation — loss=1.1778, acc=0.7528, f1=0.7328, recall=0.7719, precision=0.7294
2026-03-15 01:29:33 | INFO | Best model logged 0.7328
2026-03-15 01:29:34 | INFO | Validation — loss=1.1985, acc=0.5987, f1=0.4791, recall=0.4831, precision=0.4801
2026-03-15 01:29:34 | INFO | Best model logged 0.4791
2026-03-15 01:29:34 | INFO | [Epoch 016] total_loss=0.030858, Lr0=0.000093Lr1=0.000930, time=0.62s
2026-03-15 01:29:35 | INFO | [Epoch 013] total_loss=0.040558, Lr0=0.000095Lr1=0.000952, time=0.76s
2026-03-15 01:29:35 | INFO | Validation — loss=2.9736, acc=0.3003, f1=0.238, recall=0.5051, precision=0.6476
2026-03-15 01:29:36 | INFO | Validation — loss=1.8577, acc=0.426, f1=0.417, recall=0.576, precision=0.6122
2026-03-15 01:29:36 | INFO | [Epoch 017] total_loss=0.069851, Lr0=0.000092Lr1=0.000922, time=0.66s
2026-03-15 01:29:36 | INFO | [Epoch 014] total_loss=0.026309, Lr0=0.000095Lr1=0.000946, time=0.82s
2026-03-15 01:29:37 | INFO | Validation — loss=1.2940, acc=0.5929, f1=0.4711, recall=0.4758, precision=0.4714
2026-03-15 01:29:38 | INFO | Validation — loss=1.0879, acc=0.6227, f1=0.5491, recall=0.5496, precision=0.5487
2026-03-15 01:29:38 | INFO | Best model logged 0.5491
2026-03-15 01:29:38 | INFO | [Epoch 018] total_loss=0.047195, Lr0=0.000091Lr1=0.000914, time=0.62s
2026-03-15 01:29:38 | INFO | [Epoch 015] total_loss=0.043526, Lr0=0.000094Lr1=0.000938, time=0.74s
2026-03-15 01:29:39 | INFO | Validation — loss=1.1031, acc=0.6642, f1=0.603, recall=0.6054, precision=0.6014
2026-03-15 01:29:39 | INFO | Validation — loss=1.3589, acc=0.6102, f1=0.3823, recall=0.433, precision=0.345
2026-03-15 01:29:40 | INFO | [Epoch 019] total_loss=0.025875, Lr0=0.000091Lr1=0.000905, time=0.61s
2026-03-15 01:29:40 | INFO | [Epoch 016] total_loss=0.020881, Lr0=0.000093Lr1=0.000930, time=0.79s
2026-03-15 01:29:41 | INFO | Validation — loss=1.4468, acc=0.5602, f1=0.384, recall=0.4089, precision=0.3675
2026-03-15 01:29:41 | INFO | Validation — loss=1.4209, acc=0.5856, f1=0.5836, recall=0.6723, precision=0.6547
2026-03-15 01:29:41 | INFO | Best model logged 0.5836
2026-03-15 01:29:42 | INFO | [Epoch 020] total_loss=0.026324, Lr0=0.000090Lr1=0.000895, time=0.64s
2026-03-15 01:29:42 | INFO | [Epoch 017] total_loss=0.052691, Lr0=0.000092Lr1=0.000922, time=0.79s
2026-03-15 01:29:43 | INFO | Validation — loss=1.1685, acc=0.6248, f1=0.4257, recall=0.4599, precision=0.4202
2026-03-15 01:29:43 | INFO | Validation — loss=1.6660, acc=0.5969, f1=0.3738, recall=0.4222, precision=0.3353
2026-03-15 01:29:44 | INFO | [Epoch 021] total_loss=0.012975, Lr0=0.000089Lr1=0.000885, time=0.62s
2026-03-15 01:29:44 | INFO | [Epoch 018] total_loss=0.035215, Lr0=0.000091Lr1=0.000914, time=0.76s
2026-03-15 01:29:45 | INFO | Validation — loss=1.1483, acc=0.7177, f1=0.6866, recall=0.7087, precision=0.6815
2026-03-15 01:29:45 | INFO | Best model logged 0.6866
2026-03-15 01:29:45 | INFO | Validation — loss=1.1167, acc=0.5946, f1=0.4731, recall=0.4777, precision=0.4736
2026-03-15 01:29:46 | INFO | [Epoch 022] total_loss=0.013191, Lr0=0.000088Lr1=0.000875, time=0.61s
2026-03-15 01:29:46 | INFO | [Epoch 019] total_loss=0.023203, Lr0=0.000091Lr1=0.000905, time=0.78s
2026-03-15 01:29:47 | INFO | Validation — loss=1.2464, acc=0.7018, f1=0.6631, recall=0.6776, precision=0.6582
2026-03-15 01:29:47 | INFO | Validation — loss=0.8876, acc=0.6845, f1=0.6376, recall=0.6463, precision=0.6337
2026-03-15 01:29:48 | INFO | [Epoch 023] total_loss=0.007119, Lr0=0.000087Lr1=0.000865, time=0.68s
2026-03-15 01:29:48 | INFO | [Epoch 020] total_loss=0.040831, Lr0=0.000090Lr1=0.000895, time=0.80s
2026-03-15 01:29:49 | INFO | Validation — loss=1.4941, acc=0.5701, f1=0.4022, recall=0.4233, precision=0.3908
2026-03-15 01:29:49 | INFO | Validation — loss=1.0911, acc=0.5948, f1=0.4695, recall=0.4751, precision=0.47
2026-03-15 01:29:50 | INFO | [Epoch 021] total_loss=0.017743, Lr0=0.000089Lr1=0.000885, time=0.77s
2026-03-15 01:29:50 | INFO | [Epoch 024] total_loss=0.007814, Lr0=0.000086Lr1=0.000854, time=0.61s
2026-03-15 01:29:51 | INFO | Validation — loss=1.1770, acc=0.5793, f1=0.4299, recall=0.4434, precision=0.4253
2026-03-15 01:29:51 | INFO | Validation — loss=1.2567, acc=0.616, f1=0.5256, recall=0.5253, precision=0.5266
2026-03-15 01:29:51 | INFO | [Epoch 022] total_loss=0.019368, Lr0=0.000088Lr1=0.000875, time=0.78s
2026-03-15 01:29:52 | INFO | [Epoch 025] total_loss=0.004291, Lr0=0.000084Lr1=0.000842, time=0.63s
2026-03-15 01:29:53 | INFO | Validation — loss=1.4182, acc=0.5729, f1=0.3991, recall=0.4227, precision=0.386
2026-03-15 01:29:53 | INFO | Validation — loss=1.2590, acc=0.6266, f1=0.5454, recall=0.545, precision=0.5458
2026-03-15 01:29:53 | INFO | [Epoch 023] total_loss=0.017257, Lr0=0.000087Lr1=0.000865, time=0.78s
2026-03-15 01:29:54 | INFO | [Epoch 026] total_loss=0.003017, Lr0=0.000083Lr1=0.000831, time=0.64s
2026-03-15 01:29:54 | INFO | Validation — loss=1.0464, acc=0.6119, f1=0.5052, recall=0.5065, precision=0.5073
2026-03-15 01:29:55 | INFO | Validation — loss=1.2141, acc=0.6125, f1=0.5118, recall=0.5123, precision=0.5135
2026-03-15 01:29:55 | INFO | [Epoch 024] total_loss=0.013163, Lr0=0.000086Lr1=0.000854, time=0.77s
2026-03-15 01:29:56 | INFO | [Epoch 027] total_loss=0.002297, Lr0=0.000082Lr1=0.000819, time=0.63s
2026-03-15 01:29:56 | INFO | Validation — loss=1.5564, acc=0.5549, f1=0.3776, recall=0.4031, precision=0.3598
2026-03-15 01:29:57 | INFO | Validation — loss=1.2710, acc=0.6368, f1=0.5608, recall=0.5607, precision=0.561
2026-03-15 01:29:57 | INFO | [Epoch 025] total_loss=0.004977, Lr0=0.000084Lr1=0.000842, time=0.78s
2026-03-15 01:29:58 | INFO | [Epoch 028] total_loss=0.002922, Lr0=0.000081Lr1=0.000807, time=0.58s
2026-03-15 01:29:58 | INFO | Validation — loss=1.7148, acc=0.5454, f1=0.3638, recall=0.3913, precision=0.3423
2026-03-15 01:29:59 | INFO | Validation — loss=1.3153, acc=0.6836, f1=0.6398, recall=0.6507, precision=0.6358
2026-03-15 01:29:59 | INFO | [Epoch 026] total_loss=0.004897, Lr0=0.000083Lr1=0.000831, time=0.84s
2026-03-15 01:30:00 | INFO | [Epoch 029] total_loss=0.001650, Lr0=0.000080Lr1=0.000794, time=0.62s
2026-03-15 01:30:00 | INFO | Validation — loss=1.4919, acc=0.5623, f1=0.4021, recall=0.4201, precision=0.3921
2026-03-15 01:30:01 | INFO | Validation — loss=1.3297, acc=0.675, f1=0.6275, recall=0.6361, precision=0.6241
2026-03-15 01:30:01 | INFO | [Epoch 027] total_loss=0.003440, Lr0=0.000082Lr1=0.000819, time=0.79s
2026-03-15 01:30:02 | INFO | [Epoch 030] total_loss=0.002091, Lr0=0.000078Lr1=0.000781, time=0.65s
2026-03-15 01:30:02 | INFO | Validation — loss=1.4417, acc=0.5763, f1=0.4346, recall=0.4454, precision=0.4309
2026-03-15 01:30:03 | INFO | [Epoch 028] total_loss=0.003604, Lr0=0.000081Lr1=0.000807, time=0.77s
2026-03-15 01:30:03 | INFO | Validation — loss=1.3353, acc=0.6647, f1=0.6088, recall=0.6134, precision=0.6064
2026-03-15 01:30:04 | INFO | [Epoch 031] total_loss=0.001451, Lr0=0.000077Lr1=0.000768, time=0.70s
2026-03-15 01:30:04 | INFO | Validation — loss=1.4881, acc=0.5736, f1=0.4281, recall=0.4402, precision=0.4233
2026-03-15 01:30:05 | INFO | [Epoch 029] total_loss=0.001972, Lr0=0.000080Lr1=0.000794, time=0.81s
2026-03-15 01:30:05 | INFO | Validation — loss=1.3065, acc=0.6513, f1=0.586, recall=0.5876, precision=0.5849
2026-03-15 01:30:06 | INFO | [Epoch 032] total_loss=0.001218, Lr0=0.000076Lr1=0.000755, time=0.66s
2026-03-15 01:30:06 | INFO | Validation — loss=1.5204, acc=0.5786, f1=0.4391, recall=0.4491, precision=0.436
2026-03-15 01:30:06 | INFO | [Epoch 030] total_loss=0.002239, Lr0=0.000078Lr1=0.000781, time=0.78s
2026-03-15 01:30:07 | INFO | Validation — loss=1.2851, acc=0.6515, f1=0.5858, recall=0.5873, precision=0.5847
2026-03-15 01:30:07 | INFO | Validation — loss=1.5095, acc=0.5923, f1=0.4704, recall=0.4751, precision=0.4706
2026-03-15 01:30:08 | INFO | [Epoch 033] total_loss=0.001681, Lr0=0.000074Lr1=0.000741, time=0.62s
2026-03-15 01:30:08 | INFO | [Epoch 031] total_loss=0.001666, Lr0=0.000077Lr1=0.000768, time=0.77s
2026-03-15 01:30:09 | INFO | Validation — loss=1.2766, acc=0.6764, f1=0.6259, recall=0.6327, precision=0.6227
2026-03-15 01:30:09 | INFO | Validation — loss=1.5203, acc=0.5856, f1=0.4565, recall=0.4632, precision=0.4555
2026-03-15 01:30:10 | INFO | [Epoch 034] total_loss=0.001160, Lr0=0.000073Lr1=0.000727, time=0.64s
2026-03-15 01:30:10 | INFO | [Epoch 032] total_loss=0.001377, Lr0=0.000076Lr1=0.000755, time=0.80s
2026-03-15 01:30:11 | INFO | Validation — loss=1.3568, acc=0.6976, f1=0.6601, recall=0.6758, precision=0.6555
2026-03-15 01:30:11 | INFO | Validation — loss=1.5585, acc=0.5782, f1=0.4398, recall=0.4495, precision=0.4369
2026-03-15 01:30:12 | INFO | [Epoch 035] total_loss=0.001633, Lr0=0.000072Lr1=0.000713, time=0.78s
2026-03-15 01:30:12 | INFO | [Epoch 033] total_loss=0.001206, Lr0=0.000074Lr1=0.000741, time=0.81s
2026-03-15 01:30:13 | INFO | Validation — loss=1.6018, acc=0.571, f1=0.423, recall=0.4362, precision=0.4174
2026-03-15 01:30:13 | INFO | Validation — loss=1.3893, acc=0.6642, f1=0.6083, recall=0.6128, precision=0.6059
2026-03-15 01:30:13 | INFO | Early stopping at epoch 35. Best: 0.732800
2026-03-15 01:30:13 | INFO | Training complete.
2026-03-15 01:30:13 | INFO | Best checkpoint: ./save/cnn_overlap_new/subject_invariant_SWELLDataset/finetuned_best_1.pt
2026-03-15 01:30:14 | INFO | [Epoch 034] total_loss=0.001156, Lr0=0.000073Lr1=0.000727, time=0.76s
2026-03-15 01:30:15 | INFO | Validation — loss=1.6225, acc=0.5791, f1=0.4441, recall=0.4527, precision=0.4417
2026-03-15 01:30:16 | INFO | [Epoch 035] total_loss=0.001207, Lr0=0.000072Lr1=0.000713, time=0.78s
2026-03-15 01:30:17 | INFO | Validation — loss=1.6758, acc=0.5731, f1=0.4296, recall=0.4411, precision=0.4252
2026-03-15 01:30:17 | INFO | [Epoch 036] total_loss=0.001589, Lr0=0.000070Lr1=0.000699, time=0.80s
2026-03-15 01:30:19 | INFO | Validation — loss=1.6559, acc=0.5893, f1=0.466, recall=0.4711, precision=0.4659
2026-03-15 01:30:19 | INFO | [Epoch 037] total_loss=0.001011, Lr0=0.000069Lr1=0.000684, time=0.79s
2026-03-15 01:30:20 | INFO | Validation — loss=1.6637, acc=0.5913, f1=0.4713, recall=0.4756, precision=0.4715
2026-03-15 01:30:21 | INFO | [Epoch 038] total_loss=0.003213, Lr0=0.000067Lr1=0.000670, time=0.78s
2026-03-15 01:30:22 | INFO | Validation — loss=1.6438, acc=0.6063, f1=0.5114, recall=0.5115, precision=0.5122
2026-03-15 01:30:22 | INFO | Early stopping at epoch 38. Best: 0.686600
2026-03-15 01:30:22 | INFO | Training complete.
2026-03-15 01:30:22 | INFO | Best checkpoint: ./save/cnn_overlap_new/subject_invariant_SWELLDataset/finetuned_best_1.pt
2026-03-15 01:30:26 | INFO | Model forward EncoderClassifierModel(
  (encoder): CNNEncoder(
    (cnn_layers): Sequential(
      (0): Conv1d(1, 32, kernel_size=(10,), stride=(1,))
      (1): BatchNorm1d(32, eps=1e-05, momentum=0.1, affine=True, track_running_stats=True)
      (2): ReLU()
      (3): MaxPool1d(kernel_size=2, stride=2, padding=0, dilation=1, ceil_mode=False)
      (4): Dropout(p=0.0, inplace=False)
      (5): Conv1d(32, 64, kernel_size=(10,), stride=(1,))
      (6): BatchNorm1d(64, eps=1e-05, momentum=0.1, affine=True, track_running_stats=True)
      (7): ReLU()
      (8): MaxPool1d(kernel_size=2, stride=2, padding=0, dilation=1, ceil_mode=False)
      (9): Dropout(p=0.0, inplace=False)
      (10): Conv1d(64, 128, kernel_size=(10,), stride=(1,))
      (11): BatchNorm1d(128, eps=1e-05, momentum=0.1, affine=True, track_running_stats=True)
      (12): ReLU()
      (13): MaxPool1d(kernel_size=2, stride=2, padding=0, dilation=1, ceil_mode=False)
      (14): Dropout(p=0.0, inplace=False)
      (15): Conv1d(128, 256, kernel_size=(10,), stride=(1,))
      (16): BatchNorm1d(256, eps=1e-05, momentum=0.1, affine=True, track_running_stats=True)
      (17): ReLU()
      (18): MaxPool1d(kernel_size=2, stride=2, padding=0, dilation=1, ceil_mode=False)
      (19): Dropout(p=0.0, inplace=False)
    )
    (linear_layer): Sequential(
      (0): Linear(in_features=18176, out_features=64, bias=True)
      (1): ReLU()
    )
  )
  (classifier): Linear(in_features=64, out_features=1, bias=True)
  (loss_fn): BCEWithLogitsLoss()
)
2026-03-15 01:30:26 | INFO | [Epoch 000] total_loss=0.643691, Lr0=0.000100Lr1=0.001000, time=0.61s
2026-03-15 01:30:28 | INFO | Validation — loss=0.6091, acc=0.7054, f1=0.4136, recall=0.5, precision=0.3527
2026-03-15 01:30:28 | INFO | Best model logged 0.4136
2026-03-15 01:30:28 | INFO | [Epoch 001] total_loss=0.528006, Lr0=0.000100Lr1=0.000999, time=0.58s
2026-03-15 01:30:29 | INFO | Validation — loss=0.9000, acc=0.7054, f1=0.4136, recall=0.5, precision=0.3527
2026-03-15 01:30:30 | INFO | [Epoch 002] total_loss=0.378824, Lr0=0.000100Lr1=0.000998, time=0.63s
2026-03-15 01:30:31 | INFO | Validation — loss=1.2469, acc=0.7054, f1=0.4136, recall=0.5, precision=0.3527
2026-03-15 01:30:32 | INFO | [Epoch 003] total_loss=0.247813, Lr0=0.000100Lr1=0.000996, time=0.60s
2026-03-15 01:30:33 | INFO | Validation — loss=1.7790, acc=0.7054, f1=0.4136, recall=0.5, precision=0.3527
2026-03-15 01:30:34 | INFO | [Epoch 004] total_loss=0.181607, Lr0=0.000099Lr1=0.000994, time=0.62s
2026-03-15 01:30:35 | INFO | Model forward EncoderClassifierModel(
  (encoder): CNNEncoder(
    (cnn_layers): Sequential(
      (0): Conv1d(1, 32, kernel_size=(10,), stride=(1,))
      (1): BatchNorm1d(32, eps=1e-05, momentum=0.1, affine=True, track_running_stats=True)
      (2): ReLU()
      (3): MaxPool1d(kernel_size=2, stride=2, padding=0, dilation=1, ceil_mode=False)
      (4): Dropout(p=0.0, inplace=False)
      (5): Conv1d(32, 64, kernel_size=(10,), stride=(1,))
      (6): BatchNorm1d(64, eps=1e-05, momentum=0.1, affine=True, track_running_stats=True)
      (7): ReLU()
      (8): MaxPool1d(kernel_size=2, stride=2, padding=0, dilation=1, ceil_mode=False)
      (9): Dropout(p=0.0, inplace=False)
      (10): Conv1d(64, 128, kernel_size=(10,), stride=(1,))
      (11): BatchNorm1d(128, eps=1e-05, momentum=0.1, affine=True, track_running_stats=True)
      (12): ReLU()
      (13): MaxPool1d(kernel_size=2, stride=2, padding=0, dilation=1, ceil_mode=False)
      (14): Dropout(p=0.0, inplace=False)
      (15): Conv1d(128, 256, kernel_size=(10,), stride=(1,))
      (16): BatchNorm1d(256, eps=1e-05, momentum=0.1, affine=True, track_running_stats=True)
      (17): ReLU()
      (18): MaxPool1d(kernel_size=2, stride=2, padding=0, dilation=1, ceil_mode=False)
      (19): Dropout(p=0.0, inplace=False)
    )
    (linear_layer): Sequential(
      (0): Linear(in_features=18176, out_features=64, bias=True)
      (1): ReLU()
    )
  )
  (classifier): Linear(in_features=64, out_features=1, bias=True)
  (loss_fn): BCEWithLogitsLoss()
)
2026-03-15 01:30:35 | INFO | Validation — loss=4.8966, acc=0.7054, f1=0.4136, recall=0.5, precision=0.3527
2026-03-15 01:30:35 | INFO | [Epoch 000] total_loss=0.643691, Lr0=0.000100Lr1=0.001000, time=0.82s
2026-03-15 01:30:36 | INFO | [Epoch 005] total_loss=0.120511, Lr0=0.000099Lr1=0.000991, time=0.75s
2026-03-15 01:30:37 | INFO | Validation — loss=0.6227, acc=0.7054, f1=0.4136, recall=0.5, precision=0.3527
2026-03-15 01:30:37 | INFO | Best model logged 0.4136
2026-03-15 01:30:37 | INFO | Validation — loss=3.6653, acc=0.7054, f1=0.4136, recall=0.5, precision=0.3527
2026-03-15 01:30:38 | INFO | [Epoch 001] total_loss=0.528005, Lr0=0.000100Lr1=0.000999, time=0.78s
2026-03-15 01:30:38 | INFO | [Epoch 006] total_loss=0.102249, Lr0=0.000099Lr1=0.000988, time=0.74s
2026-03-15 01:30:39 | INFO | Validation — loss=0.6836, acc=0.7054, f1=0.4136, recall=0.5, precision=0.3527
2026-03-15 01:30:39 | INFO | [Epoch 002] total_loss=0.378739, Lr0=0.000100Lr1=0.000998, time=0.77s
2026-03-15 01:30:40 | INFO | Validation — loss=3.6824, acc=0.7054, f1=0.4136, recall=0.5, precision=0.3527
2026-03-15 01:30:40 | INFO | [Epoch 007] total_loss=0.070399, Lr0=0.000098Lr1=0.000984, time=0.68s
2026-03-15 01:30:40 | INFO | Validation — loss=0.8003, acc=0.7054, f1=0.4136, recall=0.5, precision=0.3527
2026-03-15 01:30:41 | INFO | [Epoch 003] total_loss=0.247406, Lr0=0.000100Lr1=0.000996, time=0.79s
2026-03-15 01:30:42 | INFO | Validation — loss=1.9465, acc=0.7054, f1=0.4136, recall=0.5, precision=0.3527
2026-03-15 01:30:42 | INFO | [Epoch 008] total_loss=0.088787, Lr0=0.000098Lr1=0.000980, time=0.64s
2026-03-15 01:30:42 | INFO | Validation — loss=2.6337, acc=0.7054, f1=0.4136, recall=0.5, precision=0.3527
2026-03-15 01:30:43 | INFO | [Epoch 004] total_loss=0.178722, Lr0=0.000099Lr1=0.000994, time=0.81s
2026-03-15 01:30:43 | INFO | Validation — loss=1.4684, acc=0.7054, f1=0.4136, recall=0.5, precision=0.3527
2026-03-15 01:30:44 | INFO | [Epoch 009] total_loss=0.062941, Lr0=0.000098Lr1=0.000976, time=0.61s
2026-03-15 01:30:44 | INFO | Validation — loss=3.9324, acc=0.7054, f1=0.4136, recall=0.5, precision=0.3527
2026-03-15 01:30:45 | INFO | [Epoch 005] total_loss=0.119722, Lr0=0.000099Lr1=0.000991, time=0.77s
2026-03-15 01:30:45 | INFO | Validation — loss=1.3480, acc=0.7054, f1=0.4136, recall=0.5, precision=0.3527
2026-03-15 01:30:46 | INFO | [Epoch 010] total_loss=0.041674, Lr0=0.000097Lr1=0.000970, time=0.61s
2026-03-15 01:30:46 | INFO | Validation — loss=1.8939, acc=0.2946, f1=0.2276, recall=0.5, precision=0.1473
2026-03-15 01:30:47 | INFO | [Epoch 006] total_loss=0.107520, Lr0=0.000099Lr1=0.000988, time=0.77s
2026-03-15 01:30:47 | INFO | Validation — loss=1.1354, acc=0.7054, f1=0.4136, recall=0.5, precision=0.3527
2026-03-15 01:30:48 | INFO | Validation — loss=1.8563, acc=0.7054, f1=0.4136, recall=0.5, precision=0.3527
2026-03-15 01:30:48 | INFO | [Epoch 011] total_loss=0.056372, Lr0=0.000097Lr1=0.000965, time=0.63s
2026-03-15 01:30:49 | INFO | [Epoch 007] total_loss=0.074668, Lr0=0.000098Lr1=0.000984, time=0.81s
2026-03-15 01:30:49 | INFO | Validation — loss=2.2950, acc=0.7054, f1=0.4136, recall=0.5, precision=0.3527
2026-03-15 01:30:50 | INFO | Validation — loss=1.8722, acc=0.7054, f1=0.4136, recall=0.5, precision=0.3527
2026-03-15 01:30:50 | INFO | [Epoch 012] total_loss=0.052507, Lr0=0.000096Lr1=0.000959, time=0.61s
2026-03-15 01:30:51 | INFO | [Epoch 008] total_loss=0.086363, Lr0=0.000098Lr1=0.000980, time=0.87s
2026-03-15 01:30:51 | INFO | Validation — loss=1.8590, acc=0.7054, f1=0.4136, recall=0.5, precision=0.3527
2026-03-15 01:30:52 | INFO | [Epoch 013] total_loss=0.099611, Lr0=0.000095Lr1=0.000952, time=0.62s
2026-03-15 01:30:52 | INFO | Validation — loss=1.5572, acc=0.7054, f1=0.4136, recall=0.5, precision=0.3527
2026-03-15 01:30:53 | INFO | [Epoch 009] total_loss=0.063779, Lr0=0.000098Lr1=0.000976, time=0.79s
2026-03-15 01:30:53 | INFO | Validation — loss=1.9300, acc=0.7054, f1=0.4136, recall=0.5, precision=0.3527
2026-03-15 01:30:54 | INFO | Validation — loss=1.0915, acc=0.7072, f1=0.4203, recall=0.5031, precision=0.8534
2026-03-15 01:30:54 | INFO | Best model logged 0.4203
2026-03-15 01:30:54 | INFO | [Epoch 014] total_loss=0.096530, Lr0=0.000095Lr1=0.000946, time=0.67s
2026-03-15 01:30:55 | INFO | [Epoch 010] total_loss=0.042525, Lr0=0.000097Lr1=0.000970, time=0.85s
2026-03-15 01:30:55 | INFO | Validation — loss=0.5722, acc=0.6967, f1=0.6796, recall=0.724, precision=0.6867
2026-03-15 01:30:55 | INFO | Best model logged 0.6796
2026-03-15 01:30:56 | INFO | Validation — loss=0.9334, acc=0.2879, f1=0.2749, recall=0.4127, precision=0.3653
2026-03-15 01:30:56 | INFO | [Epoch 015] total_loss=0.051407, Lr0=0.000094Lr1=0.000938, time=0.63s
2026-03-15 01:30:56 | INFO | [Epoch 011] total_loss=0.054727, Lr0=0.000097Lr1=0.000965, time=0.86s
2026-03-15 01:30:57 | INFO | Validation — loss=1.2835, acc=0.7146, f1=0.4462, recall=0.5156, precision=0.856
2026-03-15 01:30:58 | INFO | Validation — loss=1.4570, acc=0.7061, f1=0.4161, recall=0.5012, precision=0.8529
2026-03-15 01:30:58 | INFO | [Epoch 016] total_loss=0.061808, Lr0=0.000093Lr1=0.000930, time=0.61s
2026-03-15 01:30:58 | INFO | [Epoch 012] total_loss=0.049087, Lr0=0.000096Lr1=0.000959, time=0.78s
2026-03-15 01:30:59 | INFO | Validation — loss=1.1604, acc=0.7098, f1=0.4293, recall=0.5074, precision=0.8543
2026-03-15 01:30:59 | INFO | Validation — loss=0.3558, acc=0.8598, f1=0.803, recall=0.7689, precision=0.8994
2026-03-15 01:30:59 | INFO | Best model logged 0.803
2026-03-15 01:31:00 | INFO | [Epoch 017] total_loss=0.046809, Lr0=0.000092Lr1=0.000922, time=0.61s
2026-03-15 01:31:00 | INFO | [Epoch 013] total_loss=0.100916, Lr0=0.000095Lr1=0.000952, time=0.78s
2026-03-15 01:31:01 | INFO | Validation — loss=1.8813, acc=0.7054, f1=0.4136, recall=0.5, precision=0.3527
2026-03-15 01:31:01 | INFO | Validation — loss=3.0200, acc=0.7054, f1=0.4136, recall=0.5, precision=0.3527
2026-03-15 01:31:02 | INFO | [Epoch 018] total_loss=0.050010, Lr0=0.000091Lr1=0.000914, time=0.63s
2026-03-15 01:31:02 | INFO | [Epoch 014] total_loss=0.090558, Lr0=0.000095Lr1=0.000946, time=0.80s
2026-03-15 01:31:03 | INFO | Validation — loss=0.9424, acc=0.7114, f1=0.4461, recall=0.5138, precision=0.7177
2026-03-15 01:31:03 | INFO | Validation — loss=1.9909, acc=0.7054, f1=0.4136, recall=0.5, precision=0.3527
2026-03-15 01:31:04 | INFO | [Epoch 019] total_loss=0.029200, Lr0=0.000091Lr1=0.000905, time=0.62s
2026-03-15 01:31:04 | INFO | [Epoch 015] total_loss=0.054722, Lr0=0.000094Lr1=0.000938, time=0.80s
2026-03-15 01:31:05 | INFO | Validation — loss=0.5865, acc=0.751, f1=0.5686, recall=0.5821, precision=0.827
2026-03-15 01:31:05 | INFO | Validation — loss=2.4166, acc=0.7054, f1=0.4136, recall=0.5, precision=0.3527
2026-03-15 01:31:05 | INFO | [Epoch 020] total_loss=0.026266, Lr0=0.000090Lr1=0.000895, time=0.64s
2026-03-15 01:31:06 | INFO | [Epoch 016] total_loss=0.063072, Lr0=0.000093Lr1=0.000930, time=0.79s
2026-03-15 01:31:07 | INFO | Validation — loss=1.0496, acc=0.7155, f1=0.4493, recall=0.5172, precision=0.8563
2026-03-15 01:31:07 | INFO | Validation — loss=2.0174, acc=0.7054, f1=0.4136, recall=0.5, precision=0.3527
2026-03-15 01:31:07 | INFO | [Epoch 021] total_loss=0.025986, Lr0=0.000089Lr1=0.000885, time=0.74s
2026-03-15 01:31:08 | INFO | [Epoch 017] total_loss=0.045484, Lr0=0.000092Lr1=0.000922, time=0.82s
2026-03-15 01:31:09 | INFO | Validation — loss=2.5010, acc=0.7054, f1=0.4136, recall=0.5, precision=0.3527
2026-03-15 01:31:09 | INFO | Validation — loss=1.9774, acc=0.7054, f1=0.4136, recall=0.5, precision=0.3527
2026-03-15 01:31:10 | INFO | [Epoch 022] total_loss=0.022128, Lr0=0.000088Lr1=0.000875, time=0.77s
2026-03-15 01:31:10 | INFO | [Epoch 018] total_loss=0.040421, Lr0=0.000091Lr1=0.000914, time=0.84s
2026-03-15 01:31:11 | INFO | Validation — loss=1.4257, acc=0.7054, f1=0.4136, recall=0.5, precision=0.3527
2026-03-15 01:31:11 | INFO | Validation — loss=1.8280, acc=0.7054, f1=0.4136, recall=0.5, precision=0.3527
2026-03-15 01:31:12 | INFO | [Epoch 019] total_loss=0.023384, Lr0=0.000091Lr1=0.000905, time=0.79s
2026-03-15 01:31:12 | INFO | [Epoch 023] total_loss=0.012613, Lr0=0.000087Lr1=0.000865, time=0.67s
2026-03-15 01:31:13 | INFO | Validation — loss=1.4879, acc=0.7082, f1=0.4236, recall=0.5047, precision=0.8537
2026-03-15 01:31:13 | INFO | Validation — loss=1.8746, acc=0.7054, f1=0.4136, recall=0.5, precision=0.3527
2026-03-15 01:31:13 | INFO | [Epoch 020] total_loss=0.020861, Lr0=0.000090Lr1=0.000895, time=0.82s
2026-03-15 01:31:14 | INFO | [Epoch 024] total_loss=0.017352, Lr0=0.000086Lr1=0.000854, time=0.62s
2026-03-15 01:31:15 | INFO | Validation — loss=1.6458, acc=0.7054, f1=0.4136, recall=0.5, precision=0.3527
2026-03-15 01:31:15 | INFO | Validation — loss=1.5041, acc=0.7082, f1=0.4236, recall=0.5047, precision=0.8537
2026-03-15 01:31:15 | INFO | [Epoch 021] total_loss=0.019917, Lr0=0.000089Lr1=0.000885, time=0.82s
2026-03-15 01:31:16 | INFO | [Epoch 025] total_loss=0.012169, Lr0=0.000084Lr1=0.000842, time=0.61s
2026-03-15 01:31:16 | INFO | Validation — loss=1.6059, acc=0.7063, f1=0.417, recall=0.5016, precision=0.853
2026-03-15 01:31:17 | INFO | Validation — loss=1.2276, acc=0.7114, f1=0.4357, recall=0.5104, precision=0.837
2026-03-15 01:31:17 | INFO | [Epoch 022] total_loss=0.030270, Lr0=0.000088Lr1=0.000875, time=0.83s
2026-03-15 01:31:18 | INFO | [Epoch 026] total_loss=0.004531, Lr0=0.000083Lr1=0.000831, time=0.62s
2026-03-15 01:31:18 | INFO | Validation — loss=1.4806, acc=0.7054, f1=0.4136, recall=0.5, precision=0.3527
2026-03-15 01:31:19 | INFO | Validation — loss=1.7890, acc=0.7054, f1=0.4136, recall=0.5, precision=0.3527
2026-03-15 01:31:19 | INFO | [Epoch 023] total_loss=0.015755, Lr0=0.000087Lr1=0.000865, time=0.81s
2026-03-15 01:31:20 | INFO | [Epoch 027] total_loss=0.008364, Lr0=0.000082Lr1=0.000819, time=0.64s
2026-03-15 01:31:20 | INFO | Validation — loss=1.2350, acc=0.7132, f1=0.4414, recall=0.5133, precision=0.8555
2026-03-15 01:31:21 | INFO | Validation — loss=2.0588, acc=0.7054, f1=0.4136, recall=0.5, precision=0.3527
2026-03-15 01:31:21 | INFO | [Epoch 024] total_loss=0.016149, Lr0=0.000086Lr1=0.000854, time=0.83s
2026-03-15 01:31:22 | INFO | [Epoch 028] total_loss=0.008028, Lr0=0.000081Lr1=0.000807, time=0.64s
2026-03-15 01:31:22 | INFO | Validation — loss=1.3417, acc=0.7146, f1=0.4462, recall=0.5156, precision=0.856
2026-03-15 01:31:23 | INFO | Validation — loss=2.3276, acc=0.7054, f1=0.4136, recall=0.5, precision=0.3527
2026-03-15 01:31:23 | INFO | [Epoch 025] total_loss=0.008515, Lr0=0.000084Lr1=0.000842, time=0.81s
2026-03-15 01:31:23 | INFO | [Epoch 029] total_loss=0.004030, Lr0=0.000080Lr1=0.000794, time=0.62s
2026-03-15 01:31:24 | INFO | Validation — loss=1.9324, acc=0.7054, f1=0.4136, recall=0.5, precision=0.3527
2026-03-15 01:31:25 | INFO | Validation — loss=2.2122, acc=0.7054, f1=0.4136, recall=0.5, precision=0.3527
2026-03-15 01:31:25 | INFO | [Epoch 026] total_loss=0.005135, Lr0=0.000083Lr1=0.000831, time=0.80s
2026-03-15 01:31:25 | INFO | [Epoch 030] total_loss=0.003978, Lr0=0.000078Lr1=0.000781, time=0.64s
2026-03-15 01:31:26 | INFO | Validation — loss=1.9749, acc=0.7054, f1=0.4136, recall=0.5, precision=0.3527
2026-03-15 01:31:27 | INFO | [Epoch 027] total_loss=0.006877, Lr0=0.000082Lr1=0.000819, time=0.77s
2026-03-15 01:31:27 | INFO | Validation — loss=2.3891, acc=0.7054, f1=0.4136, recall=0.5, precision=0.3527
2026-03-15 01:31:27 | INFO | [Epoch 031] total_loss=0.008170, Lr0=0.000077Lr1=0.000768, time=0.64s
2026-03-15 01:31:28 | INFO | Validation — loss=1.8607, acc=0.707, f1=0.4195, recall=0.5027, precision=0.8533
2026-03-15 01:31:29 | INFO | [Epoch 028] total_loss=0.005199, Lr0=0.000081Lr1=0.000807, time=0.78s
2026-03-15 01:31:29 | INFO | Validation — loss=2.4636, acc=0.7054, f1=0.4136, recall=0.5, precision=0.3527
2026-03-15 01:31:29 | INFO | [Epoch 032] total_loss=0.005509, Lr0=0.000076Lr1=0.000755, time=0.65s
2026-03-15 01:31:30 | INFO | Validation — loss=1.8203, acc=0.7066, f1=0.4178, recall=0.502, precision=0.8531
2026-03-15 01:31:30 | INFO | [Epoch 029] total_loss=0.004467, Lr0=0.000080Lr1=0.000794, time=0.79s
2026-03-15 01:31:31 | INFO | Validation — loss=1.7155, acc=0.7096, f1=0.4285, recall=0.507, precision=0.8542
2026-03-15 01:31:31 | INFO | [Epoch 033] total_loss=0.003814, Lr0=0.000074Lr1=0.000741, time=0.62s
2026-03-15 01:31:31 | INFO | Validation — loss=2.0612, acc=0.7054, f1=0.4136, recall=0.5, precision=0.3527
2026-03-15 01:31:32 | INFO | [Epoch 030] total_loss=0.004648, Lr0=0.000078Lr1=0.000781, time=0.84s
2026-03-15 01:31:33 | INFO | Validation — loss=2.1717, acc=0.7054, f1=0.4136, recall=0.5, precision=0.3527
2026-03-15 01:31:33 | INFO | [Epoch 034] total_loss=0.004210, Lr0=0.000073Lr1=0.000727, time=0.64s
2026-03-15 01:31:33 | INFO | Validation — loss=2.3906, acc=0.7054, f1=0.4136, recall=0.5, precision=0.3527
2026-03-15 01:31:34 | INFO | [Epoch 031] total_loss=0.011824, Lr0=0.000077Lr1=0.000768, time=0.77s
2026-03-15 01:31:35 | INFO | Validation — loss=1.4230, acc=0.7178, f1=0.4571, recall=0.5211, precision=0.8571
2026-03-15 01:31:35 | INFO | Early stopping at epoch 34. Best: 0.679600
2026-03-15 01:31:35 | INFO | Training complete.
2026-03-15 01:31:35 | INFO | Best checkpoint: ./save/cnn_overlap_new/subject_invariant_SWELLDataset/finetuned_best_2.pt
2026-03-15 01:31:35 | INFO | Validation — loss=2.4970, acc=0.7054, f1=0.4136, recall=0.5, precision=0.3527
2026-03-15 01:31:36 | INFO | [Epoch 032] total_loss=0.005995, Lr0=0.000076Lr1=0.000755, time=0.75s
2026-03-15 01:31:37 | INFO | Validation — loss=1.5280, acc=0.7162, f1=0.4517, recall=0.5184, precision=0.8566
2026-03-15 01:31:37 | INFO | Early stopping at epoch 32. Best: 0.803000
2026-03-15 01:31:37 | INFO | Training complete.
2026-03-15 01:31:37 | INFO | Best checkpoint: ./save/cnn_overlap_new/subject_invariant_SWELLDataset/finetuned_best_2.pt
2026-03-15 01:31:46 | INFO | Model forward EncoderClassifierModel(
  (encoder): CNNEncoder(
    (cnn_layers): Sequential(
      (0): Conv1d(1, 32, kernel_size=(10,), stride=(1,))
      (1): BatchNorm1d(32, eps=1e-05, momentum=0.1, affine=True, track_running_stats=True)
      (2): ReLU()
      (3): MaxPool1d(kernel_size=2, stride=2, padding=0, dilation=1, ceil_mode=False)
      (4): Dropout(p=0.0, inplace=False)
      (5): Conv1d(32, 64, kernel_size=(10,), stride=(1,))
      (6): BatchNorm1d(64, eps=1e-05, momentum=0.1, affine=True, track_running_stats=True)
      (7): ReLU()
      (8): MaxPool1d(kernel_size=2, stride=2, padding=0, dilation=1, ceil_mode=False)
      (9): Dropout(p=0.0, inplace=False)
      (10): Conv1d(64, 128, kernel_size=(10,), stride=(1,))
      (11): BatchNorm1d(128, eps=1e-05, momentum=0.1, affine=True, track_running_stats=True)
      (12): ReLU()
      (13): MaxPool1d(kernel_size=2, stride=2, padding=0, dilation=1, ceil_mode=False)
      (14): Dropout(p=0.0, inplace=False)
      (15): Conv1d(128, 256, kernel_size=(10,), stride=(1,))
      (16): BatchNorm1d(256, eps=1e-05, momentum=0.1, affine=True, track_running_stats=True)
      (17): ReLU()
      (18): MaxPool1d(kernel_size=2, stride=2, padding=0, dilation=1, ceil_mode=False)
      (19): Dropout(p=0.0, inplace=False)
    )
    (linear_layer): Sequential(
      (0): Linear(in_features=18176, out_features=64, bias=True)
      (1): ReLU()
    )
  )
  (classifier): Linear(in_features=64, out_features=1, bias=True)
  (loss_fn): BCEWithLogitsLoss()
)
2026-03-15 01:31:47 | INFO | [Epoch 000] total_loss=0.655911, Lr0=0.000100Lr1=0.001000, time=0.61s
2026-03-15 01:31:49 | INFO | Validation — loss=0.6140, acc=0.7074, f1=0.4143, recall=0.5, precision=0.3537
2026-03-15 01:31:49 | INFO | Best model logged 0.4143
2026-03-15 01:31:49 | INFO | [Epoch 001] total_loss=0.559589, Lr0=0.000100Lr1=0.000999, time=0.65s
2026-03-15 01:31:49 | INFO | Model forward EncoderClassifierModel(
  (encoder): CNNEncoder(
    (cnn_layers): Sequential(
      (0): Conv1d(1, 32, kernel_size=(10,), stride=(1,))
      (1): BatchNorm1d(32, eps=1e-05, momentum=0.1, affine=True, track_running_stats=True)
      (2): ReLU()
      (3): MaxPool1d(kernel_size=2, stride=2, padding=0, dilation=1, ceil_mode=False)
      (4): Dropout(p=0.0, inplace=False)
      (5): Conv1d(32, 64, kernel_size=(10,), stride=(1,))
      (6): BatchNorm1d(64, eps=1e-05, momentum=0.1, affine=True, track_running_stats=True)
      (7): ReLU()
      (8): MaxPool1d(kernel_size=2, stride=2, padding=0, dilation=1, ceil_mode=False)
      (9): Dropout(p=0.0, inplace=False)
      (10): Conv1d(64, 128, kernel_size=(10,), stride=(1,))
      (11): BatchNorm1d(128, eps=1e-05, momentum=0.1, affine=True, track_running_stats=True)
      (12): ReLU()
      (13): MaxPool1d(kernel_size=2, stride=2, padding=0, dilation=1, ceil_mode=False)
      (14): Dropout(p=0.0, inplace=False)
      (15): Conv1d(128, 256, kernel_size=(10,), stride=(1,))
      (16): BatchNorm1d(256, eps=1e-05, momentum=0.1, affine=True, track_running_stats=True)
      (17): ReLU()
      (18): MaxPool1d(kernel_size=2, stride=2, padding=0, dilation=1, ceil_mode=False)
      (19): Dropout(p=0.0, inplace=False)
    )
    (linear_layer): Sequential(
      (0): Linear(in_features=18176, out_features=64, bias=True)
      (1): ReLU()
    )
  )
  (classifier): Linear(in_features=64, out_features=1, bias=True)
  (loss_fn): BCEWithLogitsLoss()
)
2026-03-15 01:31:50 | INFO | [Epoch 000] total_loss=0.655911, Lr0=0.000100Lr1=0.001000, time=0.80s
2026-03-15 01:31:51 | INFO | Validation — loss=0.8817, acc=0.7074, f1=0.4143, recall=0.5, precision=0.3537
2026-03-15 01:31:51 | INFO | Validation — loss=0.6090, acc=0.7074, f1=0.4143, recall=0.5, precision=0.3537
2026-03-15 01:31:51 | INFO | Best model logged 0.4143
2026-03-15 01:31:51 | INFO | [Epoch 002] total_loss=0.405295, Lr0=0.000100Lr1=0.000998, time=0.65s
2026-03-15 01:31:52 | INFO | [Epoch 001] total_loss=0.559587, Lr0=0.000100Lr1=0.000999, time=0.76s
2026-03-15 01:31:53 | INFO | Validation — loss=0.7928, acc=0.7074, f1=0.4143, recall=0.5, precision=0.3537
2026-03-15 01:31:53 | INFO | Validation — loss=0.8716, acc=0.7074, f1=0.4143, recall=0.5, precision=0.3537
2026-03-15 01:31:53 | INFO | [Epoch 003] total_loss=0.273534, Lr0=0.000100Lr1=0.000996, time=0.74s
2026-03-15 01:31:54 | INFO | [Epoch 002] total_loss=0.405130, Lr0=0.000100Lr1=0.000998, time=0.80s
2026-03-15 01:31:55 | INFO | Validation — loss=0.9490, acc=0.7074, f1=0.4143, recall=0.5, precision=0.3537
2026-03-15 01:31:55 | INFO | Validation — loss=0.6871, acc=0.7074, f1=0.4143, recall=0.5, precision=0.3537
2026-03-15 01:31:55 | INFO | [Epoch 004] total_loss=0.171612, Lr0=0.000099Lr1=0.000994, time=0.67s
2026-03-15 01:31:56 | INFO | [Epoch 003] total_loss=0.274527, Lr0=0.000100Lr1=0.000996, time=0.77s
2026-03-15 01:31:57 | INFO | Validation — loss=1.1804, acc=0.7074, f1=0.4143, recall=0.5, precision=0.3537
2026-03-15 01:31:57 | INFO | Validation — loss=0.6149, acc=0.7074, f1=0.4143, recall=0.5, precision=0.3537
2026-03-15 01:31:57 | INFO | [Epoch 005] total_loss=0.122024, Lr0=0.000099Lr1=0.000991, time=0.61s
2026-03-15 01:31:58 | INFO | [Epoch 004] total_loss=0.174255, Lr0=0.000099Lr1=0.000994, time=0.79s
2026-03-15 01:31:59 | INFO | Validation — loss=1.9617, acc=0.7074, f1=0.4143, recall=0.5, precision=0.3537
2026-03-15 01:31:59 | INFO | Validation — loss=1.2579, acc=0.7074, f1=0.4143, recall=0.5, precision=0.3537
2026-03-15 01:31:59 | INFO | [Epoch 006] total_loss=0.139834, Lr0=0.000099Lr1=0.000988, time=0.62s
2026-03-15 01:31:59 | INFO | [Epoch 005] total_loss=0.122071, Lr0=0.000099Lr1=0.000991, time=0.76s
2026-03-15 01:32:00 | INFO | Validation — loss=1.6179, acc=0.7074, f1=0.4143, recall=0.5, precision=0.3537
2026-03-15 01:32:01 | INFO | Validation — loss=2.4014, acc=0.7074, f1=0.4143, recall=0.5, precision=0.3537
2026-03-15 01:32:01 | INFO | [Epoch 006] total_loss=0.145827, Lr0=0.000099Lr1=0.000988, time=0.76s
2026-03-15 01:32:01 | INFO | [Epoch 007] total_loss=0.114180, Lr0=0.000098Lr1=0.000984, time=0.68s
2026-03-15 01:32:02 | INFO | Validation — loss=3.8726, acc=0.7074, f1=0.4143, recall=0.5, precision=0.3537
2026-03-15 01:32:03 | INFO | Validation — loss=2.5919, acc=0.7074, f1=0.4143, recall=0.5, precision=0.3537
2026-03-15 01:32:03 | INFO | [Epoch 007] total_loss=0.116115, Lr0=0.000098Lr1=0.000984, time=0.76s
2026-03-15 01:32:03 | INFO | [Epoch 008] total_loss=0.083530, Lr0=0.000098Lr1=0.000980, time=0.61s
2026-03-15 01:32:04 | INFO | Validation — loss=3.1717, acc=0.7074, f1=0.4143, recall=0.5, precision=0.3537
2026-03-15 01:32:05 | INFO | Validation — loss=2.4961, acc=0.7074, f1=0.4143, recall=0.5, precision=0.3537
2026-03-15 01:32:05 | INFO | [Epoch 008] total_loss=0.081104, Lr0=0.000098Lr1=0.000980, time=0.77s
2026-03-15 01:32:05 | INFO | [Epoch 009] total_loss=0.074899, Lr0=0.000098Lr1=0.000976, time=0.65s
2026-03-15 01:32:06 | INFO | Validation — loss=1.0578, acc=0.7074, f1=0.4143, recall=0.5, precision=0.3537
2026-03-15 01:32:07 | INFO | [Epoch 009] total_loss=0.076664, Lr0=0.000098Lr1=0.000976, time=0.81s
2026-03-15 01:32:07 | INFO | Validation — loss=1.9476, acc=0.7074, f1=0.4143, recall=0.5, precision=0.3537
2026-03-15 01:32:07 | INFO | [Epoch 010] total_loss=0.075224, Lr0=0.000097Lr1=0.000970, time=0.63s
2026-03-15 01:32:08 | INFO | Validation — loss=1.0938, acc=0.2987, f1=0.2457, recall=0.4935, precision=0.45
2026-03-15 01:32:08 | INFO | [Epoch 010] total_loss=0.068186, Lr0=0.000097Lr1=0.000970, time=0.76s
2026-03-15 01:32:09 | INFO | Validation — loss=2.6437, acc=0.7074, f1=0.4143, recall=0.5, precision=0.3537
2026-03-15 01:32:09 | INFO | Validation — loss=1.0054, acc=0.7104, f1=0.4253, recall=0.5052, precision=0.8548
2026-03-15 01:32:09 | INFO | Best model logged 0.4253
2026-03-15 01:32:10 | INFO | [Epoch 011] total_loss=0.064763, Lr0=0.000097Lr1=0.000965, time=0.66s
2026-03-15 01:32:10 | INFO | [Epoch 011] total_loss=0.060835, Lr0=0.000097Lr1=0.000965, time=0.72s
2026-03-15 01:32:11 | INFO | Validation — loss=2.1893, acc=0.7074, f1=0.4143, recall=0.5, precision=0.3537
2026-03-15 01:32:11 | INFO | Validation — loss=1.1592, acc=0.7097, f1=0.4228, recall=0.504, precision=0.8545
2026-03-15 01:32:12 | INFO | [Epoch 012] total_loss=0.053218, Lr0=0.000096Lr1=0.000959, time=0.71s
2026-03-15 01:32:12 | INFO | [Epoch 012] total_loss=0.044772, Lr0=0.000096Lr1=0.000959, time=0.81s
2026-03-15 01:32:13 | INFO | Validation — loss=2.6207, acc=0.7074, f1=0.4143, recall=0.5, precision=0.3537
2026-03-15 01:32:13 | INFO | Validation — loss=1.5052, acc=0.7086, f1=0.4186, recall=0.502, precision=0.8541
2026-03-15 01:32:14 | INFO | [Epoch 013] total_loss=0.072552, Lr0=0.000095Lr1=0.000952, time=0.62s
2026-03-15 01:32:14 | INFO | [Epoch 013] total_loss=0.070406, Lr0=0.000095Lr1=0.000952, time=0.83s
2026-03-15 01:32:15 | INFO | Validation — loss=2.4673, acc=0.7074, f1=0.4143, recall=0.5, precision=0.3537
2026-03-15 01:32:15 | INFO | Validation — loss=0.7885, acc=0.7324, f1=0.4993, recall=0.5428, precision=0.8628
2026-03-15 01:32:15 | INFO | Best model logged 0.4993
2026-03-15 01:32:16 | INFO | [Epoch 014] total_loss=0.051263, Lr0=0.000095Lr1=0.000946, time=0.67s
2026-03-15 01:32:16 | INFO | [Epoch 014] total_loss=0.050771, Lr0=0.000095Lr1=0.000946, time=0.83s
2026-03-15 01:32:17 | INFO | Validation — loss=2.0541, acc=0.7081, f1=0.4169, recall=0.5012, precision=0.8539
2026-03-15 01:32:17 | INFO | Best model logged 0.4169
2026-03-15 01:32:17 | INFO | Validation — loss=0.8287, acc=0.4932, f1=0.4923, recall=0.6169, precision=0.629
2026-03-15 01:32:18 | INFO | [Epoch 015] total_loss=0.071986, Lr0=0.000094Lr1=0.000938, time=0.63s
2026-03-15 01:32:18 | INFO | [Epoch 015] total_loss=0.079240, Lr0=0.000094Lr1=0.000938, time=0.81s
2026-03-15 01:32:19 | INFO | Validation — loss=2.0066, acc=0.3106, f1=0.2571, recall=0.5097, precision=0.5853
2026-03-15 01:32:19 | INFO | Validation — loss=1.2673, acc=0.7306, f1=0.4934, recall=0.5396, precision=0.8621
2026-03-15 01:32:19 | INFO | Best model logged 0.4934
2026-03-15 01:32:20 | INFO | [Epoch 016] total_loss=0.059195, Lr0=0.000093Lr1=0.000930, time=0.63s
2026-03-15 01:32:20 | INFO | [Epoch 016] total_loss=0.070956, Lr0=0.000093Lr1=0.000930, time=0.76s
2026-03-15 01:32:21 | INFO | Validation — loss=0.9290, acc=0.7507, f1=0.554, recall=0.574, precision=0.8697
2026-03-15 01:32:21 | INFO | Best model logged 0.554
2026-03-15 01:32:21 | INFO | Validation — loss=1.3750, acc=0.7341, f1=0.5045, recall=0.5456, precision=0.8634
2026-03-15 01:32:21 | INFO | Best model logged 0.5045
2026-03-15 01:32:22 | INFO | [Epoch 017] total_loss=0.088870, Lr0=0.000092Lr1=0.000922, time=0.78s
2026-03-15 01:32:22 | INFO | [Epoch 017] total_loss=0.077465, Lr0=0.000092Lr1=0.000922, time=0.65s
2026-03-15 01:32:23 | INFO | Validation — loss=0.4099, acc=0.8148, f1=0.7991, recall=0.844, precision=0.7909
2026-03-15 01:32:23 | INFO | Best model logged 0.7991
2026-03-15 01:32:23 | INFO | Validation — loss=0.7954, acc=0.7458, f1=0.5398, recall=0.5656, precision=0.8678
2026-03-15 01:32:23 | INFO | Best model logged 0.5398
2026-03-15 01:32:24 | INFO | [Epoch 018] total_loss=0.046495, Lr0=0.000091Lr1=0.000914, time=0.75s
2026-03-15 01:32:24 | INFO | [Epoch 018] total_loss=0.095081, Lr0=0.000091Lr1=0.000914, time=0.63s
2026-03-15 01:32:25 | INFO | Validation — loss=0.2818, acc=0.8956, f1=0.8808, recall=0.9053, precision=0.8663
2026-03-15 01:32:25 | INFO | Best model logged 0.8808
2026-03-15 01:32:25 | INFO | Validation — loss=0.9952, acc=0.7589, f1=0.5769, recall=0.588, precision=0.8729
2026-03-15 01:32:25 | INFO | Best model logged 0.5769
2026-03-15 01:32:25 | INFO | [Epoch 019] total_loss=0.040276, Lr0=0.000091Lr1=0.000905, time=0.75s
2026-03-15 01:32:26 | INFO | [Epoch 019] total_loss=0.072476, Lr0=0.000091Lr1=0.000905, time=0.63s
2026-03-15 01:32:26 | INFO | Validation — loss=1.4838, acc=0.7193, f1=0.4564, recall=0.5204, precision=0.858
2026-03-15 01:32:27 | INFO | Validation — loss=1.0380, acc=0.7221, f1=0.4659, recall=0.5252, precision=0.859
2026-03-15 01:32:27 | INFO | [Epoch 020] total_loss=0.030513, Lr0=0.000090Lr1=0.000895, time=0.78s
2026-03-15 01:32:28 | INFO | [Epoch 020] total_loss=0.043070, Lr0=0.000090Lr1=0.000895, time=0.77s
2026-03-15 01:32:28 | INFO | Validation — loss=1.5204, acc=0.7186, f1=0.454, recall=0.5192, precision=0.8577
2026-03-15 01:32:29 | INFO | [Epoch 021] total_loss=0.045469, Lr0=0.000089Lr1=0.000885, time=0.79s
2026-03-15 01:32:29 | INFO | Validation — loss=2.2880, acc=0.7074, f1=0.4143, recall=0.5, precision=0.3537
2026-03-15 01:32:30 | INFO | Validation — loss=1.4540, acc=0.721, f1=0.462, recall=0.5232, precision=0.8586
2026-03-15 01:32:30 | INFO | [Epoch 021] total_loss=0.046046, Lr0=0.000089Lr1=0.000885, time=0.74s
2026-03-15 01:32:31 | INFO | [Epoch 022] total_loss=0.037781, Lr0=0.000088Lr1=0.000875, time=0.82s
2026-03-15 01:32:32 | INFO | Validation — loss=1.7453, acc=0.7076, f1=0.4152, recall=0.5004, precision=0.8538
2026-03-15 01:32:32 | INFO | Validation — loss=3.2008, acc=0.7074, f1=0.4143, recall=0.5, precision=0.3537
2026-03-15 01:32:32 | INFO | [Epoch 022] total_loss=0.034795, Lr0=0.000088Lr1=0.000875, time=0.66s
2026-03-15 01:32:33 | INFO | [Epoch 023] total_loss=0.048702, Lr0=0.000087Lr1=0.000865, time=0.80s
2026-03-15 01:32:34 | INFO | Validation — loss=1.5330, acc=0.7179, f1=0.4516, recall=0.518, precision=0.8575
2026-03-15 01:32:34 | INFO | Validation — loss=2.1549, acc=0.7074, f1=0.4143, recall=0.5, precision=0.3537
2026-03-15 01:32:34 | INFO | [Epoch 023] total_loss=0.038755, Lr0=0.000087Lr1=0.000865, time=0.63s
2026-03-15 01:32:35 | INFO | [Epoch 024] total_loss=0.029344, Lr0=0.000086Lr1=0.000854, time=0.78s
2026-03-15 01:32:35 | INFO | Validation — loss=1.4965, acc=0.7196, f1=0.4572, recall=0.5208, precision=0.8581
2026-03-15 01:32:36 | INFO | Validation — loss=1.5137, acc=0.7221, f1=0.4659, recall=0.5252, precision=0.859
2026-03-15 01:32:36 | INFO | [Epoch 024] total_loss=0.030423, Lr0=0.000086Lr1=0.000854, time=0.63s
2026-03-15 01:32:37 | INFO | [Epoch 025] total_loss=0.027558, Lr0=0.000084Lr1=0.000842, time=0.79s
2026-03-15 01:32:37 | INFO | Validation — loss=1.5671, acc=0.7257, f1=0.4775, recall=0.5312, precision=0.8603
2026-03-15 01:32:38 | INFO | Validation — loss=0.6376, acc=0.7781, f1=0.6268, recall=0.6208, precision=0.8806
2026-03-15 01:32:38 | INFO | [Epoch 025] total_loss=0.020937, Lr0=0.000084Lr1=0.000842, time=0.60s
2026-03-15 01:32:38 | INFO | [Epoch 026] total_loss=0.023856, Lr0=0.000083Lr1=0.000831, time=0.75s
2026-03-15 01:32:39 | INFO | Validation — loss=1.1163, acc=0.7507, f1=0.554, recall=0.574, precision=0.8697
2026-03-15 01:32:39 | INFO | Validation — loss=0.8382, acc=0.7463, f1=0.5412, recall=0.5664, precision=0.868
2026-03-15 01:32:40 | INFO | [Epoch 026] total_loss=0.042737, Lr0=0.000083Lr1=0.000831, time=0.62s
2026-03-15 01:32:40 | INFO | [Epoch 027] total_loss=0.027311, Lr0=0.000082Lr1=0.000819, time=0.76s
2026-03-15 01:32:41 | INFO | Validation — loss=2.5049, acc=0.7074, f1=0.4143, recall=0.5, precision=0.3537
2026-03-15 01:32:41 | INFO | Validation — loss=1.6047, acc=0.7196, f1=0.4572, recall=0.5208, precision=0.8581
2026-03-15 01:32:42 | INFO | [Epoch 027] total_loss=0.023622, Lr0=0.000082Lr1=0.000819, time=0.62s
2026-03-15 01:32:42 | INFO | [Epoch 028] total_loss=0.024565, Lr0=0.000081Lr1=0.000807, time=0.78s
2026-03-15 01:32:43 | INFO | Validation — loss=0.3359, acc=0.86, f1=0.7978, recall=0.7608, precision=0.9174
2026-03-15 01:32:43 | INFO | Validation — loss=0.8104, acc=0.779, f1=0.6291, recall=0.6224, precision=0.881
2026-03-15 01:32:43 | INFO | Best model logged 0.6291
2026-03-15 01:32:44 | INFO | [Epoch 029] total_loss=0.020708, Lr0=0.000080Lr1=0.000794, time=0.79s
2026-03-15 01:32:44 | INFO | [Epoch 028] total_loss=0.021336, Lr0=0.000081Lr1=0.000807, time=0.61s
2026-03-15 01:32:45 | INFO | Validation — loss=0.2031, acc=0.9223, f1=0.8986, recall=0.8719, precision=0.9425
2026-03-15 01:32:45 | INFO | Best model logged 0.8986
2026-03-15 01:32:45 | INFO | Validation — loss=0.8931, acc=0.7467, f1=0.5426, recall=0.5672, precision=0.8682
2026-03-15 01:32:46 | INFO | [Epoch 030] total_loss=0.014220, Lr0=0.000078Lr1=0.000781, time=0.77s
2026-03-15 01:32:46 | INFO | [Epoch 029] total_loss=0.025866, Lr0=0.000080Lr1=0.000794, time=0.62s
2026-03-15 01:32:47 | INFO | Validation — loss=0.8038, acc=0.7554, f1=0.5672, recall=0.582, precision=0.8715
2026-03-15 01:32:47 | INFO | Validation — loss=1.8664, acc=0.7079, f1=0.416, recall=0.5008, precision=0.8539
2026-03-15 01:32:48 | INFO | [Epoch 031] total_loss=0.010143, Lr0=0.000077Lr1=0.000768, time=0.91s
2026-03-15 01:32:48 | INFO | [Epoch 030] total_loss=0.019033, Lr0=0.000078Lr1=0.000781, time=0.66s
2026-03-15 01:32:49 | INFO | Validation — loss=2.0291, acc=0.7104, f1=0.4253, recall=0.5052, precision=0.8548
2026-03-15 01:32:50 | INFO | Validation — loss=0.8978, acc=0.735, f1=0.5074, recall=0.5472, precision=0.8637
2026-03-15 01:32:50 | INFO | [Epoch 032] total_loss=0.012619, Lr0=0.000076Lr1=0.000755, time=0.79s
2026-03-15 01:32:50 | INFO | [Epoch 031] total_loss=0.009116, Lr0=0.000077Lr1=0.000768, time=0.61s
2026-03-15 01:32:51 | INFO | Validation — loss=1.8514, acc=0.721, f1=0.462, recall=0.5232, precision=0.8586
2026-03-15 01:32:52 | INFO | Validation — loss=1.3071, acc=0.7329, f1=0.5008, recall=0.5436, precision=0.863
2026-03-15 01:32:52 | INFO | [Epoch 033] total_loss=0.007033, Lr0=0.000074Lr1=0.000741, time=0.81s
2026-03-15 01:32:52 | INFO | [Epoch 032] total_loss=0.013048, Lr0=0.000076Lr1=0.000755, time=0.64s
2026-03-15 01:32:53 | INFO | Validation — loss=2.0251, acc=0.7135, f1=0.4362, recall=0.5104, precision=0.8559
2026-03-15 01:32:53 | INFO | Validation — loss=1.1009, acc=0.7491, f1=0.5493, recall=0.5712, precision=0.8691
2026-03-15 01:32:54 | INFO | [Epoch 034] total_loss=0.006328, Lr0=0.000073Lr1=0.000727, time=0.79s
2026-03-15 01:32:54 | INFO | [Epoch 033] total_loss=0.007189, Lr0=0.000074Lr1=0.000741, time=0.64s
2026-03-15 01:32:55 | INFO | Validation — loss=2.0278, acc=0.7191, f1=0.4556, recall=0.52, precision=0.8579
2026-03-15 01:32:55 | INFO | Validation — loss=1.0302, acc=0.7533, f1=0.5613, recall=0.5784, precision=0.8707
2026-03-15 01:32:55 | INFO | [Epoch 035] total_loss=0.005111, Lr0=0.000072Lr1=0.000713, time=0.78s
2026-03-15 01:32:56 | INFO | [Epoch 034] total_loss=0.005833, Lr0=0.000073Lr1=0.000727, time=0.61s
2026-03-15 01:32:57 | INFO | Validation — loss=1.6554, acc=0.7266, f1=0.4806, recall=0.5328, precision=0.8606
2026-03-15 01:32:57 | INFO | [Epoch 036] total_loss=0.007271, Lr0=0.000070Lr1=0.000699, time=0.76s
2026-03-15 01:32:57 | INFO | Validation — loss=1.4656, acc=0.7285, f1=0.4867, recall=0.536, precision=0.8613
2026-03-15 01:32:58 | INFO | [Epoch 035] total_loss=0.003710, Lr0=0.000072Lr1=0.000713, time=0.61s
2026-03-15 01:32:58 | INFO | Validation — loss=1.2583, acc=0.7544, f1=0.5646, recall=0.5804, precision=0.8712
2026-03-15 01:32:59 | INFO | [Epoch 037] total_loss=0.004932, Lr0=0.000069Lr1=0.000684, time=0.78s
2026-03-15 01:32:59 | INFO | Validation — loss=1.6113, acc=0.7264, f1=0.4798, recall=0.5324, precision=0.8605
2026-03-15 01:33:00 | INFO | [Epoch 036] total_loss=0.008266, Lr0=0.000070Lr1=0.000699, time=0.64s
2026-03-15 01:33:00 | INFO | Validation — loss=1.7567, acc=0.7259, f1=0.4783, recall=0.5316, precision=0.8604
2026-03-15 01:33:01 | INFO | [Epoch 038] total_loss=0.004397, Lr0=0.000067Lr1=0.000670, time=0.75s
2026-03-15 01:33:01 | INFO | Validation — loss=1.4376, acc=0.7374, f1=0.5146, recall=0.5512, precision=0.8646
2026-03-15 01:33:02 | INFO | Validation — loss=1.7929, acc=0.725, f1=0.4752, recall=0.53, precision=0.86
2026-03-15 01:33:02 | INFO | [Epoch 037] total_loss=0.004150, Lr0=0.000069Lr1=0.000684, time=0.69s
2026-03-15 01:33:03 | INFO | [Epoch 039] total_loss=0.004112, Lr0=0.000066Lr1=0.000655, time=0.76s
2026-03-15 01:33:03 | INFO | Validation — loss=1.2217, acc=0.7495, f1=0.5507, recall=0.572, precision=0.8693
2026-03-15 01:33:04 | INFO | Validation — loss=2.2354, acc=0.7179, f1=0.4516, recall=0.518, precision=0.8575
2026-03-15 01:33:04 | INFO | [Epoch 038] total_loss=0.004739, Lr0=0.000067Lr1=0.000670, time=0.62s
2026-03-15 01:33:05 | INFO | [Epoch 040] total_loss=0.002794, Lr0=0.000064Lr1=0.000640, time=0.79s
2026-03-15 01:33:05 | INFO | Validation — loss=1.4253, acc=0.7397, f1=0.5217, recall=0.5552, precision=0.8655
2026-03-15 01:33:06 | INFO | Validation — loss=2.1159, acc=0.7231, f1=0.469, recall=0.5268, precision=0.8593
2026-03-15 01:33:06 | INFO | [Epoch 039] total_loss=0.003697, Lr0=0.000066Lr1=0.000655, time=0.63s
2026-03-15 01:33:06 | INFO | [Epoch 041] total_loss=0.002090, Lr0=0.000063Lr1=0.000625, time=0.76s
2026-03-15 01:33:07 | INFO | Validation — loss=1.6160, acc=0.7334, f1=0.5023, recall=0.5444, precision=0.8631
2026-03-15 01:33:07 | INFO | Validation — loss=1.8138, acc=0.7308, f1=0.4941, recall=0.54, precision=0.8622
2026-03-15 01:33:08 | INFO | [Epoch 040] total_loss=0.002191, Lr0=0.000064Lr1=0.000640, time=0.66s
2026-03-15 01:33:08 | INFO | [Epoch 042] total_loss=0.001853, Lr0=0.000061Lr1=0.000609, time=0.79s
2026-03-15 01:33:09 | INFO | Validation — loss=1.9298, acc=0.725, f1=0.4752, recall=0.53, precision=0.86
2026-03-15 01:33:09 | INFO | Validation — loss=1.8045, acc=0.7257, f1=0.4775, recall=0.5312, precision=0.8603
2026-03-15 01:33:10 | INFO | [Epoch 041] total_loss=0.002230, Lr0=0.000063Lr1=0.000625, time=0.61s
2026-03-15 01:33:10 | INFO | [Epoch 043] total_loss=0.001619, Lr0=0.000060Lr1=0.000594, time=0.78s
2026-03-15 01:33:11 | INFO | Validation — loss=2.0912, acc=0.7207, f1=0.4612, recall=0.5228, precision=0.8585
2026-03-15 01:33:11 | INFO | Validation — loss=1.7465, acc=0.7285, f1=0.4867, recall=0.536, precision=0.8613
2026-03-15 01:33:12 | INFO | [Epoch 044] total_loss=0.001822, Lr0=0.000058Lr1=0.000579, time=0.77s
2026-03-15 01:33:12 | INFO | [Epoch 042] total_loss=0.001952, Lr0=0.000061Lr1=0.000609, time=0.61s
2026-03-15 01:33:13 | INFO | Validation — loss=1.7745, acc=0.732, f1=0.4979, recall=0.542, precision=0.8626
2026-03-15 01:33:13 | INFO | Validation — loss=1.8109, acc=0.725, f1=0.4752, recall=0.53, precision=0.86
2026-03-15 01:33:14 | INFO | [Epoch 045] total_loss=0.001834, Lr0=0.000057Lr1=0.000563, time=0.81s
2026-03-15 01:33:14 | INFO | [Epoch 043] total_loss=0.001559, Lr0=0.000060Lr1=0.000594, time=0.62s
2026-03-15 01:33:15 | INFO | Validation — loss=1.7606, acc=0.7289, f1=0.4882, recall=0.5368, precision=0.8615
2026-03-15 01:33:15 | INFO | Validation — loss=1.9255, acc=0.7224, f1=0.4667, recall=0.5256, precision=0.8591
2026-03-15 01:33:15 | INFO | [Epoch 046] total_loss=0.002266, Lr0=0.000055Lr1=0.000548, time=0.74s
2026-03-15 01:33:16 | INFO | [Epoch 044] total_loss=0.001813, Lr0=0.000058Lr1=0.000579, time=0.63s
2026-03-15 01:33:17 | INFO | Validation — loss=1.8885, acc=0.7282, f1=0.4859, recall=0.5356, precision=0.8612
2026-03-15 01:33:17 | INFO | Validation — loss=1.7147, acc=0.7313, f1=0.4956, recall=0.5408, precision=0.8624
2026-03-15 01:33:17 | INFO | [Epoch 047] total_loss=0.002082, Lr0=0.000054Lr1=0.000532, time=0.78s
2026-03-15 01:33:18 | INFO | [Epoch 045] total_loss=0.001775, Lr0=0.000057Lr1=0.000563, time=0.62s
2026-03-15 01:33:18 | INFO | Validation — loss=2.1304, acc=0.7203, f1=0.4596, recall=0.522, precision=0.8583
2026-03-15 01:33:19 | INFO | [Epoch 048] total_loss=0.000915, Lr0=0.000052Lr1=0.000516, time=0.79s
2026-03-15 01:33:19 | INFO | Validation — loss=1.6372, acc=0.7324, f1=0.4993, recall=0.5428, precision=0.8628
2026-03-15 01:33:20 | INFO | [Epoch 046] total_loss=0.002194, Lr0=0.000055Lr1=0.000548, time=0.66s
2026-03-15 01:33:20 | INFO | Validation — loss=2.1104, acc=0.7203, f1=0.4596, recall=0.522, precision=0.8583
2026-03-15 01:33:21 | INFO | [Epoch 049] total_loss=0.001693, Lr0=0.000051Lr1=0.000501, time=0.78s
2026-03-15 01:33:21 | INFO | Validation — loss=1.7646, acc=0.731, f1=0.4949, recall=0.5404, precision=0.8623
2026-03-15 01:33:22 | INFO | [Epoch 047] total_loss=0.001787, Lr0=0.000054Lr1=0.000532, time=0.65s
2026-03-15 01:33:22 | INFO | Validation — loss=1.9393, acc=0.7275, f1=0.4836, recall=0.5344, precision=0.861
2026-03-15 01:33:22 | INFO | Early stopping at epoch 49. Best: 0.898600
2026-03-15 01:33:22 | INFO | Training complete.
2026-03-15 01:33:22 | INFO | Best checkpoint: ./save/cnn_overlap_new/subject_invariant_SWELLDataset/finetuned_best_3.pt
2026-03-15 01:33:23 | INFO | Validation — loss=1.9542, acc=0.7254, f1=0.4768, recall=0.5308, precision=0.8602
2026-03-15 01:33:23 | INFO | Early stopping at epoch 47. Best: 0.629100
2026-03-15 01:33:23 | INFO | Training complete.
2026-03-15 01:33:23 | INFO | Best checkpoint: ./save/cnn_overlap_new/subject_invariant_SWELLDataset/finetuned_best_3.pt
2026-03-15 01:33:34 | INFO | Model forward EncoderClassifierModel(
  (encoder): CNNEncoder(
    (cnn_layers): Sequential(
      (0): Conv1d(1, 32, kernel_size=(10,), stride=(1,))
      (1): BatchNorm1d(32, eps=1e-05, momentum=0.1, affine=True, track_running_stats=True)
      (2): ReLU()
      (3): MaxPool1d(kernel_size=2, stride=2, padding=0, dilation=1, ceil_mode=False)
      (4): Dropout(p=0.0, inplace=False)
      (5): Conv1d(32, 64, kernel_size=(10,), stride=(1,))
      (6): BatchNorm1d(64, eps=1e-05, momentum=0.1, affine=True, track_running_stats=True)
      (7): ReLU()
      (8): MaxPool1d(kernel_size=2, stride=2, padding=0, dilation=1, ceil_mode=False)
      (9): Dropout(p=0.0, inplace=False)
      (10): Conv1d(64, 128, kernel_size=(10,), stride=(1,))
      (11): BatchNorm1d(128, eps=1e-05, momentum=0.1, affine=True, track_running_stats=True)
      (12): ReLU()
      (13): MaxPool1d(kernel_size=2, stride=2, padding=0, dilation=1, ceil_mode=False)
      (14): Dropout(p=0.0, inplace=False)
      (15): Conv1d(128, 256, kernel_size=(10,), stride=(1,))
      (16): BatchNorm1d(256, eps=1e-05, momentum=0.1, affine=True, track_running_stats=True)
      (17): ReLU()
      (18): MaxPool1d(kernel_size=2, stride=2, padding=0, dilation=1, ceil_mode=False)
      (19): Dropout(p=0.0, inplace=False)
    )
    (linear_layer): Sequential(
      (0): Linear(in_features=18176, out_features=64, bias=True)
      (1): ReLU()
    )
  )
  (classifier): Linear(in_features=64, out_features=1, bias=True)
  (loss_fn): BCEWithLogitsLoss()
)
2026-03-15 01:33:34 | INFO | [Epoch 000] total_loss=0.647128, Lr0=0.000100Lr1=0.001000, time=0.75s
2026-03-15 01:33:35 | INFO | Model forward EncoderClassifierModel(
  (encoder): CNNEncoder(
    (cnn_layers): Sequential(
      (0): Conv1d(1, 32, kernel_size=(10,), stride=(1,))
      (1): BatchNorm1d(32, eps=1e-05, momentum=0.1, affine=True, track_running_stats=True)
      (2): ReLU()
      (3): MaxPool1d(kernel_size=2, stride=2, padding=0, dilation=1, ceil_mode=False)
      (4): Dropout(p=0.0, inplace=False)
      (5): Conv1d(32, 64, kernel_size=(10,), stride=(1,))
      (6): BatchNorm1d(64, eps=1e-05, momentum=0.1, affine=True, track_running_stats=True)
      (7): ReLU()
      (8): MaxPool1d(kernel_size=2, stride=2, padding=0, dilation=1, ceil_mode=False)
      (9): Dropout(p=0.0, inplace=False)
      (10): Conv1d(64, 128, kernel_size=(10,), stride=(1,))
      (11): BatchNorm1d(128, eps=1e-05, momentum=0.1, affine=True, track_running_stats=True)
      (12): ReLU()
      (13): MaxPool1d(kernel_size=2, stride=2, padding=0, dilation=1, ceil_mode=False)
      (14): Dropout(p=0.0, inplace=False)
      (15): Conv1d(128, 256, kernel_size=(10,), stride=(1,))
      (16): BatchNorm1d(256, eps=1e-05, momentum=0.1, affine=True, track_running_stats=True)
      (17): ReLU()
      (18): MaxPool1d(kernel_size=2, stride=2, padding=0, dilation=1, ceil_mode=False)
      (19): Dropout(p=0.0, inplace=False)
    )
    (linear_layer): Sequential(
      (0): Linear(in_features=18176, out_features=64, bias=True)
      (1): ReLU()
    )
  )
  (classifier): Linear(in_features=64, out_features=1, bias=True)
  (loss_fn): BCEWithLogitsLoss()
)
2026-03-15 01:33:35 | INFO | Validation — loss=0.6259, acc=0.6931, f1=0.4094, recall=0.5, precision=0.3465
2026-03-15 01:33:35 | INFO | Best model logged 0.4094
2026-03-15 01:33:36 | INFO | [Epoch 000] total_loss=0.647128, Lr0=0.000100Lr1=0.001000, time=0.65s
2026-03-15 01:33:36 | INFO | [Epoch 001] total_loss=0.540016, Lr0=0.000100Lr1=0.000999, time=0.76s
2026-03-15 01:33:37 | INFO | Validation — loss=0.6291, acc=0.6931, f1=0.4094, recall=0.5, precision=0.3465
2026-03-15 01:33:37 | INFO | Best model logged 0.4094
2026-03-15 01:33:37 | INFO | Validation — loss=0.7537, acc=0.6931, f1=0.4094, recall=0.5, precision=0.3465
2026-03-15 01:33:38 | INFO | [Epoch 001] total_loss=0.540029, Lr0=0.000100Lr1=0.000999, time=0.63s
2026-03-15 01:33:38 | INFO | [Epoch 002] total_loss=0.395865, Lr0=0.000100Lr1=0.000998, time=0.79s
2026-03-15 01:33:39 | INFO | Validation — loss=1.4821, acc=0.6931, f1=0.4094, recall=0.5, precision=0.3465
2026-03-15 01:33:39 | INFO | Validation — loss=0.8572, acc=0.6931, f1=0.4094, recall=0.5, precision=0.3465
2026-03-15 01:33:40 | INFO | [Epoch 002] total_loss=0.395856, Lr0=0.000100Lr1=0.000998, time=0.64s
2026-03-15 01:33:40 | INFO | [Epoch 003] total_loss=0.280033, Lr0=0.000100Lr1=0.000996, time=0.77s
2026-03-15 01:33:41 | INFO | Validation — loss=1.3791, acc=0.6931, f1=0.4094, recall=0.5, precision=0.3465
2026-03-15 01:33:41 | INFO | Validation — loss=1.8948, acc=0.6931, f1=0.4094, recall=0.5, precision=0.3465
2026-03-15 01:33:42 | INFO | [Epoch 004] total_loss=0.188684, Lr0=0.000099Lr1=0.000994, time=0.74s
2026-03-15 01:33:42 | INFO | [Epoch 003] total_loss=0.280723, Lr0=0.000100Lr1=0.000996, time=0.61s
2026-03-15 01:33:43 | INFO | Validation — loss=1.4651, acc=0.6931, f1=0.4094, recall=0.5, precision=0.3465
2026-03-15 01:33:43 | INFO | Validation — loss=1.2629, acc=0.6931, f1=0.4094, recall=0.5, precision=0.3465
2026-03-15 01:33:43 | INFO | [Epoch 005] total_loss=0.125739, Lr0=0.000099Lr1=0.000991, time=0.79s
2026-03-15 01:33:44 | INFO | [Epoch 004] total_loss=0.191627, Lr0=0.000099Lr1=0.000994, time=0.65s
2026-03-15 01:33:44 | INFO | Validation — loss=2.3574, acc=0.6931, f1=0.4094, recall=0.5, precision=0.3465
2026-03-15 01:33:45 | INFO | Validation — loss=0.7478, acc=0.6931, f1=0.4094, recall=0.5, precision=0.3465
2026-03-15 01:33:45 | INFO | [Epoch 006] total_loss=0.077531, Lr0=0.000099Lr1=0.000988, time=0.76s
2026-03-15 01:33:46 | INFO | [Epoch 005] total_loss=0.127546, Lr0=0.000099Lr1=0.000991, time=0.62s
2026-03-15 01:33:46 | INFO | Validation — loss=3.0863, acc=0.6931, f1=0.4094, recall=0.5, precision=0.3465
2026-03-15 01:33:47 | INFO | [Epoch 007] total_loss=0.091911, Lr0=0.000098Lr1=0.000984, time=0.77s
2026-03-15 01:33:47 | INFO | Validation — loss=0.8890, acc=0.6931, f1=0.4094, recall=0.5, precision=0.3465
2026-03-15 01:33:48 | INFO | [Epoch 006] total_loss=0.077459, Lr0=0.000099Lr1=0.000988, time=0.68s
2026-03-15 01:33:48 | INFO | Validation — loss=1.0669, acc=0.3069, f1=0.2349, recall=0.5, precision=0.1535
2026-03-15 01:33:49 | INFO | [Epoch 008] total_loss=0.073809, Lr0=0.000098Lr1=0.000980, time=0.75s
2026-03-15 01:33:49 | INFO | Validation — loss=3.1614, acc=0.6931, f1=0.4094, recall=0.5, precision=0.3465
2026-03-15 01:33:50 | INFO | Validation — loss=2.9399, acc=0.6931, f1=0.4094, recall=0.5, precision=0.3465
2026-03-15 01:33:50 | INFO | [Epoch 007] total_loss=0.107519, Lr0=0.000098Lr1=0.000984, time=0.64s
2026-03-15 01:33:51 | INFO | [Epoch 009] total_loss=0.072831, Lr0=0.000098Lr1=0.000976, time=0.78s
2026-03-15 01:33:51 | INFO | Validation — loss=1.8878, acc=0.3069, f1=0.2349, recall=0.5, precision=0.1535
2026-03-15 01:33:52 | INFO | Validation — loss=2.0504, acc=0.6931, f1=0.4094, recall=0.5, precision=0.3465
2026-03-15 01:33:52 | INFO | [Epoch 008] total_loss=0.104140, Lr0=0.000098Lr1=0.000980, time=0.62s
2026-03-15 01:33:52 | INFO | [Epoch 010] total_loss=0.058613, Lr0=0.000097Lr1=0.000970, time=0.76s
2026-03-15 01:33:53 | INFO | Validation — loss=3.0875, acc=0.6931, f1=0.4094, recall=0.5, precision=0.3465
2026-03-15 01:33:53 | INFO | Validation — loss=2.9658, acc=0.3069, f1=0.2349, recall=0.5, precision=0.1535
2026-03-15 01:33:54 | INFO | [Epoch 009] total_loss=0.088407, Lr0=0.000098Lr1=0.000976, time=0.65s
2026-03-15 01:33:54 | INFO | [Epoch 011] total_loss=0.037821, Lr0=0.000097Lr1=0.000965, time=0.79s
2026-03-15 01:33:55 | INFO | Validation — loss=3.4700, acc=0.3069, f1=0.2349, recall=0.5, precision=0.1535
2026-03-15 01:33:55 | INFO | Validation — loss=3.5591, acc=0.6931, f1=0.4094, recall=0.5, precision=0.3465
2026-03-15 01:33:56 | INFO | [Epoch 010] total_loss=0.061051, Lr0=0.000097Lr1=0.000970, time=0.60s
2026-03-15 01:33:56 | INFO | [Epoch 012] total_loss=0.024854, Lr0=0.000096Lr1=0.000959, time=0.79s
2026-03-15 01:33:57 | INFO | Validation — loss=3.5152, acc=0.3069, f1=0.2349, recall=0.5, precision=0.1535
2026-03-15 01:33:57 | INFO | Validation — loss=0.6741, acc=0.6091, f1=0.5946, recall=0.6301, precision=0.6107
2026-03-15 01:33:57 | INFO | Best model logged 0.5946
2026-03-15 01:33:58 | INFO | [Epoch 013] total_loss=0.038617, Lr0=0.000095Lr1=0.000952, time=0.76s
2026-03-15 01:33:58 | INFO | [Epoch 011] total_loss=0.052438, Lr0=0.000097Lr1=0.000965, time=0.60s
2026-03-15 01:33:59 | INFO | Validation — loss=1.4336, acc=0.4619, f1=0.4617, recall=0.5502, precision=0.5518
2026-03-15 01:33:59 | INFO | Best model logged 0.4617
2026-03-15 01:33:59 | INFO | Validation — loss=0.7752, acc=0.5331, f1=0.5324, recall=0.6088, precision=0.6023
2026-03-15 01:34:00 | INFO | [Epoch 012] total_loss=0.055087, Lr0=0.000096Lr1=0.000959, time=0.61s
2026-03-15 01:34:00 | INFO | [Epoch 014] total_loss=0.032546, Lr0=0.000095Lr1=0.000946, time=0.76s
2026-03-15 01:34:01 | INFO | Validation — loss=1.2889, acc=0.6949, f1=0.4384, recall=0.51, precision=0.625
2026-03-15 01:34:01 | INFO | Validation — loss=3.0327, acc=0.3069, f1=0.2349, recall=0.5, precision=0.1535
2026-03-15 01:34:02 | INFO | [Epoch 015] total_loss=0.011714, Lr0=0.000094Lr1=0.000938, time=0.80s
2026-03-15 01:34:02 | INFO | [Epoch 013] total_loss=0.050763, Lr0=0.000095Lr1=0.000952, time=0.64s
2026-03-15 01:34:03 | INFO | Validation — loss=1.0443, acc=0.5762, f1=0.5528, recall=0.5734, precision=0.5628
2026-03-15 01:34:03 | INFO | Best model logged 0.5528
2026-03-15 01:34:03 | INFO | Validation — loss=2.3535, acc=0.3206, f1=0.2566, recall=0.5098, precision=0.6556
2026-03-15 01:34:04 | INFO | [Epoch 014] total_loss=0.041054, Lr0=0.000095Lr1=0.000946, time=0.60s
2026-03-15 01:34:04 | INFO | [Epoch 016] total_loss=0.011495, Lr0=0.000093Lr1=0.000930, time=0.76s
2026-03-15 01:34:05 | INFO | Validation — loss=1.0193, acc=0.578, f1=0.5678, recall=0.6095, precision=0.5938
2026-03-15 01:34:05 | INFO | Best model logged 0.5678
2026-03-15 01:34:05 | INFO | Validation — loss=0.9042, acc=0.5737, f1=0.5725, recall=0.6499, precision=0.6382
2026-03-15 01:34:06 | INFO | [Epoch 015] total_loss=0.021701, Lr0=0.000094Lr1=0.000938, time=0.60s
2026-03-15 01:34:06 | INFO | [Epoch 017] total_loss=0.012687, Lr0=0.000092Lr1=0.000922, time=0.75s
2026-03-15 01:34:07 | INFO | Validation — loss=2.5373, acc=0.3534, f1=0.309, recall=0.5305, precision=0.6284
2026-03-15 01:34:07 | INFO | Validation — loss=0.9630, acc=0.5374, f1=0.5327, recall=0.586, precision=0.5758
2026-03-15 01:34:08 | INFO | [Epoch 016] total_loss=0.018396, Lr0=0.000093Lr1=0.000930, time=0.66s
2026-03-15 01:34:08 | INFO | [Epoch 018] total_loss=0.006866, Lr0=0.000091Lr1=0.000914, time=0.75s
2026-03-15 01:34:09 | INFO | Validation — loss=2.4206, acc=0.3537, f1=0.3115, recall=0.528, precision=0.6064
2026-03-15 01:34:09 | INFO | Validation — loss=2.6061, acc=0.3078, f1=0.2363, recall=0.5007, precision=0.6536
2026-03-15 01:34:10 | INFO | [Epoch 019] total_loss=0.005203, Lr0=0.000091Lr1=0.000905, time=0.79s
2026-03-15 01:34:10 | INFO | [Epoch 017] total_loss=0.017973, Lr0=0.000092Lr1=0.000922, time=0.61s
2026-03-15 01:34:11 | INFO | Validation — loss=3.3089, acc=0.3076, f1=0.236, recall=0.5005, precision=0.6536
2026-03-15 01:34:11 | INFO | Validation — loss=1.5502, acc=0.4828, f1=0.4827, recall=0.5702, precision=0.5711
2026-03-15 01:34:11 | INFO | [Epoch 020] total_loss=0.004002, Lr0=0.000090Lr1=0.000895, time=0.79s
2026-03-15 01:34:12 | INFO | [Epoch 018] total_loss=0.010218, Lr0=0.000091Lr1=0.000914, time=0.63s
2026-03-15 01:34:12 | INFO | Validation — loss=3.2490, acc=0.3078, f1=0.2363, recall=0.5007, precision=0.6536
2026-03-15 01:34:13 | INFO | Validation — loss=2.6943, acc=0.3078, f1=0.2363, recall=0.5007, precision=0.6536
2026-03-15 01:34:13 | INFO | [Epoch 021] total_loss=0.002487, Lr0=0.000089Lr1=0.000885, time=0.74s
2026-03-15 01:34:14 | INFO | [Epoch 019] total_loss=0.007130, Lr0=0.000091Lr1=0.000905, time=0.62s
2026-03-15 01:34:14 | INFO | Validation — loss=3.3322, acc=0.3081, f1=0.2367, recall=0.5008, precision=0.6536
2026-03-15 01:34:15 | INFO | Validation — loss=2.7341, acc=0.3153, f1=0.2483, recall=0.5061, precision=0.6548
2026-03-15 01:34:15 | INFO | [Epoch 022] total_loss=0.001907, Lr0=0.000088Lr1=0.000875, time=0.81s
2026-03-15 01:34:16 | INFO | [Epoch 020] total_loss=0.006023, Lr0=0.000090Lr1=0.000895, time=0.72s
2026-03-15 01:34:16 | INFO | Validation — loss=2.5467, acc=0.3453, f1=0.2953, recall=0.5266, precision=0.6454
2026-03-15 01:34:17 | INFO | [Epoch 023] total_loss=0.001864, Lr0=0.000087Lr1=0.000865, time=0.80s
2026-03-15 01:34:17 | INFO | Validation — loss=2.9379, acc=0.3278, f1=0.2679, recall=0.5151, precision=0.6567
2026-03-15 01:34:18 | INFO | [Epoch 021] total_loss=0.003998, Lr0=0.000089Lr1=0.000885, time=0.61s
2026-03-15 01:34:18 | INFO | Validation — loss=2.3668, acc=0.3784, f1=0.347, recall=0.5441, precision=0.6173
2026-03-15 01:34:19 | INFO | [Epoch 024] total_loss=0.002342, Lr0=0.000086Lr1=0.000854, time=0.75s
2026-03-15 01:34:19 | INFO | Validation — loss=2.6577, acc=0.3439, f1=0.2923, recall=0.5267, precision=0.6594
2026-03-15 01:34:20 | INFO | [Epoch 022] total_loss=0.002395, Lr0=0.000088Lr1=0.000875, time=0.64s
2026-03-15 01:34:20 | INFO | Validation — loss=2.2453, acc=0.3943, f1=0.375, recall=0.543, precision=0.5802
2026-03-15 01:34:21 | INFO | [Epoch 025] total_loss=0.002630, Lr0=0.000084Lr1=0.000842, time=0.80s
2026-03-15 01:34:21 | INFO | Validation — loss=1.8946, acc=0.4589, f1=0.4546, recall=0.5798, precision=0.5997
2026-03-15 01:34:22 | INFO | Validation — loss=2.0395, acc=0.4363, f1=0.4291, recall=0.5634, precision=0.5859
2026-03-15 01:34:22 | INFO | [Epoch 023] total_loss=0.002363, Lr0=0.000087Lr1=0.000865, time=0.62s
2026-03-15 01:34:22 | INFO | [Epoch 026] total_loss=0.002213, Lr0=0.000083Lr1=0.000831, time=0.77s
2026-03-15 01:34:23 | INFO | Validation — loss=2.1672, acc=0.4387, f1=0.4293, recall=0.5739, precision=0.6072
2026-03-15 01:34:23 | INFO | Validation — loss=1.6563, acc=0.4778, f1=0.4777, recall=0.5588, precision=0.5582
2026-03-15 01:34:24 | INFO | [Epoch 024] total_loss=0.003146, Lr0=0.000086Lr1=0.000854, time=0.63s
2026-03-15 01:34:24 | INFO | [Epoch 027] total_loss=0.001482, Lr0=0.000082Lr1=0.000819, time=0.83s
2026-03-15 01:34:25 | INFO | Validation — loss=1.8499, acc=0.4832, f1=0.483, recall=0.5769, precision=0.58
2026-03-15 01:34:25 | INFO | Validation — loss=2.1826, acc=0.4274, f1=0.4179, recall=0.5601, precision=0.5869
2026-03-15 01:34:26 | INFO | [Epoch 025] total_loss=0.003078, Lr0=0.000084Lr1=0.000842, time=0.67s
2026-03-15 01:34:26 | INFO | [Epoch 028] total_loss=0.001913, Lr0=0.000081Lr1=0.000807, time=0.86s
2026-03-15 01:34:27 | INFO | Validation — loss=2.1108, acc=0.4351, f1=0.4277, recall=0.563, precision=0.5861
2026-03-15 01:34:27 | INFO | Validation — loss=2.1500, acc=0.4517, f1=0.4481, recall=0.5676, precision=0.5822
2026-03-15 01:34:28 | INFO | [Epoch 026] total_loss=0.002012, Lr0=0.000083Lr1=0.000831, time=0.61s
2026-03-15 01:34:28 | INFO | [Epoch 029] total_loss=0.002419, Lr0=0.000080Lr1=0.000794, time=0.80s
2026-03-15 01:34:29 | INFO | Validation — loss=1.8237, acc=0.476, f1=0.4756, recall=0.5709, precision=0.5745
2026-03-15 01:34:29 | INFO | Validation — loss=2.0595, acc=0.4347, f1=0.4282, recall=0.559, precision=0.5782
2026-03-15 01:34:30 | INFO | [Epoch 027] total_loss=0.001573, Lr0=0.000082Lr1=0.000819, time=0.60s
2026-03-15 01:34:30 | INFO | [Epoch 030] total_loss=0.001168, Lr0=0.000078Lr1=0.000781, time=0.76s
2026-03-15 01:34:31 | INFO | Validation — loss=2.5668, acc=0.4154, f1=0.4015, recall=0.5572, precision=0.5931
2026-03-15 01:34:31 | INFO | Validation — loss=1.9396, acc=0.4628, f1=0.4607, recall=0.5721, precision=0.583
2026-03-15 01:34:32 | INFO | [Epoch 031] total_loss=0.001134, Lr0=0.000077Lr1=0.000768, time=0.75s
2026-03-15 01:34:32 | INFO | [Epoch 028] total_loss=0.001775, Lr0=0.000081Lr1=0.000807, time=0.61s
2026-03-15 01:34:33 | INFO | Validation — loss=1.5659, acc=0.5238, f1=0.5205, recall=0.578, precision=0.5698
2026-03-15 01:34:33 | INFO | Validation — loss=1.9853, acc=0.4778, f1=0.4766, recall=0.5829, precision=0.5917
2026-03-15 01:34:34 | INFO | [Epoch 032] total_loss=0.001187, Lr0=0.000076Lr1=0.000755, time=0.77s
2026-03-15 01:34:34 | INFO | [Epoch 029] total_loss=0.001990, Lr0=0.000080Lr1=0.000794, time=0.63s
2026-03-15 01:34:35 | INFO | Validation — loss=1.4361, acc=0.551, f1=0.5444, recall=0.5929, precision=0.5808
2026-03-15 01:34:35 | INFO | Validation — loss=2.2241, acc=0.4324, f1=0.4246, recall=0.5609, precision=0.5839
2026-03-15 01:34:35 | INFO | [Epoch 033] total_loss=0.001499, Lr0=0.000074Lr1=0.000741, time=0.75s
2026-03-15 01:34:36 | INFO | [Epoch 030] total_loss=0.001343, Lr0=0.000078Lr1=0.000781, time=0.62s
2026-03-15 01:34:36 | INFO | Validation — loss=1.9557, acc=0.4837, f1=0.4821, recall=0.5933, precision=0.6053
2026-03-15 01:34:37 | INFO | [Epoch 034] total_loss=0.000690, Lr0=0.000073Lr1=0.000727, time=0.77s
2026-03-15 01:34:37 | INFO | Validation — loss=2.0927, acc=0.4446, f1=0.4409, recall=0.5598, precision=0.573
2026-03-15 01:34:37 | INFO | Early stopping at epoch 30. Best: 0.594600
2026-03-15 01:34:37 | INFO | Training complete.
2026-03-15 01:34:37 | INFO | Best checkpoint: ./save/cnn_overlap_new/subject_invariant_SWELLDataset/finetuned_best_4.pt
2026-03-15 01:34:38 | INFO | Validation — loss=1.8713, acc=0.5025, f1=0.5021, recall=0.6026, precision=0.6081
2026-03-15 01:34:39 | INFO | [Epoch 035] total_loss=0.000927, Lr0=0.000072Lr1=0.000713, time=0.74s
2026-03-15 01:34:40 | INFO | Validation — loss=1.9381, acc=0.4907, f1=0.4896, recall=0.5978, precision=0.608
2026-03-15 01:34:41 | INFO | [Epoch 036] total_loss=0.001714, Lr0=0.000070Lr1=0.000699, time=0.77s
2026-03-15 01:34:42 | INFO | Validation — loss=1.8064, acc=0.5016, f1=0.5015, recall=0.5941, precision=0.5959
2026-03-15 01:34:42 | INFO | Early stopping at epoch 36. Best: 0.567800
2026-03-15 01:34:42 | INFO | Training complete.
2026-03-15 01:34:42 | INFO | Best checkpoint: ./save/cnn_overlap_new/subject_invariant_SWELLDataset/finetuned_best_4.pt
2026-03-15 01:34:49 | INFO | Model forward EncoderClassifierModel(
  (encoder): CNNEncoder(
    (cnn_layers): Sequential(
      (0): Conv1d(1, 32, kernel_size=(10,), stride=(1,))
      (1): BatchNorm1d(32, eps=1e-05, momentum=0.1, affine=True, track_running_stats=True)
      (2): ReLU()
      (3): MaxPool1d(kernel_size=2, stride=2, padding=0, dilation=1, ceil_mode=False)
      (4): Dropout(p=0.0, inplace=False)
      (5): Conv1d(32, 64, kernel_size=(10,), stride=(1,))
      (6): BatchNorm1d(64, eps=1e-05, momentum=0.1, affine=True, track_running_stats=True)
      (7): ReLU()
      (8): MaxPool1d(kernel_size=2, stride=2, padding=0, dilation=1, ceil_mode=False)
      (9): Dropout(p=0.0, inplace=False)
      (10): Conv1d(64, 128, kernel_size=(10,), stride=(1,))
      (11): BatchNorm1d(128, eps=1e-05, momentum=0.1, affine=True, track_running_stats=True)
      (12): ReLU()
      (13): MaxPool1d(kernel_size=2, stride=2, padding=0, dilation=1, ceil_mode=False)
      (14): Dropout(p=0.0, inplace=False)
      (15): Conv1d(128, 256, kernel_size=(10,), stride=(1,))
      (16): BatchNorm1d(256, eps=1e-05, momentum=0.1, affine=True, track_running_stats=True)
      (17): ReLU()
      (18): MaxPool1d(kernel_size=2, stride=2, padding=0, dilation=1, ceil_mode=False)
      (19): Dropout(p=0.0, inplace=False)
    )
    (linear_layer): Sequential(
      (0): Linear(in_features=18176, out_features=64, bias=True)
      (1): ReLU()
    )
  )
  (classifier): Linear(in_features=64, out_features=1, bias=True)
  (loss_fn): BCEWithLogitsLoss()
)
2026-03-15 01:34:50 | INFO | [Epoch 000] total_loss=0.645818, Lr0=0.000100Lr1=0.001000, time=0.64s
2026-03-15 01:34:51 | INFO | Validation — loss=0.6052, acc=0.7106, f1=0.4154, recall=0.5, precision=0.3553
2026-03-15 01:34:51 | INFO | Best model logged 0.4154
2026-03-15 01:34:52 | INFO | [Epoch 001] total_loss=0.525113, Lr0=0.000100Lr1=0.000999, time=0.61s
2026-03-15 01:34:53 | INFO | Model forward EncoderClassifierModel(
  (encoder): CNNEncoder(
    (cnn_layers): Sequential(
      (0): Conv1d(1, 32, kernel_size=(10,), stride=(1,))
      (1): BatchNorm1d(32, eps=1e-05, momentum=0.1, affine=True, track_running_stats=True)
      (2): ReLU()
      (3): MaxPool1d(kernel_size=2, stride=2, padding=0, dilation=1, ceil_mode=False)
      (4): Dropout(p=0.0, inplace=False)
      (5): Conv1d(32, 64, kernel_size=(10,), stride=(1,))
      (6): BatchNorm1d(64, eps=1e-05, momentum=0.1, affine=True, track_running_stats=True)
      (7): ReLU()
      (8): MaxPool1d(kernel_size=2, stride=2, padding=0, dilation=1, ceil_mode=False)
      (9): Dropout(p=0.0, inplace=False)
      (10): Conv1d(64, 128, kernel_size=(10,), stride=(1,))
      (11): BatchNorm1d(128, eps=1e-05, momentum=0.1, affine=True, track_running_stats=True)
      (12): ReLU()
      (13): MaxPool1d(kernel_size=2, stride=2, padding=0, dilation=1, ceil_mode=False)
      (14): Dropout(p=0.0, inplace=False)
      (15): Conv1d(128, 256, kernel_size=(10,), stride=(1,))
      (16): BatchNorm1d(256, eps=1e-05, momentum=0.1, affine=True, track_running_stats=True)
      (17): ReLU()
      (18): MaxPool1d(kernel_size=2, stride=2, padding=0, dilation=1, ceil_mode=False)
      (19): Dropout(p=0.0, inplace=False)
    )
    (linear_layer): Sequential(
      (0): Linear(in_features=18176, out_features=64, bias=True)
      (1): ReLU()
    )
  )
  (classifier): Linear(in_features=64, out_features=1, bias=True)
  (loss_fn): BCEWithLogitsLoss()
)
2026-03-15 01:34:53 | INFO | Validation — loss=1.0614, acc=0.7106, f1=0.4154, recall=0.5, precision=0.3553
2026-03-15 01:34:54 | INFO | [Epoch 000] total_loss=0.645818, Lr0=0.000100Lr1=0.001000, time=0.78s
2026-03-15 01:34:54 | INFO | [Epoch 002] total_loss=0.364717, Lr0=0.000100Lr1=0.000998, time=0.66s
2026-03-15 01:34:55 | INFO | Validation — loss=0.6017, acc=0.7106, f1=0.4154, recall=0.5, precision=0.3553
2026-03-15 01:34:55 | INFO | Best model logged 0.4154
2026-03-15 01:34:55 | INFO | Validation — loss=1.2662, acc=0.7106, f1=0.4154, recall=0.5, precision=0.3553
2026-03-15 01:34:56 | INFO | [Epoch 001] total_loss=0.525115, Lr0=0.000100Lr1=0.000999, time=0.84s
2026-03-15 01:34:56 | INFO | [Epoch 003] total_loss=0.220157, Lr0=0.000100Lr1=0.000996, time=0.64s
2026-03-15 01:34:57 | INFO | Validation — loss=0.7503, acc=0.7106, f1=0.4154, recall=0.5, precision=0.3553
2026-03-15 01:34:57 | INFO | Validation — loss=1.9052, acc=0.7106, f1=0.4154, recall=0.5, precision=0.3553
2026-03-15 01:34:58 | INFO | [Epoch 002] total_loss=0.364808, Lr0=0.000100Lr1=0.000998, time=0.75s
2026-03-15 01:34:58 | INFO | [Epoch 004] total_loss=0.132208, Lr0=0.000099Lr1=0.000994, time=0.75s
2026-03-15 01:34:59 | INFO | Validation — loss=0.8821, acc=0.7106, f1=0.4154, recall=0.5, precision=0.3553
2026-03-15 01:34:59 | INFO | [Epoch 003] total_loss=0.220484, Lr0=0.000100Lr1=0.000996, time=0.78s
2026-03-15 01:34:59 | INFO | Validation — loss=1.5582, acc=0.7106, f1=0.4154, recall=0.5, precision=0.3553
2026-03-15 01:35:00 | INFO | [Epoch 005] total_loss=0.091691, Lr0=0.000099Lr1=0.000991, time=0.79s
2026-03-15 01:35:00 | INFO | Validation — loss=1.3054, acc=0.7106, f1=0.4154, recall=0.5, precision=0.3553
2026-03-15 01:35:01 | INFO | [Epoch 004] total_loss=0.130320, Lr0=0.000099Lr1=0.000994, time=0.76s
2026-03-15 01:35:02 | INFO | Validation — loss=2.1148, acc=0.7106, f1=0.4154, recall=0.5, precision=0.3553
2026-03-15 01:35:02 | INFO | Validation — loss=1.8574, acc=0.7106, f1=0.4154, recall=0.5, precision=0.3553
2026-03-15 01:35:02 | INFO | [Epoch 006] total_loss=0.068167, Lr0=0.000099Lr1=0.000988, time=0.65s
2026-03-15 01:35:03 | INFO | [Epoch 005] total_loss=0.087670, Lr0=0.000099Lr1=0.000991, time=0.76s
2026-03-15 01:35:04 | INFO | Validation — loss=2.1914, acc=0.7106, f1=0.4154, recall=0.5, precision=0.3553
2026-03-15 01:35:04 | INFO | Validation — loss=1.6245, acc=0.7106, f1=0.4154, recall=0.5, precision=0.3553
2026-03-15 01:35:04 | INFO | [Epoch 007] total_loss=0.047447, Lr0=0.000098Lr1=0.000984, time=0.63s
2026-03-15 01:35:05 | INFO | [Epoch 006] total_loss=0.056271, Lr0=0.000099Lr1=0.000988, time=0.77s
2026-03-15 01:35:06 | INFO | Validation — loss=2.5727, acc=0.7106, f1=0.4154, recall=0.5, precision=0.3553
2026-03-15 01:35:06 | INFO | Validation — loss=5.8204, acc=0.7106, f1=0.4154, recall=0.5, precision=0.3553
2026-03-15 01:35:06 | INFO | [Epoch 008] total_loss=0.046782, Lr0=0.000098Lr1=0.000980, time=0.65s
2026-03-15 01:35:07 | INFO | [Epoch 007] total_loss=0.057327, Lr0=0.000098Lr1=0.000984, time=0.76s
2026-03-15 01:35:08 | INFO | Validation — loss=3.1467, acc=0.7106, f1=0.4154, recall=0.5, precision=0.3553
2026-03-15 01:35:08 | INFO | Validation — loss=4.8742, acc=0.7106, f1=0.4154, recall=0.5, precision=0.3553
2026-03-15 01:35:08 | INFO | [Epoch 009] total_loss=0.046441, Lr0=0.000098Lr1=0.000976, time=0.60s
2026-03-15 01:35:08 | INFO | [Epoch 008] total_loss=0.040941, Lr0=0.000098Lr1=0.000980, time=0.74s
2026-03-15 01:35:09 | INFO | Validation — loss=3.2536, acc=0.7106, f1=0.4154, recall=0.5, precision=0.3553
2026-03-15 01:35:09 | INFO | Validation — loss=2.5054, acc=0.7106, f1=0.4154, recall=0.5, precision=0.3553
2026-03-15 01:35:10 | INFO | [Epoch 010] total_loss=0.044934, Lr0=0.000097Lr1=0.000970, time=0.60s
2026-03-15 01:35:10 | INFO | [Epoch 009] total_loss=0.050405, Lr0=0.000098Lr1=0.000976, time=0.73s
2026-03-15 01:35:11 | INFO | Validation — loss=2.2486, acc=0.7106, f1=0.4154, recall=0.5, precision=0.3553
2026-03-15 01:35:11 | INFO | Validation — loss=2.1240, acc=0.7106, f1=0.4154, recall=0.5, precision=0.3553
2026-03-15 01:35:12 | INFO | [Epoch 010] total_loss=0.058904, Lr0=0.000097Lr1=0.000970, time=0.73s
2026-03-15 01:35:12 | INFO | [Epoch 011] total_loss=0.037517, Lr0=0.000097Lr1=0.000965, time=0.62s
2026-03-15 01:35:13 | INFO | Validation — loss=2.0332, acc=0.7106, f1=0.4154, recall=0.5, precision=0.3553
2026-03-15 01:35:13 | INFO | Validation — loss=1.7590, acc=0.7106, f1=0.4154, recall=0.5, precision=0.3553
2026-03-15 01:35:14 | INFO | [Epoch 011] total_loss=0.043235, Lr0=0.000097Lr1=0.000965, time=0.76s
2026-03-15 01:35:14 | INFO | [Epoch 012] total_loss=0.014398, Lr0=0.000096Lr1=0.000959, time=0.69s
2026-03-15 01:35:15 | INFO | Validation — loss=3.4826, acc=0.7106, f1=0.4154, recall=0.5, precision=0.3553
2026-03-15 01:35:15 | INFO | Validation — loss=1.6180, acc=0.711, f1=0.4172, recall=0.5008, precision=0.8555
2026-03-15 01:35:15 | INFO | Best model logged 0.4172
2026-03-15 01:35:15 | INFO | [Epoch 012] total_loss=0.057578, Lr0=0.000096Lr1=0.000959, time=0.81s
2026-03-15 01:35:16 | INFO | [Epoch 013] total_loss=0.016834, Lr0=0.000095Lr1=0.000952, time=0.61s
2026-03-15 01:35:16 | INFO | Validation — loss=2.9015, acc=0.7106, f1=0.4154, recall=0.5, precision=0.3553
2026-03-15 01:35:17 | INFO | [Epoch 013] total_loss=0.036079, Lr0=0.000095Lr1=0.000952, time=0.74s
2026-03-15 01:35:17 | INFO | Validation — loss=1.4936, acc=0.712, f1=0.4207, recall=0.5025, precision=0.8558
2026-03-15 01:35:17 | INFO | Best model logged 0.4207
2026-03-15 01:35:18 | INFO | [Epoch 014] total_loss=0.022778, Lr0=0.000095Lr1=0.000946, time=0.66s
2026-03-15 01:35:18 | INFO | Validation — loss=3.2291, acc=0.7106, f1=0.4154, recall=0.5, precision=0.3553
2026-03-15 01:35:19 | INFO | [Epoch 014] total_loss=0.033468, Lr0=0.000095Lr1=0.000946, time=0.74s
2026-03-15 01:35:20 | INFO | Validation — loss=3.3561, acc=0.7106, f1=0.4154, recall=0.5, precision=0.3553
2026-03-15 01:35:20 | INFO | Validation — loss=4.2908, acc=0.7106, f1=0.4154, recall=0.5, precision=0.3553
2026-03-15 01:35:20 | INFO | [Epoch 015] total_loss=0.020294, Lr0=0.000094Lr1=0.000938, time=0.64s
2026-03-15 01:35:21 | INFO | [Epoch 015] total_loss=0.022998, Lr0=0.000094Lr1=0.000938, time=0.80s
2026-03-15 01:35:21 | INFO | Validation — loss=3.6449, acc=0.7106, f1=0.4154, recall=0.5, precision=0.3553
2026-03-15 01:35:22 | INFO | Validation — loss=4.6401, acc=0.7106, f1=0.4154, recall=0.5, precision=0.3553
2026-03-15 01:35:22 | INFO | [Epoch 016] total_loss=0.018263, Lr0=0.000093Lr1=0.000930, time=0.66s
2026-03-15 01:35:23 | INFO | [Epoch 016] total_loss=0.011794, Lr0=0.000093Lr1=0.000930, time=0.76s
2026-03-15 01:35:23 | INFO | Validation — loss=4.1705, acc=0.7106, f1=0.4154, recall=0.5, precision=0.3553
2026-03-15 01:35:24 | INFO | Validation — loss=4.7361, acc=0.7106, f1=0.4154, recall=0.5, precision=0.3553
2026-03-15 01:35:24 | INFO | [Epoch 017] total_loss=0.023889, Lr0=0.000092Lr1=0.000922, time=0.61s
2026-03-15 01:35:25 | INFO | [Epoch 017] total_loss=0.008214, Lr0=0.000092Lr1=0.000922, time=0.74s
2026-03-15 01:35:25 | INFO | Validation — loss=3.9863, acc=0.7106, f1=0.4154, recall=0.5, precision=0.3553
2026-03-15 01:35:26 | INFO | Validation — loss=4.3714, acc=0.7106, f1=0.4154, recall=0.5, precision=0.3553
2026-03-15 01:35:26 | INFO | [Epoch 018] total_loss=0.044697, Lr0=0.000091Lr1=0.000914, time=0.77s
2026-03-15 01:35:26 | INFO | [Epoch 018] total_loss=0.012066, Lr0=0.000091Lr1=0.000914, time=0.79s
2026-03-15 01:35:27 | INFO | Validation — loss=3.3202, acc=0.7106, f1=0.4154, recall=0.5, precision=0.3553
2026-03-15 01:35:27 | INFO | Validation — loss=2.1278, acc=0.7118, f1=0.4198, recall=0.5021, precision=0.8557
2026-03-15 01:35:28 | INFO | [Epoch 019] total_loss=0.015460, Lr0=0.000091Lr1=0.000905, time=0.75s
2026-03-15 01:35:28 | INFO | [Epoch 019] total_loss=0.036968, Lr0=0.000091Lr1=0.000905, time=0.79s
2026-03-15 01:35:29 | INFO | Validation — loss=4.9147, acc=0.7106, f1=0.4154, recall=0.5, precision=0.3553
2026-03-15 01:35:30 | INFO | Validation — loss=3.1040, acc=0.7106, f1=0.4154, recall=0.5, precision=0.3553
2026-03-15 01:35:30 | INFO | [Epoch 020] total_loss=0.018298, Lr0=0.000090Lr1=0.000895, time=0.76s
2026-03-15 01:35:30 | INFO | [Epoch 020] total_loss=0.017836, Lr0=0.000090Lr1=0.000895, time=0.62s
2026-03-15 01:35:31 | INFO | Validation — loss=3.5778, acc=0.7106, f1=0.4154, recall=0.5, precision=0.3553
2026-03-15 01:35:31 | INFO | Early stopping at epoch 20. Best: 0.415400
2026-03-15 01:35:31 | INFO | Training complete.
2026-03-15 01:35:31 | INFO | Best checkpoint: ./save/cnn_overlap_new/subject_invariant_SWELLDataset/finetuned_best_5.pt
2026-03-15 01:35:32 | INFO | Validation — loss=4.1767, acc=0.7106, f1=0.4154, recall=0.5, precision=0.3553
2026-03-15 01:35:32 | INFO | [Epoch 021] total_loss=0.013516, Lr0=0.000089Lr1=0.000885, time=0.62s
2026-03-15 01:35:34 | INFO | Validation — loss=4.1461, acc=0.7106, f1=0.4154, recall=0.5, precision=0.3553
2026-03-15 01:35:34 | INFO | [Epoch 022] total_loss=0.012685, Lr0=0.000088Lr1=0.000875, time=0.63s
2026-03-15 01:35:36 | INFO | Validation — loss=3.0743, acc=0.7106, f1=0.4154, recall=0.5, precision=0.3553
2026-03-15 01:35:36 | INFO | [Epoch 023] total_loss=0.008105, Lr0=0.000087Lr1=0.000865, time=0.62s
2026-03-15 01:35:38 | INFO | Validation — loss=3.2712, acc=0.7106, f1=0.4154, recall=0.5, precision=0.3553
2026-03-15 01:35:38 | INFO | [Epoch 024] total_loss=0.007013, Lr0=0.000086Lr1=0.000854, time=0.60s
2026-03-15 01:35:40 | INFO | Validation — loss=3.4020, acc=0.7106, f1=0.4154, recall=0.5, precision=0.3553
2026-03-15 01:35:40 | INFO | [Epoch 025] total_loss=0.006207, Lr0=0.000084Lr1=0.000842, time=0.59s
2026-03-15 01:35:41 | INFO | Validation — loss=3.8300, acc=0.7106, f1=0.4154, recall=0.5, precision=0.3553
2026-03-15 01:35:42 | INFO | [Epoch 026] total_loss=0.005514, Lr0=0.000083Lr1=0.000831, time=0.64s
2026-03-15 01:35:42 | INFO | Model forward EncoderClassifierModel(
  (encoder): CNNEncoder(
    (cnn_layers): Sequential(
      (0): Conv1d(1, 32, kernel_size=(10,), stride=(1,))
      (1): BatchNorm1d(32, eps=1e-05, momentum=0.1, affine=True, track_running_stats=True)
      (2): ReLU()
      (3): MaxPool1d(kernel_size=2, stride=2, padding=0, dilation=1, ceil_mode=False)
      (4): Dropout(p=0.0, inplace=False)
      (5): Conv1d(32, 64, kernel_size=(10,), stride=(1,))
      (6): BatchNorm1d(64, eps=1e-05, momentum=0.1, affine=True, track_running_stats=True)
      (7): ReLU()
      (8): MaxPool1d(kernel_size=2, stride=2, padding=0, dilation=1, ceil_mode=False)
      (9): Dropout(p=0.0, inplace=False)
      (10): Conv1d(64, 128, kernel_size=(10,), stride=(1,))
      (11): BatchNorm1d(128, eps=1e-05, momentum=0.1, affine=True, track_running_stats=True)
      (12): ReLU()
      (13): MaxPool1d(kernel_size=2, stride=2, padding=0, dilation=1, ceil_mode=False)
      (14): Dropout(p=0.0, inplace=False)
      (15): Conv1d(128, 256, kernel_size=(10,), stride=(1,))
      (16): BatchNorm1d(256, eps=1e-05, momentum=0.1, affine=True, track_running_stats=True)
      (17): ReLU()
      (18): MaxPool1d(kernel_size=2, stride=2, padding=0, dilation=1, ceil_mode=False)
      (19): Dropout(p=0.0, inplace=False)
    )
    (linear_layer): Sequential(
      (0): Linear(in_features=18176, out_features=64, bias=True)
      (1): ReLU()
    )
  )
  (classifier): Linear(in_features=64, out_features=1, bias=True)
  (loss_fn): BCEWithLogitsLoss()
)
2026-03-15 01:35:43 | INFO | [Epoch 000] total_loss=0.649594, Lr0=0.000100Lr1=0.001000, time=0.81s
2026-03-15 01:35:43 | INFO | Validation — loss=4.4304, acc=0.7106, f1=0.4154, recall=0.5, precision=0.3553
2026-03-15 01:35:44 | INFO | [Epoch 027] total_loss=0.005929, Lr0=0.000082Lr1=0.000819, time=0.65s
2026-03-15 01:35:44 | INFO | Validation — loss=0.6297, acc=0.6827, f1=0.4057, recall=0.5, precision=0.3413
2026-03-15 01:35:44 | INFO | Best model logged 0.4057
2026-03-15 01:35:45 | INFO | Validation — loss=3.4061, acc=0.7106, f1=0.4154, recall=0.5, precision=0.3553
2026-03-15 01:35:45 | INFO | [Epoch 001] total_loss=0.550634, Lr0=0.000100Lr1=0.000999, time=0.76s
2026-03-15 01:35:46 | INFO | [Epoch 028] total_loss=0.002477, Lr0=0.000081Lr1=0.000807, time=0.62s
2026-03-15 01:35:47 | INFO | Validation — loss=1.0986, acc=0.6827, f1=0.4057, recall=0.5, precision=0.3413
2026-03-15 01:35:47 | INFO | [Epoch 002] total_loss=0.408842, Lr0=0.000100Lr1=0.000998, time=0.74s
2026-03-15 01:35:47 | INFO | Validation — loss=3.0876, acc=0.7106, f1=0.4154, recall=0.5, precision=0.3553
2026-03-15 01:35:48 | INFO | [Epoch 029] total_loss=0.001648, Lr0=0.000080Lr1=0.000794, time=0.62s
2026-03-15 01:35:48 | INFO | Validation — loss=1.8571, acc=0.6827, f1=0.4057, recall=0.5, precision=0.3413
2026-03-15 01:35:49 | INFO | [Epoch 003] total_loss=0.276847, Lr0=0.000100Lr1=0.000996, time=0.74s
2026-03-15 01:35:49 | INFO | Validation — loss=3.2071, acc=0.7106, f1=0.4154, recall=0.5, precision=0.3553
2026-03-15 01:35:50 | INFO | [Epoch 030] total_loss=0.001529, Lr0=0.000078Lr1=0.000781, time=0.63s
2026-03-15 01:35:50 | INFO | Validation — loss=1.8930, acc=0.6827, f1=0.4057, recall=0.5, precision=0.3413
2026-03-15 01:35:51 | INFO | [Epoch 004] total_loss=0.197542, Lr0=0.000099Lr1=0.000994, time=0.79s
2026-03-15 01:35:51 | INFO | Validation — loss=3.1794, acc=0.7106, f1=0.4154, recall=0.5, precision=0.3553
2026-03-15 01:35:52 | INFO | [Epoch 031] total_loss=0.001128, Lr0=0.000077Lr1=0.000768, time=0.64s
2026-03-15 01:35:52 | INFO | Validation — loss=1.0709, acc=0.6827, f1=0.4057, recall=0.5, precision=0.3413
2026-03-15 01:35:53 | INFO | [Epoch 005] total_loss=0.132680, Lr0=0.000099Lr1=0.000991, time=0.81s
2026-03-15 01:35:53 | INFO | Validation — loss=3.1899, acc=0.7106, f1=0.4154, recall=0.5, precision=0.3553
2026-03-15 01:35:54 | INFO | Validation — loss=4.5973, acc=0.6827, f1=0.4057, recall=0.5, precision=0.3413
2026-03-15 01:35:54 | INFO | [Epoch 032] total_loss=0.000867, Lr0=0.000076Lr1=0.000755, time=0.62s
2026-03-15 01:35:55 | INFO | [Epoch 006] total_loss=0.109271, Lr0=0.000099Lr1=0.000988, time=0.73s
2026-03-15 01:35:55 | INFO | Validation — loss=3.3142, acc=0.7106, f1=0.4154, recall=0.5, precision=0.3553
2026-03-15 01:35:56 | INFO | Validation — loss=3.9472, acc=0.6827, f1=0.4057, recall=0.5, precision=0.3413
2026-03-15 01:35:56 | INFO | [Epoch 033] total_loss=0.001347, Lr0=0.000074Lr1=0.000741, time=0.64s
2026-03-15 01:35:56 | INFO | [Epoch 007] total_loss=0.123578, Lr0=0.000098Lr1=0.000984, time=0.77s
2026-03-15 01:35:57 | INFO | Validation — loss=3.4274, acc=0.7106, f1=0.4154, recall=0.5, precision=0.3553
2026-03-15 01:35:57 | INFO | Early stopping at epoch 33. Best: 0.420700
2026-03-15 01:35:57 | INFO | Training complete.
2026-03-15 01:35:57 | INFO | Best checkpoint: ./save/cnn_overlap_new/subject_invariant_SWELLDataset/finetuned_best_5.pt
2026-03-15 01:35:57 | INFO | Validation — loss=1.2349, acc=0.6827, f1=0.4057, recall=0.5, precision=0.3413
2026-03-15 01:35:58 | INFO | [Epoch 008] total_loss=0.157123, Lr0=0.000098Lr1=0.000980, time=0.78s
2026-03-15 01:35:59 | INFO | Validation — loss=0.4708, acc=0.8774, f1=0.8644, recall=0.8819, precision=0.8538
2026-03-15 01:35:59 | INFO | Best model logged 0.8644
2026-03-15 01:36:00 | INFO | [Epoch 009] total_loss=0.094190, Lr0=0.000098Lr1=0.000976, time=0.72s
2026-03-15 01:36:01 | INFO | Validation — loss=1.1607, acc=0.6827, f1=0.4057, recall=0.5, precision=0.3413
2026-03-15 01:36:02 | INFO | [Epoch 010] total_loss=0.104155, Lr0=0.000097Lr1=0.000970, time=0.74s
2026-03-15 01:36:03 | INFO | Validation — loss=0.9134, acc=0.6856, f1=0.4154, recall=0.5046, precision=0.8423
2026-03-15 01:36:04 | INFO | [Epoch 011] total_loss=0.073784, Lr0=0.000097Lr1=0.000965, time=0.77s
2026-03-15 01:36:05 | INFO | Validation — loss=0.1099, acc=0.9633, f1=0.9562, recall=0.9421, precision=0.9745
2026-03-15 01:36:05 | INFO | Best model logged 0.9562
2026-03-15 01:36:06 | INFO | [Epoch 012] total_loss=0.062059, Lr0=0.000096Lr1=0.000959, time=0.80s
2026-03-15 01:36:07 | INFO | Validation — loss=0.0973, acc=0.9644, f1=0.9576, recall=0.9439, precision=0.9752
2026-03-15 01:36:07 | INFO | Best model logged 0.9576
2026-03-15 01:36:07 | INFO | [Epoch 013] total_loss=0.052507, Lr0=0.000095Lr1=0.000952, time=0.73s
2026-03-15 01:36:08 | INFO | Validation — loss=0.2550, acc=0.8976, f1=0.8899, recall=0.9239, precision=0.8777
2026-03-15 01:36:09 | INFO | Model forward EncoderClassifierModel(
  (encoder): CNNEncoder(
    (cnn_layers): Sequential(
      (0): Conv1d(1, 32, kernel_size=(10,), stride=(1,))
      (1): BatchNorm1d(32, eps=1e-05, momentum=0.1, affine=True, track_running_stats=True)
      (2): ReLU()
      (3): MaxPool1d(kernel_size=2, stride=2, padding=0, dilation=1, ceil_mode=False)
      (4): Dropout(p=0.0, inplace=False)
      (5): Conv1d(32, 64, kernel_size=(10,), stride=(1,))
      (6): BatchNorm1d(64, eps=1e-05, momentum=0.1, affine=True, track_running_stats=True)
      (7): ReLU()
      (8): MaxPool1d(kernel_size=2, stride=2, padding=0, dilation=1, ceil_mode=False)
      (9): Dropout(p=0.0, inplace=False)
      (10): Conv1d(64, 128, kernel_size=(10,), stride=(1,))
      (11): BatchNorm1d(128, eps=1e-05, momentum=0.1, affine=True, track_running_stats=True)
      (12): ReLU()
      (13): MaxPool1d(kernel_size=2, stride=2, padding=0, dilation=1, ceil_mode=False)
      (14): Dropout(p=0.0, inplace=False)
      (15): Conv1d(128, 256, kernel_size=(10,), stride=(1,))
      (16): BatchNorm1d(256, eps=1e-05, momentum=0.1, affine=True, track_running_stats=True)
      (17): ReLU()
      (18): MaxPool1d(kernel_size=2, stride=2, padding=0, dilation=1, ceil_mode=False)
      (19): Dropout(p=0.0, inplace=False)
    )
    (linear_layer): Sequential(
      (0): Linear(in_features=18176, out_features=64, bias=True)
      (1): ReLU()
    )
  )
  (classifier): Linear(in_features=64, out_features=1, bias=True)
  (loss_fn): BCEWithLogitsLoss()
)
2026-03-15 01:36:09 | INFO | [Epoch 014] total_loss=0.046101, Lr0=0.000095Lr1=0.000946, time=0.76s
2026-03-15 01:36:10 | INFO | [Epoch 000] total_loss=0.649594, Lr0=0.000100Lr1=0.001000, time=0.61s
2026-03-15 01:36:10 | INFO | Validation — loss=0.0335, acc=0.9891, f1=0.9875, recall=0.992, precision=0.9834
2026-03-15 01:36:10 | INFO | Best model logged 0.9875
2026-03-15 01:36:11 | INFO | Validation — loss=0.6268, acc=0.6827, f1=0.4057, recall=0.5, precision=0.3413
2026-03-15 01:36:11 | INFO | Best model logged 0.4057
2026-03-15 01:36:11 | INFO | [Epoch 015] total_loss=0.025389, Lr0=0.000094Lr1=0.000938, time=0.74s
2026-03-15 01:36:12 | INFO | [Epoch 001] total_loss=0.550745, Lr0=0.000100Lr1=0.000999, time=0.60s
2026-03-15 01:36:12 | INFO | Validation — loss=0.0901, acc=0.9746, f1=0.9703, recall=0.9645, precision=0.9768
2026-03-15 01:36:13 | INFO | [Epoch 016] total_loss=0.028830, Lr0=0.000093Lr1=0.000930, time=0.72s
2026-03-15 01:36:13 | INFO | Validation — loss=1.2451, acc=0.6827, f1=0.4057, recall=0.5, precision=0.3413
2026-03-15 01:36:14 | INFO | [Epoch 002] total_loss=0.409185, Lr0=0.000100Lr1=0.000998, time=0.60s
2026-03-15 01:36:14 | INFO | Validation — loss=0.1261, acc=0.9524, f1=0.947, recall=0.9651, precision=0.9348
2026-03-15 01:36:15 | INFO | [Epoch 017] total_loss=0.021846, Lr0=0.000092Lr1=0.000922, time=0.72s
2026-03-15 01:36:15 | INFO | Validation — loss=1.7769, acc=0.6827, f1=0.4057, recall=0.5, precision=0.3413
2026-03-15 01:36:16 | INFO | Validation — loss=0.5766, acc=0.777, f1=0.7724, recall=0.8367, precision=0.7937
2026-03-15 01:36:16 | INFO | [Epoch 003] total_loss=0.277636, Lr0=0.000100Lr1=0.000996, time=0.75s
2026-03-15 01:36:16 | INFO | [Epoch 018] total_loss=0.015224, Lr0=0.000091Lr1=0.000914, time=0.78s
2026-03-15 01:36:17 | INFO | Validation — loss=1.4287, acc=0.6827, f1=0.4057, recall=0.5, precision=0.3413
2026-03-15 01:36:17 | INFO | Validation — loss=0.0532, acc=0.9806, f1=0.978, recall=0.9858, precision=0.9712
2026-03-15 01:36:18 | INFO | [Epoch 004] total_loss=0.196551, Lr0=0.000099Lr1=0.000994, time=0.78s
2026-03-15 01:36:18 | INFO | [Epoch 019] total_loss=0.016433, Lr0=0.000091Lr1=0.000905, time=0.83s
2026-03-15 01:36:19 | INFO | Validation — loss=0.0470, acc=0.982, f1=0.9791, recall=0.9757, precision=0.9826
2026-03-15 01:36:20 | INFO | Validation — loss=0.7425, acc=0.6827, f1=0.4057, recall=0.5, precision=0.3413
2026-03-15 01:36:20 | INFO | [Epoch 020] total_loss=0.011929, Lr0=0.000090Lr1=0.000895, time=0.76s
2026-03-15 01:36:20 | INFO | [Epoch 005] total_loss=0.136369, Lr0=0.000099Lr1=0.000991, time=0.61s
2026-03-15 01:36:21 | INFO | Validation — loss=0.0430, acc=0.9864, f1=0.9845, recall=0.9889, precision=0.9804
2026-03-15 01:36:22 | INFO | Validation — loss=1.8936, acc=0.6827, f1=0.4057, recall=0.5, precision=0.3413
2026-03-15 01:36:22 | INFO | [Epoch 021] total_loss=0.010872, Lr0=0.000089Lr1=0.000885, time=0.75s
2026-03-15 01:36:22 | INFO | [Epoch 006] total_loss=0.106347, Lr0=0.000099Lr1=0.000988, time=0.62s
2026-03-15 01:36:23 | INFO | Validation — loss=0.0424, acc=0.9855, f1=0.9835, recall=0.9894, precision=0.9782
2026-03-15 01:36:24 | INFO | [Epoch 022] total_loss=0.012023, Lr0=0.000088Lr1=0.000875, time=0.73s
2026-03-15 01:36:24 | INFO | Validation — loss=2.1221, acc=0.6827, f1=0.4057, recall=0.5, precision=0.3413
2026-03-15 01:36:24 | INFO | [Epoch 007] total_loss=0.116458, Lr0=0.000098Lr1=0.000984, time=0.63s
2026-03-15 01:36:25 | INFO | Validation — loss=0.0651, acc=0.9749, f1=0.9712, recall=0.9745, precision=0.9681
2026-03-15 01:36:25 | INFO | [Epoch 023] total_loss=0.025260, Lr0=0.000087Lr1=0.000865, time=0.73s
2026-03-15 01:36:26 | INFO | Validation — loss=1.6068, acc=0.6883, f1=0.4243, recall=0.5088, precision=0.8433
2026-03-15 01:36:26 | INFO | Best model logged 0.4243
2026-03-15 01:36:26 | INFO | [Epoch 008] total_loss=0.135323, Lr0=0.000098Lr1=0.000980, time=0.67s
2026-03-15 01:36:26 | INFO | Validation — loss=0.1501, acc=0.9384, f1=0.9321, recall=0.9549, precision=0.9187
2026-03-15 01:36:27 | INFO | [Epoch 024] total_loss=0.014199, Lr0=0.000086Lr1=0.000854, time=0.77s
2026-03-15 01:36:28 | INFO | Validation — loss=1.2154, acc=0.6827, f1=0.4057, recall=0.5, precision=0.3413
2026-03-15 01:36:28 | INFO | Validation — loss=0.0277, acc=0.9882, f1=0.9864, recall=0.9863, precision=0.9865
2026-03-15 01:36:28 | INFO | [Epoch 009] total_loss=0.080865, Lr0=0.000098Lr1=0.000976, time=0.61s
2026-03-15 01:36:29 | INFO | [Epoch 025] total_loss=0.016292, Lr0=0.000084Lr1=0.000842, time=0.76s
2026-03-15 01:36:30 | INFO | Validation — loss=1.0665, acc=0.6845, f1=0.4117, recall=0.5028, precision=0.842
2026-03-15 01:36:30 | INFO | Validation — loss=0.0492, acc=0.9831, f1=0.9808, recall=0.9876, precision=0.9747
2026-03-15 01:36:30 | INFO | [Epoch 010] total_loss=0.080338, Lr0=0.000097Lr1=0.000970, time=0.63s
2026-03-15 01:36:31 | INFO | [Epoch 026] total_loss=0.018268, Lr0=0.000083Lr1=0.000831, time=0.75s
2026-03-15 01:36:32 | INFO | Validation — loss=0.5117, acc=0.7234, f1=0.5295, recall=0.5642, precision=0.8558
2026-03-15 01:36:32 | INFO | Best model logged 0.5295
2026-03-15 01:36:32 | INFO | Validation — loss=0.1046, acc=0.97, f1=0.9644, recall=0.9527, precision=0.9789
2026-03-15 01:36:32 | INFO | [Epoch 011] total_loss=0.072210, Lr0=0.000097Lr1=0.000965, time=0.61s
2026-03-15 01:36:33 | INFO | [Epoch 027] total_loss=0.009068, Lr0=0.000082Lr1=0.000819, time=0.77s
2026-03-15 01:36:34 | INFO | Validation — loss=0.0170, acc=0.9895, f1=0.9879, recall=0.985, precision=0.9908
2026-03-15 01:36:34 | INFO | Best model logged 0.9879
2026-03-15 01:36:34 | INFO | Validation — loss=0.0663, acc=0.9775, f1=0.9738, recall=0.9697, precision=0.9783
2026-03-15 01:36:34 | INFO | Best model logged 0.9738
2026-03-15 01:36:35 | INFO | [Epoch 012] total_loss=0.050835, Lr0=0.000096Lr1=0.000959, time=0.63s
2026-03-15 01:36:35 | INFO | [Epoch 028] total_loss=0.013590, Lr0=0.000081Lr1=0.000807, time=0.72s
2026-03-15 01:36:36 | INFO | Validation — loss=0.0296, acc=0.9915, f1=0.9903, recall=0.9936, precision=0.9872
2026-03-15 01:36:36 | INFO | Best model logged 0.9903
2026-03-15 01:36:36 | INFO | Validation — loss=0.0615, acc=0.9777, f1=0.9738, recall=0.9649, precision=0.9842
2026-03-15 01:36:37 | INFO | [Epoch 029] total_loss=0.016496, Lr0=0.000080Lr1=0.000794, time=0.81s
2026-03-15 01:36:37 | INFO | [Epoch 013] total_loss=0.056609, Lr0=0.000095Lr1=0.000952, time=0.66s
2026-03-15 01:36:38 | INFO | Validation — loss=0.1243, acc=0.9653, f1=0.9594, recall=0.9537, precision=0.9657
2026-03-15 01:36:38 | INFO | Validation — loss=0.0737, acc=0.9766, f1=0.9734, recall=0.9803, precision=0.9674
2026-03-15 01:36:39 | INFO | [Epoch 030] total_loss=0.031499, Lr0=0.000078Lr1=0.000781, time=0.77s
2026-03-15 01:36:39 | INFO | [Epoch 014] total_loss=0.054911, Lr0=0.000095Lr1=0.000946, time=0.62s
2026-03-15 01:36:40 | INFO | Validation — loss=0.0735, acc=0.9735, f1=0.9687, recall=0.9585, precision=0.9811
2026-03-15 01:36:40 | INFO | Validation — loss=0.0250, acc=0.9984, f1=0.9982, recall=0.9989, precision=0.9976
2026-03-15 01:36:40 | INFO | Best model logged 0.9982
2026-03-15 01:36:41 | INFO | [Epoch 031] total_loss=0.009333, Lr0=0.000077Lr1=0.000768, time=0.72s
2026-03-15 01:36:41 | INFO | [Epoch 015] total_loss=0.037325, Lr0=0.000094Lr1=0.000938, time=0.63s
2026-03-15 01:36:42 | INFO | Validation — loss=0.0489, acc=0.9786, f1=0.9753, recall=0.9738, precision=0.9767
2026-03-15 01:36:42 | INFO | [Epoch 032] total_loss=0.012558, Lr0=0.000076Lr1=0.000755, time=0.75s
2026-03-15 01:36:42 | INFO | Validation — loss=0.0976, acc=0.9624, f1=0.9556, recall=0.9456, precision=0.9676
2026-03-15 01:36:43 | INFO | [Epoch 016] total_loss=0.041726, Lr0=0.000093Lr1=0.000930, time=0.63s
2026-03-15 01:36:43 | INFO | Validation — loss=0.0545, acc=0.9813, f1=0.9788, recall=0.9863, precision=0.9722
2026-03-15 01:36:44 | INFO | [Epoch 033] total_loss=0.028202, Lr0=0.000074Lr1=0.000741, time=0.73s
2026-03-15 01:36:44 | INFO | Validation — loss=0.0255, acc=0.9922, f1=0.9911, recall=0.9943, precision=0.988
2026-03-15 01:36:45 | INFO | [Epoch 017] total_loss=0.028429, Lr0=0.000092Lr1=0.000922, time=0.62s
2026-03-15 01:36:45 | INFO | Validation — loss=0.3151, acc=0.8899, f1=0.8821, recall=0.9191, precision=0.8711
2026-03-15 01:36:46 | INFO | [Epoch 034] total_loss=0.004877, Lr0=0.000073Lr1=0.000727, time=0.74s
2026-03-15 01:36:46 | INFO | Validation — loss=0.0430, acc=0.9878, f1=0.9857, recall=0.9811, precision=0.9908
2026-03-15 01:36:47 | INFO | Validation — loss=0.1088, acc=0.943, f1=0.9322, recall=0.9198, precision=0.9481
2026-03-15 01:36:47 | INFO | [Epoch 018] total_loss=0.024149, Lr0=0.000091Lr1=0.000914, time=0.61s
2026-03-15 01:36:48 | INFO | [Epoch 035] total_loss=0.006859, Lr0=0.000072Lr1=0.000713, time=0.74s
2026-03-15 01:36:48 | INFO | Validation — loss=0.0210, acc=0.9949, f1=0.9941, recall=0.9963, precision=0.9921
2026-03-15 01:36:49 | INFO | Validation — loss=0.1148, acc=0.9504, f1=0.9414, recall=0.9319, precision=0.9529
2026-03-15 01:36:49 | INFO | [Epoch 019] total_loss=0.019866, Lr0=0.000091Lr1=0.000905, time=0.69s
2026-03-15 01:36:49 | INFO | [Epoch 036] total_loss=0.003148, Lr0=0.000070Lr1=0.000699, time=0.76s
2026-03-15 01:36:50 | INFO | Validation — loss=0.0590, acc=0.9755, f1=0.9711, recall=0.9614, precision=0.9827
2026-03-15 01:36:50 | INFO | Validation — loss=0.0686, acc=0.9675, f1=0.9616, recall=0.9512, precision=0.9742
2026-03-15 01:36:51 | INFO | [Epoch 020] total_loss=0.011468, Lr0=0.000090Lr1=0.000895, time=0.64s
2026-03-15 01:36:51 | INFO | [Epoch 037] total_loss=0.005853, Lr0=0.000069Lr1=0.000684, time=0.72s
2026-03-15 01:36:52 | INFO | Validation — loss=0.0548, acc=0.9855, f1=0.9835, recall=0.9892, precision=0.9783
2026-03-15 01:36:52 | INFO | Validation — loss=0.0413, acc=0.9809, f1=0.9779, recall=0.9781, precision=0.9777
2026-03-15 01:36:53 | INFO | [Epoch 038] total_loss=0.001848, Lr0=0.000067Lr1=0.000670, time=0.73s
2026-03-15 01:36:53 | INFO | [Epoch 021] total_loss=0.009241, Lr0=0.000089Lr1=0.000885, time=0.65s
2026-03-15 01:36:54 | INFO | Validation — loss=0.0744, acc=0.9735, f1=0.9692, recall=0.966, precision=0.9727
2026-03-15 01:36:54 | INFO | Validation — loss=0.0296, acc=0.9935, f1=0.9926, recall=0.9953, precision=0.99
2026-03-15 01:36:55 | INFO | [Epoch 039] total_loss=0.003409, Lr0=0.000066Lr1=0.000655, time=0.77s
2026-03-15 01:36:55 | INFO | [Epoch 022] total_loss=0.012158, Lr0=0.000088Lr1=0.000875, time=0.61s
2026-03-15 01:36:56 | INFO | Validation — loss=0.0900, acc=0.9717, f1=0.9681, recall=0.9793, precision=0.9591
2026-03-15 01:36:56 | INFO | Validation — loss=0.0519, acc=0.9826, f1=0.9803, recall=0.9873, precision=0.9741
2026-03-15 01:36:57 | INFO | [Epoch 040] total_loss=0.002772, Lr0=0.000064Lr1=0.000640, time=0.78s
2026-03-15 01:36:57 | INFO | [Epoch 023] total_loss=0.025842, Lr0=0.000087Lr1=0.000865, time=0.60s
2026-03-15 01:36:58 | INFO | Validation — loss=0.0438, acc=0.988, f1=0.9862, recall=0.9891, precision=0.9834
2026-03-15 01:36:58 | INFO | [Epoch 041] total_loss=0.001702, Lr0=0.000063Lr1=0.000625, time=0.74s
2026-03-15 01:36:58 | INFO | Validation — loss=1.8373, acc=0.4335, f1=0.4096, recall=0.5851, precision=0.6795
2026-03-15 01:36:59 | INFO | [Epoch 024] total_loss=0.014390, Lr0=0.000086Lr1=0.000854, time=0.60s
2026-03-15 01:36:59 | INFO | Validation — loss=0.0529, acc=0.9829, f1=0.9803, recall=0.9813, precision=0.9793
2026-03-15 01:37:00 | INFO | [Epoch 042] total_loss=0.002337, Lr0=0.000061Lr1=0.000609, time=0.75s
2026-03-15 01:37:00 | INFO | Validation — loss=0.2165, acc=0.9097, f1=0.9023, recall=0.9338, precision=0.8892
2026-03-15 01:37:01 | INFO | [Epoch 025] total_loss=0.016643, Lr0=0.000084Lr1=0.000842, time=0.62s
2026-03-15 01:37:01 | INFO | Validation — loss=0.0725, acc=0.9809, f1=0.9783, recall=0.986, precision=0.9716
2026-03-15 01:37:02 | INFO | [Epoch 043] total_loss=0.001823, Lr0=0.000060Lr1=0.000594, time=0.77s
2026-03-15 01:37:02 | INFO | Validation — loss=0.3764, acc=0.844, f1=0.8369, recall=0.8858, precision=0.8352
2026-03-15 01:37:03 | INFO | Validation — loss=0.0750, acc=0.9791, f1=0.9763, recall=0.9847, precision=0.9691
2026-03-15 01:37:03 | INFO | [Epoch 026] total_loss=0.014387, Lr0=0.000083Lr1=0.000831, time=0.62s
2026-03-15 01:37:04 | INFO | [Epoch 044] total_loss=0.001408, Lr0=0.000058Lr1=0.000579, time=0.74s
2026-03-15 01:37:04 | INFO | Validation — loss=0.0115, acc=0.9991, f1=0.999, recall=0.9993, precision=0.9986
2026-03-15 01:37:04 | INFO | Best model logged 0.999
2026-03-15 01:37:05 | INFO | Validation — loss=0.1089, acc=0.9555, f1=0.9497, recall=0.9601, precision=0.9414
2026-03-15 01:37:05 | INFO | [Epoch 027] total_loss=0.014686, Lr0=0.000082Lr1=0.000819, time=0.63s
2026-03-15 01:37:06 | INFO | [Epoch 045] total_loss=0.001256, Lr0=0.000057Lr1=0.000563, time=0.75s
2026-03-15 01:37:06 | INFO | Validation — loss=0.0351, acc=0.9887, f1=0.987, recall=0.9894, precision=0.9846
2026-03-15 01:37:07 | INFO | Validation — loss=0.0551, acc=0.9831, f1=0.9805, recall=0.981, precision=0.98
2026-03-15 01:37:07 | INFO | [Epoch 028] total_loss=0.016592, Lr0=0.000081Lr1=0.000807, time=0.63s
2026-03-15 01:37:07 | INFO | [Epoch 046] total_loss=0.001004, Lr0=0.000055Lr1=0.000548, time=0.81s
2026-03-15 01:37:08 | INFO | Validation — loss=0.0546, acc=0.9838, f1=0.9814, recall=0.9864, precision=0.9769
2026-03-15 01:37:09 | INFO | Validation — loss=0.0488, acc=0.9875, f1=0.9857, recall=0.9886, precision=0.9829
2026-03-15 01:37:09 | INFO | [Epoch 029] total_loss=0.009785, Lr0=0.000080Lr1=0.000794, time=0.62s
2026-03-15 01:37:09 | INFO | [Epoch 047] total_loss=0.000839, Lr0=0.000054Lr1=0.000532, time=0.72s
2026-03-15 01:37:10 | INFO | Validation — loss=0.0540, acc=0.986, f1=0.984, recall=0.9886, precision=0.9797
2026-03-15 01:37:10 | INFO | Validation — loss=0.0218, acc=0.996, f1=0.9954, recall=0.9969, precision=0.9939
2026-03-15 01:37:11 | INFO | [Epoch 048] total_loss=0.000843, Lr0=0.000052Lr1=0.000516, time=0.74s
2026-03-15 01:37:11 | INFO | [Epoch 030] total_loss=0.012255, Lr0=0.000078Lr1=0.000781, time=0.63s
2026-03-15 01:37:12 | INFO | Validation — loss=0.0526, acc=0.9869, f1=0.985, recall=0.9893, precision=0.981
2026-03-15 01:37:12 | INFO | Early stopping at epoch 48. Best: 0.990300
2026-03-15 01:37:12 | INFO | Training complete.
2026-03-15 01:37:12 | INFO | Best checkpoint: ./save/cnn_overlap_new/subject_invariant_SWELLDataset/finetuned_best_6.pt
2026-03-15 01:37:12 | INFO | Validation — loss=0.2417, acc=0.9361, f1=0.9217, recall=0.8994, precision=0.9572
2026-03-15 01:37:13 | INFO | [Epoch 031] total_loss=0.005184, Lr0=0.000077Lr1=0.000768, time=0.60s
2026-03-15 01:37:14 | INFO | Validation — loss=0.0269, acc=0.9922, f1=0.9911, recall=0.9939, precision=0.9883
2026-03-15 01:37:15 | INFO | [Epoch 032] total_loss=0.005974, Lr0=0.000076Lr1=0.000755, time=0.60s
2026-03-15 01:37:16 | INFO | Validation — loss=0.0549, acc=0.9822, f1=0.9791, recall=0.9719, precision=0.9873
2026-03-15 01:37:17 | INFO | [Epoch 033] total_loss=0.006130, Lr0=0.000074Lr1=0.000741, time=0.58s
2026-03-15 01:37:18 | INFO | Validation — loss=0.0796, acc=0.9682, f1=0.9642, recall=0.9767, precision=0.9544
2026-03-15 01:37:19 | INFO | [Epoch 034] total_loss=0.003676, Lr0=0.000073Lr1=0.000727, time=0.60s
2026-03-15 01:37:20 | INFO | Validation — loss=0.0522, acc=0.9775, f1=0.9737, recall=0.9678, precision=0.9803
2026-03-15 01:37:21 | INFO | [Epoch 035] total_loss=0.003474, Lr0=0.000072Lr1=0.000713, time=0.60s
2026-03-15 01:37:22 | INFO | Validation — loss=0.0293, acc=0.9844, f1=0.982, recall=0.9811, precision=0.9829
2026-03-15 01:37:23 | INFO | [Epoch 036] total_loss=0.001896, Lr0=0.000070Lr1=0.000699, time=0.67s
2026-03-15 01:37:24 | INFO | Validation — loss=0.0370, acc=0.9869, f1=0.985, recall=0.9904, precision=0.9801
2026-03-15 01:37:25 | INFO | [Epoch 037] total_loss=0.001849, Lr0=0.000069Lr1=0.000684, time=0.61s
2026-03-15 01:37:25 | INFO | Model forward EncoderClassifierModel(
  (encoder): CNNEncoder(
    (cnn_layers): Sequential(
      (0): Conv1d(1, 32, kernel_size=(10,), stride=(1,))
      (1): BatchNorm1d(32, eps=1e-05, momentum=0.1, affine=True, track_running_stats=True)
      (2): ReLU()
      (3): MaxPool1d(kernel_size=2, stride=2, padding=0, dilation=1, ceil_mode=False)
      (4): Dropout(p=0.0, inplace=False)
      (5): Conv1d(32, 64, kernel_size=(10,), stride=(1,))
      (6): BatchNorm1d(64, eps=1e-05, momentum=0.1, affine=True, track_running_stats=True)
      (7): ReLU()
      (8): MaxPool1d(kernel_size=2, stride=2, padding=0, dilation=1, ceil_mode=False)
      (9): Dropout(p=0.0, inplace=False)
      (10): Conv1d(64, 128, kernel_size=(10,), stride=(1,))
      (11): BatchNorm1d(128, eps=1e-05, momentum=0.1, affine=True, track_running_stats=True)
      (12): ReLU()
      (13): MaxPool1d(kernel_size=2, stride=2, padding=0, dilation=1, ceil_mode=False)
      (14): Dropout(p=0.0, inplace=False)
      (15): Conv1d(128, 256, kernel_size=(10,), stride=(1,))
      (16): BatchNorm1d(256, eps=1e-05, momentum=0.1, affine=True, track_running_stats=True)
      (17): ReLU()
      (18): MaxPool1d(kernel_size=2, stride=2, padding=0, dilation=1, ceil_mode=False)
      (19): Dropout(p=0.0, inplace=False)
    )
    (linear_layer): Sequential(
      (0): Linear(in_features=18176, out_features=64, bias=True)
      (1): ReLU()
    )
  )
  (classifier): Linear(in_features=64, out_features=1, bias=True)
  (loss_fn): BCEWithLogitsLoss()
)
2026-03-15 01:37:26 | INFO | [Epoch 000] total_loss=0.648668, Lr0=0.000100Lr1=0.001000, time=0.73s
2026-03-15 01:37:26 | INFO | Validation — loss=0.0794, acc=0.9755, f1=0.9723, recall=0.9821, precision=0.9642
2026-03-15 01:37:27 | INFO | [Epoch 038] total_loss=0.001044, Lr0=0.000067Lr1=0.000670, time=0.60s
2026-03-15 01:37:27 | INFO | Validation — loss=0.6353, acc=0.6975, f1=0.4109, recall=0.5, precision=0.3488
2026-03-15 01:37:27 | INFO | Best model logged 0.4109
2026-03-15 01:37:28 | INFO | [Epoch 001] total_loss=0.542943, Lr0=0.000100Lr1=0.000999, time=0.79s
2026-03-15 01:37:28 | INFO | Validation — loss=0.0557, acc=0.9824, f1=0.98, recall=0.9871, precision=0.9738
2026-03-15 01:37:29 | INFO | [Epoch 039] total_loss=0.001707, Lr0=0.000066Lr1=0.000655, time=0.65s
2026-03-15 01:37:29 | INFO | Validation — loss=0.6206, acc=0.6975, f1=0.4109, recall=0.5, precision=0.3488
2026-03-15 01:37:30 | INFO | [Epoch 002] total_loss=0.391647, Lr0=0.000100Lr1=0.000998, time=0.73s
2026-03-15 01:37:30 | INFO | Validation — loss=0.0439, acc=0.984, f1=0.9818, recall=0.9883, precision=0.976
2026-03-15 01:37:31 | INFO | Validation — loss=0.8894, acc=0.6975, f1=0.4109, recall=0.5, precision=0.3488
2026-03-15 01:37:31 | INFO | [Epoch 040] total_loss=0.002139, Lr0=0.000064Lr1=0.000640, time=0.65s
2026-03-15 01:37:32 | INFO | [Epoch 003] total_loss=0.270465, Lr0=0.000100Lr1=0.000996, time=0.83s
2026-03-15 01:37:32 | INFO | Validation — loss=0.0299, acc=0.9891, f1=0.9875, recall=0.992, precision=0.9834
2026-03-15 01:37:33 | INFO | Validation — loss=1.1340, acc=0.6975, f1=0.4109, recall=0.5, precision=0.3488
2026-03-15 01:37:33 | INFO | [Epoch 041] total_loss=0.001859, Lr0=0.000063Lr1=0.000625, time=0.61s
2026-03-15 01:37:33 | INFO | [Epoch 004] total_loss=0.201575, Lr0=0.000099Lr1=0.000994, time=0.75s
2026-03-15 01:37:34 | INFO | Validation — loss=0.0277, acc=0.9911, f1=0.9898, recall=0.9933, precision=0.9865
2026-03-15 01:37:34 | INFO | Validation — loss=1.9225, acc=0.6975, f1=0.4109, recall=0.5, precision=0.3488
2026-03-15 01:37:35 | INFO | [Epoch 042] total_loss=0.003032, Lr0=0.000061Lr1=0.000609, time=0.66s
2026-03-15 01:37:35 | INFO | [Epoch 005] total_loss=0.133721, Lr0=0.000099Lr1=0.000991, time=0.74s
2026-03-15 01:37:36 | INFO | Validation — loss=2.1055, acc=0.6975, f1=0.4109, recall=0.5, precision=0.3488
2026-03-15 01:37:36 | INFO | Validation — loss=0.0458, acc=0.9851, f1=0.983, recall=0.9891, precision=0.9776
2026-03-15 01:37:37 | INFO | [Epoch 006] total_loss=0.118171, Lr0=0.000099Lr1=0.000988, time=0.79s
2026-03-15 01:37:37 | INFO | [Epoch 043] total_loss=0.005057, Lr0=0.000060Lr1=0.000594, time=0.62s
2026-03-15 01:37:38 | INFO | Validation — loss=0.9526, acc=0.6975, f1=0.4109, recall=0.5, precision=0.3488
2026-03-15 01:37:38 | INFO | Validation — loss=0.0806, acc=0.9749, f1=0.9716, recall=0.9816, precision=0.9633
2026-03-15 01:37:39 | INFO | [Epoch 007] total_loss=0.088328, Lr0=0.000098Lr1=0.000984, time=0.74s
2026-03-15 01:37:39 | INFO | [Epoch 044] total_loss=0.003615, Lr0=0.000058Lr1=0.000579, time=0.61s
2026-03-15 01:37:40 | INFO | Validation — loss=1.1137, acc=0.3025, f1=0.2322, recall=0.5, precision=0.1512
2026-03-15 01:37:40 | INFO | Validation — loss=0.1696, acc=0.9352, f1=0.9288, recall=0.9526, precision=0.9153
2026-03-15 01:37:40 | INFO | [Epoch 008] total_loss=0.083246, Lr0=0.000098Lr1=0.000980, time=0.74s
2026-03-15 01:37:41 | INFO | [Epoch 045] total_loss=0.002589, Lr0=0.000057Lr1=0.000563, time=0.62s
2026-03-15 01:37:41 | INFO | Validation — loss=0.2453, acc=0.8599, f1=0.8037, recall=0.7685, precision=0.9164
2026-03-15 01:37:41 | INFO | Best model logged 0.8037
2026-03-15 01:37:42 | INFO | [Epoch 009] total_loss=0.073722, Lr0=0.000098Lr1=0.000976, time=0.70s
2026-03-15 01:37:42 | INFO | Validation — loss=0.0211, acc=0.9931, f1=0.9921, recall=0.9949, precision=0.9894
2026-03-15 01:37:43 | INFO | [Epoch 046] total_loss=0.002410, Lr0=0.000055Lr1=0.000548, time=0.65s
2026-03-15 01:37:43 | INFO | Validation — loss=0.0289, acc=1.0, f1=1.0, recall=1.0, precision=1.0
2026-03-15 01:37:43 | INFO | Best model logged 1.0
2026-03-15 01:37:44 | INFO | [Epoch 010] total_loss=0.059930, Lr0=0.000097Lr1=0.000970, time=0.76s
2026-03-15 01:37:44 | INFO | Validation — loss=0.0424, acc=0.9875, f1=0.9858, recall=0.9909, precision=0.9811
2026-03-15 01:37:44 | INFO | Early stopping at epoch 46. Best: 0.999000
2026-03-15 01:37:44 | INFO | Training complete.
2026-03-15 01:37:44 | INFO | Best checkpoint: ./save/cnn_overlap_new/subject_invariant_SWELLDataset/finetuned_best_6.pt
2026-03-15 01:37:45 | INFO | Validation — loss=3.5868, acc=0.3025, f1=0.2322, recall=0.5, precision=0.1512
2026-03-15 01:37:46 | INFO | [Epoch 011] total_loss=0.072475, Lr0=0.000097Lr1=0.000965, time=0.75s
2026-03-15 01:37:47 | INFO | Validation — loss=0.0770, acc=0.9847, f1=0.9821, recall=0.989, precision=0.976
2026-03-15 01:37:48 | INFO | [Epoch 012] total_loss=0.056215, Lr0=0.000096Lr1=0.000959, time=0.76s
2026-03-15 01:37:49 | INFO | Validation — loss=0.0507, acc=0.9904, f1=0.9887, recall=0.9931, precision=0.9846
2026-03-15 01:37:49 | INFO | [Epoch 013] total_loss=0.041817, Lr0=0.000095Lr1=0.000952, time=0.72s
2026-03-15 01:37:50 | INFO | Validation — loss=0.1792, acc=0.9569, f1=0.9508, recall=0.9691, precision=0.9376
2026-03-15 01:37:51 | INFO | [Epoch 014] total_loss=0.042950, Lr0=0.000095Lr1=0.000946, time=0.74s
2026-03-15 01:37:52 | INFO | Validation — loss=0.1454, acc=0.9653, f1=0.9602, recall=0.9751, precision=0.9486
2026-03-15 01:37:53 | INFO | [Epoch 015] total_loss=0.058500, Lr0=0.000094Lr1=0.000938, time=0.85s
2026-03-15 01:37:54 | INFO | Validation — loss=0.5119, acc=0.8426, f1=0.8332, recall=0.8872, precision=0.8289
2026-03-15 01:37:55 | INFO | [Epoch 016] total_loss=0.057566, Lr0=0.000093Lr1=0.000930, time=0.77s
2026-03-15 01:37:56 | INFO | Model forward EncoderClassifierModel(
  (encoder): CNNEncoder(
    (cnn_layers): Sequential(
      (0): Conv1d(1, 32, kernel_size=(10,), stride=(1,))
      (1): BatchNorm1d(32, eps=1e-05, momentum=0.1, affine=True, track_running_stats=True)
      (2): ReLU()
      (3): MaxPool1d(kernel_size=2, stride=2, padding=0, dilation=1, ceil_mode=False)
      (4): Dropout(p=0.0, inplace=False)
      (5): Conv1d(32, 64, kernel_size=(10,), stride=(1,))
      (6): BatchNorm1d(64, eps=1e-05, momentum=0.1, affine=True, track_running_stats=True)
      (7): ReLU()
      (8): MaxPool1d(kernel_size=2, stride=2, padding=0, dilation=1, ceil_mode=False)
      (9): Dropout(p=0.0, inplace=False)
      (10): Conv1d(64, 128, kernel_size=(10,), stride=(1,))
      (11): BatchNorm1d(128, eps=1e-05, momentum=0.1, affine=True, track_running_stats=True)
      (12): ReLU()
      (13): MaxPool1d(kernel_size=2, stride=2, padding=0, dilation=1, ceil_mode=False)
      (14): Dropout(p=0.0, inplace=False)
      (15): Conv1d(128, 256, kernel_size=(10,), stride=(1,))
      (16): BatchNorm1d(256, eps=1e-05, momentum=0.1, affine=True, track_running_stats=True)
      (17): ReLU()
      (18): MaxPool1d(kernel_size=2, stride=2, padding=0, dilation=1, ceil_mode=False)
      (19): Dropout(p=0.0, inplace=False)
    )
    (linear_layer): Sequential(
      (0): Linear(in_features=18176, out_features=64, bias=True)
      (1): ReLU()
    )
  )
  (classifier): Linear(in_features=64, out_features=1, bias=True)
  (loss_fn): BCEWithLogitsLoss()
)
2026-03-15 01:37:56 | INFO | Validation — loss=0.2425, acc=0.9366, f1=0.9288, recall=0.9545, precision=0.9133
2026-03-15 01:37:57 | INFO | [Epoch 017] total_loss=0.035105, Lr0=0.000092Lr1=0.000922, time=0.72s
2026-03-15 01:37:57 | INFO | [Epoch 000] total_loss=0.648666, Lr0=0.000100Lr1=0.001000, time=0.64s
2026-03-15 01:37:58 | INFO | Validation — loss=0.5622, acc=0.8396, f1=0.8303, recall=0.8851, precision=0.8268
2026-03-15 01:37:58 | INFO | Validation — loss=0.6398, acc=0.6975, f1=0.4109, recall=0.5, precision=0.3488
2026-03-15 01:37:58 | INFO | Best model logged 0.4109
2026-03-15 01:37:58 | INFO | [Epoch 018] total_loss=0.022756, Lr0=0.000091Lr1=0.000914, time=0.75s
2026-03-15 01:37:59 | INFO | Validation — loss=0.8570, acc=0.836, f1=0.8267, recall=0.8824, precision=0.8242
2026-03-15 01:37:59 | INFO | [Epoch 001] total_loss=0.543008, Lr0=0.000100Lr1=0.000999, time=0.62s
2026-03-15 01:38:00 | INFO | [Epoch 019] total_loss=0.015935, Lr0=0.000091Lr1=0.000905, time=0.76s
2026-03-15 01:38:01 | INFO | Validation — loss=0.7132, acc=0.6975, f1=0.4109, recall=0.5, precision=0.3488
2026-03-15 01:38:01 | INFO | Validation — loss=0.8926, acc=0.8084, f1=0.8001, recall=0.8627, precision=0.8061
2026-03-15 01:38:01 | INFO | [Epoch 002] total_loss=0.391488, Lr0=0.000100Lr1=0.000998, time=0.60s
2026-03-15 01:38:02 | INFO | [Epoch 020] total_loss=0.010543, Lr0=0.000090Lr1=0.000895, time=0.72s
2026-03-15 01:38:03 | INFO | Validation — loss=1.5149, acc=0.6975, f1=0.4109, recall=0.5, precision=0.3488
2026-03-15 01:38:03 | INFO | Validation — loss=1.8067, acc=0.5096, f1=0.5051, recall=0.6485, precision=0.6907
2026-03-15 01:38:03 | INFO | [Epoch 003] total_loss=0.274811, Lr0=0.000100Lr1=0.000996, time=0.63s
2026-03-15 01:38:04 | INFO | [Epoch 021] total_loss=0.008230, Lr0=0.000089Lr1=0.000885, time=0.73s
2026-03-15 01:38:05 | INFO | Validation — loss=2.6043, acc=0.3796, f1=0.3464, recall=0.5553, precision=0.6639
2026-03-15 01:38:05 | INFO | Validation — loss=1.3101, acc=0.6975, f1=0.4109, recall=0.5, precision=0.3488
2026-03-15 01:38:05 | INFO | [Epoch 004] total_loss=0.194727, Lr0=0.000099Lr1=0.000994, time=0.61s
2026-03-15 01:38:05 | INFO | [Epoch 022] total_loss=0.007520, Lr0=0.000088Lr1=0.000875, time=0.74s
2026-03-15 01:38:06 | INFO | Validation — loss=0.7545, acc=0.8223, f1=0.8135, recall=0.8726, precision=0.815
2026-03-15 01:38:07 | INFO | Validation — loss=1.3925, acc=0.6975, f1=0.4109, recall=0.5, precision=0.3488
2026-03-15 01:38:07 | INFO | [Epoch 023] total_loss=0.009168, Lr0=0.000087Lr1=0.000865, time=0.74s
2026-03-15 01:38:07 | INFO | [Epoch 005] total_loss=0.133909, Lr0=0.000099Lr1=0.000991, time=0.62s
2026-03-15 01:38:08 | INFO | Validation — loss=2.4343, acc=0.445, f1=0.4305, recall=0.6022, precision=0.6764
2026-03-15 01:38:09 | INFO | Validation — loss=2.4498, acc=0.6975, f1=0.4109, recall=0.5, precision=0.3488
2026-03-15 01:38:09 | INFO | [Epoch 024] total_loss=0.008588, Lr0=0.000086Lr1=0.000854, time=0.71s
2026-03-15 01:38:09 | INFO | [Epoch 006] total_loss=0.120953, Lr0=0.000099Lr1=0.000988, time=0.63s
2026-03-15 01:38:10 | INFO | Validation — loss=1.1320, acc=0.787, f1=0.7797, recall=0.8473, precision=0.7934
2026-03-15 01:38:11 | INFO | Validation — loss=2.2130, acc=0.6975, f1=0.4109, recall=0.5, precision=0.3488
2026-03-15 01:38:11 | INFO | [Epoch 025] total_loss=0.005753, Lr0=0.000084Lr1=0.000842, time=0.84s
2026-03-15 01:38:11 | INFO | [Epoch 007] total_loss=0.078255, Lr0=0.000098Lr1=0.000984, time=0.63s
2026-03-15 01:38:12 | INFO | Validation — loss=0.9642, acc=0.8006, f1=0.7927, recall=0.8571, precision=0.8014
2026-03-15 01:38:13 | INFO | [Epoch 026] total_loss=0.002680, Lr0=0.000083Lr1=0.000831, time=0.74s
2026-03-15 01:38:13 | INFO | Validation — loss=0.4169, acc=0.7441, f1=0.5558, recall=0.5769, precision=0.8658
2026-03-15 01:38:13 | INFO | Best model logged 0.5558
2026-03-15 01:38:13 | INFO | [Epoch 008] total_loss=0.073250, Lr0=0.000098Lr1=0.000980, time=0.59s
2026-03-15 01:38:14 | INFO | Validation — loss=0.9758, acc=0.8328, f1=0.8236, recall=0.8802, precision=0.822
2026-03-15 01:38:14 | INFO | [Epoch 027] total_loss=0.003789, Lr0=0.000082Lr1=0.000819, time=0.74s
2026-03-15 01:38:15 | INFO | Validation — loss=0.2913, acc=0.8257, f1=0.7421, recall=0.7119, precision=0.9001
2026-03-15 01:38:15 | INFO | Best model logged 0.7421
2026-03-15 01:38:15 | INFO | Validation — loss=1.0049, acc=0.8312, f1=0.8221, recall=0.879, precision=0.8209
2026-03-15 01:38:16 | INFO | [Epoch 009] total_loss=0.078741, Lr0=0.000098Lr1=0.000976, time=0.64s
2026-03-15 01:38:16 | INFO | [Epoch 028] total_loss=0.002388, Lr0=0.000081Lr1=0.000807, time=0.73s
2026-03-15 01:38:17 | INFO | Validation — loss=0.0905, acc=0.9678, f1=0.9607, recall=0.9468, precision=0.978
2026-03-15 01:38:17 | INFO | Best model logged 0.9607
2026-03-15 01:38:17 | INFO | Validation — loss=0.7805, acc=0.8378, f1=0.8285, recall=0.8837, precision=0.8255
2026-03-15 01:38:18 | INFO | [Epoch 010] total_loss=0.071437, Lr0=0.000097Lr1=0.000970, time=0.61s
2026-03-15 01:38:18 | INFO | [Epoch 029] total_loss=0.003558, Lr0=0.000080Lr1=0.000794, time=0.74s
2026-03-15 01:38:19 | INFO | Validation — loss=1.8745, acc=0.5785, f1=0.5782, recall=0.6978, precision=0.7089
2026-03-15 01:38:19 | INFO | Early stopping at epoch 29. Best: 1.000000
2026-03-15 01:38:19 | INFO | Training complete.
2026-03-15 01:38:19 | INFO | Best checkpoint: ./save/cnn_overlap_new/subject_invariant_SWELLDataset/finetuned_best_7.pt
2026-03-15 01:38:19 | INFO | Validation — loss=3.3895, acc=0.3025, f1=0.2322, recall=0.5, precision=0.1512
2026-03-15 01:38:20 | INFO | [Epoch 011] total_loss=0.069445, Lr0=0.000097Lr1=0.000965, time=0.62s
2026-03-15 01:38:21 | INFO | Validation — loss=0.1002, acc=0.9763, f1=0.9725, recall=0.983, precision=0.9636
2026-03-15 01:38:21 | INFO | Best model logged 0.9725
2026-03-15 01:38:22 | INFO | [Epoch 012] total_loss=0.042764, Lr0=0.000096Lr1=0.000959, time=0.65s
2026-03-15 01:38:23 | INFO | Validation — loss=0.2226, acc=0.9122, f1=0.903, recall=0.9371, precision=0.8875
2026-03-15 01:38:24 | INFO | [Epoch 013] total_loss=0.030638, Lr0=0.000095Lr1=0.000952, time=0.63s
2026-03-15 01:38:25 | INFO | Validation — loss=0.4936, acc=0.8435, f1=0.8341, recall=0.8878, precision=0.8295
2026-03-15 01:38:26 | INFO | [Epoch 014] total_loss=0.042777, Lr0=0.000095Lr1=0.000946, time=0.62s
2026-03-15 01:38:27 | INFO | Validation — loss=0.0865, acc=0.9852, f1=0.9827, recall=0.9894, precision=0.9766
2026-03-15 01:38:27 | INFO | Best model logged 0.9827
2026-03-15 01:38:28 | INFO | [Epoch 015] total_loss=0.069542, Lr0=0.000094Lr1=0.000938, time=0.60s
2026-03-15 01:38:29 | INFO | Validation — loss=0.5985, acc=0.8415, f1=0.8321, recall=0.8864, precision=0.8281
2026-03-15 01:38:30 | INFO | [Epoch 016] total_loss=0.054108, Lr0=0.000093Lr1=0.000930, time=0.62s
2026-03-15 01:38:31 | INFO | Validation — loss=0.0904, acc=0.9856, f1=0.9832, recall=0.9897, precision=0.9773
2026-03-15 01:38:31 | INFO | Best model logged 0.9832
2026-03-15 01:38:32 | INFO | Model forward EncoderClassifierModel(
  (encoder): CNNEncoder(
    (cnn_layers): Sequential(
      (0): Conv1d(1, 32, kernel_size=(10,), stride=(1,))
      (1): BatchNorm1d(32, eps=1e-05, momentum=0.1, affine=True, track_running_stats=True)
      (2): ReLU()
      (3): MaxPool1d(kernel_size=2, stride=2, padding=0, dilation=1, ceil_mode=False)
      (4): Dropout(p=0.0, inplace=False)
      (5): Conv1d(32, 64, kernel_size=(10,), stride=(1,))
      (6): BatchNorm1d(64, eps=1e-05, momentum=0.1, affine=True, track_running_stats=True)
      (7): ReLU()
      (8): MaxPool1d(kernel_size=2, stride=2, padding=0, dilation=1, ceil_mode=False)
      (9): Dropout(p=0.0, inplace=False)
      (10): Conv1d(64, 128, kernel_size=(10,), stride=(1,))
      (11): BatchNorm1d(128, eps=1e-05, momentum=0.1, affine=True, track_running_stats=True)
      (12): ReLU()
      (13): MaxPool1d(kernel_size=2, stride=2, padding=0, dilation=1, ceil_mode=False)
      (14): Dropout(p=0.0, inplace=False)
      (15): Conv1d(128, 256, kernel_size=(10,), stride=(1,))
      (16): BatchNorm1d(256, eps=1e-05, momentum=0.1, affine=True, track_running_stats=True)
      (17): ReLU()
      (18): MaxPool1d(kernel_size=2, stride=2, padding=0, dilation=1, ceil_mode=False)
      (19): Dropout(p=0.0, inplace=False)
    )
    (linear_layer): Sequential(
      (0): Linear(in_features=18176, out_features=64, bias=True)
      (1): ReLU()
    )
  )
  (classifier): Linear(in_features=64, out_features=1, bias=True)
  (loss_fn): BCEWithLogitsLoss()
)
2026-03-15 01:38:32 | INFO | [Epoch 017] total_loss=0.029627, Lr0=0.000092Lr1=0.000922, time=0.61s
2026-03-15 01:38:32 | INFO | [Epoch 000] total_loss=0.645504, Lr0=0.000100Lr1=0.001000, time=0.72s
2026-03-15 01:38:33 | INFO | Validation — loss=0.3454, acc=0.9215, f1=0.9128, recall=0.9438, precision=0.897
2026-03-15 01:38:33 | INFO | Validation — loss=0.6082, acc=0.7036, f1=0.413, recall=0.5, precision=0.3518
2026-03-15 01:38:33 | INFO | Best model logged 0.413
2026-03-15 01:38:34 | INFO | [Epoch 018] total_loss=0.023012, Lr0=0.000091Lr1=0.000914, time=0.61s
2026-03-15 01:38:34 | INFO | [Epoch 001] total_loss=0.542364, Lr0=0.000100Lr1=0.000999, time=0.71s
2026-03-15 01:38:35 | INFO | Validation — loss=0.6435, acc=0.7036, f1=0.413, recall=0.5, precision=0.3518
2026-03-15 01:38:35 | INFO | Validation — loss=0.1821, acc=0.9672, f1=0.9622, recall=0.9765, precision=0.951
2026-03-15 01:38:36 | INFO | [Epoch 019] total_loss=0.013088, Lr0=0.000091Lr1=0.000905, time=0.63s
2026-03-15 01:38:36 | INFO | [Epoch 002] total_loss=0.394540, Lr0=0.000100Lr1=0.000998, time=0.73s
2026-03-15 01:38:37 | INFO | Validation — loss=1.7766, acc=0.7036, f1=0.413, recall=0.5, precision=0.3518
2026-03-15 01:38:37 | INFO | Validation — loss=0.1601, acc=0.974, f1=0.9699, recall=0.9814, precision=0.9604
2026-03-15 01:38:38 | INFO | [Epoch 003] total_loss=0.250768, Lr0=0.000100Lr1=0.000996, time=0.75s
2026-03-15 01:38:38 | INFO | [Epoch 020] total_loss=0.009516, Lr0=0.000090Lr1=0.000895, time=0.64s
2026-03-15 01:38:39 | INFO | Validation — loss=2.3123, acc=0.7036, f1=0.413, recall=0.5, precision=0.3518
2026-03-15 01:38:39 | INFO | Validation — loss=0.8585, acc=0.8166, f1=0.808, recall=0.8685, precision=0.8113
2026-03-15 01:38:40 | INFO | [Epoch 004] total_loss=0.179847, Lr0=0.000099Lr1=0.000994, time=0.77s
2026-03-15 01:38:40 | INFO | [Epoch 021] total_loss=0.010092, Lr0=0.000089Lr1=0.000885, time=0.63s
2026-03-15 01:38:40 | INFO | Validation — loss=2.7230, acc=0.7036, f1=0.413, recall=0.5, precision=0.3518
2026-03-15 01:38:41 | INFO | Validation — loss=1.4708, acc=0.6104, f1=0.6104, recall=0.7207, precision=0.7185
2026-03-15 01:38:41 | INFO | [Epoch 005] total_loss=0.122255, Lr0=0.000099Lr1=0.000991, time=0.78s
2026-03-15 01:38:42 | INFO | [Epoch 022] total_loss=0.010858, Lr0=0.000088Lr1=0.000875, time=0.60s
2026-03-15 01:38:42 | INFO | Validation — loss=1.7387, acc=0.7036, f1=0.413, recall=0.5, precision=0.3518
2026-03-15 01:38:43 | INFO | [Epoch 006] total_loss=0.098536, Lr0=0.000099Lr1=0.000988, time=0.76s
2026-03-15 01:38:43 | INFO | Validation — loss=0.6147, acc=0.8488, f1=0.8392, recall=0.8916, precision=0.8333
2026-03-15 01:38:44 | INFO | [Epoch 023] total_loss=0.019883, Lr0=0.000087Lr1=0.000865, time=0.60s
2026-03-15 01:38:44 | INFO | Validation — loss=0.5133, acc=0.7165, f1=0.458, recall=0.5218, precision=0.8564
2026-03-15 01:38:44 | INFO | Best model logged 0.458
2026-03-15 01:38:45 | INFO | [Epoch 007] total_loss=0.067551, Lr0=0.000098Lr1=0.000984, time=0.71s
2026-03-15 01:38:45 | INFO | Validation — loss=4.6288, acc=0.3025, f1=0.2322, recall=0.5, precision=0.1512
2026-03-15 01:38:46 | INFO | [Epoch 024] total_loss=0.016023, Lr0=0.000086Lr1=0.000854, time=0.61s
2026-03-15 01:38:46 | INFO | Validation — loss=2.2140, acc=0.2964, f1=0.2286, recall=0.5, precision=0.1482
2026-03-15 01:38:47 | INFO | [Epoch 008] total_loss=0.043605, Lr0=0.000098Lr1=0.000980, time=0.74s
2026-03-15 01:38:47 | INFO | Validation — loss=1.7872, acc=0.654, f1=0.6531, recall=0.752, precision=0.7332
2026-03-15 01:38:48 | INFO | Validation — loss=0.2909, acc=0.9795, f1=0.9751, recall=0.9682, precision=0.9827
2026-03-15 01:38:48 | INFO | Best model logged 0.9751
2026-03-15 01:38:48 | INFO | [Epoch 025] total_loss=0.011653, Lr0=0.000084Lr1=0.000842, time=0.64s
2026-03-15 01:38:48 | INFO | [Epoch 009] total_loss=0.051019, Lr0=0.000098Lr1=0.000976, time=0.80s
2026-03-15 01:38:49 | INFO | Validation — loss=0.4161, acc=0.8871, f1=0.8773, recall=0.9191, precision=0.8641
2026-03-15 01:38:50 | INFO | Validation — loss=1.0832, acc=0.3343, f1=0.2998, recall=0.509, precision=0.5272
2026-03-15 01:38:50 | INFO | [Epoch 026] total_loss=0.003673, Lr0=0.000083Lr1=0.000831, time=0.62s
2026-03-15 01:38:50 | INFO | [Epoch 010] total_loss=0.052372, Lr0=0.000097Lr1=0.000970, time=0.73s
2026-03-15 01:38:51 | INFO | Validation — loss=0.4332, acc=0.8775, f1=0.8677, recall=0.9122, precision=0.8559
2026-03-15 01:38:51 | INFO | Validation — loss=1.1858, acc=0.7497, f1=0.5591, recall=0.5778, precision=0.8688
2026-03-15 01:38:52 | INFO | [Epoch 027] total_loss=0.012327, Lr0=0.000082Lr1=0.000819, time=0.69s
2026-03-15 01:38:52 | INFO | [Epoch 011] total_loss=0.064098, Lr0=0.000097Lr1=0.000965, time=0.75s
2026-03-15 01:38:53 | INFO | Validation — loss=1.1840, acc=0.745, f1=0.7399, recall=0.8172, precision=0.7713
2026-03-15 01:38:53 | INFO | Validation — loss=1.5290, acc=0.7356, f1=0.5183, recall=0.554, precision=0.8634
2026-03-15 01:38:54 | INFO | [Epoch 028] total_loss=0.003950, Lr0=0.000081Lr1=0.000807, time=0.62s
2026-03-15 01:38:54 | INFO | [Epoch 012] total_loss=0.070194, Lr0=0.000096Lr1=0.000959, time=0.75s
2026-03-15 01:38:55 | INFO | Validation — loss=1.1594, acc=0.5418, f1=0.4743, recall=0.4746, precision=0.4765
2026-03-15 01:38:55 | INFO | Validation — loss=1.2061, acc=0.7746, f1=0.768, recall=0.8385, precision=0.7865
2026-03-15 01:38:56 | INFO | [Epoch 013] total_loss=0.059508, Lr0=0.000095Lr1=0.000952, time=0.80s
2026-03-15 01:38:56 | INFO | [Epoch 029] total_loss=0.007247, Lr0=0.000080Lr1=0.000794, time=0.77s
2026-03-15 01:38:57 | INFO | Validation — loss=1.2747, acc=0.7641, f1=0.5976, recall=0.602, precision=0.8744
2026-03-15 01:38:57 | INFO | Validation — loss=2.4102, acc=0.4416, f1=0.4263, recall=0.5997, precision=0.6757
2026-03-15 01:38:58 | INFO | [Epoch 014] total_loss=0.034061, Lr0=0.000095Lr1=0.000946, time=0.78s
2026-03-15 01:38:58 | INFO | [Epoch 030] total_loss=0.003338, Lr0=0.000078Lr1=0.000781, time=0.62s
2026-03-15 01:38:59 | INFO | Validation — loss=1.1188, acc=0.7514, f1=0.5637, recall=0.5806, precision=0.8694
2026-03-15 01:38:59 | INFO | Validation — loss=0.9599, acc=0.7705, f1=0.7641, recall=0.8355, precision=0.7843
2026-03-15 01:38:59 | INFO | [Epoch 015] total_loss=0.020072, Lr0=0.000094Lr1=0.000938, time=0.73s
2026-03-15 01:39:00 | INFO | [Epoch 031] total_loss=0.002918, Lr0=0.000077Lr1=0.000768, time=0.63s
2026-03-15 01:39:00 | INFO | Validation — loss=1.2347, acc=0.7514, f1=0.5637, recall=0.5806, precision=0.8694
2026-03-15 01:39:01 | INFO | [Epoch 016] total_loss=0.016274, Lr0=0.000093Lr1=0.000930, time=0.78s
2026-03-15 01:39:01 | INFO | Validation — loss=0.9808, acc=0.8298, f1=0.8208, recall=0.878, precision=0.82
2026-03-15 01:39:02 | INFO | [Epoch 032] total_loss=0.001785, Lr0=0.000076Lr1=0.000755, time=0.69s
2026-03-15 01:39:02 | INFO | Validation — loss=1.2785, acc=0.7499, f1=0.5753, recall=0.586, precision=0.8068
2026-03-15 01:39:03 | INFO | [Epoch 017] total_loss=0.019906, Lr0=0.000092Lr1=0.000922, time=0.73s
2026-03-15 01:39:04 | INFO | Validation — loss=0.9259, acc=0.831, f1=0.8219, recall=0.8788, precision=0.8208
2026-03-15 01:39:04 | INFO | Validation — loss=1.3347, acc=0.7537, f1=0.5701, recall=0.5845, precision=0.8704
2026-03-15 01:39:04 | INFO | [Epoch 033] total_loss=0.001341, Lr0=0.000074Lr1=0.000741, time=0.71s
2026-03-15 01:39:05 | INFO | [Epoch 018] total_loss=0.009367, Lr0=0.000091Lr1=0.000914, time=0.80s
2026-03-15 01:39:06 | INFO | Validation — loss=0.9998, acc=0.8152, f1=0.8067, recall=0.8676, precision=0.8104
2026-03-15 01:39:06 | INFO | Validation — loss=1.1906, acc=0.7629, f1=0.5946, recall=0.6, precision=0.874
2026-03-15 01:39:06 | INFO | [Epoch 034] total_loss=0.001517, Lr0=0.000073Lr1=0.000727, time=0.66s
2026-03-15 01:39:06 | INFO | [Epoch 019] total_loss=0.005467, Lr0=0.000091Lr1=0.000905, time=0.76s
2026-03-15 01:39:07 | INFO | Validation — loss=1.2934, acc=0.7539, f1=0.5708, recall=0.5849, precision=0.8704
2026-03-15 01:39:08 | INFO | Validation — loss=1.0987, acc=0.7981, f1=0.7903, recall=0.8553, precision=0.7999
2026-03-15 01:39:08 | INFO | [Epoch 020] total_loss=0.004658, Lr0=0.000090Lr1=0.000895, time=0.75s
2026-03-15 01:39:08 | INFO | [Epoch 035] total_loss=0.001110, Lr0=0.000072Lr1=0.000713, time=0.70s
2026-03-15 01:39:09 | INFO | Validation — loss=1.4227, acc=0.7459, f1=0.5485, recall=0.5714, precision=0.8674
2026-03-15 01:39:10 | INFO | Validation — loss=1.2002, acc=0.799, f1=0.7912, recall=0.856, precision=0.8004
2026-03-15 01:39:10 | INFO | [Epoch 021] total_loss=0.005540, Lr0=0.000089Lr1=0.000885, time=0.75s
2026-03-15 01:39:10 | INFO | [Epoch 036] total_loss=0.001112, Lr0=0.000070Lr1=0.000699, time=0.66s
2026-03-15 01:39:11 | INFO | Validation — loss=1.3026, acc=0.7561, f1=0.5765, recall=0.5885, precision=0.8713
2026-03-15 01:39:12 | INFO | [Epoch 022] total_loss=0.004927, Lr0=0.000088Lr1=0.000875, time=0.72s
2026-03-15 01:39:12 | INFO | Validation — loss=0.9764, acc=0.8193, f1=0.8106, recall=0.8705, precision=0.813
2026-03-15 01:39:12 | INFO | Early stopping at epoch 36. Best: 0.983200
2026-03-15 01:39:12 | INFO | Training complete.
2026-03-15 01:39:12 | INFO | Best checkpoint: ./save/cnn_overlap_new/subject_invariant_SWELLDataset/finetuned_best_7.pt
2026-03-15 01:39:13 | INFO | Validation — loss=1.7012, acc=0.7412, f1=0.535, recall=0.5635, precision=0.8656
2026-03-15 01:39:14 | INFO | [Epoch 023] total_loss=0.028958, Lr0=0.000087Lr1=0.000865, time=0.74s
2026-03-15 01:39:15 | INFO | Validation — loss=1.3907, acc=0.7561, f1=0.5765, recall=0.5885, precision=0.8713
2026-03-15 01:39:15 | INFO | [Epoch 024] total_loss=0.044903, Lr0=0.000086Lr1=0.000854, time=0.71s
2026-03-15 01:39:16 | INFO | Validation — loss=2.3712, acc=0.1882, f1=0.1872, recall=0.2431, precision=0.2219
2026-03-15 01:39:17 | INFO | [Epoch 025] total_loss=0.022671, Lr0=0.000084Lr1=0.000842, time=0.75s
2026-03-15 01:39:18 | INFO | Validation — loss=1.2852, acc=0.7716, f1=0.6167, recall=0.6147, precision=0.8775
2026-03-15 01:39:19 | INFO | [Epoch 026] total_loss=0.017384, Lr0=0.000083Lr1=0.000831, time=0.73s
2026-03-15 01:39:20 | INFO | Validation — loss=1.4320, acc=0.7594, f1=0.5853, recall=0.594, precision=0.8726
2026-03-15 01:39:21 | INFO | [Epoch 027] total_loss=0.008285, Lr0=0.000082Lr1=0.000819, time=0.73s
2026-03-15 01:39:21 | INFO | Validation — loss=1.3627, acc=0.7704, f1=0.6138, recall=0.6127, precision=0.877
2026-03-15 01:39:22 | INFO | [Epoch 028] total_loss=0.010839, Lr0=0.000081Lr1=0.000807, time=0.73s
2026-03-15 01:39:23 | INFO | Validation — loss=1.7078, acc=0.5674, f1=0.4591, recall=0.4618, precision=0.4582
2026-03-15 01:39:23 | INFO | Early stopping at epoch 28. Best: 0.975100
2026-03-15 01:39:23 | INFO | Training complete.
2026-03-15 01:39:23 | INFO | Best checkpoint: ./save/cnn_overlap_new/subject_invariant_SWELLDataset/finetuned_best_8.pt
2026-03-15 01:39:24 | INFO | Model forward EncoderClassifierModel(
  (encoder): CNNEncoder(
    (cnn_layers): Sequential(
      (0): Conv1d(1, 32, kernel_size=(10,), stride=(1,))
      (1): BatchNorm1d(32, eps=1e-05, momentum=0.1, affine=True, track_running_stats=True)
      (2): ReLU()
      (3): MaxPool1d(kernel_size=2, stride=2, padding=0, dilation=1, ceil_mode=False)
      (4): Dropout(p=0.0, inplace=False)
      (5): Conv1d(32, 64, kernel_size=(10,), stride=(1,))
      (6): BatchNorm1d(64, eps=1e-05, momentum=0.1, affine=True, track_running_stats=True)
      (7): ReLU()
      (8): MaxPool1d(kernel_size=2, stride=2, padding=0, dilation=1, ceil_mode=False)
      (9): Dropout(p=0.0, inplace=False)
      (10): Conv1d(64, 128, kernel_size=(10,), stride=(1,))
      (11): BatchNorm1d(128, eps=1e-05, momentum=0.1, affine=True, track_running_stats=True)
      (12): ReLU()
      (13): MaxPool1d(kernel_size=2, stride=2, padding=0, dilation=1, ceil_mode=False)
      (14): Dropout(p=0.0, inplace=False)
      (15): Conv1d(128, 256, kernel_size=(10,), stride=(1,))
      (16): BatchNorm1d(256, eps=1e-05, momentum=0.1, affine=True, track_running_stats=True)
      (17): ReLU()
      (18): MaxPool1d(kernel_size=2, stride=2, padding=0, dilation=1, ceil_mode=False)
      (19): Dropout(p=0.0, inplace=False)
    )
    (linear_layer): Sequential(
      (0): Linear(in_features=18176, out_features=64, bias=True)
      (1): ReLU()
    )
  )
  (classifier): Linear(in_features=64, out_features=1, bias=True)
  (loss_fn): BCEWithLogitsLoss()
)
2026-03-15 01:39:25 | INFO | [Epoch 000] total_loss=0.645504, Lr0=0.000100Lr1=0.001000, time=0.63s
2026-03-15 01:39:26 | INFO | Validation — loss=0.6099, acc=0.7036, f1=0.413, recall=0.5, precision=0.3518
2026-03-15 01:39:26 | INFO | Best model logged 0.413
2026-03-15 01:39:26 | INFO | [Epoch 001] total_loss=0.542377, Lr0=0.000100Lr1=0.000999, time=0.60s
2026-03-15 01:39:28 | INFO | Validation — loss=0.7119, acc=0.7036, f1=0.413, recall=0.5, precision=0.3518
2026-03-15 01:39:28 | INFO | [Epoch 002] total_loss=0.394571, Lr0=0.000100Lr1=0.000998, time=0.61s
2026-03-15 01:39:30 | INFO | Validation — loss=1.6310, acc=0.7036, f1=0.413, recall=0.5, precision=0.3518
2026-03-15 01:39:30 | INFO | [Epoch 003] total_loss=0.250895, Lr0=0.000100Lr1=0.000996, time=0.59s
2026-03-15 01:39:32 | INFO | Validation — loss=1.6384, acc=0.7036, f1=0.413, recall=0.5, precision=0.3518
2026-03-15 01:39:32 | INFO | [Epoch 004] total_loss=0.176571, Lr0=0.000099Lr1=0.000994, time=0.63s
2026-03-15 01:39:33 | INFO | Validation — loss=2.3764, acc=0.7036, f1=0.413, recall=0.5, precision=0.3518
2026-03-15 01:39:34 | INFO | [Epoch 005] total_loss=0.123469, Lr0=0.000099Lr1=0.000991, time=0.60s
2026-03-15 01:39:35 | INFO | Model forward EncoderClassifierModel(
  (encoder): CNNEncoder(
    (cnn_layers): Sequential(
      (0): Conv1d(1, 32, kernel_size=(10,), stride=(1,))
      (1): BatchNorm1d(32, eps=1e-05, momentum=0.1, affine=True, track_running_stats=True)
      (2): ReLU()
      (3): MaxPool1d(kernel_size=2, stride=2, padding=0, dilation=1, ceil_mode=False)
      (4): Dropout(p=0.0, inplace=False)
      (5): Conv1d(32, 64, kernel_size=(10,), stride=(1,))
      (6): BatchNorm1d(64, eps=1e-05, momentum=0.1, affine=True, track_running_stats=True)
      (7): ReLU()
      (8): MaxPool1d(kernel_size=2, stride=2, padding=0, dilation=1, ceil_mode=False)
      (9): Dropout(p=0.0, inplace=False)
      (10): Conv1d(64, 128, kernel_size=(10,), stride=(1,))
      (11): BatchNorm1d(128, eps=1e-05, momentum=0.1, affine=True, track_running_stats=True)
      (12): ReLU()
      (13): MaxPool1d(kernel_size=2, stride=2, padding=0, dilation=1, ceil_mode=False)
      (14): Dropout(p=0.0, inplace=False)
      (15): Conv1d(128, 256, kernel_size=(10,), stride=(1,))
      (16): BatchNorm1d(256, eps=1e-05, momentum=0.1, affine=True, track_running_stats=True)
      (17): ReLU()
      (18): MaxPool1d(kernel_size=2, stride=2, padding=0, dilation=1, ceil_mode=False)
      (19): Dropout(p=0.0, inplace=False)
    )
    (linear_layer): Sequential(
      (0): Linear(in_features=18176, out_features=64, bias=True)
      (1): ReLU()
    )
  )
  (classifier): Linear(in_features=64, out_features=1, bias=True)
  (loss_fn): BCEWithLogitsLoss()
)
2026-03-15 01:39:35 | INFO | Validation — loss=2.2784, acc=0.7036, f1=0.413, recall=0.5, precision=0.3518
2026-03-15 01:39:36 | INFO | [Epoch 000] total_loss=0.646601, Lr0=0.000100Lr1=0.001000, time=0.74s
2026-03-15 01:39:36 | INFO | [Epoch 006] total_loss=0.099583, Lr0=0.000099Lr1=0.000988, time=0.61s
2026-03-15 01:39:37 | INFO | Validation — loss=0.6125, acc=0.6972, f1=0.4108, recall=0.5, precision=0.3486
2026-03-15 01:39:37 | INFO | Best model logged 0.4108
2026-03-15 01:39:37 | INFO | Validation — loss=1.6862, acc=0.7036, f1=0.413, recall=0.5, precision=0.3518
2026-03-15 01:39:38 | INFO | [Epoch 001] total_loss=0.535802, Lr0=0.000100Lr1=0.000999, time=0.78s
2026-03-15 01:39:38 | INFO | [Epoch 007] total_loss=0.073406, Lr0=0.000098Lr1=0.000984, time=0.79s
2026-03-15 01:39:39 | INFO | Validation — loss=0.8438, acc=0.6972, f1=0.4108, recall=0.5, precision=0.3486
2026-03-15 01:39:39 | INFO | Validation — loss=1.3747, acc=0.7036, f1=0.413, recall=0.5, precision=0.3518
2026-03-15 01:39:40 | INFO | [Epoch 002] total_loss=0.380365, Lr0=0.000100Lr1=0.000998, time=0.76s
2026-03-15 01:39:40 | INFO | [Epoch 008] total_loss=0.050011, Lr0=0.000098Lr1=0.000980, time=0.62s
2026-03-15 01:39:41 | INFO | Validation — loss=1.2095, acc=0.6972, f1=0.4108, recall=0.5, precision=0.3486
2026-03-15 01:39:41 | INFO | [Epoch 003] total_loss=0.269780, Lr0=0.000100Lr1=0.000996, time=0.73s
2026-03-15 01:39:41 | INFO | Validation — loss=0.2707, acc=0.8499, f1=0.7823, recall=0.7468, precision=0.9121
2026-03-15 01:39:41 | INFO | Best model logged 0.7823
2026-03-15 01:39:42 | INFO | [Epoch 009] total_loss=0.055960, Lr0=0.000098Lr1=0.000976, time=0.61s
2026-03-15 01:39:42 | INFO | Validation — loss=0.9520, acc=0.6972, f1=0.4108, recall=0.5, precision=0.3486
2026-03-15 01:39:43 | INFO | [Epoch 004] total_loss=0.190065, Lr0=0.000099Lr1=0.000994, time=0.79s
2026-03-15 01:39:43 | INFO | Validation — loss=2.0568, acc=0.2999, f1=0.2342, recall=0.5025, precision=0.6487
2026-03-15 01:39:44 | INFO | [Epoch 010] total_loss=0.053482, Lr0=0.000097Lr1=0.000970, time=0.61s
2026-03-15 01:39:44 | INFO | Validation — loss=2.0047, acc=0.6972, f1=0.4108, recall=0.5, precision=0.3486
2026-03-15 01:39:45 | INFO | [Epoch 005] total_loss=0.120336, Lr0=0.000099Lr1=0.000991, time=0.73s
2026-03-15 01:39:45 | INFO | Validation — loss=1.1247, acc=0.7417, f1=0.5364, recall=0.5643, precision=0.8657
2026-03-15 01:39:46 | INFO | Validation — loss=1.3176, acc=0.6972, f1=0.4108, recall=0.5, precision=0.3486
2026-03-15 01:39:46 | INFO | [Epoch 011] total_loss=0.038743, Lr0=0.000097Lr1=0.000965, time=0.62s
2026-03-15 01:39:47 | INFO | [Epoch 006] total_loss=0.098371, Lr0=0.000099Lr1=0.000988, time=0.71s
2026-03-15 01:39:47 | INFO | Validation — loss=2.1406, acc=0.1548, f1=0.1515, recall=0.2161, precision=0.1695
2026-03-15 01:39:48 | INFO | Validation — loss=0.6967, acc=0.6972, f1=0.4108, recall=0.5, precision=0.3486
2026-03-15 01:39:48 | INFO | [Epoch 012] total_loss=0.035267, Lr0=0.000096Lr1=0.000959, time=0.64s
2026-03-15 01:39:48 | INFO | [Epoch 007] total_loss=0.094224, Lr0=0.000098Lr1=0.000984, time=0.75s
2026-03-15 01:39:49 | INFO | Validation — loss=1.4238, acc=0.5213, f1=0.4416, recall=0.4405, precision=0.4435
2026-03-15 01:39:49 | INFO | Validation — loss=3.9105, acc=0.3028, f1=0.2324, recall=0.5, precision=0.1514
2026-03-15 01:39:50 | INFO | [Epoch 013] total_loss=0.023490, Lr0=0.000095Lr1=0.000952, time=0.61s
2026-03-15 01:39:50 | INFO | [Epoch 008] total_loss=0.081121, Lr0=0.000098Lr1=0.000980, time=0.75s
2026-03-15 01:39:51 | INFO | Validation — loss=3.4197, acc=0.3028, f1=0.2324, recall=0.5, precision=0.1514
2026-03-15 01:39:51 | INFO | Validation — loss=3.4542, acc=0.1386, f1=0.1315, recall=0.2101, precision=0.1307
2026-03-15 01:39:52 | INFO | [Epoch 014] total_loss=0.012814, Lr0=0.000095Lr1=0.000946, time=0.61s
2026-03-15 01:39:52 | INFO | [Epoch 009] total_loss=0.071716, Lr0=0.000098Lr1=0.000976, time=0.75s
2026-03-15 01:39:53 | INFO | Validation — loss=4.1134, acc=0.3028, f1=0.2324, recall=0.5, precision=0.1514
2026-03-15 01:39:53 | INFO | Validation — loss=3.2952, acc=0.1769, f1=0.1623, recall=0.2766, precision=0.1605
2026-03-15 01:39:54 | INFO | [Epoch 010] total_loss=0.045803, Lr0=0.000097Lr1=0.000970, time=0.75s
2026-03-15 01:39:54 | INFO | [Epoch 015] total_loss=0.014134, Lr0=0.000094Lr1=0.000938, time=0.64s
2026-03-15 01:39:55 | INFO | Validation — loss=2.0369, acc=0.3044, f1=0.235, recall=0.5011, precision=0.6516
2026-03-15 01:39:55 | INFO | Validation — loss=3.0455, acc=0.143, f1=0.1405, recall=0.1979, precision=0.1568
2026-03-15 01:39:56 | INFO | [Epoch 011] total_loss=0.066936, Lr0=0.000097Lr1=0.000965, time=0.75s
2026-03-15 01:39:56 | INFO | [Epoch 016] total_loss=0.019365, Lr0=0.000093Lr1=0.000930, time=0.63s
2026-03-15 01:39:57 | INFO | Validation — loss=2.9053, acc=0.3028, f1=0.2324, recall=0.5, precision=0.1514
2026-03-15 01:39:57 | INFO | Validation — loss=1.7963, acc=0.3239, f1=0.3087, recall=0.3159, precision=0.3445
2026-03-15 01:39:57 | INFO | [Epoch 012] total_loss=0.060782, Lr0=0.000096Lr1=0.000959, time=0.75s
2026-03-15 01:39:58 | INFO | [Epoch 017] total_loss=0.054628, Lr0=0.000092Lr1=0.000922, time=0.62s
2026-03-15 01:39:58 | INFO | Validation — loss=1.6924, acc=0.3926, f1=0.3638, recall=0.5644, precision=0.6663
2026-03-15 01:39:59 | INFO | [Epoch 013] total_loss=0.042274, Lr0=0.000095Lr1=0.000952, time=0.72s
2026-03-15 01:39:59 | INFO | Validation — loss=1.7601, acc=0.7335, f1=0.5119, recall=0.5504, precision=0.8626
2026-03-15 01:40:00 | INFO | [Epoch 018] total_loss=0.020237, Lr0=0.000091Lr1=0.000914, time=0.61s
2026-03-15 01:40:00 | INFO | Validation — loss=1.2524, acc=0.5587, f1=0.5577, recall=0.6835, precision=0.7035
2026-03-15 01:40:00 | INFO | Best model logged 0.5577
2026-03-15 01:40:01 | INFO | [Epoch 014] total_loss=0.035357, Lr0=0.000095Lr1=0.000946, time=0.75s
2026-03-15 01:40:01 | INFO | Validation — loss=1.5338, acc=0.7455, f1=0.5472, recall=0.5706, precision=0.8672
2026-03-15 01:40:02 | INFO | [Epoch 019] total_loss=0.014637, Lr0=0.000091Lr1=0.000905, time=0.65s
2026-03-15 01:40:02 | INFO | Validation — loss=0.0752, acc=0.9725, f1=0.9679, recall=0.9756, precision=0.9612
2026-03-15 01:40:02 | INFO | Best model logged 0.9679
2026-03-15 01:40:03 | INFO | [Epoch 015] total_loss=0.025570, Lr0=0.000094Lr1=0.000938, time=0.71s
2026-03-15 01:40:03 | INFO | Validation — loss=1.8453, acc=0.7325, f1=0.5091, recall=0.5488, precision=0.8623
2026-03-15 01:40:04 | INFO | Validation — loss=0.3677, acc=0.8676, f1=0.8578, recall=0.9051, precision=0.8479
2026-03-15 01:40:04 | INFO | [Epoch 020] total_loss=0.007631, Lr0=0.000090Lr1=0.000895, time=0.66s
2026-03-15 01:40:04 | INFO | [Epoch 016] total_loss=0.040881, Lr0=0.000093Lr1=0.000930, time=0.73s
2026-03-15 01:40:05 | INFO | Validation — loss=1.7420, acc=0.7386, f1=0.5274, recall=0.5591, precision=0.8646
2026-03-15 01:40:05 | INFO | Validation — loss=0.0507, acc=0.9834, f1=0.9806, recall=0.9881, precision=0.974
2026-03-15 01:40:05 | INFO | Best model logged 0.9806
2026-03-15 01:40:06 | INFO | [Epoch 021] total_loss=0.007302, Lr0=0.000089Lr1=0.000885, time=0.80s
2026-03-15 01:40:06 | INFO | [Epoch 017] total_loss=0.022615, Lr0=0.000092Lr1=0.000922, time=0.79s
2026-03-15 01:40:07 | INFO | Validation — loss=0.0323, acc=0.9898, f1=0.988, recall=0.9927, precision=0.9836
2026-03-15 01:40:07 | INFO | Best model logged 0.988
2026-03-15 01:40:07 | INFO | Validation — loss=1.5056, acc=0.7518, f1=0.565, recall=0.5813, precision=0.8696
2026-03-15 01:40:08 | INFO | [Epoch 018] total_loss=0.020305, Lr0=0.000091Lr1=0.000914, time=0.80s
2026-03-15 01:40:08 | INFO | [Epoch 022] total_loss=0.006546, Lr0=0.000088Lr1=0.000875, time=0.70s
2026-03-15 01:40:09 | INFO | Validation — loss=0.0933, acc=0.9693, f1=0.9646, recall=0.978, precision=0.954
2026-03-15 01:40:09 | INFO | Validation — loss=1.8070, acc=0.6568, f1=0.4861, recall=0.506, precision=0.5113
2026-03-15 01:40:10 | INFO | [Epoch 019] total_loss=0.021966, Lr0=0.000091Lr1=0.000905, time=0.74s
2026-03-15 01:40:10 | INFO | [Epoch 023] total_loss=0.030627, Lr0=0.000087Lr1=0.000865, time=0.64s
2026-03-15 01:40:11 | INFO | Validation — loss=0.3986, acc=0.8615, f1=0.8514, recall=0.8985, precision=0.842
2026-03-15 01:40:12 | INFO | [Epoch 020] total_loss=0.017420, Lr0=0.000090Lr1=0.000895, time=0.74s
2026-03-15 01:40:12 | INFO | Validation — loss=1.4799, acc=0.6815, f1=0.5312, recall=0.5406, precision=0.5714
2026-03-15 01:40:12 | INFO | [Epoch 024] total_loss=0.050149, Lr0=0.000086Lr1=0.000854, time=0.63s
2026-03-15 01:40:12 | INFO | Validation — loss=1.1138, acc=0.609, f1=0.609, recall=0.7196, precision=0.7182
2026-03-15 01:40:13 | INFO | [Epoch 021] total_loss=0.011007, Lr0=0.000089Lr1=0.000885, time=0.78s
2026-03-15 01:40:14 | INFO | Validation — loss=4.1065, acc=0.1491, f1=0.1381, recall=0.2341, precision=0.1292
2026-03-15 01:40:14 | INFO | [Epoch 025] total_loss=0.045194, Lr0=0.000084Lr1=0.000842, time=0.66s
2026-03-15 01:40:14 | INFO | Validation — loss=2.1761, acc=0.3901, f1=0.3604, recall=0.5626, precision=0.6659
2026-03-15 01:40:15 | INFO | [Epoch 022] total_loss=0.007308, Lr0=0.000088Lr1=0.000875, time=0.72s
2026-03-15 01:40:16 | INFO | Validation — loss=1.4312, acc=0.4914, f1=0.4447, recall=0.4475, precision=0.4549
2026-03-15 01:40:16 | INFO | Validation — loss=0.3796, acc=0.8528, f1=0.8432, recall=0.8945, precision=0.8365
2026-03-15 01:40:16 | INFO | [Epoch 026] total_loss=0.037322, Lr0=0.000083Lr1=0.000831, time=0.64s
2026-03-15 01:40:17 | INFO | [Epoch 023] total_loss=0.006689, Lr0=0.000087Lr1=0.000865, time=0.80s
2026-03-15 01:40:17 | INFO | Validation — loss=1.7360, acc=0.2752, f1=0.2505, recall=0.4186, precision=0.3329
2026-03-15 01:40:18 | INFO | Validation — loss=0.2061, acc=0.9217, f1=0.9131, recall=0.9439, precision=0.8973
2026-03-15 01:40:18 | INFO | [Epoch 027] total_loss=0.015550, Lr0=0.000082Lr1=0.000819, time=0.63s
2026-03-15 01:40:19 | INFO | [Epoch 024] total_loss=0.012377, Lr0=0.000086Lr1=0.000854, time=0.79s
2026-03-15 01:40:19 | INFO | Validation — loss=1.5049, acc=0.7518, f1=0.565, recall=0.5813, precision=0.8696
2026-03-15 01:40:20 | INFO | Validation — loss=0.4476, acc=0.8446, f1=0.8352, recall=0.8886, precision=0.8304
2026-03-15 01:40:20 | INFO | [Epoch 028] total_loss=0.009337, Lr0=0.000081Lr1=0.000807, time=0.62s
2026-03-15 01:40:20 | INFO | [Epoch 025] total_loss=0.006508, Lr0=0.000084Lr1=0.000842, time=0.73s
2026-03-15 01:40:21 | INFO | Validation — loss=0.9335, acc=0.6975, f1=0.6949, recall=0.783, precision=0.7501
2026-03-15 01:40:21 | INFO | Validation — loss=1.3947, acc=0.5458, f1=0.4767, recall=0.4769, precision=0.4786
2026-03-15 01:40:21 | INFO | Early stopping at epoch 28. Best: 0.782300
2026-03-15 01:40:21 | INFO | Training complete.
2026-03-15 01:40:21 | INFO | Best checkpoint: ./save/cnn_overlap_new/subject_invariant_SWELLDataset/finetuned_best_8.pt
2026-03-15 01:40:22 | INFO | [Epoch 026] total_loss=0.004946, Lr0=0.000083Lr1=0.000831, time=0.77s
2026-03-15 01:40:23 | INFO | Validation — loss=0.2786, acc=0.8983, f1=0.8888, recall=0.9271, precision=0.8743
2026-03-15 01:40:24 | INFO | [Epoch 027] total_loss=0.004299, Lr0=0.000082Lr1=0.000819, time=0.71s
2026-03-15 01:40:25 | INFO | Validation — loss=0.4367, acc=0.8669, f1=0.8572, recall=0.9046, precision=0.8473
2026-03-15 01:40:26 | INFO | [Epoch 028] total_loss=0.002606, Lr0=0.000081Lr1=0.000807, time=0.72s
2026-03-15 01:40:27 | INFO | Validation — loss=0.6366, acc=0.7561, f1=0.7505, recall=0.8251, precision=0.7769
2026-03-15 01:40:27 | INFO | [Epoch 029] total_loss=0.009114, Lr0=0.000080Lr1=0.000794, time=0.73s
2026-03-15 01:40:28 | INFO | Validation — loss=0.7315, acc=0.7643, f1=0.7582, recall=0.831, precision=0.7812
2026-03-15 01:40:29 | INFO | [Epoch 030] total_loss=0.006407, Lr0=0.000078Lr1=0.000781, time=0.73s
2026-03-15 01:40:30 | INFO | Validation — loss=0.1296, acc=0.957, f1=0.9509, recall=0.9692, precision=0.9378
2026-03-15 01:40:31 | INFO | [Epoch 031] total_loss=0.002533, Lr0=0.000077Lr1=0.000768, time=0.72s
2026-03-15 01:40:32 | INFO | Validation — loss=0.5890, acc=0.8244, f1=0.8156, recall=0.8741, precision=0.8165
2026-03-15 01:40:32 | INFO | [Epoch 032] total_loss=0.005145, Lr0=0.000076Lr1=0.000755, time=0.74s
2026-03-15 01:40:33 | INFO | Model forward EncoderClassifierModel(
  (encoder): CNNEncoder(
    (cnn_layers): Sequential(
      (0): Conv1d(1, 32, kernel_size=(10,), stride=(1,))
      (1): BatchNorm1d(32, eps=1e-05, momentum=0.1, affine=True, track_running_stats=True)
      (2): ReLU()
      (3): MaxPool1d(kernel_size=2, stride=2, padding=0, dilation=1, ceil_mode=False)
      (4): Dropout(p=0.0, inplace=False)
      (5): Conv1d(32, 64, kernel_size=(10,), stride=(1,))
      (6): BatchNorm1d(64, eps=1e-05, momentum=0.1, affine=True, track_running_stats=True)
      (7): ReLU()
      (8): MaxPool1d(kernel_size=2, stride=2, padding=0, dilation=1, ceil_mode=False)
      (9): Dropout(p=0.0, inplace=False)
      (10): Conv1d(64, 128, kernel_size=(10,), stride=(1,))
      (11): BatchNorm1d(128, eps=1e-05, momentum=0.1, affine=True, track_running_stats=True)
      (12): ReLU()
      (13): MaxPool1d(kernel_size=2, stride=2, padding=0, dilation=1, ceil_mode=False)
      (14): Dropout(p=0.0, inplace=False)
      (15): Conv1d(128, 256, kernel_size=(10,), stride=(1,))
      (16): BatchNorm1d(256, eps=1e-05, momentum=0.1, affine=True, track_running_stats=True)
      (17): ReLU()
      (18): MaxPool1d(kernel_size=2, stride=2, padding=0, dilation=1, ceil_mode=False)
      (19): Dropout(p=0.0, inplace=False)
    )
    (linear_layer): Sequential(
      (0): Linear(in_features=18176, out_features=64, bias=True)
      (1): ReLU()
    )
  )
  (classifier): Linear(in_features=64, out_features=1, bias=True)
  (loss_fn): BCEWithLogitsLoss()
)
2026-03-15 01:40:33 | INFO | Validation — loss=0.5025, acc=0.8419, f1=0.8325, recall=0.8866, precision=0.8285
2026-03-15 01:40:34 | INFO | [Epoch 000] total_loss=0.646601, Lr0=0.000100Lr1=0.001000, time=0.62s
2026-03-15 01:40:34 | INFO | [Epoch 033] total_loss=0.002123, Lr0=0.000074Lr1=0.000741, time=0.73s
2026-03-15 01:40:35 | INFO | Validation — loss=0.6127, acc=0.6972, f1=0.4108, recall=0.5, precision=0.3486
2026-03-15 01:40:35 | INFO | Best model logged 0.4108
2026-03-15 01:40:35 | INFO | Validation — loss=0.2319, acc=0.9224, f1=0.9138, recall=0.9444, precision=0.898
2026-03-15 01:40:36 | INFO | [Epoch 001] total_loss=0.535833, Lr0=0.000100Lr1=0.000999, time=0.59s
2026-03-15 01:40:36 | INFO | [Epoch 034] total_loss=0.002248, Lr0=0.000073Lr1=0.000727, time=0.74s
2026-03-15 01:40:37 | INFO | Validation — loss=0.2509, acc=0.9133, f1=0.9043, recall=0.9378, precision=0.8887
2026-03-15 01:40:37 | INFO | Validation — loss=0.8756, acc=0.6972, f1=0.4108, recall=0.5, precision=0.3486
2026-03-15 01:40:38 | INFO | [Epoch 002] total_loss=0.380704, Lr0=0.000100Lr1=0.000998, time=0.62s
2026-03-15 01:40:38 | INFO | [Epoch 035] total_loss=0.001410, Lr0=0.000072Lr1=0.000713, time=0.78s
2026-03-15 01:40:39 | INFO | Validation — loss=0.3062, acc=0.8974, f1=0.8879, recall=0.9264, precision=0.8735
2026-03-15 01:40:39 | INFO | Validation — loss=0.8903, acc=0.6972, f1=0.4108, recall=0.5, precision=0.3486
2026-03-15 01:40:40 | INFO | [Epoch 036] total_loss=0.002565, Lr0=0.000070Lr1=0.000699, time=0.74s
2026-03-15 01:40:40 | INFO | [Epoch 003] total_loss=0.268213, Lr0=0.000100Lr1=0.000996, time=0.62s
2026-03-15 01:40:40 | INFO | Validation — loss=0.3771, acc=0.8838, f1=0.874, recall=0.9166, precision=0.8613
2026-03-15 01:40:41 | INFO | Validation — loss=0.6481, acc=0.6972, f1=0.4108, recall=0.5, precision=0.3486
2026-03-15 01:40:41 | INFO | [Epoch 037] total_loss=0.001786, Lr0=0.000069Lr1=0.000684, time=0.76s
2026-03-15 01:40:42 | INFO | [Epoch 004] total_loss=0.189871, Lr0=0.000099Lr1=0.000994, time=0.64s
2026-03-15 01:40:42 | INFO | Validation — loss=0.3215, acc=0.8938, f1=0.8841, recall=0.9238, precision=0.8701
2026-03-15 01:40:42 | INFO | Early stopping at epoch 37. Best: 0.988000
2026-03-15 01:40:42 | INFO | Training complete.
2026-03-15 01:40:42 | INFO | Best checkpoint: ./save/cnn_overlap_new/subject_invariant_SWELLDataset/finetuned_best_9.pt
2026-03-15 01:40:43 | INFO | Validation — loss=0.5527, acc=0.6972, f1=0.4108, recall=0.5, precision=0.3486
2026-03-15 01:40:44 | INFO | [Epoch 005] total_loss=0.120937, Lr0=0.000099Lr1=0.000991, time=0.60s
2026-03-15 01:40:45 | INFO | Validation — loss=0.6382, acc=0.6972, f1=0.4108, recall=0.5, precision=0.3486
2026-03-15 01:40:46 | INFO | [Epoch 006] total_loss=0.105083, Lr0=0.000099Lr1=0.000988, time=0.62s
2026-03-15 01:40:47 | INFO | Validation — loss=1.5115, acc=0.6972, f1=0.4108, recall=0.5, precision=0.3486
2026-03-15 01:40:48 | INFO | [Epoch 007] total_loss=0.102282, Lr0=0.000098Lr1=0.000984, time=0.62s
2026-03-15 01:40:49 | INFO | Validation — loss=0.0202, acc=1.0, f1=1.0, recall=1.0, precision=1.0
2026-03-15 01:40:49 | INFO | Best model logged 1.0
2026-03-15 01:40:49 | INFO | [Epoch 008] total_loss=0.080342, Lr0=0.000098Lr1=0.000980, time=0.60s
2026-03-15 01:40:51 | INFO | Validation — loss=0.0074, acc=1.0, f1=1.0, recall=1.0, precision=1.0
2026-03-15 01:40:51 | INFO | [Epoch 009] total_loss=0.068002, Lr0=0.000098Lr1=0.000976, time=0.61s
2026-03-15 01:40:53 | INFO | Validation — loss=0.0108, acc=0.997, f1=0.9965, recall=0.9979, precision=0.9952
2026-03-15 01:40:53 | INFO | [Epoch 010] total_loss=0.040603, Lr0=0.000097Lr1=0.000970, time=0.61s
2026-03-15 01:40:55 | INFO | Model forward EncoderClassifierModel(
  (encoder): CNNEncoder(
    (cnn_layers): Sequential(
      (0): Conv1d(1, 32, kernel_size=(10,), stride=(1,))
      (1): BatchNorm1d(32, eps=1e-05, momentum=0.1, affine=True, track_running_stats=True)
      (2): ReLU()
      (3): MaxPool1d(kernel_size=2, stride=2, padding=0, dilation=1, ceil_mode=False)
      (4): Dropout(p=0.0, inplace=False)
      (5): Conv1d(32, 64, kernel_size=(10,), stride=(1,))
      (6): BatchNorm1d(64, eps=1e-05, momentum=0.1, affine=True, track_running_stats=True)
      (7): ReLU()
      (8): MaxPool1d(kernel_size=2, stride=2, padding=0, dilation=1, ceil_mode=False)
      (9): Dropout(p=0.0, inplace=False)
      (10): Conv1d(64, 128, kernel_size=(10,), stride=(1,))
      (11): BatchNorm1d(128, eps=1e-05, momentum=0.1, affine=True, track_running_stats=True)
      (12): ReLU()
      (13): MaxPool1d(kernel_size=2, stride=2, padding=0, dilation=1, ceil_mode=False)
      (14): Dropout(p=0.0, inplace=False)
      (15): Conv1d(128, 256, kernel_size=(10,), stride=(1,))
      (16): BatchNorm1d(256, eps=1e-05, momentum=0.1, affine=True, track_running_stats=True)
      (17): ReLU()
      (18): MaxPool1d(kernel_size=2, stride=2, padding=0, dilation=1, ceil_mode=False)
      (19): Dropout(p=0.0, inplace=False)
    )
    (linear_layer): Sequential(
      (0): Linear(in_features=18176, out_features=64, bias=True)
      (1): ReLU()
    )
  )
  (classifier): Linear(in_features=64, out_features=1, bias=True)
  (loss_fn): BCEWithLogitsLoss()
)
2026-03-15 01:40:55 | INFO | Validation — loss=0.0292, acc=0.9904, f1=0.9888, recall=0.9931, precision=0.9847
2026-03-15 01:40:55 | INFO | [Epoch 000] total_loss=0.646119, Lr0=0.000100Lr1=0.001000, time=0.76s
2026-03-15 01:40:55 | INFO | [Epoch 011] total_loss=0.077457, Lr0=0.000097Lr1=0.000965, time=0.60s
2026-03-15 01:40:56 | INFO | Validation — loss=0.6365, acc=0.7097, f1=0.4151, recall=0.5, precision=0.3549
2026-03-15 01:40:56 | INFO | Best model logged 0.4151
2026-03-15 01:40:57 | INFO | Validation — loss=0.7514, acc=0.7693, f1=0.763, recall=0.8346, precision=0.7838
2026-03-15 01:40:57 | INFO | [Epoch 012] total_loss=0.094830, Lr0=0.000096Lr1=0.000959, time=0.62s
2026-03-15 01:40:57 | INFO | [Epoch 001] total_loss=0.543515, Lr0=0.000100Lr1=0.000999, time=0.77s
2026-03-15 01:40:59 | INFO | Validation — loss=0.7594, acc=0.7097, f1=0.4151, recall=0.5, precision=0.3549
2026-03-15 01:40:59 | INFO | Validation — loss=1.0814, acc=0.7029, f1=0.7001, recall=0.7869, precision=0.7524
2026-03-15 01:40:59 | INFO | [Epoch 002] total_loss=0.404007, Lr0=0.000100Lr1=0.000998, time=0.75s
2026-03-15 01:40:59 | INFO | [Epoch 013] total_loss=0.056357, Lr0=0.000095Lr1=0.000952, time=0.68s
2026-03-15 01:41:00 | INFO | Validation — loss=1.1902, acc=0.7097, f1=0.4151, recall=0.5, precision=0.3549
2026-03-15 01:41:01 | INFO | Validation — loss=2.3408, acc=0.3037, f1=0.2339, recall=0.5007, precision=0.6515
2026-03-15 01:41:01 | INFO | [Epoch 003] total_loss=0.280278, Lr0=0.000100Lr1=0.000996, time=0.83s
2026-03-15 01:41:01 | INFO | [Epoch 014] total_loss=0.038760, Lr0=0.000095Lr1=0.000946, time=0.61s
2026-03-15 01:41:02 | INFO | Validation — loss=1.4102, acc=0.7097, f1=0.4151, recall=0.5, precision=0.3549
2026-03-15 01:41:03 | INFO | Validation — loss=1.4092, acc=0.4652, f1=0.4544, recall=0.6165, precision=0.6807
2026-03-15 01:41:03 | INFO | [Epoch 004] total_loss=0.183957, Lr0=0.000099Lr1=0.000994, time=0.81s
2026-03-15 01:41:03 | INFO | [Epoch 015] total_loss=0.033727, Lr0=0.000094Lr1=0.000938, time=0.62s
2026-03-15 01:41:04 | INFO | Validation — loss=0.6198, acc=0.7097, f1=0.4151, recall=0.5, precision=0.3549
2026-03-15 01:41:05 | INFO | Validation — loss=0.5378, acc=0.8262, f1=0.8173, recall=0.8754, precision=0.8177
2026-03-15 01:41:05 | INFO | [Epoch 005] total_loss=0.161557, Lr0=0.000099Lr1=0.000991, time=0.75s
2026-03-15 01:41:05 | INFO | [Epoch 016] total_loss=0.029446, Lr0=0.000093Lr1=0.000930, time=0.63s
2026-03-15 01:41:06 | INFO | Validation — loss=1.4878, acc=0.7097, f1=0.4151, recall=0.5, precision=0.3549
2026-03-15 01:41:07 | INFO | [Epoch 006] total_loss=0.109729, Lr0=0.000099Lr1=0.000988, time=0.75s
2026-03-15 01:41:07 | INFO | Validation — loss=1.4020, acc=0.4807, f1=0.4724, recall=0.6276, precision=0.6841
2026-03-15 01:41:07 | INFO | [Epoch 017] total_loss=0.016436, Lr0=0.000092Lr1=0.000922, time=0.66s
2026-03-15 01:41:08 | INFO | Validation — loss=3.9714, acc=0.7097, f1=0.4151, recall=0.5, precision=0.3549
2026-03-15 01:41:08 | INFO | [Epoch 007] total_loss=0.104933, Lr0=0.000098Lr1=0.000984, time=0.74s
2026-03-15 01:41:09 | INFO | Validation — loss=0.9623, acc=0.6699, f1=0.6686, recall=0.7633, precision=0.7392
2026-03-15 01:41:09 | INFO | [Epoch 018] total_loss=0.012445, Lr0=0.000091Lr1=0.000914, time=0.65s
2026-03-15 01:41:10 | INFO | Validation — loss=0.5487, acc=0.9109, f1=0.8798, recall=0.8465, precision=0.9442
2026-03-15 01:41:10 | INFO | Best model logged 0.8798
2026-03-15 01:41:10 | INFO | [Epoch 008] total_loss=0.111487, Lr0=0.000098Lr1=0.000980, time=0.73s
2026-03-15 01:41:11 | INFO | Validation — loss=0.6509, acc=0.8107, f1=0.8024, recall=0.8643, precision=0.8077
2026-03-15 01:41:11 | INFO | Validation — loss=1.2100, acc=0.2903, f1=0.225, recall=0.5, precision=0.1451
2026-03-15 01:41:12 | INFO | [Epoch 019] total_loss=0.010945, Lr0=0.000091Lr1=0.000905, time=0.65s
2026-03-15 01:41:12 | INFO | [Epoch 009] total_loss=0.110335, Lr0=0.000098Lr1=0.000976, time=0.75s
2026-03-15 01:41:13 | INFO | Validation — loss=1.3061, acc=0.6206, f1=0.6205, recall=0.7279, precision=0.7219
2026-03-15 01:41:13 | INFO | Validation — loss=0.1026, acc=0.9929, f1=0.9913, recall=0.9878, precision=0.9951
2026-03-15 01:41:13 | INFO | Best model logged 0.9913
2026-03-15 01:41:13 | INFO | [Epoch 020] total_loss=0.016536, Lr0=0.000090Lr1=0.000895, time=0.62s
2026-03-15 01:41:14 | INFO | [Epoch 010] total_loss=0.072092, Lr0=0.000097Lr1=0.000970, time=0.79s
2026-03-15 01:41:15 | INFO | Validation — loss=0.4058, acc=0.856, f1=0.8464, recall=0.8967, precision=0.8388
2026-03-15 01:41:15 | INFO | Validation — loss=0.7389, acc=0.7522, f1=0.5534, recall=0.5732, precision=0.8706
2026-03-15 01:41:15 | INFO | [Epoch 021] total_loss=0.007072, Lr0=0.000089Lr1=0.000885, time=0.62s
2026-03-15 01:41:16 | INFO | [Epoch 011] total_loss=0.058989, Lr0=0.000097Lr1=0.000965, time=0.76s
2026-03-15 01:41:17 | INFO | Validation — loss=1.1034, acc=0.6545, f1=0.6536, recall=0.7522, precision=0.7335
2026-03-15 01:41:17 | INFO | Validation — loss=0.2220, acc=0.885, f1=0.8391, recall=0.802, precision=0.9303
2026-03-15 01:41:17 | INFO | [Epoch 022] total_loss=0.008663, Lr0=0.000088Lr1=0.000875, time=0.63s
2026-03-15 01:41:18 | INFO | [Epoch 012] total_loss=0.036441, Lr0=0.000096Lr1=0.000959, time=0.75s
2026-03-15 01:41:19 | INFO | Validation — loss=0.0717, acc=0.9694, f1=0.9616, recall=0.9472, precision=0.9793
2026-03-15 01:41:19 | INFO | Validation — loss=0.2279, acc=0.9101, f1=0.901, recall=0.9356, precision=0.8856
2026-03-15 01:41:19 | INFO | [Epoch 023] total_loss=0.008253, Lr0=0.000087Lr1=0.000865, time=0.60s
2026-03-15 01:41:19 | INFO | [Epoch 013] total_loss=0.027209, Lr0=0.000095Lr1=0.000952, time=0.80s
2026-03-15 01:41:20 | INFO | Validation — loss=0.0244, acc=0.9913, f1=0.9894, recall=0.985, precision=0.994
2026-03-15 01:41:21 | INFO | Validation — loss=0.5350, acc=0.8098, f1=0.8015, recall=0.8636, precision=0.8071
2026-03-15 01:41:21 | INFO | [Epoch 014] total_loss=0.028523, Lr0=0.000095Lr1=0.000946, time=0.82s
2026-03-15 01:41:21 | INFO | [Epoch 024] total_loss=0.010882, Lr0=0.000086Lr1=0.000854, time=0.60s
2026-03-15 01:41:22 | INFO | Validation — loss=0.0115, acc=0.9986, f1=0.9983, recall=0.9976, precision=0.999
2026-03-15 01:41:22 | INFO | Best model logged 0.9983
2026-03-15 01:41:23 | INFO | Validation — loss=0.2971, acc=0.8815, f1=0.8709, recall=0.9101, precision=0.8577
2026-03-15 01:41:23 | INFO | [Epoch 015] total_loss=0.013285, Lr0=0.000094Lr1=0.000938, time=0.80s
2026-03-15 01:41:23 | INFO | [Epoch 025] total_loss=0.004576, Lr0=0.000084Lr1=0.000842, time=0.63s
2026-03-15 01:41:24 | INFO | Validation — loss=0.0800, acc=0.9666, f1=0.958, recall=0.9425, precision=0.9775
2026-03-15 01:41:25 | INFO | Validation — loss=0.2002, acc=0.9222, f1=0.913, recall=0.9404, precision=0.8978
2026-03-15 01:41:25 | INFO | [Epoch 016] total_loss=0.021793, Lr0=0.000093Lr1=0.000930, time=0.79s
2026-03-15 01:41:25 | INFO | [Epoch 026] total_loss=0.005092, Lr0=0.000083Lr1=0.000831, time=0.62s
2026-03-15 01:41:26 | INFO | Validation — loss=0.0558, acc=0.9753, f1=0.9692, recall=0.9575, precision=0.9832
2026-03-15 01:41:27 | INFO | Validation — loss=0.2420, acc=0.9083, f1=0.8982, recall=0.9285, precision=0.8831
2026-03-15 01:41:27 | INFO | [Epoch 017] total_loss=0.022988, Lr0=0.000092Lr1=0.000922, time=0.74s
2026-03-15 01:41:27 | INFO | [Epoch 027] total_loss=0.003641, Lr0=0.000082Lr1=0.000819, time=0.63s
2026-03-15 01:41:28 | INFO | Validation — loss=0.3213, acc=0.8763, f1=0.8246, recall=0.787, precision=0.9258
2026-03-15 01:41:28 | INFO | [Epoch 018] total_loss=0.043325, Lr0=0.000091Lr1=0.000914, time=0.75s
2026-03-15 01:41:29 | INFO | Validation — loss=0.1978, acc=0.9261, f1=0.9168, recall=0.9406, precision=0.9022
2026-03-15 01:41:29 | INFO | Early stopping at epoch 27. Best: 1.000000
2026-03-15 01:41:29 | INFO | Training complete.
2026-03-15 01:41:29 | INFO | Best checkpoint: ./save/cnn_overlap_new/subject_invariant_SWELLDataset/finetuned_best_9.pt
2026-03-15 01:41:29 | INFO | Validation — loss=0.5805, acc=0.8469, f1=0.7722, recall=0.7362, precision=0.9113
2026-03-15 01:41:30 | INFO | [Epoch 019] total_loss=0.034468, Lr0=0.000091Lr1=0.000905, time=0.85s
2026-03-15 01:41:31 | INFO | Validation — loss=0.0305, acc=0.9883, f1=0.9857, recall=0.9799, precision=0.9919
2026-03-15 01:41:32 | INFO | [Epoch 020] total_loss=0.022768, Lr0=0.000090Lr1=0.000895, time=0.86s
2026-03-15 01:41:33 | INFO | Validation — loss=0.0247, acc=0.992, f1=0.9902, recall=0.9862, precision=0.9944
2026-03-15 01:41:34 | INFO | [Epoch 021] total_loss=0.037894, Lr0=0.000089Lr1=0.000885, time=0.82s
2026-03-15 01:41:35 | INFO | Validation — loss=0.3532, acc=0.8715, f1=0.8164, recall=0.7787, precision=0.9234
2026-03-15 01:41:36 | INFO | [Epoch 022] total_loss=0.025481, Lr0=0.000088Lr1=0.000875, time=0.76s
2026-03-15 01:41:37 | INFO | Validation — loss=0.2982, acc=0.8802, f1=0.8311, recall=0.7937, precision=0.9278
2026-03-15 01:41:38 | INFO | [Epoch 023] total_loss=0.008510, Lr0=0.000087Lr1=0.000865, time=0.79s
2026-03-15 01:41:39 | INFO | Validation — loss=0.1302, acc=0.9399, f1=0.9219, recall=0.8965, precision=0.961
2026-03-15 01:41:40 | INFO | [Epoch 024] total_loss=0.010551, Lr0=0.000086Lr1=0.000854, time=0.74s
2026-03-15 01:41:40 | INFO | Model forward EncoderClassifierModel(
  (encoder): CNNEncoder(
    (cnn_layers): Sequential(
      (0): Conv1d(1, 32, kernel_size=(10,), stride=(1,))
      (1): BatchNorm1d(32, eps=1e-05, momentum=0.1, affine=True, track_running_stats=True)
      (2): ReLU()
      (3): MaxPool1d(kernel_size=2, stride=2, padding=0, dilation=1, ceil_mode=False)
      (4): Dropout(p=0.0, inplace=False)
      (5): Conv1d(32, 64, kernel_size=(10,), stride=(1,))
      (6): BatchNorm1d(64, eps=1e-05, momentum=0.1, affine=True, track_running_stats=True)
      (7): ReLU()
      (8): MaxPool1d(kernel_size=2, stride=2, padding=0, dilation=1, ceil_mode=False)
      (9): Dropout(p=0.0, inplace=False)
      (10): Conv1d(64, 128, kernel_size=(10,), stride=(1,))
      (11): BatchNorm1d(128, eps=1e-05, momentum=0.1, affine=True, track_running_stats=True)
      (12): ReLU()
      (13): MaxPool1d(kernel_size=2, stride=2, padding=0, dilation=1, ceil_mode=False)
      (14): Dropout(p=0.0, inplace=False)
      (15): Conv1d(128, 256, kernel_size=(10,), stride=(1,))
      (16): BatchNorm1d(256, eps=1e-05, momentum=0.1, affine=True, track_running_stats=True)
      (17): ReLU()
      (18): MaxPool1d(kernel_size=2, stride=2, padding=0, dilation=1, ceil_mode=False)
      (19): Dropout(p=0.0, inplace=False)
    )
    (linear_layer): Sequential(
      (0): Linear(in_features=18176, out_features=64, bias=True)
      (1): ReLU()
    )
  )
  (classifier): Linear(in_features=64, out_features=1, bias=True)
  (loss_fn): BCEWithLogitsLoss()
)
2026-03-15 01:41:41 | INFO | Validation — loss=0.3288, acc=0.8811, f1=0.8327, recall=0.7953, precision=0.9283
2026-03-15 01:41:41 | INFO | [Epoch 000] total_loss=0.646119, Lr0=0.000100Lr1=0.001000, time=0.63s
2026-03-15 01:41:42 | INFO | [Epoch 025] total_loss=0.007491, Lr0=0.000084Lr1=0.000842, time=0.80s
2026-03-15 01:41:42 | INFO | Validation — loss=0.6452, acc=0.7097, f1=0.4151, recall=0.5, precision=0.3549
2026-03-15 01:41:42 | INFO | Best model logged 0.4151
2026-03-15 01:41:43 | INFO | Validation — loss=0.1730, acc=0.9241, f1=0.8994, recall=0.8693, precision=0.9517
2026-03-15 01:41:43 | INFO | [Epoch 001] total_loss=0.543493, Lr0=0.000100Lr1=0.000999, time=0.59s
2026-03-15 01:41:43 | INFO | [Epoch 026] total_loss=0.011267, Lr0=0.000083Lr1=0.000831, time=0.75s
2026-03-15 01:41:44 | INFO | Validation — loss=0.6146, acc=0.7097, f1=0.4151, recall=0.5, precision=0.3549
2026-03-15 01:41:44 | INFO | Validation — loss=0.4427, acc=0.8695, f1=0.8129, recall=0.7752, precision=0.9223
2026-03-15 01:41:45 | INFO | [Epoch 002] total_loss=0.403938, Lr0=0.000100Lr1=0.000998, time=0.64s
2026-03-15 01:41:45 | INFO | [Epoch 027] total_loss=0.012473, Lr0=0.000082Lr1=0.000819, time=0.77s
2026-03-15 01:41:46 | INFO | Validation — loss=0.1678, acc=0.9223, f1=0.8968, recall=0.8661, precision=0.9507
2026-03-15 01:41:46 | INFO | Validation — loss=0.9071, acc=0.7097, f1=0.4151, recall=0.5, precision=0.3549
2026-03-15 01:41:47 | INFO | [Epoch 028] total_loss=0.012176, Lr0=0.000081Lr1=0.000807, time=0.74s
2026-03-15 01:41:47 | INFO | [Epoch 003] total_loss=0.279120, Lr0=0.000100Lr1=0.000996, time=0.64s
2026-03-15 01:41:48 | INFO | Validation — loss=0.1058, acc=0.9513, f1=0.9377, recall=0.9161, precision=0.9679
2026-03-15 01:41:48 | INFO | Validation — loss=1.3804, acc=0.7097, f1=0.4151, recall=0.5, precision=0.3549
2026-03-15 01:41:49 | INFO | [Epoch 029] total_loss=0.005726, Lr0=0.000080Lr1=0.000794, time=0.72s
2026-03-15 01:41:49 | INFO | [Epoch 004] total_loss=0.183893, Lr0=0.000099Lr1=0.000994, time=0.60s
2026-03-15 01:41:49 | INFO | Validation — loss=0.2456, acc=0.9022, f1=0.8664, recall=0.8315, precision=0.9394
2026-03-15 01:41:50 | INFO | Validation — loss=1.1098, acc=0.7097, f1=0.4151, recall=0.5, precision=0.3549
2026-03-15 01:41:50 | INFO | [Epoch 030] total_loss=0.006048, Lr0=0.000078Lr1=0.000781, time=0.75s
2026-03-15 01:41:51 | INFO | [Epoch 005] total_loss=0.170130, Lr0=0.000099Lr1=0.000991, time=0.61s
2026-03-15 01:41:51 | INFO | Validation — loss=0.1998, acc=0.917, f1=0.889, recall=0.8571, precision=0.9477
2026-03-15 01:41:52 | INFO | [Epoch 031] total_loss=0.007346, Lr0=0.000077Lr1=0.000768, time=0.74s
2026-03-15 01:41:52 | INFO | Validation — loss=2.1251, acc=0.7097, f1=0.4151, recall=0.5, precision=0.3549
2026-03-15 01:41:53 | INFO | [Epoch 006] total_loss=0.095429, Lr0=0.000099Lr1=0.000988, time=0.63s
2026-03-15 01:41:53 | INFO | Validation — loss=0.4976, acc=0.8693, f1=0.8125, recall=0.7748, precision=0.9222
2026-03-15 01:41:54 | INFO | [Epoch 032] total_loss=0.005205, Lr0=0.000076Lr1=0.000755, time=0.79s
2026-03-15 01:41:54 | INFO | Validation — loss=6.0778, acc=0.7097, f1=0.4151, recall=0.5, precision=0.3549
2026-03-15 01:41:55 | INFO | Validation — loss=0.3572, acc=0.8837, f1=0.8368, recall=0.7996, precision=0.9296
2026-03-15 01:41:55 | INFO | [Epoch 007] total_loss=0.100483, Lr0=0.000098Lr1=0.000984, time=0.62s
2026-03-15 01:41:55 | INFO | [Epoch 033] total_loss=0.002967, Lr0=0.000074Lr1=0.000741, time=0.76s
2026-03-15 01:41:56 | INFO | Validation — loss=6.9367, acc=0.7097, f1=0.4151, recall=0.5, precision=0.3549
2026-03-15 01:41:56 | INFO | Validation — loss=0.3086, acc=0.8917, f1=0.8498, recall=0.8134, precision=0.9338
2026-03-15 01:41:57 | INFO | [Epoch 008] total_loss=0.137854, Lr0=0.000098Lr1=0.000980, time=0.64s
2026-03-15 01:41:57 | INFO | [Epoch 034] total_loss=0.001985, Lr0=0.000073Lr1=0.000727, time=0.71s
2026-03-15 01:41:58 | INFO | Validation — loss=1.7857, acc=0.7097, f1=0.4151, recall=0.5, precision=0.3549
2026-03-15 01:41:58 | INFO | Validation — loss=0.3676, acc=0.8823, f1=0.8345, recall=0.7972, precision=0.9289
2026-03-15 01:41:58 | INFO | Early stopping at epoch 34. Best: 0.998300
2026-03-15 01:41:58 | INFO | Training complete.
2026-03-15 01:41:58 | INFO | Best checkpoint: ./save/cnn_overlap_new/subject_invariant_SWELLDataset/finetuned_best_10.pt
2026-03-15 01:41:59 | INFO | [Epoch 009] total_loss=0.124898, Lr0=0.000098Lr1=0.000976, time=0.63s
2026-03-15 01:42:00 | INFO | Validation — loss=2.1168, acc=0.7097, f1=0.4151, recall=0.5, precision=0.3549
2026-03-15 01:42:01 | INFO | [Epoch 010] total_loss=0.091052, Lr0=0.000097Lr1=0.000970, time=0.60s
2026-03-15 01:42:02 | INFO | Validation — loss=1.0856, acc=0.7186, f1=0.4471, recall=0.5154, precision=0.858
2026-03-15 01:42:02 | INFO | Best model logged 0.4471
2026-03-15 01:42:03 | INFO | [Epoch 011] total_loss=0.071629, Lr0=0.000097Lr1=0.000965, time=0.58s
2026-03-15 01:42:04 | INFO | Validation — loss=0.1830, acc=0.8919, f1=0.8502, recall=0.8138, precision=0.9339
2026-03-15 01:42:04 | INFO | Best model logged 0.8502
2026-03-15 01:42:05 | INFO | [Epoch 012] total_loss=0.042750, Lr0=0.000096Lr1=0.000959, time=0.62s
2026-03-15 01:42:06 | INFO | Validation — loss=0.1440, acc=0.9211, f1=0.8951, recall=0.8642, precision=0.95
2026-03-15 01:42:06 | INFO | Best model logged 0.8951
2026-03-15 01:42:07 | INFO | [Epoch 013] total_loss=0.031235, Lr0=0.000095Lr1=0.000952, time=0.59s
2026-03-15 01:42:08 | INFO | Validation — loss=0.1738, acc=0.9063, f1=0.8728, recall=0.8386, precision=0.9417
2026-03-15 01:42:09 | INFO | [Epoch 014] total_loss=0.030240, Lr0=0.000095Lr1=0.000946, time=0.60s
2026-03-15 01:42:10 | INFO | Validation — loss=0.0498, acc=0.9819, f1=0.9777, recall=0.9689, precision=0.9876
2026-03-15 01:42:10 | INFO | Best model logged 0.9777
2026-03-15 01:42:11 | INFO | [Epoch 015] total_loss=0.014639, Lr0=0.000094Lr1=0.000938, time=0.60s
2026-03-15 01:42:12 | INFO | Model forward EncoderClassifierModel(
  (encoder): CNNEncoder(
    (cnn_layers): Sequential(
      (0): Conv1d(1, 32, kernel_size=(10,), stride=(1,))
      (1): BatchNorm1d(32, eps=1e-05, momentum=0.1, affine=True, track_running_stats=True)
      (2): ReLU()
      (3): MaxPool1d(kernel_size=2, stride=2, padding=0, dilation=1, ceil_mode=False)
      (4): Dropout(p=0.0, inplace=False)
      (5): Conv1d(32, 64, kernel_size=(10,), stride=(1,))
      (6): BatchNorm1d(64, eps=1e-05, momentum=0.1, affine=True, track_running_stats=True)
      (7): ReLU()
      (8): MaxPool1d(kernel_size=2, stride=2, padding=0, dilation=1, ceil_mode=False)
      (9): Dropout(p=0.0, inplace=False)
      (10): Conv1d(64, 128, kernel_size=(10,), stride=(1,))
      (11): BatchNorm1d(128, eps=1e-05, momentum=0.1, affine=True, track_running_stats=True)
      (12): ReLU()
      (13): MaxPool1d(kernel_size=2, stride=2, padding=0, dilation=1, ceil_mode=False)
      (14): Dropout(p=0.0, inplace=False)
      (15): Conv1d(128, 256, kernel_size=(10,), stride=(1,))
      (16): BatchNorm1d(256, eps=1e-05, momentum=0.1, affine=True, track_running_stats=True)
      (17): ReLU()
      (18): MaxPool1d(kernel_size=2, stride=2, padding=0, dilation=1, ceil_mode=False)
      (19): Dropout(p=0.0, inplace=False)
    )
    (linear_layer): Sequential(
      (0): Linear(in_features=18176, out_features=64, bias=True)
      (1): ReLU()
    )
  )
  (classifier): Linear(in_features=64, out_features=1, bias=True)
  (loss_fn): BCEWithLogitsLoss()
)
2026-03-15 01:42:12 | INFO | Validation — loss=0.1130, acc=0.9429, f1=0.9261, recall=0.9016, precision=0.9627
2026-03-15 01:42:13 | INFO | [Epoch 000] total_loss=0.641729, Lr0=0.000100Lr1=0.001000, time=0.82s
2026-03-15 01:42:13 | INFO | [Epoch 016] total_loss=0.015522, Lr0=0.000093Lr1=0.000930, time=0.64s
2026-03-15 01:42:14 | INFO | Validation — loss=0.6212, acc=0.7023, f1=0.4125, recall=0.5, precision=0.3511
2026-03-15 01:42:14 | INFO | Best model logged 0.4125
2026-03-15 01:42:14 | INFO | Validation — loss=0.0085, acc=0.9989, f1=0.9986, recall=0.998, precision=0.9992
2026-03-15 01:42:14 | INFO | Best model logged 0.9986
2026-03-15 01:42:15 | INFO | [Epoch 001] total_loss=0.519900, Lr0=0.000100Lr1=0.000999, time=0.81s
2026-03-15 01:42:15 | INFO | [Epoch 017] total_loss=0.015973, Lr0=0.000092Lr1=0.000922, time=0.66s
2026-03-15 01:42:16 | INFO | Validation — loss=0.8711, acc=0.7023, f1=0.4125, recall=0.5, precision=0.3511
2026-03-15 01:42:16 | INFO | Validation — loss=0.0571, acc=0.9767, f1=0.971, recall=0.9598, precision=0.9841
2026-03-15 01:42:17 | INFO | [Epoch 002] total_loss=0.360033, Lr0=0.000100Lr1=0.000998, time=0.79s
2026-03-15 01:42:17 | INFO | [Epoch 018] total_loss=0.024624, Lr0=0.000091Lr1=0.000914, time=0.61s
2026-03-15 01:42:18 | INFO | Validation — loss=1.6182, acc=0.7023, f1=0.4125, recall=0.5, precision=0.3511
2026-03-15 01:42:18 | INFO | Validation — loss=0.0487, acc=0.9808, f1=0.9762, recall=0.9669, precision=0.9868
2026-03-15 01:42:18 | INFO | [Epoch 003] total_loss=0.242148, Lr0=0.000100Lr1=0.000996, time=0.80s
2026-03-15 01:42:19 | INFO | [Epoch 019] total_loss=0.039005, Lr0=0.000091Lr1=0.000905, time=0.63s
2026-03-15 01:42:20 | INFO | Validation — loss=1.7385, acc=0.7023, f1=0.4125, recall=0.5, precision=0.3511
2026-03-15 01:42:20 | INFO | Validation — loss=0.0338, acc=0.989, f1=0.9865, recall=0.9811, precision=0.9924
2026-03-15 01:42:20 | INFO | [Epoch 004] total_loss=0.184920, Lr0=0.000099Lr1=0.000994, time=0.81s
2026-03-15 01:42:21 | INFO | [Epoch 020] total_loss=0.031272, Lr0=0.000090Lr1=0.000895, time=0.63s
2026-03-15 01:42:21 | INFO | Validation — loss=3.3623, acc=0.7023, f1=0.4125, recall=0.5, precision=0.3511
2026-03-15 01:42:22 | INFO | [Epoch 005] total_loss=0.139755, Lr0=0.000099Lr1=0.000991, time=0.77s
2026-03-15 01:42:22 | INFO | Validation — loss=0.0101, acc=0.9966, f1=0.9958, recall=0.9941, precision=0.9976
2026-03-15 01:42:23 | INFO | [Epoch 021] total_loss=0.040459, Lr0=0.000089Lr1=0.000885, time=0.63s
2026-03-15 01:42:23 | INFO | Validation — loss=3.4077, acc=0.7023, f1=0.4125, recall=0.5, precision=0.3511
2026-03-15 01:42:24 | INFO | [Epoch 006] total_loss=0.115949, Lr0=0.000099Lr1=0.000988, time=0.76s
2026-03-15 01:42:24 | INFO | Validation — loss=0.0057, acc=1.0, f1=1.0, recall=1.0, precision=1.0
2026-03-15 01:42:24 | INFO | Best model logged 1.0
2026-03-15 01:42:25 | INFO | [Epoch 022] total_loss=0.042266, Lr0=0.000088Lr1=0.000875, time=0.62s
2026-03-15 01:42:25 | INFO | Validation — loss=2.6094, acc=0.7023, f1=0.4125, recall=0.5, precision=0.3511
2026-03-15 01:42:26 | INFO | [Epoch 007] total_loss=0.100062, Lr0=0.000098Lr1=0.000984, time=0.75s
2026-03-15 01:42:26 | INFO | Validation — loss=0.1310, acc=0.9403, f1=0.9226, recall=0.8972, precision=0.9612
2026-03-15 01:42:27 | INFO | [Epoch 023] total_loss=0.017520, Lr0=0.000087Lr1=0.000865, time=0.62s
2026-03-15 01:42:27 | INFO | Validation — loss=1.9155, acc=0.7023, f1=0.4125, recall=0.5, precision=0.3511
2026-03-15 01:42:28 | INFO | [Epoch 008] total_loss=0.082504, Lr0=0.000098Lr1=0.000980, time=0.78s
2026-03-15 01:42:28 | INFO | Validation — loss=0.0360, acc=0.9861, f1=0.9828, recall=0.976, precision=0.9904
2026-03-15 01:42:29 | INFO | Validation — loss=0.3355, acc=0.8047, f1=0.6949, recall=0.672, precision=0.8912
2026-03-15 01:42:29 | INFO | Best model logged 0.6949
2026-03-15 01:42:29 | INFO | [Epoch 024] total_loss=0.017593, Lr0=0.000086Lr1=0.000854, time=0.66s
2026-03-15 01:42:30 | INFO | [Epoch 009] total_loss=0.047665, Lr0=0.000098Lr1=0.000976, time=0.75s
2026-03-15 01:42:30 | INFO | Validation — loss=0.0968, acc=0.9609, f1=0.9505, recall=0.9327, precision=0.9739
2026-03-15 01:42:31 | INFO | Validation — loss=0.5045, acc=0.7246, f1=0.7199, recall=0.8039, precision=0.7597
2026-03-15 01:42:31 | INFO | Best model logged 0.7199
2026-03-15 01:42:31 | INFO | [Epoch 025] total_loss=0.012497, Lr0=0.000084Lr1=0.000842, time=0.63s
2026-03-15 01:42:31 | INFO | [Epoch 010] total_loss=0.051844, Lr0=0.000097Lr1=0.000970, time=0.75s
2026-03-15 01:42:32 | INFO | Validation — loss=0.1462, acc=0.9381, f1=0.9194, recall=0.8933, precision=0.9599
2026-03-15 01:42:33 | INFO | Validation — loss=0.5167, acc=0.7644, f1=0.7575, recall=0.8323, precision=0.7791
2026-03-15 01:42:33 | INFO | Best model logged 0.7575
2026-03-15 01:42:33 | INFO | [Epoch 026] total_loss=0.009581, Lr0=0.000083Lr1=0.000831, time=0.64s
2026-03-15 01:42:33 | INFO | [Epoch 011] total_loss=0.026818, Lr0=0.000097Lr1=0.000965, time=0.75s
2026-03-15 01:42:34 | INFO | Validation — loss=0.1248, acc=0.9445, f1=0.9283, recall=0.9043, precision=0.9637
2026-03-15 01:42:34 | INFO | Validation — loss=1.0901, acc=0.6032, f1=0.6032, recall=0.7175, precision=0.7144
2026-03-15 01:42:35 | INFO | [Epoch 027] total_loss=0.012792, Lr0=0.000082Lr1=0.000819, time=0.62s
2026-03-15 01:42:35 | INFO | [Epoch 012] total_loss=0.020896, Lr0=0.000096Lr1=0.000959, time=0.74s
2026-03-15 01:42:36 | INFO | Validation — loss=0.1533, acc=0.9431, f1=0.935, recall=0.9566, precision=0.9204
2026-03-15 01:42:36 | INFO | Best model logged 0.935
2026-03-15 01:42:36 | INFO | Validation — loss=0.2972, acc=0.885, f1=0.8391, recall=0.802, precision=0.9303
2026-03-15 01:42:37 | INFO | [Epoch 028] total_loss=0.005398, Lr0=0.000081Lr1=0.000807, time=0.64s
2026-03-15 01:42:37 | INFO | [Epoch 013] total_loss=0.035264, Lr0=0.000095Lr1=0.000952, time=0.77s
2026-03-15 01:42:38 | INFO | Validation — loss=0.2611, acc=0.9115, f1=0.9012, recall=0.9337, precision=0.8851
2026-03-15 01:42:38 | INFO | Validation — loss=0.2132, acc=0.9104, f1=0.8791, recall=0.8457, precision=0.944
2026-03-15 01:42:39 | INFO | [Epoch 029] total_loss=0.003297, Lr0=0.000080Lr1=0.000794, time=0.65s
2026-03-15 01:42:39 | INFO | [Epoch 014] total_loss=0.039167, Lr0=0.000095Lr1=0.000946, time=0.73s
2026-03-15 01:42:40 | INFO | Validation — loss=0.9552, acc=0.6722, f1=0.6703, recall=0.7666, precision=0.738
2026-03-15 01:42:40 | INFO | Validation — loss=0.3176, acc=0.8885, f1=0.8447, recall=0.8079, precision=0.9321
2026-03-15 01:42:41 | INFO | [Epoch 015] total_loss=0.034968, Lr0=0.000094Lr1=0.000938, time=0.77s
2026-03-15 01:42:41 | INFO | [Epoch 030] total_loss=0.003123, Lr0=0.000078Lr1=0.000781, time=0.63s
2026-03-15 01:42:42 | INFO | Validation — loss=0.3111, acc=0.8944, f1=0.8823, recall=0.9144, precision=0.8671
2026-03-15 01:42:42 | INFO | Validation — loss=0.2495, acc=0.8987, f1=0.8611, recall=0.8256, precision=0.9376
2026-03-15 01:42:43 | INFO | [Epoch 016] total_loss=0.074394, Lr0=0.000093Lr1=0.000930, time=0.75s
2026-03-15 01:42:43 | INFO | [Epoch 031] total_loss=0.005650, Lr0=0.000077Lr1=0.000768, time=0.62s
2026-03-15 01:42:44 | INFO | Validation — loss=0.4717, acc=0.8641, f1=0.853, recall=0.9002, precision=0.8419
2026-03-15 01:42:44 | INFO | Validation — loss=0.3047, acc=0.8921, f1=0.8506, recall=0.8142, precision=0.934
2026-03-15 01:42:44 | INFO | [Epoch 017] total_loss=0.030336, Lr0=0.000092Lr1=0.000922, time=0.75s
2026-03-15 01:42:45 | INFO | [Epoch 032] total_loss=0.002830, Lr0=0.000076Lr1=0.000755, time=0.61s
2026-03-15 01:42:46 | INFO | Validation — loss=0.8914, acc=0.7537, f1=0.7472, recall=0.8238, precision=0.7727
2026-03-15 01:42:46 | INFO | Validation — loss=0.2091, acc=0.9163, f1=0.888, recall=0.8559, precision=0.9473
2026-03-15 01:42:46 | INFO | [Epoch 018] total_loss=0.018627, Lr0=0.000091Lr1=0.000914, time=0.82s
2026-03-15 01:42:47 | INFO | [Epoch 033] total_loss=0.002232, Lr0=0.000074Lr1=0.000741, time=0.62s
2026-03-15 01:42:47 | INFO | Validation — loss=0.6774, acc=0.8031, f1=0.7941, recall=0.8589, precision=0.8003
2026-03-15 01:42:48 | INFO | Validation — loss=0.0888, acc=0.9641, f1=0.9547, recall=0.9382, precision=0.9759
2026-03-15 01:42:48 | INFO | [Epoch 019] total_loss=0.013651, Lr0=0.000091Lr1=0.000905, time=0.79s
2026-03-15 01:42:49 | INFO | [Epoch 034] total_loss=0.002211, Lr0=0.000073Lr1=0.000727, time=0.59s
2026-03-15 01:42:49 | INFO | Validation — loss=0.9154, acc=0.7296, f1=0.7246, recall=0.8075, precision=0.762
2026-03-15 01:42:50 | INFO | Validation — loss=0.1678, acc=0.9335, f1=0.9129, recall=0.8854, precision=0.9572
2026-03-15 01:42:50 | INFO | [Epoch 020] total_loss=0.038447, Lr0=0.000090Lr1=0.000895, time=0.77s
2026-03-15 01:42:51 | INFO | [Epoch 035] total_loss=0.002112, Lr0=0.000072Lr1=0.000713, time=0.61s
2026-03-15 01:42:51 | INFO | Validation — loss=5.1089, acc=0.2977, f1=0.2294, recall=0.5, precision=0.1489
2026-03-15 01:42:52 | INFO | [Epoch 021] total_loss=0.027432, Lr0=0.000089Lr1=0.000885, time=0.83s
2026-03-15 01:42:52 | INFO | Validation — loss=0.2115, acc=0.917, f1=0.889, recall=0.8571, precision=0.9477
2026-03-15 01:42:53 | INFO | [Epoch 036] total_loss=0.001888, Lr0=0.000070Lr1=0.000699, time=0.67s
2026-03-15 01:42:53 | INFO | Validation — loss=0.4286, acc=0.87, f1=0.8594, recall=0.9075, precision=0.8481
2026-03-15 01:42:54 | INFO | [Epoch 022] total_loss=0.019362, Lr0=0.000088Lr1=0.000875, time=0.77s
2026-03-15 01:42:54 | INFO | Validation — loss=0.1901, acc=0.9271, f1=0.9038, recall=0.8744, precision=0.9534
2026-03-15 01:42:55 | INFO | [Epoch 037] total_loss=0.001951, Lr0=0.000069Lr1=0.000684, time=0.60s
2026-03-15 01:42:55 | INFO | Validation — loss=2.1509, acc=0.4594, f1=0.4492, recall=0.6151, precision=0.6776
2026-03-15 01:42:56 | INFO | [Epoch 023] total_loss=0.011968, Lr0=0.000087Lr1=0.000865, time=0.80s
2026-03-15 01:42:56 | INFO | Validation — loss=0.1835, acc=0.9294, f1=0.907, recall=0.8783, precision=0.9547
2026-03-15 01:42:57 | INFO | [Epoch 038] total_loss=0.001287, Lr0=0.000067Lr1=0.000670, time=0.66s
2026-03-15 01:42:57 | INFO | Validation — loss=1.0121, acc=0.6795, f1=0.6772, recall=0.7718, precision=0.7408
2026-03-15 01:42:57 | INFO | [Epoch 024] total_loss=0.012044, Lr0=0.000086Lr1=0.000854, time=0.76s
2026-03-15 01:42:58 | INFO | Validation — loss=0.1819, acc=0.9285, f1=0.9057, recall=0.8768, precision=0.9542
2026-03-15 01:42:59 | INFO | Validation — loss=1.3734, acc=0.6151, f1=0.6149, recall=0.7259, precision=0.7181
2026-03-15 01:42:59 | INFO | [Epoch 039] total_loss=0.001258, Lr0=0.000066Lr1=0.000655, time=0.65s
2026-03-15 01:42:59 | INFO | [Epoch 025] total_loss=0.004226, Lr0=0.000084Lr1=0.000842, time=0.78s
2026-03-15 01:43:00 | INFO | Validation — loss=0.2123, acc=0.9177, f1=0.89, recall=0.8583, precision=0.9481
2026-03-15 01:43:00 | INFO | Validation — loss=0.4768, acc=0.855, f1=0.8445, recall=0.8968, precision=0.8362
2026-03-15 01:43:01 | INFO | [Epoch 040] total_loss=0.002218, Lr0=0.000064Lr1=0.000640, time=0.60s
2026-03-15 01:43:01 | INFO | [Epoch 026] total_loss=0.005438, Lr0=0.000083Lr1=0.000831, time=0.80s
2026-03-15 01:43:02 | INFO | Validation — loss=0.2915, acc=0.8949, f1=0.8549, recall=0.8189, precision=0.9355
2026-03-15 01:43:02 | INFO | Validation — loss=0.6769, acc=0.8054, f1=0.7964, recall=0.8614, precision=0.8024
2026-03-15 01:43:02 | INFO | [Epoch 041] total_loss=0.001218, Lr0=0.000063Lr1=0.000625, time=0.66s
2026-03-15 01:43:03 | INFO | [Epoch 027] total_loss=0.004524, Lr0=0.000082Lr1=0.000819, time=0.77s
2026-03-15 01:43:04 | INFO | Validation — loss=0.2155, acc=0.9166, f1=0.8883, recall=0.8563, precision=0.9474
2026-03-15 01:43:04 | INFO | Early stopping at epoch 41. Best: 1.000000
2026-03-15 01:43:04 | INFO | Training complete.
2026-03-15 01:43:04 | INFO | Best checkpoint: ./save/cnn_overlap_new/subject_invariant_SWELLDataset/finetuned_best_10.pt
2026-03-15 01:43:04 | INFO | Validation — loss=0.7635, acc=0.7849, f1=0.7769, recall=0.8468, precision=0.7903
2026-03-15 01:43:05 | INFO | [Epoch 028] total_loss=0.004194, Lr0=0.000081Lr1=0.000807, time=0.74s
2026-03-15 01:43:06 | INFO | Validation — loss=1.1569, acc=0.6963, f1=0.6932, recall=0.7838, precision=0.7475
2026-03-15 01:43:06 | INFO | [Epoch 029] total_loss=0.002662, Lr0=0.000080Lr1=0.000794, time=0.74s
2026-03-15 01:43:07 | INFO | Validation — loss=0.7978, acc=0.7849, f1=0.7769, recall=0.8468, precision=0.7903
2026-03-15 01:43:08 | INFO | [Epoch 030] total_loss=0.002094, Lr0=0.000078Lr1=0.000781, time=0.74s
2026-03-15 01:43:09 | INFO | Validation — loss=0.7660, acc=0.7947, f1=0.7862, recall=0.8538, precision=0.7959
2026-03-15 01:43:10 | INFO | [Epoch 031] total_loss=0.002013, Lr0=0.000077Lr1=0.000768, time=0.75s
2026-03-15 01:43:11 | INFO | Validation — loss=0.7281, acc=0.8047, f1=0.7958, recall=0.8609, precision=0.8019
2026-03-15 01:43:12 | INFO | [Epoch 032] total_loss=0.003784, Lr0=0.000076Lr1=0.000755, time=0.73s
2026-03-15 01:43:13 | INFO | Validation — loss=1.0443, acc=0.7312, f1=0.7261, recall=0.8086, precision=0.7628
2026-03-15 01:43:13 | INFO | Early stopping at epoch 32. Best: 0.935000
2026-03-15 01:43:13 | INFO | Training complete.
2026-03-15 01:43:13 | INFO | Best checkpoint: ./save/cnn_overlap_new/subject_invariant_SWELLDataset/finetuned_best_11.pt
2026-03-15 01:43:16 | INFO | Model forward EncoderClassifierModel(
  (encoder): CNNEncoder(
    (cnn_layers): Sequential(
      (0): Conv1d(1, 32, kernel_size=(10,), stride=(1,))
      (1): BatchNorm1d(32, eps=1e-05, momentum=0.1, affine=True, track_running_stats=True)
      (2): ReLU()
      (3): MaxPool1d(kernel_size=2, stride=2, padding=0, dilation=1, ceil_mode=False)
      (4): Dropout(p=0.0, inplace=False)
      (5): Conv1d(32, 64, kernel_size=(10,), stride=(1,))
      (6): BatchNorm1d(64, eps=1e-05, momentum=0.1, affine=True, track_running_stats=True)
      (7): ReLU()
      (8): MaxPool1d(kernel_size=2, stride=2, padding=0, dilation=1, ceil_mode=False)
      (9): Dropout(p=0.0, inplace=False)
      (10): Conv1d(64, 128, kernel_size=(10,), stride=(1,))
      (11): BatchNorm1d(128, eps=1e-05, momentum=0.1, affine=True, track_running_stats=True)
      (12): ReLU()
      (13): MaxPool1d(kernel_size=2, stride=2, padding=0, dilation=1, ceil_mode=False)
      (14): Dropout(p=0.0, inplace=False)
      (15): Conv1d(128, 256, kernel_size=(10,), stride=(1,))
      (16): BatchNorm1d(256, eps=1e-05, momentum=0.1, affine=True, track_running_stats=True)
      (17): ReLU()
      (18): MaxPool1d(kernel_size=2, stride=2, padding=0, dilation=1, ceil_mode=False)
      (19): Dropout(p=0.0, inplace=False)
    )
    (linear_layer): Sequential(
      (0): Linear(in_features=18176, out_features=64, bias=True)
      (1): ReLU()
    )
  )
  (classifier): Linear(in_features=64, out_features=1, bias=True)
  (loss_fn): BCEWithLogitsLoss()
)
2026-03-15 01:43:17 | INFO | [Epoch 000] total_loss=0.641729, Lr0=0.000100Lr1=0.001000, time=0.61s
2026-03-15 01:43:18 | INFO | Validation — loss=0.6189, acc=0.7023, f1=0.4125, recall=0.5, precision=0.3511
2026-03-15 01:43:18 | INFO | Best model logged 0.4125
2026-03-15 01:43:19 | INFO | [Epoch 001] total_loss=0.519914, Lr0=0.000100Lr1=0.000999, time=0.58s
2026-03-15 01:43:20 | INFO | Validation — loss=0.7041, acc=0.7023, f1=0.4125, recall=0.5, precision=0.3511
2026-03-15 01:43:21 | INFO | [Epoch 002] total_loss=0.360170, Lr0=0.000100Lr1=0.000998, time=0.61s
2026-03-15 01:43:22 | INFO | Validation — loss=1.2806, acc=0.7023, f1=0.4125, recall=0.5, precision=0.3511
2026-03-15 01:43:23 | INFO | [Epoch 003] total_loss=0.243609, Lr0=0.000100Lr1=0.000996, time=0.61s
2026-03-15 01:43:24 | INFO | Validation — loss=0.9915, acc=0.7023, f1=0.4125, recall=0.5, precision=0.3511
2026-03-15 01:43:25 | INFO | [Epoch 004] total_loss=0.187927, Lr0=0.000099Lr1=0.000994, time=0.61s
2026-03-15 01:43:25 | INFO | Model forward EncoderClassifierModel(
  (encoder): CNNEncoder(
    (cnn_layers): Sequential(
      (0): Conv1d(1, 32, kernel_size=(10,), stride=(1,))
      (1): BatchNorm1d(32, eps=1e-05, momentum=0.1, affine=True, track_running_stats=True)
      (2): ReLU()
      (3): MaxPool1d(kernel_size=2, stride=2, padding=0, dilation=1, ceil_mode=False)
      (4): Dropout(p=0.0, inplace=False)
      (5): Conv1d(32, 64, kernel_size=(10,), stride=(1,))
      (6): BatchNorm1d(64, eps=1e-05, momentum=0.1, affine=True, track_running_stats=True)
      (7): ReLU()
      (8): MaxPool1d(kernel_size=2, stride=2, padding=0, dilation=1, ceil_mode=False)
      (9): Dropout(p=0.0, inplace=False)
      (10): Conv1d(64, 128, kernel_size=(10,), stride=(1,))
      (11): BatchNorm1d(128, eps=1e-05, momentum=0.1, affine=True, track_running_stats=True)
      (12): ReLU()
      (13): MaxPool1d(kernel_size=2, stride=2, padding=0, dilation=1, ceil_mode=False)
      (14): Dropout(p=0.0, inplace=False)
      (15): Conv1d(128, 256, kernel_size=(10,), stride=(1,))
      (16): BatchNorm1d(256, eps=1e-05, momentum=0.1, affine=True, track_running_stats=True)
      (17): ReLU()
      (18): MaxPool1d(kernel_size=2, stride=2, padding=0, dilation=1, ceil_mode=False)
      (19): Dropout(p=0.0, inplace=False)
    )
    (linear_layer): Sequential(
      (0): Linear(in_features=18176, out_features=64, bias=True)
      (1): ReLU()
    )
  )
  (classifier): Linear(in_features=64, out_features=1, bias=True)
  (loss_fn): BCEWithLogitsLoss()
)
2026-03-15 01:43:26 | INFO | Validation — loss=2.1704, acc=0.7023, f1=0.4125, recall=0.5, precision=0.3511
2026-03-15 01:43:26 | INFO | [Epoch 000] total_loss=0.648052, Lr0=0.000100Lr1=0.001000, time=0.76s
2026-03-15 01:43:27 | INFO | [Epoch 005] total_loss=0.143228, Lr0=0.000099Lr1=0.000991, time=0.61s
2026-03-15 01:43:27 | INFO | Validation — loss=0.6500, acc=0.7095, f1=0.415, recall=0.5, precision=0.3547
2026-03-15 01:43:27 | INFO | Best model logged 0.415
2026-03-15 01:43:28 | INFO | Validation — loss=2.6350, acc=0.7023, f1=0.4125, recall=0.5, precision=0.3511
2026-03-15 01:43:28 | INFO | [Epoch 001] total_loss=0.541983, Lr0=0.000100Lr1=0.000999, time=0.75s
2026-03-15 01:43:29 | INFO | [Epoch 006] total_loss=0.128196, Lr0=0.000099Lr1=0.000988, time=0.65s
2026-03-15 01:43:29 | INFO | Validation — loss=0.6234, acc=0.7095, f1=0.415, recall=0.5, precision=0.3547
2026-03-15 01:43:30 | INFO | [Epoch 002] total_loss=0.384125, Lr0=0.000100Lr1=0.000998, time=0.73s
2026-03-15 01:43:30 | INFO | Validation — loss=3.2773, acc=0.7023, f1=0.4125, recall=0.5, precision=0.3511
2026-03-15 01:43:31 | INFO | [Epoch 007] total_loss=0.105967, Lr0=0.000098Lr1=0.000984, time=0.60s
2026-03-15 01:43:31 | INFO | Validation — loss=1.0391, acc=0.7095, f1=0.415, recall=0.5, precision=0.3547
2026-03-15 01:43:32 | INFO | [Epoch 003] total_loss=0.238211, Lr0=0.000100Lr1=0.000996, time=0.83s
2026-03-15 01:43:32 | INFO | Validation — loss=3.5951, acc=0.7023, f1=0.4125, recall=0.5, precision=0.3511
2026-03-15 01:43:33 | INFO | [Epoch 008] total_loss=0.092292, Lr0=0.000098Lr1=0.000980, time=0.63s
2026-03-15 01:43:33 | INFO | Validation — loss=2.0148, acc=0.7095, f1=0.415, recall=0.5, precision=0.3547
2026-03-15 01:43:34 | INFO | [Epoch 004] total_loss=0.202398, Lr0=0.000099Lr1=0.000994, time=0.82s
2026-03-15 01:43:34 | INFO | Validation — loss=0.8889, acc=0.7023, f1=0.4125, recall=0.5, precision=0.3511
2026-03-15 01:43:35 | INFO | [Epoch 009] total_loss=0.046506, Lr0=0.000098Lr1=0.000976, time=0.60s
2026-03-15 01:43:35 | INFO | Validation — loss=4.0668, acc=0.7095, f1=0.415, recall=0.5, precision=0.3547
2026-03-15 01:43:36 | INFO | [Epoch 005] total_loss=0.187051, Lr0=0.000099Lr1=0.000991, time=0.82s
2026-03-15 01:43:36 | INFO | Validation — loss=0.1535, acc=0.9288, f1=0.9079, recall=0.8804, precision=0.9539
2026-03-15 01:43:36 | INFO | Best model logged 0.9079
2026-03-15 01:43:37 | INFO | Validation — loss=2.6724, acc=0.7095, f1=0.415, recall=0.5, precision=0.3547
2026-03-15 01:43:37 | INFO | [Epoch 010] total_loss=0.053237, Lr0=0.000097Lr1=0.000970, time=0.61s
2026-03-15 01:43:38 | INFO | [Epoch 006] total_loss=0.129450, Lr0=0.000099Lr1=0.000988, time=0.79s
2026-03-15 01:43:38 | INFO | Validation — loss=0.1558, acc=0.9397, f1=0.9313, recall=0.9546, precision=0.9162
2026-03-15 01:43:38 | INFO | Best model logged 0.9313
2026-03-15 01:43:39 | INFO | Validation — loss=2.5353, acc=0.7095, f1=0.415, recall=0.5, precision=0.3547
2026-03-15 01:43:39 | INFO | [Epoch 011] total_loss=0.028923, Lr0=0.000097Lr1=0.000965, time=0.62s
2026-03-15 01:43:39 | INFO | [Epoch 007] total_loss=0.079528, Lr0=0.000098Lr1=0.000984, time=0.85s
2026-03-15 01:43:40 | INFO | Validation — loss=2.0414, acc=0.3758, f1=0.3442, recall=0.5556, precision=0.6615
2026-03-15 01:43:41 | INFO | Validation — loss=2.9928, acc=0.7095, f1=0.415, recall=0.5, precision=0.3547
2026-03-15 01:43:41 | INFO | [Epoch 012] total_loss=0.022437, Lr0=0.000096Lr1=0.000959, time=0.64s
2026-03-15 01:43:41 | INFO | [Epoch 008] total_loss=0.076999, Lr0=0.000098Lr1=0.000980, time=0.79s
2026-03-15 01:43:42 | INFO | Validation — loss=0.4932, acc=0.8145, f1=0.8051, recall=0.8679, precision=0.8081
2026-03-15 01:43:42 | INFO | Validation — loss=1.6488, acc=0.7095, f1=0.415, recall=0.5, precision=0.3547
2026-03-15 01:43:43 | INFO | [Epoch 013] total_loss=0.024718, Lr0=0.000095Lr1=0.000952, time=0.68s
2026-03-15 01:43:43 | INFO | [Epoch 009] total_loss=0.060981, Lr0=0.000098Lr1=0.000976, time=0.85s
2026-03-15 01:43:44 | INFO | Validation — loss=0.5111, acc=0.8086, f1=0.695, recall=0.6706, precision=0.8938
2026-03-15 01:43:44 | INFO | Best model logged 0.695
2026-03-15 01:43:44 | INFO | Validation — loss=0.2156, acc=0.919, f1=0.9089, recall=0.9377, precision=0.8929
2026-03-15 01:43:45 | INFO | [Epoch 014] total_loss=0.025574, Lr0=0.000095Lr1=0.000946, time=0.63s
2026-03-15 01:43:46 | INFO | [Epoch 010] total_loss=0.047014, Lr0=0.000097Lr1=0.000970, time=0.86s
2026-03-15 01:43:46 | INFO | Validation — loss=0.3110, acc=0.8946, f1=0.8837, recall=0.9214, precision=0.8685
2026-03-15 01:43:47 | INFO | Validation — loss=0.4005, acc=0.8529, f1=0.7835, recall=0.7468, precision=0.9141
2026-03-15 01:43:47 | INFO | Best model logged 0.7835
2026-03-15 01:43:47 | INFO | [Epoch 015] total_loss=0.027403, Lr0=0.000094Lr1=0.000938, time=0.61s
2026-03-15 01:43:47 | INFO | [Epoch 011] total_loss=0.032275, Lr0=0.000097Lr1=0.000965, time=0.76s
2026-03-15 01:43:48 | INFO | Validation — loss=0.2618, acc=0.9135, f1=0.903, recall=0.9329, precision=0.8871
2026-03-15 01:43:49 | INFO | Validation — loss=0.1815, acc=0.9228, f1=0.9103, recall=0.9299, precision=0.8966
2026-03-15 01:43:49 | INFO | Best model logged 0.9103
2026-03-15 01:43:49 | INFO | [Epoch 016] total_loss=0.065275, Lr0=0.000093Lr1=0.000930, time=0.59s
2026-03-15 01:43:50 | INFO | [Epoch 012] total_loss=0.035200, Lr0=0.000096Lr1=0.000959, time=0.78s
2026-03-15 01:43:50 | INFO | Validation — loss=1.2634, acc=0.6768, f1=0.6746, recall=0.7699, precision=0.7397
2026-03-15 01:43:51 | INFO | Validation — loss=0.0932, acc=0.958, f1=0.9493, recall=0.9512, precision=0.9475
2026-03-15 01:43:51 | INFO | Best model logged 0.9493
2026-03-15 01:43:51 | INFO | [Epoch 017] total_loss=0.034579, Lr0=0.000092Lr1=0.000922, time=0.61s
2026-03-15 01:43:52 | INFO | [Epoch 013] total_loss=0.030723, Lr0=0.000095Lr1=0.000952, time=0.77s
2026-03-15 01:43:52 | INFO | Validation — loss=1.2862, acc=0.6513, f1=0.6502, recall=0.7517, precision=0.7303
2026-03-15 01:43:53 | INFO | Validation — loss=0.1252, acc=0.9596, f1=0.9489, recall=0.9308, precision=0.9728
2026-03-15 01:43:53 | INFO | [Epoch 018] total_loss=0.017550, Lr0=0.000091Lr1=0.000914, time=0.65s
2026-03-15 01:43:54 | INFO | [Epoch 014] total_loss=0.037919, Lr0=0.000095Lr1=0.000946, time=0.77s
2026-03-15 01:43:54 | INFO | Validation — loss=0.2590, acc=0.9069, f1=0.8949, recall=0.9209, precision=0.88
2026-03-15 01:43:55 | INFO | Validation — loss=0.1496, acc=0.9428, f1=0.9332, recall=0.951, precision=0.9201
2026-03-15 01:43:55 | INFO | [Epoch 019] total_loss=0.012460, Lr0=0.000091Lr1=0.000905, time=0.65s
2026-03-15 01:43:55 | INFO | [Epoch 015] total_loss=0.040984, Lr0=0.000094Lr1=0.000938, time=0.75s
2026-03-15 01:43:56 | INFO | Validation — loss=0.5497, acc=0.8347, f1=0.8247, recall=0.8821, precision=0.8214
2026-03-15 01:43:56 | INFO | Validation — loss=0.1101, acc=0.9573, f1=0.9482, recall=0.9474, precision=0.9489
2026-03-15 01:43:57 | INFO | [Epoch 020] total_loss=0.040614, Lr0=0.000090Lr1=0.000895, time=0.65s
2026-03-15 01:43:57 | INFO | [Epoch 016] total_loss=0.021746, Lr0=0.000093Lr1=0.000930, time=0.80s
2026-03-15 01:43:58 | INFO | Validation — loss=3.4792, acc=0.3191, f1=0.2628, recall=0.5152, precision=0.6521
2026-03-15 01:43:58 | INFO | Validation — loss=0.2611, acc=0.8912, f1=0.8792, recall=0.9207, precision=0.8631
2026-03-15 01:43:59 | INFO | [Epoch 021] total_loss=0.039373, Lr0=0.000089Lr1=0.000885, time=0.66s
2026-03-15 01:43:59 | INFO | [Epoch 017] total_loss=0.011728, Lr0=0.000092Lr1=0.000922, time=0.79s
2026-03-15 01:44:00 | INFO | Validation — loss=0.3299, acc=0.869, f1=0.8563, recall=0.903, precision=0.8428
2026-03-15 01:44:00 | INFO | Validation — loss=0.6721, acc=0.7992, f1=0.7905, recall=0.8571, precision=0.7986
2026-03-15 01:44:01 | INFO | [Epoch 022] total_loss=0.024425, Lr0=0.000088Lr1=0.000875, time=0.60s
2026-03-15 01:44:01 | INFO | [Epoch 018] total_loss=0.018485, Lr0=0.000091Lr1=0.000914, time=0.81s
2026-03-15 01:44:02 | INFO | Validation — loss=0.1358, acc=0.9354, f1=0.9231, recall=0.9313, precision=0.916
2026-03-15 01:44:02 | INFO | Validation — loss=4.1437, acc=0.3003, f1=0.2334, recall=0.5018, precision=0.6492
2026-03-15 01:44:03 | INFO | [Epoch 019] total_loss=0.017067, Lr0=0.000091Lr1=0.000905, time=0.74s
2026-03-15 01:44:03 | INFO | [Epoch 023] total_loss=0.013827, Lr0=0.000087Lr1=0.000865, time=0.63s
2026-03-15 01:44:04 | INFO | Validation — loss=0.3314, acc=0.873, f1=0.8605, recall=0.9067, precision=0.8465
2026-03-15 01:44:04 | INFO | Validation — loss=1.5149, acc=0.562, f1=0.5615, recall=0.6882, precision=0.7024
2026-03-15 01:44:04 | INFO | [Epoch 020] total_loss=0.008420, Lr0=0.000090Lr1=0.000895, time=0.74s
2026-03-15 01:44:05 | INFO | [Epoch 024] total_loss=0.011829, Lr0=0.000086Lr1=0.000854, time=0.60s
2026-03-15 01:44:05 | INFO | Validation — loss=0.2357, acc=0.9002, f1=0.8875, recall=0.9212, precision=0.8709
2026-03-15 01:44:06 | INFO | [Epoch 021] total_loss=0.017468, Lr0=0.000089Lr1=0.000885, time=0.74s
2026-03-15 01:44:06 | INFO | Validation — loss=2.5319, acc=0.4063, f1=0.3843, recall=0.5773, precision=0.667
2026-03-15 01:44:07 | INFO | [Epoch 025] total_loss=0.005118, Lr0=0.000084Lr1=0.000842, time=0.60s
2026-03-15 01:44:07 | INFO | Validation — loss=0.1789, acc=0.9269, f1=0.9164, recall=0.9438, precision=0.8998
2026-03-15 01:44:08 | INFO | [Epoch 022] total_loss=0.014082, Lr0=0.000088Lr1=0.000875, time=0.75s
2026-03-15 01:44:08 | INFO | Validation — loss=1.1153, acc=0.6838, f1=0.6813, recall=0.7749, precision=0.7425
2026-03-15 01:44:09 | INFO | Validation — loss=0.1141, acc=0.9608, f1=0.9506, recall=0.9342, precision=0.9716
2026-03-15 01:44:09 | INFO | Best model logged 0.9506
2026-03-15 01:44:09 | INFO | [Epoch 026] total_loss=0.005046, Lr0=0.000083Lr1=0.000831, time=0.67s
2026-03-15 01:44:10 | INFO | [Epoch 023] total_loss=0.008261, Lr0=0.000087Lr1=0.000865, time=0.72s
2026-03-15 01:44:11 | INFO | Validation — loss=1.0615, acc=0.7145, f1=0.7104, recall=0.7968, precision=0.7553
2026-03-15 01:44:11 | INFO | Validation — loss=0.0877, acc=0.9633, f1=0.956, recall=0.9603, precision=0.9519
2026-03-15 01:44:11 | INFO | Best model logged 0.956
2026-03-15 01:44:11 | INFO | [Epoch 027] total_loss=0.003807, Lr0=0.000082Lr1=0.000819, time=0.71s
2026-03-15 01:44:12 | INFO | [Epoch 024] total_loss=0.006200, Lr0=0.000086Lr1=0.000854, time=0.78s
2026-03-15 01:44:13 | INFO | Validation — loss=0.8919, acc=0.7544, f1=0.748, recall=0.8251, precision=0.774
2026-03-15 01:44:13 | INFO | Validation — loss=0.3151, acc=0.8932, f1=0.881, recall=0.9205, precision=0.8647
2026-03-15 01:44:13 | INFO | [Epoch 028] total_loss=0.004514, Lr0=0.000081Lr1=0.000807, time=0.68s
2026-03-15 01:44:14 | INFO | [Epoch 025] total_loss=0.005360, Lr0=0.000084Lr1=0.000842, time=0.79s
2026-03-15 01:44:15 | INFO | Validation — loss=0.2012, acc=0.9246, f1=0.9141, recall=0.9438, precision=0.8971
2026-03-15 01:44:15 | INFO | Validation — loss=1.1211, acc=0.7075, f1=0.7038, recall=0.7917, precision=0.7522
2026-03-15 01:44:15 | INFO | [Epoch 029] total_loss=0.003000, Lr0=0.000080Lr1=0.000794, time=0.60s
2026-03-15 01:44:15 | INFO | [Epoch 026] total_loss=0.011219, Lr0=0.000083Lr1=0.000831, time=0.75s
2026-03-15 01:44:17 | INFO | Validation — loss=0.1988, acc=0.92, f1=0.9086, recall=0.9363, precision=0.8922
2026-03-15 01:44:17 | INFO | Validation — loss=1.0014, acc=0.7378, f1=0.7323, recall=0.8133, precision=0.7659
2026-03-15 01:44:17 | INFO | [Epoch 030] total_loss=0.001977, Lr0=0.000078Lr1=0.000781, time=0.64s
2026-03-15 01:44:17 | INFO | [Epoch 027] total_loss=0.005494, Lr0=0.000082Lr1=0.000819, time=0.78s
2026-03-15 01:44:18 | INFO | Validation — loss=0.3884, acc=0.8755, f1=0.862, recall=0.9029, precision=0.847
2026-03-15 01:44:19 | INFO | Validation — loss=1.1451, acc=0.7152, f1=0.7111, recall=0.7972, precision=0.7556
2026-03-15 01:44:19 | INFO | Early stopping at epoch 30. Best: 0.931300
2026-03-15 01:44:19 | INFO | Training complete.
2026-03-15 01:44:19 | INFO | Best checkpoint: ./save/cnn_overlap_new/subject_invariant_SWELLDataset/finetuned_best_11.pt
2026-03-15 01:44:19 | INFO | [Epoch 028] total_loss=0.004850, Lr0=0.000081Lr1=0.000807, time=0.78s
2026-03-15 01:44:20 | INFO | Validation — loss=0.2003, acc=0.9251, f1=0.9123, recall=0.9284, precision=0.9003
2026-03-15 01:44:21 | INFO | [Epoch 029] total_loss=0.004301, Lr0=0.000080Lr1=0.000794, time=0.71s
2026-03-15 01:44:22 | INFO | Validation — loss=0.3892, acc=0.8743, f1=0.8609, recall=0.9028, precision=0.8462
2026-03-15 01:44:23 | INFO | [Epoch 030] total_loss=0.002615, Lr0=0.000078Lr1=0.000781, time=0.73s
2026-03-15 01:44:23 | INFO | Validation — loss=0.2703, acc=0.9025, f1=0.8897, recall=0.9219, precision=0.8732
2026-03-15 01:44:24 | INFO | [Epoch 031] total_loss=0.002720, Lr0=0.000077Lr1=0.000768, time=0.76s
2026-03-15 01:44:25 | INFO | Validation — loss=0.3983, acc=0.8764, f1=0.8636, recall=0.907, precision=0.8488
2026-03-15 01:44:26 | INFO | [Epoch 032] total_loss=0.014705, Lr0=0.000076Lr1=0.000755, time=0.73s
2026-03-15 01:44:27 | INFO | Validation — loss=1.9585, acc=0.5499, f1=0.5495, recall=0.6828, precision=0.6961
2026-03-15 01:44:28 | INFO | [Epoch 033] total_loss=0.084201, Lr0=0.000074Lr1=0.000741, time=0.76s
2026-03-15 01:44:29 | INFO | Validation — loss=0.2478, acc=0.9048, f1=0.892, recall=0.9223, precision=0.8756
2026-03-15 01:44:29 | INFO | [Epoch 034] total_loss=0.029633, Lr0=0.000073Lr1=0.000727, time=0.74s
2026-03-15 01:44:30 | INFO | Validation — loss=0.0529, acc=0.9767, f1=0.9723, recall=0.9815, precision=0.9642
2026-03-15 01:44:30 | INFO | Best model logged 0.9723
2026-03-15 01:44:31 | INFO | Model forward EncoderClassifierModel(
  (encoder): CNNEncoder(
    (cnn_layers): Sequential(
      (0): Conv1d(1, 32, kernel_size=(10,), stride=(1,))
      (1): BatchNorm1d(32, eps=1e-05, momentum=0.1, affine=True, track_running_stats=True)
      (2): ReLU()
      (3): MaxPool1d(kernel_size=2, stride=2, padding=0, dilation=1, ceil_mode=False)
      (4): Dropout(p=0.0, inplace=False)
      (5): Conv1d(32, 64, kernel_size=(10,), stride=(1,))
      (6): BatchNorm1d(64, eps=1e-05, momentum=0.1, affine=True, track_running_stats=True)
      (7): ReLU()
      (8): MaxPool1d(kernel_size=2, stride=2, padding=0, dilation=1, ceil_mode=False)
      (9): Dropout(p=0.0, inplace=False)
      (10): Conv1d(64, 128, kernel_size=(10,), stride=(1,))
      (11): BatchNorm1d(128, eps=1e-05, momentum=0.1, affine=True, track_running_stats=True)
      (12): ReLU()
      (13): MaxPool1d(kernel_size=2, stride=2, padding=0, dilation=1, ceil_mode=False)
      (14): Dropout(p=0.0, inplace=False)
      (15): Conv1d(128, 256, kernel_size=(10,), stride=(1,))
      (16): BatchNorm1d(256, eps=1e-05, momentum=0.1, affine=True, track_running_stats=True)
      (17): ReLU()
      (18): MaxPool1d(kernel_size=2, stride=2, padding=0, dilation=1, ceil_mode=False)
      (19): Dropout(p=0.0, inplace=False)
    )
    (linear_layer): Sequential(
      (0): Linear(in_features=18176, out_features=64, bias=True)
      (1): ReLU()
    )
  )
  (classifier): Linear(in_features=64, out_features=1, bias=True)
  (loss_fn): BCEWithLogitsLoss()
)
2026-03-15 01:44:31 | INFO | [Epoch 035] total_loss=0.024715, Lr0=0.000072Lr1=0.000713, time=0.77s
2026-03-15 01:44:32 | INFO | [Epoch 000] total_loss=0.648052, Lr0=0.000100Lr1=0.001000, time=0.63s
2026-03-15 01:44:32 | INFO | Validation — loss=0.3431, acc=0.8783, f1=0.8665, recall=0.9142, precision=0.8523
2026-03-15 01:44:33 | INFO | [Epoch 036] total_loss=0.015344, Lr0=0.000070Lr1=0.000699, time=0.79s
2026-03-15 01:44:33 | INFO | Validation — loss=0.6412, acc=0.7095, f1=0.415, recall=0.5, precision=0.3547
2026-03-15 01:44:33 | INFO | Best model logged 0.415
2026-03-15 01:44:34 | INFO | [Epoch 001] total_loss=0.541971, Lr0=0.000100Lr1=0.000999, time=0.63s
2026-03-15 01:44:34 | INFO | Validation — loss=0.2946, acc=0.8962, f1=0.8838, recall=0.921, precision=0.8673
2026-03-15 01:44:35 | INFO | [Epoch 037] total_loss=0.019317, Lr0=0.000069Lr1=0.000684, time=0.80s
2026-03-15 01:44:35 | INFO | Validation — loss=0.6099, acc=0.7095, f1=0.415, recall=0.5, precision=0.3547
2026-03-15 01:44:36 | INFO | [Epoch 002] total_loss=0.384101, Lr0=0.000100Lr1=0.000998, time=0.62s
2026-03-15 01:44:36 | INFO | Validation — loss=0.1075, acc=0.9594, f1=0.9497, recall=0.9407, precision=0.9601
2026-03-15 01:44:37 | INFO | [Epoch 038] total_loss=0.015292, Lr0=0.000067Lr1=0.000670, time=0.76s
2026-03-15 01:44:37 | INFO | Validation — loss=1.7560, acc=0.7095, f1=0.415, recall=0.5, precision=0.3547
2026-03-15 01:44:38 | INFO | Validation — loss=0.0783, acc=0.9652, f1=0.9577, recall=0.957, precision=0.9585
2026-03-15 01:44:38 | INFO | [Epoch 003] total_loss=0.237949, Lr0=0.000100Lr1=0.000996, time=0.65s
2026-03-15 01:44:39 | INFO | [Epoch 039] total_loss=0.007589, Lr0=0.000066Lr1=0.000655, time=0.78s
2026-03-15 01:44:39 | INFO | Validation — loss=1.9491, acc=0.7095, f1=0.415, recall=0.5, precision=0.3547
2026-03-15 01:44:40 | INFO | Validation — loss=0.1107, acc=0.9465, f1=0.9365, recall=0.9459, precision=0.9284
2026-03-15 01:44:40 | INFO | [Epoch 004] total_loss=0.199120, Lr0=0.000099Lr1=0.000994, time=0.76s
2026-03-15 01:44:40 | INFO | [Epoch 040] total_loss=0.009935, Lr0=0.000064Lr1=0.000640, time=0.77s
2026-03-15 01:44:41 | INFO | Validation — loss=0.7190, acc=0.7946, f1=0.7844, recall=0.8536, precision=0.7916
2026-03-15 01:44:41 | INFO | Validation — loss=4.2548, acc=0.7095, f1=0.415, recall=0.5, precision=0.3547
2026-03-15 01:44:42 | INFO | [Epoch 041] total_loss=0.004907, Lr0=0.000063Lr1=0.000625, time=0.77s
2026-03-15 01:44:42 | INFO | [Epoch 005] total_loss=0.193530, Lr0=0.000099Lr1=0.000991, time=0.71s
2026-03-15 01:44:43 | INFO | Validation — loss=0.3183, acc=0.8981, f1=0.8862, recall=0.9251, precision=0.8696
2026-03-15 01:44:44 | INFO | Validation — loss=4.9725, acc=0.7095, f1=0.415, recall=0.5, precision=0.3547
2026-03-15 01:44:44 | INFO | [Epoch 042] total_loss=0.003149, Lr0=0.000061Lr1=0.000609, time=0.81s
2026-03-15 01:44:44 | INFO | [Epoch 006] total_loss=0.139658, Lr0=0.000099Lr1=0.000988, time=0.78s
2026-03-15 01:44:45 | INFO | Validation — loss=0.1761, acc=0.9278, f1=0.9171, recall=0.9423, precision=0.9011
2026-03-15 01:44:46 | INFO | [Epoch 043] total_loss=0.002203, Lr0=0.000060Lr1=0.000594, time=0.80s
2026-03-15 01:44:46 | INFO | Validation — loss=5.6093, acc=0.7095, f1=0.415, recall=0.5, precision=0.3547
2026-03-15 01:44:46 | INFO | [Epoch 007] total_loss=0.094162, Lr0=0.000098Lr1=0.000984, time=0.68s
2026-03-15 01:44:47 | INFO | Validation — loss=0.1515, acc=0.9364, f1=0.926, recall=0.9455, precision=0.9121
2026-03-15 01:44:48 | INFO | [Epoch 044] total_loss=0.001894, Lr0=0.000058Lr1=0.000579, time=0.75s
2026-03-15 01:44:48 | INFO | Validation — loss=5.7237, acc=0.7095, f1=0.415, recall=0.5, precision=0.3547
2026-03-15 01:44:48 | INFO | [Epoch 008] total_loss=0.082247, Lr0=0.000098Lr1=0.000980, time=0.65s
2026-03-15 01:44:49 | INFO | Validation — loss=0.2091, acc=0.9177, f1=0.9061, recall=0.9347, precision=0.8896
2026-03-15 01:44:49 | INFO | [Epoch 045] total_loss=0.004853, Lr0=0.000057Lr1=0.000563, time=0.77s
2026-03-15 01:44:50 | INFO | Validation — loss=1.2475, acc=0.7148, f1=0.4342, recall=0.5091, precision=0.8566
2026-03-15 01:44:50 | INFO | Best model logged 0.4342
2026-03-15 01:44:50 | INFO | Validation — loss=0.5389, acc=0.8506, f1=0.8385, recall=0.8926, precision=0.8291
2026-03-15 01:44:51 | INFO | [Epoch 009] total_loss=0.066385, Lr0=0.000098Lr1=0.000976, time=0.60s
2026-03-15 01:44:51 | INFO | [Epoch 046] total_loss=0.005902, Lr0=0.000055Lr1=0.000548, time=0.75s
2026-03-15 01:44:52 | INFO | Validation — loss=0.3731, acc=0.8476, f1=0.7737, recall=0.7377, precision=0.9116
2026-03-15 01:44:52 | INFO | Best model logged 0.7737
2026-03-15 01:44:52 | INFO | Validation — loss=0.7029, acc=0.8114, f1=0.8005, recall=0.8652, precision=0.8018
2026-03-15 01:44:53 | INFO | [Epoch 010] total_loss=0.035918, Lr0=0.000097Lr1=0.000970, time=0.62s
2026-03-15 01:44:53 | INFO | [Epoch 047] total_loss=0.002435, Lr0=0.000054Lr1=0.000532, time=0.82s
2026-03-15 01:44:54 | INFO | Validation — loss=0.6092, acc=0.8289, f1=0.817, recall=0.8759, precision=0.8125
2026-03-15 01:44:54 | INFO | Validation — loss=0.4350, acc=0.8478, f1=0.7742, recall=0.7381, precision=0.9117
2026-03-15 01:44:54 | INFO | Best model logged 0.7742
2026-03-15 01:44:55 | INFO | [Epoch 048] total_loss=0.002074, Lr0=0.000052Lr1=0.000516, time=0.73s
2026-03-15 01:44:55 | INFO | [Epoch 011] total_loss=0.036135, Lr0=0.000097Lr1=0.000965, time=0.77s
2026-03-15 01:44:56 | INFO | Validation — loss=0.2694, acc=0.9052, f1=0.8926, recall=0.9238, precision=0.8761
2026-03-15 01:44:57 | INFO | [Epoch 049] total_loss=0.001251, Lr0=0.000051Lr1=0.000501, time=0.75s
2026-03-15 01:44:57 | INFO | Validation — loss=0.1258, acc=0.949, f1=0.9369, recall=0.9282, precision=0.9469
2026-03-15 01:44:57 | INFO | Best model logged 0.9369
2026-03-15 01:44:58 | INFO | Validation — loss=0.2071, acc=0.9184, f1=0.9065, recall=0.9326, precision=0.8906
2026-03-15 01:44:58 | INFO | [Epoch 012] total_loss=0.039877, Lr0=0.000096Lr1=0.000959, time=0.67s
2026-03-15 01:44:58 | INFO | [Epoch 050] total_loss=0.000970, Lr0=0.000049Lr1=0.000485, time=0.80s
2026-03-15 01:44:59 | INFO | Validation — loss=0.2940, acc=0.869, f1=0.8562, recall=0.9023, precision=0.8426
2026-03-15 01:45:00 | INFO | Validation — loss=0.2197, acc=0.917, f1=0.9051, recall=0.9326, precision=0.8889
2026-03-15 01:45:00 | INFO | [Epoch 013] total_loss=0.040620, Lr0=0.000095Lr1=0.000952, time=0.64s
2026-03-15 01:45:00 | INFO | [Epoch 051] total_loss=0.003711, Lr0=0.000047Lr1=0.000469, time=0.81s
2026-03-15 01:45:01 | INFO | Validation — loss=0.2532, acc=0.9115, f1=0.8807, recall=0.8476, precision=0.9445
2026-03-15 01:45:01 | INFO | Validation — loss=0.3734, acc=0.8896, f1=0.8772, recall=0.9175, precision=0.8611
2026-03-15 01:45:02 | INFO | [Epoch 014] total_loss=0.035511, Lr0=0.000095Lr1=0.000946, time=0.64s
2026-03-15 01:45:02 | INFO | [Epoch 052] total_loss=0.001642, Lr0=0.000046Lr1=0.000453, time=0.79s
2026-03-15 01:45:03 | INFO | Validation — loss=1.1534, acc=0.6101, f1=0.6098, recall=0.7252, precision=0.7135
2026-03-15 01:45:03 | INFO | Validation — loss=0.4809, acc=0.8628, f1=0.8502, recall=0.8993, precision=0.8379
2026-03-15 01:45:04 | INFO | [Epoch 015] total_loss=0.036489, Lr0=0.000094Lr1=0.000938, time=0.67s
2026-03-15 01:45:04 | INFO | [Epoch 053] total_loss=0.001459, Lr0=0.000044Lr1=0.000438, time=0.78s
2026-03-15 01:45:05 | INFO | Validation — loss=0.4302, acc=0.8755, f1=0.8627, recall=0.9066, precision=0.8481
2026-03-15 01:45:05 | INFO | Validation — loss=2.8719, acc=0.2993, f1=0.2389, recall=0.5062, precision=0.6465
2026-03-15 01:45:06 | INFO | [Epoch 054] total_loss=0.000940, Lr0=0.000043Lr1=0.000422, time=0.75s
2026-03-15 01:45:06 | INFO | [Epoch 016] total_loss=0.021864, Lr0=0.000093Lr1=0.000930, time=0.62s
2026-03-15 01:45:07 | INFO | Validation — loss=0.3066, acc=0.8999, f1=0.8873, recall=0.9213, precision=0.8707
2026-03-15 01:45:07 | INFO | Early stopping at epoch 54. Best: 0.972300
2026-03-15 01:45:07 | INFO | Training complete.
2026-03-15 01:45:07 | INFO | Best checkpoint: ./save/cnn_overlap_new/subject_invariant_SWELLDataset/finetuned_best_12.pt
2026-03-15 01:45:07 | INFO | Validation — loss=1.0870, acc=0.638, f1=0.6368, recall=0.7449, precision=0.7226
2026-03-15 01:45:08 | INFO | [Epoch 017] total_loss=0.010833, Lr0=0.000092Lr1=0.000922, time=0.67s
2026-03-15 01:45:09 | INFO | Validation — loss=1.2954, acc=0.6196, f1=0.619, recall=0.7319, precision=0.7165
2026-03-15 01:45:10 | INFO | [Epoch 018] total_loss=0.017859, Lr0=0.000091Lr1=0.000914, time=0.64s
2026-03-15 01:45:11 | INFO | Validation — loss=0.1311, acc=0.9341, f1=0.9229, recall=0.9397, precision=0.9104
2026-03-15 01:45:12 | INFO | [Epoch 019] total_loss=0.019476, Lr0=0.000091Lr1=0.000905, time=0.63s
2026-03-15 01:45:13 | INFO | Validation — loss=0.2088, acc=0.9096, f1=0.8978, recall=0.9302, precision=0.8809
2026-03-15 01:45:14 | INFO | [Epoch 020] total_loss=0.008340, Lr0=0.000090Lr1=0.000895, time=0.63s
2026-03-15 01:45:15 | INFO | Validation — loss=0.2168, acc=0.9039, f1=0.8909, recall=0.9212, precision=0.8746
2026-03-15 01:45:16 | INFO | [Epoch 021] total_loss=0.021670, Lr0=0.000089Lr1=0.000885, time=0.62s
2026-03-15 01:45:17 | INFO | Validation — loss=0.8453, acc=0.7365, f1=0.7299, recall=0.8143, precision=0.7622
2026-03-15 01:45:18 | INFO | [Epoch 022] total_loss=0.011176, Lr0=0.000088Lr1=0.000875, time=0.61s
2026-03-15 01:45:18 | INFO | Model forward EncoderClassifierModel(
  (encoder): CNNEncoder(
    (cnn_layers): Sequential(
      (0): Conv1d(1, 32, kernel_size=(10,), stride=(1,))
      (1): BatchNorm1d(32, eps=1e-05, momentum=0.1, affine=True, track_running_stats=True)
      (2): ReLU()
      (3): MaxPool1d(kernel_size=2, stride=2, padding=0, dilation=1, ceil_mode=False)
      (4): Dropout(p=0.0, inplace=False)
      (5): Conv1d(32, 64, kernel_size=(10,), stride=(1,))
      (6): BatchNorm1d(64, eps=1e-05, momentum=0.1, affine=True, track_running_stats=True)
      (7): ReLU()
      (8): MaxPool1d(kernel_size=2, stride=2, padding=0, dilation=1, ceil_mode=False)
      (9): Dropout(p=0.0, inplace=False)
      (10): Conv1d(64, 128, kernel_size=(10,), stride=(1,))
      (11): BatchNorm1d(128, eps=1e-05, momentum=0.1, affine=True, track_running_stats=True)
      (12): ReLU()
      (13): MaxPool1d(kernel_size=2, stride=2, padding=0, dilation=1, ceil_mode=False)
      (14): Dropout(p=0.0, inplace=False)
      (15): Conv1d(128, 256, kernel_size=(10,), stride=(1,))
      (16): BatchNorm1d(256, eps=1e-05, momentum=0.1, affine=True, track_running_stats=True)
      (17): ReLU()
      (18): MaxPool1d(kernel_size=2, stride=2, padding=0, dilation=1, ceil_mode=False)
      (19): Dropout(p=0.0, inplace=False)
    )
    (linear_layer): Sequential(
      (0): Linear(in_features=18176, out_features=64, bias=True)
      (1): ReLU()
    )
  )
  (classifier): Linear(in_features=64, out_features=1, bias=True)
  (loss_fn): BCEWithLogitsLoss()
)
2026-03-15 01:45:19 | INFO | [Epoch 000] total_loss=0.643930, Lr0=0.000100Lr1=0.001000, time=0.72s
2026-03-15 01:45:19 | INFO | Validation — loss=0.1191, acc=0.949, f1=0.9402, recall=0.9559, precision=0.9281
2026-03-15 01:45:19 | INFO | Best model logged 0.9402
2026-03-15 01:45:20 | INFO | [Epoch 023] total_loss=0.010552, Lr0=0.000087Lr1=0.000865, time=0.61s
2026-03-15 01:45:20 | INFO | Validation — loss=0.6319, acc=0.6972, f1=0.4108, recall=0.5, precision=0.3486
2026-03-15 01:45:20 | INFO | Best model logged 0.4108
2026-03-15 01:45:21 | INFO | [Epoch 001] total_loss=0.536035, Lr0=0.000100Lr1=0.000999, time=0.76s
2026-03-15 01:45:21 | INFO | Validation — loss=0.7367, acc=0.7775, f1=0.7686, recall=0.8432, precision=0.7831
2026-03-15 01:45:22 | INFO | [Epoch 024] total_loss=0.032885, Lr0=0.000086Lr1=0.000854, time=0.65s
2026-03-15 01:45:22 | INFO | Validation — loss=0.6634, acc=0.6972, f1=0.4108, recall=0.5, precision=0.3486
2026-03-15 01:45:23 | INFO | [Epoch 002] total_loss=0.390298, Lr0=0.000100Lr1=0.000998, time=0.77s
2026-03-15 01:45:23 | INFO | Validation — loss=0.1771, acc=0.9437, f1=0.9273, recall=0.9032, precision=0.9633
2026-03-15 01:45:24 | INFO | Validation — loss=0.7292, acc=0.6972, f1=0.4108, recall=0.5, precision=0.3486
2026-03-15 01:45:24 | INFO | [Epoch 025] total_loss=0.024983, Lr0=0.000084Lr1=0.000842, time=0.63s
2026-03-15 01:45:24 | INFO | [Epoch 003] total_loss=0.281298, Lr0=0.000100Lr1=0.000996, time=0.73s
2026-03-15 01:45:25 | INFO | Validation — loss=0.8877, acc=0.709, f1=0.704, recall=0.794, precision=0.7487
2026-03-15 01:45:25 | INFO | Validation — loss=1.3295, acc=0.6972, f1=0.4108, recall=0.5, precision=0.3486
2026-03-15 01:45:26 | INFO | [Epoch 026] total_loss=0.011358, Lr0=0.000083Lr1=0.000831, time=0.65s
2026-03-15 01:45:26 | INFO | [Epoch 004] total_loss=0.201063, Lr0=0.000099Lr1=0.000994, time=0.77s
2026-03-15 01:45:27 | INFO | Validation — loss=1.6700, acc=0.4888, f1=0.4844, recall=0.6397, precision=0.6812
2026-03-15 01:45:27 | INFO | Validation — loss=1.3709, acc=0.6972, f1=0.4108, recall=0.5, precision=0.3486
2026-03-15 01:45:28 | INFO | [Epoch 027] total_loss=0.014454, Lr0=0.000082Lr1=0.000819, time=0.65s
2026-03-15 01:45:28 | INFO | [Epoch 005] total_loss=0.194143, Lr0=0.000099Lr1=0.000991, time=0.73s
2026-03-15 01:45:29 | INFO | Validation — loss=0.7225, acc=0.6942, f1=0.4097, recall=0.4979, precision=0.3481
2026-03-15 01:45:29 | INFO | Validation — loss=0.7224, acc=0.7833, f1=0.7737, recall=0.8456, precision=0.785
2026-03-15 01:45:30 | INFO | [Epoch 006] total_loss=0.137758, Lr0=0.000099Lr1=0.000988, time=0.76s
2026-03-15 01:45:30 | INFO | [Epoch 028] total_loss=0.009693, Lr0=0.000081Lr1=0.000807, time=0.65s
2026-03-15 01:45:31 | INFO | Validation — loss=1.1856, acc=0.6972, f1=0.4108, recall=0.5, precision=0.3486
2026-03-15 01:45:31 | INFO | Validation — loss=0.6167, acc=0.8026, f1=0.7924, recall=0.8609, precision=0.7977
2026-03-15 01:45:32 | INFO | [Epoch 007] total_loss=0.084410, Lr0=0.000098Lr1=0.000984, time=0.72s
2026-03-15 01:45:32 | INFO | [Epoch 029] total_loss=0.008674, Lr0=0.000080Lr1=0.000794, time=0.65s
2026-03-15 01:45:33 | INFO | Validation — loss=0.7516, acc=0.6972, f1=0.4108, recall=0.5, precision=0.3486
2026-03-15 01:45:33 | INFO | Validation — loss=1.1106, acc=0.7079, f1=0.7031, recall=0.7941, precision=0.7493
2026-03-15 01:45:33 | INFO | [Epoch 008] total_loss=0.069960, Lr0=0.000098Lr1=0.000980, time=0.76s
2026-03-15 01:45:34 | INFO | [Epoch 030] total_loss=0.016409, Lr0=0.000078Lr1=0.000781, time=0.65s
2026-03-15 01:45:34 | INFO | Validation — loss=1.5759, acc=0.6972, f1=0.4108, recall=0.5, precision=0.3486
2026-03-15 01:45:35 | INFO | [Epoch 009] total_loss=0.053355, Lr0=0.000098Lr1=0.000976, time=0.73s
2026-03-15 01:45:35 | INFO | Validation — loss=0.8699, acc=0.7526, f1=0.7451, recall=0.8254, precision=0.7698
2026-03-15 01:45:36 | INFO | [Epoch 031] total_loss=0.038715, Lr0=0.000077Lr1=0.000768, time=0.61s
2026-03-15 01:45:36 | INFO | Validation — loss=0.6936, acc=0.6986, f1=0.4156, recall=0.5023, precision=0.8491
2026-03-15 01:45:36 | INFO | Best model logged 0.4156
2026-03-15 01:45:37 | INFO | [Epoch 010] total_loss=0.049318, Lr0=0.000097Lr1=0.000970, time=0.74s
2026-03-15 01:45:37 | INFO | Validation — loss=1.1457, acc=0.6943, f1=0.6903, recall=0.7843, precision=0.7433
2026-03-15 01:45:38 | INFO | [Epoch 032] total_loss=0.027565, Lr0=0.000076Lr1=0.000755, time=0.61s
2026-03-15 01:45:38 | INFO | Validation — loss=0.6265, acc=0.5676, f1=0.5664, recall=0.6474, precision=0.6358
2026-03-15 01:45:38 | INFO | Best model logged 0.5664
2026-03-15 01:45:39 | INFO | [Epoch 011] total_loss=0.071523, Lr0=0.000097Lr1=0.000965, time=0.75s
2026-03-15 01:45:39 | INFO | Validation — loss=0.0675, acc=0.9758, f1=0.9702, recall=0.9628, precision=0.9784
2026-03-15 01:45:39 | INFO | Best model logged 0.9702
2026-03-15 01:45:40 | INFO | [Epoch 033] total_loss=0.015816, Lr0=0.000074Lr1=0.000741, time=0.63s
2026-03-15 01:45:40 | INFO | Validation — loss=0.0684, acc=0.9837, f1=0.9805, recall=0.9763, precision=0.985
2026-03-15 01:45:40 | INFO | Best model logged 0.9805
2026-03-15 01:45:41 | INFO | [Epoch 012] total_loss=0.064717, Lr0=0.000096Lr1=0.000959, time=0.72s
2026-03-15 01:45:41 | INFO | Validation — loss=0.4826, acc=0.846, f1=0.8337, recall=0.8879, precision=0.8249
2026-03-15 01:45:42 | INFO | [Epoch 034] total_loss=0.007745, Lr0=0.000073Lr1=0.000727, time=0.63s
2026-03-15 01:45:42 | INFO | Validation — loss=2.2823, acc=0.3028, f1=0.2324, recall=0.5, precision=0.1514
2026-03-15 01:45:42 | INFO | [Epoch 013] total_loss=0.055653, Lr0=0.000095Lr1=0.000952, time=0.75s
2026-03-15 01:45:43 | INFO | Validation — loss=0.1734, acc=0.9246, f1=0.9126, recall=0.933, precision=0.8985
2026-03-15 01:45:44 | INFO | Validation — loss=0.8962, acc=0.7109, f1=0.4576, recall=0.5227, precision=0.8535
2026-03-15 01:45:44 | INFO | [Epoch 035] total_loss=0.005076, Lr0=0.000072Lr1=0.000713, time=0.65s
2026-03-15 01:45:44 | INFO | [Epoch 014] total_loss=0.051549, Lr0=0.000095Lr1=0.000946, time=0.83s
2026-03-15 01:45:45 | INFO | Validation — loss=0.1028, acc=0.9661, f1=0.9574, recall=0.9424, precision=0.9763
2026-03-15 01:45:45 | INFO | Validation — loss=0.3115, acc=0.8915, f1=0.8787, recall=0.9042, precision=0.8649
2026-03-15 01:45:46 | INFO | [Epoch 036] total_loss=0.003300, Lr0=0.000070Lr1=0.000699, time=0.63s
2026-03-15 01:45:46 | INFO | [Epoch 015] total_loss=0.030998, Lr0=0.000094Lr1=0.000938, time=0.80s
2026-03-15 01:45:47 | INFO | Validation — loss=0.1440, acc=0.9343, f1=0.9232, recall=0.9403, precision=0.9105
2026-03-15 01:45:47 | INFO | Validation — loss=0.2764, acc=0.9023, f1=0.8919, recall=0.9237, precision=0.877
2026-03-15 01:45:48 | INFO | [Epoch 037] total_loss=0.002102, Lr0=0.000069Lr1=0.000684, time=0.60s
2026-03-15 01:45:48 | INFO | [Epoch 016] total_loss=0.038294, Lr0=0.000093Lr1=0.000930, time=0.79s
2026-03-15 01:45:49 | INFO | Validation — loss=0.7995, acc=0.7187, f1=0.4826, recall=0.5356, precision=0.8563
2026-03-15 01:45:49 | INFO | Validation — loss=0.3596, acc=0.881, f1=0.8682, recall=0.9103, precision=0.853
2026-03-15 01:45:50 | INFO | [Epoch 038] total_loss=0.001494, Lr0=0.000067Lr1=0.000670, time=0.63s
2026-03-15 01:45:50 | INFO | [Epoch 017] total_loss=0.021032, Lr0=0.000092Lr1=0.000922, time=0.76s
2026-03-15 01:45:51 | INFO | Validation — loss=0.9474, acc=0.7089, f1=0.4508, recall=0.5193, precision=0.8527
2026-03-15 01:45:51 | INFO | Validation — loss=0.4818, acc=0.8538, f1=0.8415, recall=0.8939, precision=0.8311
2026-03-15 01:45:52 | INFO | [Epoch 018] total_loss=0.018532, Lr0=0.000091Lr1=0.000914, time=0.73s
2026-03-15 01:45:52 | INFO | [Epoch 039] total_loss=0.001326, Lr0=0.000066Lr1=0.000655, time=0.62s
2026-03-15 01:45:53 | INFO | Validation — loss=0.7489, acc=0.7307, f1=0.5699, recall=0.5797, precision=0.7146
2026-03-15 01:45:53 | INFO | Validation — loss=0.4738, acc=0.8582, f1=0.8458, recall=0.8968, precision=0.8345
2026-03-15 01:45:53 | INFO | [Epoch 019] total_loss=0.018291, Lr0=0.000091Lr1=0.000905, time=0.73s
2026-03-15 01:45:54 | INFO | [Epoch 040] total_loss=0.001670, Lr0=0.000064Lr1=0.000640, time=0.61s
2026-03-15 01:45:54 | INFO | Validation — loss=0.4930, acc=0.7915, f1=0.7248, recall=0.7073, precision=0.7687
2026-03-15 01:45:55 | INFO | Validation — loss=0.5123, acc=0.8506, f1=0.8383, recall=0.8914, precision=0.8285
2026-03-15 01:45:55 | INFO | [Epoch 020] total_loss=0.012118, Lr0=0.000090Lr1=0.000895, time=0.75s
2026-03-15 01:45:56 | INFO | [Epoch 041] total_loss=0.001219, Lr0=0.000063Lr1=0.000625, time=0.62s
2026-03-15 01:45:56 | INFO | Validation — loss=0.5215, acc=0.8002, f1=0.6911, recall=0.6701, precision=0.8886
2026-03-15 01:45:57 | INFO | [Epoch 021] total_loss=0.015296, Lr0=0.000089Lr1=0.000885, time=0.74s
2026-03-15 01:45:57 | INFO | Validation — loss=0.4658, acc=0.8633, f1=0.8505, recall=0.8985, precision=0.8378
2026-03-15 01:45:58 | INFO | [Epoch 042] total_loss=0.000856, Lr0=0.000061Lr1=0.000609, time=0.61s
2026-03-15 01:45:58 | INFO | Validation — loss=1.2328, acc=0.7057, f1=0.4401, recall=0.514, precision=0.8516
2026-03-15 01:45:59 | INFO | [Epoch 022] total_loss=0.020625, Lr0=0.000088Lr1=0.000875, time=0.78s
2026-03-15 01:45:59 | INFO | Validation — loss=0.4375, acc=0.8683, f1=0.8555, recall=0.9018, precision=0.842
2026-03-15 01:46:00 | INFO | [Epoch 043] total_loss=0.001096, Lr0=0.000060Lr1=0.000594, time=0.62s
2026-03-15 01:46:00 | INFO | Validation — loss=0.5086, acc=0.8107, f1=0.713, recall=0.6875, precision=0.8932
2026-03-15 01:46:01 | INFO | [Epoch 023] total_loss=0.023183, Lr0=0.000087Lr1=0.000865, time=0.75s
2026-03-15 01:46:01 | INFO | Validation — loss=0.4039, acc=0.8755, f1=0.8626, recall=0.9064, precision=0.848
2026-03-15 01:46:02 | INFO | Validation — loss=1.9740, acc=0.3106, f1=0.2491, recall=0.5015, precision=0.5198
2026-03-15 01:46:02 | INFO | [Epoch 044] total_loss=0.000808, Lr0=0.000058Lr1=0.000579, time=0.63s
2026-03-15 01:46:02 | INFO | [Epoch 024] total_loss=0.016555, Lr0=0.000086Lr1=0.000854, time=0.74s
2026-03-15 01:46:03 | INFO | Validation — loss=0.3696, acc=0.8824, f1=0.8696, recall=0.9108, precision=0.8541
2026-03-15 01:46:03 | INFO | Validation — loss=0.7161, acc=0.7844, f1=0.6566, recall=0.6439, precision=0.8819
2026-03-15 01:46:03 | INFO | [Epoch 045] total_loss=0.000919, Lr0=0.000057Lr1=0.000563, time=0.61s
2026-03-15 01:46:04 | INFO | [Epoch 025] total_loss=0.017327, Lr0=0.000084Lr1=0.000842, time=0.75s
2026-03-15 01:46:05 | INFO | Validation — loss=0.3744, acc=0.8822, f1=0.8694, recall=0.9111, precision=0.854
2026-03-15 01:46:05 | INFO | Validation — loss=1.6054, acc=0.323, f1=0.3064, recall=0.4547, precision=0.4242
2026-03-15 01:46:05 | INFO | [Epoch 046] total_loss=0.001379, Lr0=0.000055Lr1=0.000548, time=0.62s
2026-03-15 01:46:06 | INFO | [Epoch 026] total_loss=0.013314, Lr0=0.000083Lr1=0.000831, time=0.75s
2026-03-15 01:46:07 | INFO | Validation — loss=0.4826, acc=0.8612, f1=0.8485, recall=0.8975, precision=0.8363
2026-03-15 01:46:07 | INFO | Validation — loss=0.6823, acc=0.7139, f1=0.6176, recall=0.611, precision=0.6492
2026-03-15 01:46:07 | INFO | [Epoch 047] total_loss=0.001000, Lr0=0.000054Lr1=0.000532, time=0.66s
2026-03-15 01:46:08 | INFO | [Epoch 027] total_loss=0.006187, Lr0=0.000082Lr1=0.000819, time=0.76s
2026-03-15 01:46:09 | INFO | Validation — loss=0.4838, acc=0.8142, f1=0.7225, recall=0.6958, precision=0.8845
2026-03-15 01:46:09 | INFO | Validation — loss=0.6360, acc=0.8236, f1=0.8119, recall=0.8719, precision=0.8087
2026-03-15 01:46:09 | INFO | [Epoch 028] total_loss=0.007653, Lr0=0.000081Lr1=0.000807, time=0.73s
2026-03-15 01:46:10 | INFO | [Epoch 048] total_loss=0.001532, Lr0=0.000052Lr1=0.000516, time=0.69s
2026-03-15 01:46:11 | INFO | Validation — loss=0.5331, acc=0.7944, f1=0.6789, recall=0.6606, precision=0.8861
2026-03-15 01:46:11 | INFO | Validation — loss=0.5082, acc=0.8568, f1=0.844, recall=0.8935, precision=0.8324
2026-03-15 01:46:11 | INFO | [Epoch 029] total_loss=0.003551, Lr0=0.000080Lr1=0.000794, time=0.76s
2026-03-15 01:46:12 | INFO | [Epoch 049] total_loss=0.000775, Lr0=0.000051Lr1=0.000501, time=0.63s
2026-03-15 01:46:12 | INFO | Validation — loss=0.7249, acc=0.7534, f1=0.5991, recall=0.6024, precision=0.8049
2026-03-15 01:46:13 | INFO | Validation — loss=0.3949, acc=0.878, f1=0.8649, recall=0.9063, precision=0.8498
2026-03-15 01:46:13 | INFO | [Epoch 030] total_loss=0.002307, Lr0=0.000078Lr1=0.000781, time=0.73s
2026-03-15 01:46:14 | INFO | [Epoch 050] total_loss=0.000710, Lr0=0.000049Lr1=0.000485, time=0.62s
2026-03-15 01:46:14 | INFO | Validation — loss=0.6204, acc=0.7729, f1=0.6449, recall=0.6349, precision=0.8256
2026-03-15 01:46:15 | INFO | Validation — loss=0.3488, acc=0.8893, f1=0.8763, recall=0.914, precision=0.8602
2026-03-15 01:46:15 | INFO | [Epoch 031] total_loss=0.002700, Lr0=0.000077Lr1=0.000768, time=0.81s
2026-03-15 01:46:15 | INFO | [Epoch 051] total_loss=0.002039, Lr0=0.000047Lr1=0.000469, time=0.58s
2026-03-15 01:46:16 | INFO | Validation — loss=0.5112, acc=0.8172, f1=0.7464, recall=0.721, precision=0.8322
2026-03-15 01:46:16 | INFO | Early stopping at epoch 31. Best: 0.980500
2026-03-15 01:46:16 | INFO | Training complete.
2026-03-15 01:46:16 | INFO | Best checkpoint: ./save/cnn_overlap_new/subject_invariant_SWELLDataset/finetuned_best_13.pt
2026-03-15 01:46:17 | INFO | Validation — loss=0.3713, acc=0.8868, f1=0.8737, recall=0.9118, precision=0.8577
2026-03-15 01:46:17 | INFO | [Epoch 052] total_loss=0.000973, Lr0=0.000046Lr1=0.000453, time=0.61s
2026-03-15 01:46:19 | INFO | Validation — loss=0.3731, acc=0.887, f1=0.8739, recall=0.9119, precision=0.858
2026-03-15 01:46:19 | INFO | Early stopping at epoch 52. Best: 0.970200
2026-03-15 01:46:19 | INFO | Training complete.
2026-03-15 01:46:19 | INFO | Best checkpoint: ./save/cnn_overlap_new/subject_invariant_SWELLDataset/finetuned_best_12.pt
2026-03-15 01:46:27 | INFO | Model forward EncoderClassifierModel(
  (encoder): CNNEncoder(
    (cnn_layers): Sequential(
      (0): Conv1d(1, 32, kernel_size=(10,), stride=(1,))
      (1): BatchNorm1d(32, eps=1e-05, momentum=0.1, affine=True, track_running_stats=True)
      (2): ReLU()
      (3): MaxPool1d(kernel_size=2, stride=2, padding=0, dilation=1, ceil_mode=False)
      (4): Dropout(p=0.0, inplace=False)
      (5): Conv1d(32, 64, kernel_size=(10,), stride=(1,))
      (6): BatchNorm1d(64, eps=1e-05, momentum=0.1, affine=True, track_running_stats=True)
      (7): ReLU()
      (8): MaxPool1d(kernel_size=2, stride=2, padding=0, dilation=1, ceil_mode=False)
      (9): Dropout(p=0.0, inplace=False)
      (10): Conv1d(64, 128, kernel_size=(10,), stride=(1,))
      (11): BatchNorm1d(128, eps=1e-05, momentum=0.1, affine=True, track_running_stats=True)
      (12): ReLU()
      (13): MaxPool1d(kernel_size=2, stride=2, padding=0, dilation=1, ceil_mode=False)
      (14): Dropout(p=0.0, inplace=False)
      (15): Conv1d(128, 256, kernel_size=(10,), stride=(1,))
      (16): BatchNorm1d(256, eps=1e-05, momentum=0.1, affine=True, track_running_stats=True)
      (17): ReLU()
      (18): MaxPool1d(kernel_size=2, stride=2, padding=0, dilation=1, ceil_mode=False)
      (19): Dropout(p=0.0, inplace=False)
    )
    (linear_layer): Sequential(
      (0): Linear(in_features=18176, out_features=64, bias=True)
      (1): ReLU()
    )
  )
  (classifier): Linear(in_features=64, out_features=1, bias=True)
  (loss_fn): BCEWithLogitsLoss()
)
2026-03-15 01:46:28 | INFO | [Epoch 000] total_loss=0.647677, Lr0=0.000100Lr1=0.001000, time=0.73s
2026-03-15 01:46:29 | INFO | Validation — loss=0.6147, acc=0.6951, f1=0.4101, recall=0.5, precision=0.3475
2026-03-15 01:46:29 | INFO | Best model logged 0.4101
2026-03-15 01:46:30 | INFO | [Epoch 001] total_loss=0.544071, Lr0=0.000100Lr1=0.000999, time=0.71s
2026-03-15 01:46:31 | INFO | Model forward EncoderClassifierModel(
  (encoder): CNNEncoder(
    (cnn_layers): Sequential(
      (0): Conv1d(1, 32, kernel_size=(10,), stride=(1,))
      (1): BatchNorm1d(32, eps=1e-05, momentum=0.1, affine=True, track_running_stats=True)
      (2): ReLU()
      (3): MaxPool1d(kernel_size=2, stride=2, padding=0, dilation=1, ceil_mode=False)
      (4): Dropout(p=0.0, inplace=False)
      (5): Conv1d(32, 64, kernel_size=(10,), stride=(1,))
      (6): BatchNorm1d(64, eps=1e-05, momentum=0.1, affine=True, track_running_stats=True)
      (7): ReLU()
      (8): MaxPool1d(kernel_size=2, stride=2, padding=0, dilation=1, ceil_mode=False)
      (9): Dropout(p=0.0, inplace=False)
      (10): Conv1d(64, 128, kernel_size=(10,), stride=(1,))
      (11): BatchNorm1d(128, eps=1e-05, momentum=0.1, affine=True, track_running_stats=True)
      (12): ReLU()
      (13): MaxPool1d(kernel_size=2, stride=2, padding=0, dilation=1, ceil_mode=False)
      (14): Dropout(p=0.0, inplace=False)
      (15): Conv1d(128, 256, kernel_size=(10,), stride=(1,))
      (16): BatchNorm1d(256, eps=1e-05, momentum=0.1, affine=True, track_running_stats=True)
      (17): ReLU()
      (18): MaxPool1d(kernel_size=2, stride=2, padding=0, dilation=1, ceil_mode=False)
      (19): Dropout(p=0.0, inplace=False)
    )
    (linear_layer): Sequential(
      (0): Linear(in_features=18176, out_features=64, bias=True)
      (1): ReLU()
    )
  )
  (classifier): Linear(in_features=64, out_features=1, bias=True)
  (loss_fn): BCEWithLogitsLoss()
)
2026-03-15 01:46:31 | INFO | Validation — loss=1.0994, acc=0.6951, f1=0.4101, recall=0.5, precision=0.3475
2026-03-15 01:46:32 | INFO | [Epoch 002] total_loss=0.386255, Lr0=0.000100Lr1=0.000998, time=0.73s
2026-03-15 01:46:32 | INFO | [Epoch 000] total_loss=0.643930, Lr0=0.000100Lr1=0.001000, time=0.61s
2026-03-15 01:46:33 | INFO | Validation — loss=2.0774, acc=0.6951, f1=0.4101, recall=0.5, precision=0.3475
2026-03-15 01:46:33 | INFO | Validation — loss=0.6223, acc=0.6972, f1=0.4108, recall=0.5, precision=0.3486
2026-03-15 01:46:33 | INFO | Best model logged 0.4108
2026-03-15 01:46:33 | INFO | [Epoch 003] total_loss=0.254750, Lr0=0.000100Lr1=0.000996, time=0.75s
2026-03-15 01:46:34 | INFO | [Epoch 001] total_loss=0.536038, Lr0=0.000100Lr1=0.000999, time=0.61s
2026-03-15 01:46:34 | INFO | Validation — loss=2.6367, acc=0.6951, f1=0.4101, recall=0.5, precision=0.3475
2026-03-15 01:46:35 | INFO | [Epoch 004] total_loss=0.179954, Lr0=0.000099Lr1=0.000994, time=0.80s
2026-03-15 01:46:36 | INFO | Validation — loss=0.7923, acc=0.6972, f1=0.4108, recall=0.5, precision=0.3486
2026-03-15 01:46:36 | INFO | [Epoch 002] total_loss=0.390310, Lr0=0.000100Lr1=0.000998, time=0.60s
2026-03-15 01:46:36 | INFO | Validation — loss=1.9979, acc=0.6951, f1=0.4101, recall=0.5, precision=0.3475
2026-03-15 01:46:37 | INFO | [Epoch 005] total_loss=0.145206, Lr0=0.000099Lr1=0.000991, time=0.77s
2026-03-15 01:46:38 | INFO | Validation — loss=1.5133, acc=0.6972, f1=0.4108, recall=0.5, precision=0.3486
2026-03-15 01:46:38 | INFO | Validation — loss=1.9205, acc=0.6951, f1=0.4101, recall=0.5, precision=0.3475
2026-03-15 01:46:38 | INFO | [Epoch 003] total_loss=0.281515, Lr0=0.000100Lr1=0.000996, time=0.61s
2026-03-15 01:46:39 | INFO | [Epoch 006] total_loss=0.130595, Lr0=0.000099Lr1=0.000988, time=0.80s
2026-03-15 01:46:40 | INFO | Validation — loss=2.9119, acc=0.6972, f1=0.4108, recall=0.5, precision=0.3486
2026-03-15 01:46:40 | INFO | Validation — loss=1.0599, acc=0.6951, f1=0.4101, recall=0.5, precision=0.3475
2026-03-15 01:46:40 | INFO | [Epoch 004] total_loss=0.201851, Lr0=0.000099Lr1=0.000994, time=0.65s
2026-03-15 01:46:41 | INFO | [Epoch 007] total_loss=0.128369, Lr0=0.000098Lr1=0.000984, time=0.75s
2026-03-15 01:46:42 | INFO | Validation — loss=2.5900, acc=0.6972, f1=0.4108, recall=0.5, precision=0.3486
2026-03-15 01:46:42 | INFO | Validation — loss=1.8864, acc=0.6951, f1=0.4101, recall=0.5, precision=0.3475
2026-03-15 01:46:42 | INFO | [Epoch 005] total_loss=0.192171, Lr0=0.000099Lr1=0.000991, time=0.67s
2026-03-15 01:46:43 | INFO | [Epoch 008] total_loss=0.074540, Lr0=0.000098Lr1=0.000980, time=0.78s
2026-03-15 01:46:44 | INFO | Validation — loss=1.1043, acc=0.6951, f1=0.4101, recall=0.5, precision=0.3475
2026-03-15 01:46:44 | INFO | Validation — loss=0.8273, acc=0.6972, f1=0.4108, recall=0.5, precision=0.3486
2026-03-15 01:46:44 | INFO | [Epoch 006] total_loss=0.135138, Lr0=0.000099Lr1=0.000988, time=0.65s
2026-03-15 01:46:44 | INFO | [Epoch 009] total_loss=0.077920, Lr0=0.000098Lr1=0.000976, time=0.79s
2026-03-15 01:46:45 | INFO | Validation — loss=0.0845, acc=0.9841, f1=0.9809, recall=0.9739, precision=0.9888
2026-03-15 01:46:45 | INFO | Best model logged 0.9809
2026-03-15 01:46:46 | INFO | Validation — loss=1.8317, acc=0.6972, f1=0.4108, recall=0.5, precision=0.3486
2026-03-15 01:46:46 | INFO | [Epoch 007] total_loss=0.083171, Lr0=0.000098Lr1=0.000984, time=0.63s
2026-03-15 01:46:46 | INFO | [Epoch 010] total_loss=0.083355, Lr0=0.000097Lr1=0.000970, time=0.82s
2026-03-15 01:46:47 | INFO | Validation — loss=0.0522, acc=0.9857, f1=0.9829, recall=0.9765, precision=0.9899
2026-03-15 01:46:47 | INFO | Best model logged 0.9829
2026-03-15 01:46:48 | INFO | Validation — loss=1.3785, acc=0.3028, f1=0.2324, recall=0.5, precision=0.1514
2026-03-15 01:46:48 | INFO | [Epoch 008] total_loss=0.069186, Lr0=0.000098Lr1=0.000980, time=0.64s
2026-03-15 01:46:48 | INFO | [Epoch 011] total_loss=0.071024, Lr0=0.000097Lr1=0.000965, time=0.83s
2026-03-15 01:46:49 | INFO | Validation — loss=0.0819, acc=0.9711, f1=0.965, recall=0.9526, precision=0.9801
2026-03-15 01:46:50 | INFO | Validation — loss=0.8974, acc=0.6972, f1=0.4108, recall=0.5, precision=0.3486
2026-03-15 01:46:50 | INFO | [Epoch 012] total_loss=0.056642, Lr0=0.000096Lr1=0.000959, time=0.77s
2026-03-15 01:46:50 | INFO | [Epoch 009] total_loss=0.058606, Lr0=0.000098Lr1=0.000976, time=0.76s
2026-03-15 01:46:51 | INFO | Validation — loss=0.0078, acc=0.998, f1=0.9976, recall=0.9985, precision=0.9967
2026-03-15 01:46:51 | INFO | Best model logged 0.9976
2026-03-15 01:46:52 | INFO | Validation — loss=0.3584, acc=0.7961, f1=0.6823, recall=0.6633, precision=0.8868
2026-03-15 01:46:52 | INFO | Best model logged 0.6823
2026-03-15 01:46:52 | INFO | [Epoch 013] total_loss=0.045596, Lr0=0.000095Lr1=0.000952, time=0.80s
2026-03-15 01:46:53 | INFO | [Epoch 010] total_loss=0.056075, Lr0=0.000097Lr1=0.000970, time=0.76s
2026-03-15 01:46:53 | INFO | Validation — loss=0.0054, acc=0.9993, f1=0.9992, recall=0.9995, precision=0.9989
2026-03-15 01:46:53 | INFO | Best model logged 0.9992
2026-03-15 01:46:54 | INFO | [Epoch 014] total_loss=0.026176, Lr0=0.000095Lr1=0.000946, time=0.73s
2026-03-15 01:46:54 | INFO | Validation — loss=1.9771, acc=0.3028, f1=0.2324, recall=0.5, precision=0.1514
2026-03-15 01:46:55 | INFO | [Epoch 011] total_loss=0.066539, Lr0=0.000097Lr1=0.000965, time=0.68s
2026-03-15 01:46:55 | INFO | Validation — loss=0.0013, acc=1.0, f1=1.0, recall=1.0, precision=1.0
2026-03-15 01:46:55 | INFO | Best model logged 1.0
2026-03-15 01:46:56 | INFO | [Epoch 015] total_loss=0.028684, Lr0=0.000094Lr1=0.000938, time=0.78s
2026-03-15 01:46:56 | INFO | Validation — loss=1.4863, acc=0.3228, f1=0.2639, recall=0.5143, precision=0.6545
2026-03-15 01:46:57 | INFO | Validation — loss=0.0096, acc=0.9959, f1=0.9952, recall=0.9971, precision=0.9934
2026-03-15 01:46:57 | INFO | [Epoch 012] total_loss=0.059714, Lr0=0.000096Lr1=0.000959, time=0.64s
2026-03-15 01:46:58 | INFO | [Epoch 016] total_loss=0.021010, Lr0=0.000093Lr1=0.000930, time=0.73s
2026-03-15 01:46:58 | INFO | Validation — loss=2.3456, acc=0.3028, f1=0.2324, recall=0.5, precision=0.1514
2026-03-15 01:46:59 | INFO | Validation — loss=0.0064, acc=0.9991, f1=0.9989, recall=0.9993, precision=0.9985
2026-03-15 01:46:59 | INFO | [Epoch 013] total_loss=0.044476, Lr0=0.000095Lr1=0.000952, time=0.69s
2026-03-15 01:46:59 | INFO | [Epoch 017] total_loss=0.023718, Lr0=0.000092Lr1=0.000922, time=0.77s
2026-03-15 01:47:00 | INFO | Validation — loss=0.0086, acc=0.9957, f1=0.9949, recall=0.9969, precision=0.993
2026-03-15 01:47:00 | INFO | Validation — loss=0.1656, acc=0.9371, f1=0.9205, recall=0.8962, precision=0.9586
2026-03-15 01:47:00 | INFO | Best model logged 0.9205
2026-03-15 01:47:01 | INFO | [Epoch 014] total_loss=0.036344, Lr0=0.000095Lr1=0.000946, time=0.62s
2026-03-15 01:47:01 | INFO | [Epoch 018] total_loss=0.012782, Lr0=0.000091Lr1=0.000914, time=0.75s
2026-03-15 01:47:02 | INFO | Validation — loss=0.0384, acc=0.9893, f1=0.9875, recall=0.9923, precision=0.9831
2026-03-15 01:47:02 | INFO | Validation — loss=0.3397, acc=0.877, f1=0.8652, recall=0.9002, precision=0.8518
2026-03-15 01:47:03 | INFO | [Epoch 019] total_loss=0.010055, Lr0=0.000091Lr1=0.000905, time=0.78s
2026-03-15 01:47:03 | INFO | [Epoch 015] total_loss=0.026997, Lr0=0.000094Lr1=0.000938, time=0.62s
2026-03-15 01:47:04 | INFO | Validation — loss=0.0320, acc=0.99, f1=0.9883, recall=0.9928, precision=0.9841
2026-03-15 01:47:04 | INFO | Validation — loss=0.7895, acc=0.5038, f1=0.5008, recall=0.6326, precision=0.6601
2026-03-15 01:47:05 | INFO | [Epoch 020] total_loss=0.008846, Lr0=0.000090Lr1=0.000895, time=0.76s
2026-03-15 01:47:05 | INFO | [Epoch 016] total_loss=0.024717, Lr0=0.000093Lr1=0.000930, time=0.63s
2026-03-15 01:47:06 | INFO | Validation — loss=0.0146, acc=0.9939, f1=0.9928, recall=0.9956, precision=0.9901
2026-03-15 01:47:06 | INFO | Validation — loss=0.7025, acc=0.7678, f1=0.6178, recall=0.6167, precision=0.8751
2026-03-15 01:47:07 | INFO | [Epoch 021] total_loss=0.014852, Lr0=0.000089Lr1=0.000885, time=0.74s
2026-03-15 01:47:07 | INFO | [Epoch 017] total_loss=0.014129, Lr0=0.000092Lr1=0.000922, time=0.64s
2026-03-15 01:47:08 | INFO | Validation — loss=0.0171, acc=0.9941, f1=0.9931, recall=0.9957, precision=0.9905
2026-03-15 01:47:08 | INFO | [Epoch 022] total_loss=0.029188, Lr0=0.000088Lr1=0.000875, time=0.75s
2026-03-15 01:47:08 | INFO | Validation — loss=0.3169, acc=0.8706, f1=0.8223, recall=0.7874, precision=0.9189
2026-03-15 01:47:09 | INFO | [Epoch 018] total_loss=0.013130, Lr0=0.000091Lr1=0.000914, time=0.64s
2026-03-15 01:47:09 | INFO | Validation — loss=0.0340, acc=0.9882, f1=0.9862, recall=0.9915, precision=0.9813
2026-03-15 01:47:10 | INFO | [Epoch 023] total_loss=0.015568, Lr0=0.000087Lr1=0.000865, time=0.76s
2026-03-15 01:47:10 | INFO | Validation — loss=0.4815, acc=0.819, f1=0.7464, recall=0.72, precision=0.8418
2026-03-15 01:47:11 | INFO | [Epoch 019] total_loss=0.012945, Lr0=0.000091Lr1=0.000905, time=0.68s
2026-03-15 01:47:11 | INFO | Validation — loss=0.0029, acc=1.0, f1=1.0, recall=1.0, precision=1.0
2026-03-15 01:47:12 | INFO | [Epoch 024] total_loss=0.015134, Lr0=0.000086Lr1=0.000854, time=0.75s
2026-03-15 01:47:12 | INFO | Validation — loss=0.4114, acc=0.7951, f1=0.7818, recall=0.8261, precision=0.7782
2026-03-15 01:47:13 | INFO | Validation — loss=0.2801, acc=0.8943, f1=0.885, recall=0.9239, precision=0.8713
2026-03-15 01:47:13 | INFO | [Epoch 020] total_loss=0.007893, Lr0=0.000090Lr1=0.000895, time=0.65s
2026-03-15 01:47:14 | INFO | [Epoch 025] total_loss=0.011315, Lr0=0.000084Lr1=0.000842, time=0.76s
2026-03-15 01:47:14 | INFO | Validation — loss=0.4104, acc=0.8635, f1=0.8204, recall=0.7937, precision=0.8775
2026-03-15 01:47:15 | INFO | Validation — loss=0.0203, acc=0.992, f1=0.9907, recall=0.9943, precision=0.9873
2026-03-15 01:47:15 | INFO | [Epoch 021] total_loss=0.009898, Lr0=0.000089Lr1=0.000885, time=0.60s
2026-03-15 01:47:16 | INFO | [Epoch 026] total_loss=0.027689, Lr0=0.000083Lr1=0.000831, time=0.75s
2026-03-15 01:47:16 | INFO | Validation — loss=0.9914, acc=0.4549, f1=0.4437, recall=0.4724, precision=0.4764
2026-03-15 01:47:17 | INFO | Validation — loss=0.0351, acc=0.9877, f1=0.9857, recall=0.9912, precision=0.9806
2026-03-15 01:47:17 | INFO | [Epoch 022] total_loss=0.017628, Lr0=0.000088Lr1=0.000875, time=0.59s
2026-03-15 01:47:17 | INFO | [Epoch 027] total_loss=0.018359, Lr0=0.000082Lr1=0.000819, time=0.78s
2026-03-15 01:47:18 | INFO | Validation — loss=0.9259, acc=0.4795, f1=0.4753, recall=0.6093, precision=0.6373
2026-03-15 01:47:18 | INFO | Validation — loss=0.0037, acc=1.0, f1=1.0, recall=1.0, precision=1.0
2026-03-15 01:47:19 | INFO | [Epoch 023] total_loss=0.019200, Lr0=0.000087Lr1=0.000865, time=0.66s
2026-03-15 01:47:19 | INFO | [Epoch 028] total_loss=0.009923, Lr0=0.000081Lr1=0.000807, time=0.85s
2026-03-15 01:47:20 | INFO | Validation — loss=0.0013, acc=1.0, f1=1.0, recall=1.0, precision=1.0
2026-03-15 01:47:20 | INFO | Validation — loss=0.4072, acc=0.8559, f1=0.8048, recall=0.7745, precision=0.8838
2026-03-15 01:47:21 | INFO | [Epoch 024] total_loss=0.011078, Lr0=0.000086Lr1=0.000854, time=0.63s
2026-03-15 01:47:21 | INFO | [Epoch 029] total_loss=0.011647, Lr0=0.000080Lr1=0.000794, time=0.81s
2026-03-15 01:47:22 | INFO | Validation — loss=0.0007, acc=1.0, f1=1.0, recall=1.0, precision=1.0
2026-03-15 01:47:22 | INFO | Validation — loss=2.1365, acc=0.6974, f1=0.4116, recall=0.5004, precision=0.8487
2026-03-15 01:47:23 | INFO | [Epoch 025] total_loss=0.011429, Lr0=0.000084Lr1=0.000842, time=0.62s
2026-03-15 01:47:23 | INFO | [Epoch 030] total_loss=0.008662, Lr0=0.000078Lr1=0.000781, time=0.75s
2026-03-15 01:47:24 | INFO | Validation — loss=0.0160, acc=0.9945, f1=0.9936, recall=0.9961, precision=0.9912
2026-03-15 01:47:24 | INFO | Validation — loss=1.2457, acc=0.7153, f1=0.4942, recall=0.5383, precision=0.7328
2026-03-15 01:47:25 | INFO | [Epoch 031] total_loss=0.013557, Lr0=0.000077Lr1=0.000768, time=0.74s
2026-03-15 01:47:25 | INFO | [Epoch 026] total_loss=0.010893, Lr0=0.000083Lr1=0.000831, time=0.67s
2026-03-15 01:47:26 | INFO | Validation — loss=0.0004, acc=1.0, f1=1.0, recall=1.0, precision=1.0
2026-03-15 01:47:26 | INFO | Validation — loss=1.6972, acc=0.7064, f1=0.4424, recall=0.5152, precision=0.8518
2026-03-15 01:47:27 | INFO | [Epoch 032] total_loss=0.017862, Lr0=0.000076Lr1=0.000755, time=0.89s
2026-03-15 01:47:27 | INFO | [Epoch 027] total_loss=0.004938, Lr0=0.000082Lr1=0.000819, time=0.66s
2026-03-15 01:47:28 | INFO | Validation — loss=0.0632, acc=0.9775, f1=0.974, recall=0.9838, precision=0.9656
2026-03-15 01:47:28 | INFO | Validation — loss=1.6552, acc=0.7077, f1=0.447, recall=0.5174, precision=0.8523
2026-03-15 01:47:29 | INFO | [Epoch 033] total_loss=0.016493, Lr0=0.000074Lr1=0.000741, time=0.85s
2026-03-15 01:47:29 | INFO | [Epoch 028] total_loss=0.009845, Lr0=0.000081Lr1=0.000807, time=0.65s
2026-03-15 01:47:30 | INFO | Validation — loss=0.0069, acc=0.998, f1=0.9976, recall=0.9985, precision=0.9967
2026-03-15 01:47:30 | INFO | Validation — loss=1.2603, acc=0.721, f1=0.4897, recall=0.5394, precision=0.8571
2026-03-15 01:47:31 | INFO | [Epoch 034] total_loss=0.011018, Lr0=0.000073Lr1=0.000727, time=0.81s
2026-03-15 01:47:31 | INFO | [Epoch 029] total_loss=0.003384, Lr0=0.000080Lr1=0.000794, time=0.62s
2026-03-15 01:47:32 | INFO | Validation — loss=0.0165, acc=0.9936, f1=0.9925, recall=0.9954, precision=0.9898
2026-03-15 01:47:32 | INFO | Early stopping at epoch 34. Best: 1.000000
2026-03-15 01:47:32 | INFO | Training complete.
2026-03-15 01:47:32 | INFO | Best checkpoint: ./save/cnn_overlap_new/subject_invariant_SWELLDataset/finetuned_best_14.pt
2026-03-15 01:47:32 | INFO | Validation — loss=1.9829, acc=0.6997, f1=0.4197, recall=0.5042, precision=0.8495
2026-03-15 01:47:33 | INFO | [Epoch 030] total_loss=0.003839, Lr0=0.000078Lr1=0.000781, time=0.58s
2026-03-15 01:47:34 | INFO | Validation — loss=1.0823, acc=0.6997, f1=0.5163, recall=0.541, precision=0.6158
2026-03-15 01:47:35 | INFO | [Epoch 031] total_loss=0.003542, Lr0=0.000077Lr1=0.000768, time=0.61s
2026-03-15 01:47:36 | INFO | Validation — loss=1.1662, acc=0.7004, f1=0.5123, recall=0.5394, precision=0.6181
2026-03-15 01:47:37 | INFO | [Epoch 032] total_loss=0.002474, Lr0=0.000076Lr1=0.000755, time=0.61s
2026-03-15 01:47:38 | INFO | Validation — loss=1.0120, acc=0.7366, f1=0.5514, recall=0.5722, precision=0.7954
2026-03-15 01:47:39 | INFO | [Epoch 033] total_loss=0.001293, Lr0=0.000074Lr1=0.000741, time=0.59s
2026-03-15 01:47:40 | INFO | Validation — loss=0.9531, acc=0.7458, f1=0.5743, recall=0.5867, precision=0.813
2026-03-15 01:47:40 | INFO | Early stopping at epoch 33. Best: 0.920500
2026-03-15 01:47:40 | INFO | Training complete.
2026-03-15 01:47:40 | INFO | Best checkpoint: ./save/cnn_overlap_new/subject_invariant_SWELLDataset/finetuned_best_13.pt
2026-03-15 01:47:51 | INFO | Model forward EncoderClassifierModel(
  (encoder): CNNEncoder(
    (cnn_layers): Sequential(
      (0): Conv1d(1, 32, kernel_size=(10,), stride=(1,))
      (1): BatchNorm1d(32, eps=1e-05, momentum=0.1, affine=True, track_running_stats=True)
      (2): ReLU()
      (3): MaxPool1d(kernel_size=2, stride=2, padding=0, dilation=1, ceil_mode=False)
      (4): Dropout(p=0.0, inplace=False)
      (5): Conv1d(32, 64, kernel_size=(10,), stride=(1,))
      (6): BatchNorm1d(64, eps=1e-05, momentum=0.1, affine=True, track_running_stats=True)
      (7): ReLU()
      (8): MaxPool1d(kernel_size=2, stride=2, padding=0, dilation=1, ceil_mode=False)
      (9): Dropout(p=0.0, inplace=False)
      (10): Conv1d(64, 128, kernel_size=(10,), stride=(1,))
      (11): BatchNorm1d(128, eps=1e-05, momentum=0.1, affine=True, track_running_stats=True)
      (12): ReLU()
      (13): MaxPool1d(kernel_size=2, stride=2, padding=0, dilation=1, ceil_mode=False)
      (14): Dropout(p=0.0, inplace=False)
      (15): Conv1d(128, 256, kernel_size=(10,), stride=(1,))
      (16): BatchNorm1d(256, eps=1e-05, momentum=0.1, affine=True, track_running_stats=True)
      (17): ReLU()
      (18): MaxPool1d(kernel_size=2, stride=2, padding=0, dilation=1, ceil_mode=False)
      (19): Dropout(p=0.0, inplace=False)
    )
    (linear_layer): Sequential(
      (0): Linear(in_features=18176, out_features=64, bias=True)
      (1): ReLU()
    )
  )
  (classifier): Linear(in_features=64, out_features=1, bias=True)
  (loss_fn): BCEWithLogitsLoss()
)
2026-03-15 01:47:52 | INFO | [Epoch 000] total_loss=0.647677, Lr0=0.000100Lr1=0.001000, time=0.61s
2026-03-15 01:47:54 | INFO | Validation — loss=0.6139, acc=0.6951, f1=0.4101, recall=0.5, precision=0.3475
2026-03-15 01:47:54 | INFO | Best model logged 0.4101
2026-03-15 01:47:54 | INFO | [Epoch 001] total_loss=0.544071, Lr0=0.000100Lr1=0.000999, time=0.60s
2026-03-15 01:47:55 | INFO | Validation — loss=1.0343, acc=0.6951, f1=0.4101, recall=0.5, precision=0.3475
2026-03-15 01:47:56 | INFO | [Epoch 002] total_loss=0.386253, Lr0=0.000100Lr1=0.000998, time=0.61s
2026-03-15 01:47:58 | INFO | Validation — loss=1.6069, acc=0.6951, f1=0.4101, recall=0.5, precision=0.3475
2026-03-15 01:47:58 | INFO | [Epoch 003] total_loss=0.254530, Lr0=0.000100Lr1=0.000996, time=0.60s
2026-03-15 01:48:00 | INFO | Validation — loss=1.9177, acc=0.6951, f1=0.4101, recall=0.5, precision=0.3475
2026-03-15 01:48:00 | INFO | [Epoch 004] total_loss=0.179031, Lr0=0.000099Lr1=0.000994, time=0.60s
2026-03-15 01:48:02 | INFO | Validation — loss=0.8551, acc=0.6951, f1=0.4101, recall=0.5, precision=0.3475
2026-03-15 01:48:02 | INFO | [Epoch 005] total_loss=0.145057, Lr0=0.000099Lr1=0.000991, time=0.60s
2026-03-15 01:48:03 | INFO | Validation — loss=2.4490, acc=0.6951, f1=0.4101, recall=0.5, precision=0.3475
2026-03-15 01:48:04 | INFO | [Epoch 006] total_loss=0.134090, Lr0=0.000099Lr1=0.000988, time=0.61s
2026-03-15 01:48:05 | INFO | Validation — loss=2.6886, acc=0.6951, f1=0.4101, recall=0.5, precision=0.3475
2026-03-15 01:48:06 | INFO | [Epoch 007] total_loss=0.135168, Lr0=0.000098Lr1=0.000984, time=0.58s
2026-03-15 01:48:07 | INFO | Validation — loss=2.3070, acc=0.6951, f1=0.4101, recall=0.5, precision=0.3475
2026-03-15 01:48:08 | INFO | [Epoch 008] total_loss=0.080553, Lr0=0.000098Lr1=0.000980, time=0.64s
2026-03-15 01:48:09 | INFO | Validation — loss=2.3972, acc=0.6951, f1=0.4101, recall=0.5, precision=0.3475
2026-03-15 01:48:10 | INFO | [Epoch 009] total_loss=0.090554, Lr0=0.000098Lr1=0.000976, time=0.61s
2026-03-15 01:48:11 | INFO | Validation — loss=0.0923, acc=0.9645, f1=0.9567, recall=0.9418, precision=0.9757
2026-03-15 01:48:11 | INFO | Best model logged 0.9567
2026-03-15 01:48:12 | INFO | [Epoch 010] total_loss=0.090304, Lr0=0.000097Lr1=0.000970, time=0.60s
2026-03-15 01:48:13 | INFO | Validation — loss=0.0092, acc=1.0, f1=1.0, recall=1.0, precision=1.0
2026-03-15 01:48:13 | INFO | Best model logged 1.0
2026-03-15 01:48:14 | INFO | [Epoch 011] total_loss=0.072909, Lr0=0.000097Lr1=0.000965, time=0.61s
2026-03-15 01:48:15 | INFO | Validation — loss=0.0180, acc=1.0, f1=1.0, recall=1.0, precision=1.0
2026-03-15 01:48:15 | INFO | [Epoch 012] total_loss=0.062932, Lr0=0.000096Lr1=0.000959, time=0.63s
2026-03-15 01:48:17 | INFO | Validation — loss=0.0052, acc=1.0, f1=1.0, recall=1.0, precision=1.0
2026-03-15 01:48:17 | INFO | [Epoch 013] total_loss=0.046951, Lr0=0.000095Lr1=0.000952, time=0.60s
2026-03-15 01:48:19 | INFO | Validation — loss=0.0040, acc=1.0, f1=1.0, recall=1.0, precision=1.0
2026-03-15 01:48:19 | INFO | [Epoch 014] total_loss=0.025750, Lr0=0.000095Lr1=0.000946, time=0.61s
2026-03-15 01:48:21 | INFO | Validation — loss=0.0022, acc=1.0, f1=1.0, recall=1.0, precision=1.0
2026-03-15 01:48:21 | INFO | [Epoch 015] total_loss=0.029633, Lr0=0.000094Lr1=0.000938, time=0.65s
2026-03-15 01:48:22 | INFO | Validation — loss=0.0014, acc=1.0, f1=1.0, recall=1.0, precision=1.0
2026-03-15 01:48:23 | INFO | [Epoch 016] total_loss=0.020884, Lr0=0.000093Lr1=0.000930, time=0.62s
2026-03-15 01:48:24 | INFO | Validation — loss=0.0114, acc=0.9959, f1=0.9952, recall=0.9971, precision=0.9934
2026-03-15 01:48:25 | INFO | [Epoch 017] total_loss=0.060576, Lr0=0.000092Lr1=0.000922, time=0.59s
2026-03-15 01:48:26 | INFO | Validation — loss=0.0768, acc=0.9693, f1=0.9647, recall=0.9779, precision=0.9543
2026-03-15 01:48:27 | INFO | [Epoch 018] total_loss=0.033469, Lr0=0.000091Lr1=0.000914, time=0.59s
2026-03-15 01:48:28 | INFO | Validation — loss=0.0082, acc=0.9955, f1=0.9947, recall=0.9967, precision=0.9927
2026-03-15 01:48:29 | INFO | [Epoch 019] total_loss=0.036975, Lr0=0.000091Lr1=0.000905, time=0.61s
2026-03-15 01:48:30 | INFO | Validation — loss=2.2538, acc=0.3745, f1=0.3378, recall=0.55, precision=0.6639
2026-03-15 01:48:31 | INFO | [Epoch 020] total_loss=0.038221, Lr0=0.000090Lr1=0.000895, time=0.60s
2026-03-15 01:48:32 | INFO | Validation — loss=0.0008, acc=1.0, f1=1.0, recall=1.0, precision=1.0
2026-03-15 01:48:32 | INFO | [Epoch 021] total_loss=0.069490, Lr0=0.000089Lr1=0.000885, time=0.59s
2026-03-15 01:48:34 | INFO | Validation — loss=0.0008, acc=1.0, f1=1.0, recall=1.0, precision=1.0
2026-03-15 01:48:34 | INFO | [Epoch 022] total_loss=0.028317, Lr0=0.000088Lr1=0.000875, time=0.60s
2026-03-15 01:48:36 | INFO | Validation — loss=0.2070, acc=0.9222, f1=0.9138, recall=0.9441, precision=0.8984
2026-03-15 01:48:36 | INFO | [Epoch 023] total_loss=0.021216, Lr0=0.000087Lr1=0.000865, time=0.60s
2026-03-15 01:48:37 | INFO | Validation — loss=0.0085, acc=0.9959, f1=0.9952, recall=0.9971, precision=0.9934
2026-03-15 01:48:38 | INFO | [Epoch 024] total_loss=0.017841, Lr0=0.000086Lr1=0.000854, time=0.61s
2026-03-15 01:48:39 | INFO | Validation — loss=0.0113, acc=0.9948, f1=0.9939, recall=0.9962, precision=0.9916
2026-03-15 01:48:40 | INFO | [Epoch 025] total_loss=0.007202, Lr0=0.000084Lr1=0.000842, time=0.61s
2026-03-15 01:48:41 | INFO | Validation — loss=0.0160, acc=0.9941, f1=0.9931, recall=0.9957, precision=0.9905
2026-03-15 01:48:42 | INFO | [Epoch 026] total_loss=0.008743, Lr0=0.000083Lr1=0.000831, time=0.59s
2026-03-15 01:48:43 | INFO | Validation — loss=0.0083, acc=0.9959, f1=0.9952, recall=0.9971, precision=0.9934
2026-03-15 01:48:44 | INFO | [Epoch 027] total_loss=0.005433, Lr0=0.000082Lr1=0.000819, time=0.61s
2026-03-15 01:48:45 | INFO | Validation — loss=0.0121, acc=0.9952, f1=0.9944, recall=0.9966, precision=0.9923
2026-03-15 01:48:46 | INFO | [Epoch 028] total_loss=0.003619, Lr0=0.000081Lr1=0.000807, time=0.60s
2026-03-15 01:48:47 | INFO | Validation — loss=0.0061, acc=0.9961, f1=0.9955, recall=0.9972, precision=0.9937
2026-03-15 01:48:48 | INFO | [Epoch 029] total_loss=0.003510, Lr0=0.000080Lr1=0.000794, time=0.61s
2026-03-15 01:48:49 | INFO | Validation — loss=0.0067, acc=0.9959, f1=0.9952, recall=0.9971, precision=0.9934
2026-03-15 01:48:49 | INFO | [Epoch 030] total_loss=0.003039, Lr0=0.000078Lr1=0.000781, time=0.61s
2026-03-15 01:48:51 | INFO | Validation — loss=0.0025, acc=1.0, f1=1.0, recall=1.0, precision=1.0
2026-03-15 01:48:51 | INFO | Early stopping at epoch 30. Best: 1.000000
2026-03-15 01:48:51 | INFO | Training complete.
2026-03-15 01:48:51 | INFO | Best checkpoint: ./save/cnn_overlap_new/subject_invariant_SWELLDataset/finetuned_best_14.pt
