2026-03-14 16:10:43 | INFO | Starting new run with seed 0
2026-03-14 16:10:43 | INFO | Starting new run with seed 0
2026-03-14 16:11:14 | INFO | Model forward SubjectSpecificContrastiveModel(
  (encoder): CNNEncoder(
    (cnn_layers): Sequential(
      (0): Conv1d(1, 32, kernel_size=(10,), stride=(1,))
      (1): BatchNorm1d(32, eps=1e-05, momentum=0.1, affine=True, track_running_stats=True)
      (2): ReLU()
      (3): MaxPool1d(kernel_size=2, stride=2, padding=0, dilation=1, ceil_mode=False)
      (4): Dropout(p=0.1, inplace=False)
      (5): Conv1d(32, 64, kernel_size=(10,), stride=(1,))
      (6): BatchNorm1d(64, eps=1e-05, momentum=0.1, affine=True, track_running_stats=True)
      (7): ReLU()
      (8): MaxPool1d(kernel_size=2, stride=2, padding=0, dilation=1, ceil_mode=False)
      (9): Dropout(p=0.1, inplace=False)
      (10): Conv1d(64, 128, kernel_size=(10,), stride=(1,))
      (11): BatchNorm1d(128, eps=1e-05, momentum=0.1, affine=True, track_running_stats=True)
      (12): ReLU()
      (13): MaxPool1d(kernel_size=2, stride=2, padding=0, dilation=1, ceil_mode=False)
      (14): Dropout(p=0.1, inplace=False)
      (15): Conv1d(128, 256, kernel_size=(10,), stride=(1,))
      (16): BatchNorm1d(256, eps=1e-05, momentum=0.1, affine=True, track_running_stats=True)
      (17): ReLU()
      (18): MaxPool1d(kernel_size=2, stride=2, padding=0, dilation=1, ceil_mode=False)
      (19): Dropout(p=0.1, inplace=False)
    )
    (linear_layer): Sequential(
      (0): Linear(in_features=18176, out_features=64, bias=True)
      (1): ReLU()
    )
  )
  (projection_head): Sequential(
    (0): Linear(in_features=64, out_features=32, bias=True)
    (1): BatchNorm1d(32, eps=1e-05, momentum=0.1, affine=True, track_running_stats=True)
  )
  (loss_fn): NCELoss()
)
2026-03-14 16:11:14 | INFO | Model forward SubjectSpecificContrastiveModel(
  (encoder): CNNEncoder(
    (cnn_layers): Sequential(
      (0): Conv1d(1, 32, kernel_size=(10,), stride=(1,))
      (1): BatchNorm1d(32, eps=1e-05, momentum=0.1, affine=True, track_running_stats=True)
      (2): ReLU()
      (3): MaxPool1d(kernel_size=2, stride=2, padding=0, dilation=1, ceil_mode=False)
      (4): Dropout(p=0.1, inplace=False)
      (5): Conv1d(32, 64, kernel_size=(10,), stride=(1,))
      (6): BatchNorm1d(64, eps=1e-05, momentum=0.1, affine=True, track_running_stats=True)
      (7): ReLU()
      (8): MaxPool1d(kernel_size=2, stride=2, padding=0, dilation=1, ceil_mode=False)
      (9): Dropout(p=0.1, inplace=False)
      (10): Conv1d(64, 128, kernel_size=(10,), stride=(1,))
      (11): BatchNorm1d(128, eps=1e-05, momentum=0.1, affine=True, track_running_stats=True)
      (12): ReLU()
      (13): MaxPool1d(kernel_size=2, stride=2, padding=0, dilation=1, ceil_mode=False)
      (14): Dropout(p=0.1, inplace=False)
      (15): Conv1d(128, 256, kernel_size=(10,), stride=(1,))
      (16): BatchNorm1d(256, eps=1e-05, momentum=0.1, affine=True, track_running_stats=True)
      (17): ReLU()
      (18): MaxPool1d(kernel_size=2, stride=2, padding=0, dilation=1, ceil_mode=False)
      (19): Dropout(p=0.1, inplace=False)
    )
    (linear_layer): Sequential(
      (0): Linear(in_features=18176, out_features=64, bias=True)
      (1): ReLU()
    )
  )
  (projection_head): Sequential(
    (0): Linear(in_features=64, out_features=32, bias=True)
    (1): BatchNorm1d(32, eps=1e-05, momentum=0.1, affine=True, track_running_stats=True)
  )
  (loss_fn): NCELoss()
)
2026-03-14 16:12:00 | INFO | [Epoch 000] total_loss=8.279629, Lr0=0.001000, time=46.18s
2026-03-14 16:12:00 | INFO | Best model logged 8.27962875366211
2026-03-14 16:12:39 | INFO | [Epoch 001] total_loss=7.109874, Lr0=0.001000, time=38.70s
2026-03-14 16:12:39 | INFO | Best model logged 7.1098737716674805
2026-03-14 16:13:17 | INFO | [Epoch 002] total_loss=6.820763, Lr0=0.001000, time=38.25s
2026-03-14 16:13:17 | INFO | Best model logged 6.820762634277344
2026-03-14 16:13:55 | INFO | [Epoch 003] total_loss=6.759022, Lr0=0.001000, time=38.38s
2026-03-14 16:13:55 | INFO | Best model logged 6.759022235870361
2026-03-14 16:14:34 | INFO | [Epoch 004] total_loss=6.500136, Lr0=0.001000, time=38.17s
2026-03-14 16:14:34 | INFO | Best model logged 6.500136375427246
2026-03-14 16:15:12 | INFO | [Epoch 005] total_loss=6.441857, Lr0=0.001000, time=38.57s
2026-03-14 16:15:12 | INFO | Best model logged 6.44185733795166
2026-03-14 16:15:50 | INFO | [Epoch 006] total_loss=6.254100, Lr0=0.001000, time=38.10s
2026-03-14 16:15:50 | INFO | Best model logged 6.2540998458862305
2026-03-14 16:16:28 | INFO | [Epoch 007] total_loss=6.239594, Lr0=0.001000, time=37.91s
2026-03-14 16:16:28 | INFO | Best model logged 6.239594459533691
2026-03-14 16:17:07 | INFO | [Epoch 008] total_loss=6.805593, Lr0=0.001000, time=38.44s
2026-03-14 16:17:46 | INFO | [Epoch 009] total_loss=6.481111, Lr0=0.001000, time=38.68s
2026-03-14 16:18:24 | INFO | [Epoch 010] total_loss=6.293124, Lr0=0.001000, time=38.03s
2026-03-14 16:19:02 | INFO | [Epoch 011] total_loss=6.234861, Lr0=0.001000, time=38.31s
2026-03-14 16:19:02 | INFO | Best model logged 6.234861373901367
2026-03-14 16:19:41 | INFO | [Epoch 012] total_loss=6.214520, Lr0=0.001000, time=38.78s
2026-03-14 16:19:41 | INFO | Best model logged 6.214519500732422
2026-03-14 16:20:19 | INFO | [Epoch 013] total_loss=6.211748, Lr0=0.001000, time=38.19s
2026-03-14 16:20:19 | INFO | Best model logged 6.211748123168945
2026-03-14 16:20:57 | INFO | [Epoch 014] total_loss=6.200444, Lr0=0.001000, time=38.13s
2026-03-14 16:20:57 | INFO | Best model logged 6.200444221496582
2026-03-14 16:21:35 | INFO | [Epoch 015] total_loss=6.200415, Lr0=0.001000, time=37.98s
2026-03-14 16:22:14 | INFO | [Epoch 016] total_loss=6.175116, Lr0=0.001000, time=38.64s
2026-03-14 16:22:14 | INFO | Best model logged 6.175115585327148
2026-03-14 16:22:52 | INFO | [Epoch 017] total_loss=6.168087, Lr0=0.001000, time=38.16s
2026-03-14 16:22:52 | INFO | Best model logged 6.168086528778076
2026-03-14 16:23:30 | INFO | [Epoch 018] total_loss=6.039868, Lr0=0.001000, time=38.00s
2026-03-14 16:23:30 | INFO | Best model logged 6.039868354797363
2026-03-14 16:24:09 | INFO | [Epoch 019] total_loss=5.964420, Lr0=0.001000, time=38.45s
2026-03-14 16:24:09 | INFO | Best model logged 5.964420318603516
2026-03-14 16:24:48 | INFO | [Epoch 020] total_loss=5.886122, Lr0=0.001000, time=38.68s
2026-03-14 16:24:48 | INFO | Best model logged 5.88612174987793
2026-03-14 16:25:26 | INFO | [Epoch 021] total_loss=5.888662, Lr0=0.001000, time=38.09s
2026-03-14 16:26:04 | INFO | [Epoch 022] total_loss=5.735842, Lr0=0.001000, time=38.34s
2026-03-14 16:26:04 | INFO | Best model logged 5.735841751098633
2026-03-14 16:26:43 | INFO | [Epoch 023] total_loss=5.616798, Lr0=0.001000, time=38.70s
2026-03-14 16:26:43 | INFO | Best model logged 5.616798400878906
2026-03-14 16:27:21 | INFO | [Epoch 024] total_loss=5.500286, Lr0=0.001000, time=38.07s
2026-03-14 16:27:21 | INFO | Best model logged 5.500286102294922
2026-03-14 16:27:59 | INFO | [Epoch 025] total_loss=5.349633, Lr0=0.001000, time=38.11s
2026-03-14 16:27:59 | INFO | Best model logged 5.34963321685791
2026-03-14 16:28:38 | INFO | [Epoch 026] total_loss=5.200271, Lr0=0.001000, time=38.40s
2026-03-14 16:28:38 | INFO | Best model logged 5.200270652770996
2026-03-14 16:29:17 | INFO | [Epoch 027] total_loss=5.113031, Lr0=0.001000, time=38.99s
2026-03-14 16:29:17 | INFO | Best model logged 5.113031387329102
2026-03-14 16:29:55 | INFO | [Epoch 028] total_loss=5.003890, Lr0=0.001000, time=38.50s
2026-03-14 16:29:55 | INFO | Best model logged 5.003890037536621
2026-03-14 16:30:34 | INFO | [Epoch 029] total_loss=4.950438, Lr0=0.001000, time=38.41s
2026-03-14 16:30:34 | INFO | Best model logged 4.950437545776367
2026-03-14 16:31:12 | INFO | [Epoch 030] total_loss=4.882270, Lr0=0.001000, time=38.04s
2026-03-14 16:31:12 | INFO | Best model logged 4.882269859313965
2026-03-14 16:31:51 | INFO | [Epoch 031] total_loss=4.873208, Lr0=0.001000, time=38.94s
2026-03-14 16:31:51 | INFO | Best model logged 4.873208045959473
2026-03-14 16:32:29 | INFO | [Epoch 032] total_loss=4.803969, Lr0=0.001000, time=38.02s
2026-03-14 16:32:29 | INFO | Best model logged 4.803969383239746
2026-03-14 16:33:07 | INFO | [Epoch 033] total_loss=4.745511, Lr0=0.001000, time=38.10s
2026-03-14 16:33:07 | INFO | Best model logged 4.745511054992676
2026-03-14 16:33:46 | INFO | [Epoch 034] total_loss=4.774421, Lr0=0.001000, time=38.84s
2026-03-14 16:34:24 | INFO | [Epoch 035] total_loss=4.715894, Lr0=0.001000, time=38.27s
2026-03-14 16:34:24 | INFO | Best model logged 4.7158942222595215
2026-03-14 16:35:02 | INFO | [Epoch 036] total_loss=4.736789, Lr0=0.001000, time=38.16s
2026-03-14 16:35:41 | INFO | [Epoch 037] total_loss=4.689213, Lr0=0.001000, time=38.27s
2026-03-14 16:35:41 | INFO | Best model logged 4.689212799072266
2026-03-14 16:36:20 | INFO | [Epoch 038] total_loss=4.679876, Lr0=0.001000, time=38.96s
2026-03-14 16:36:20 | INFO | Best model logged 4.679876327514648
2026-03-14 16:36:58 | INFO | [Epoch 039] total_loss=4.651162, Lr0=0.001000, time=38.06s
2026-03-14 16:36:58 | INFO | Best model logged 4.651162147521973
2026-03-14 16:37:36 | INFO | [Epoch 040] total_loss=4.677303, Lr0=0.001000, time=38.03s
2026-03-14 16:38:14 | INFO | [Epoch 041] total_loss=4.615172, Lr0=0.001000, time=38.13s
2026-03-14 16:38:14 | INFO | Best model logged 4.615171909332275
2026-03-14 16:38:53 | INFO | [Epoch 042] total_loss=4.605928, Lr0=0.001000, time=38.75s
2026-03-14 16:38:53 | INFO | Best model logged 4.605928421020508
2026-03-14 16:39:31 | INFO | [Epoch 043] total_loss=4.587643, Lr0=0.001000, time=38.06s
2026-03-14 16:39:31 | INFO | Best model logged 4.587642669677734
2026-03-14 16:40:09 | INFO | [Epoch 044] total_loss=4.598640, Lr0=0.001000, time=38.03s
2026-03-14 16:40:48 | INFO | [Epoch 045] total_loss=4.570016, Lr0=0.001000, time=38.73s
2026-03-14 16:40:48 | INFO | Best model logged 4.570016384124756
2026-03-14 16:41:26 | INFO | [Epoch 046] total_loss=4.584180, Lr0=0.001000, time=38.10s
2026-03-14 16:42:04 | INFO | [Epoch 047] total_loss=4.575857, Lr0=0.001000, time=38.10s
2026-03-14 16:42:42 | INFO | [Epoch 048] total_loss=4.628184, Lr0=0.001000, time=38.14s
2026-03-14 16:43:21 | INFO | [Epoch 049] total_loss=4.566404, Lr0=0.001000, time=38.58s
2026-03-14 16:43:21 | INFO | Best model logged 4.566404342651367
2026-03-14 16:43:59 | INFO | [Epoch 050] total_loss=4.540351, Lr0=0.001000, time=38.01s
2026-03-14 16:43:59 | INFO | Best model logged 4.540350914001465
2026-03-14 16:44:37 | INFO | [Epoch 051] total_loss=4.587060, Lr0=0.001000, time=38.51s
2026-03-14 16:45:15 | INFO | [Epoch 052] total_loss=4.557596, Lr0=0.001000, time=37.97s
2026-03-14 16:45:54 | INFO | [Epoch 053] total_loss=4.529930, Lr0=0.001000, time=38.60s
2026-03-14 16:45:54 | INFO | Best model logged 4.529930114746094
2026-03-14 16:46:32 | INFO | [Epoch 054] total_loss=4.536983, Lr0=0.001000, time=38.25s
2026-03-14 16:47:10 | INFO | [Epoch 055] total_loss=4.527620, Lr0=0.001000, time=38.13s
2026-03-14 16:47:11 | INFO | Best model logged 4.527620315551758
2026-03-14 16:47:49 | INFO | [Epoch 056] total_loss=4.565059, Lr0=0.001000, time=38.67s
2026-03-14 16:48:27 | INFO | [Epoch 057] total_loss=4.528145, Lr0=0.001000, time=38.05s
2026-03-14 16:49:05 | INFO | [Epoch 058] total_loss=4.514446, Lr0=0.001000, time=38.12s
2026-03-14 16:49:05 | INFO | Best model logged 4.514446258544922
2026-03-14 16:49:44 | INFO | [Epoch 059] total_loss=4.533662, Lr0=0.001000, time=38.10s
2026-03-14 16:50:22 | INFO | [Epoch 060] total_loss=4.529450, Lr0=0.001000, time=38.60s
2026-03-14 16:51:01 | INFO | [Epoch 061] total_loss=4.514608, Lr0=0.001000, time=38.67s
2026-03-14 16:51:39 | INFO | [Epoch 062] total_loss=4.543254, Lr0=0.001000, time=38.53s
2026-03-14 16:52:18 | INFO | [Epoch 063] total_loss=4.539507, Lr0=0.001000, time=38.16s
2026-03-14 16:52:56 | INFO | [Epoch 064] total_loss=4.473308, Lr0=0.001000, time=38.89s
2026-03-14 16:52:56 | INFO | Best model logged 4.473308086395264
2026-03-14 16:53:35 | INFO | [Epoch 065] total_loss=4.494717, Lr0=0.001000, time=38.32s
2026-03-14 16:54:13 | INFO | [Epoch 066] total_loss=4.481780, Lr0=0.001000, time=38.45s
2026-03-14 16:54:52 | INFO | [Epoch 067] total_loss=4.502022, Lr0=0.001000, time=38.67s
2026-03-14 16:55:31 | INFO | [Epoch 068] total_loss=4.475837, Lr0=0.001000, time=38.71s
2026-03-14 16:56:09 | INFO | [Epoch 069] total_loss=4.497887, Lr0=0.001000, time=38.16s
2026-03-14 16:56:47 | INFO | [Epoch 070] total_loss=4.487419, Lr0=0.001000, time=38.14s
2026-03-14 16:57:26 | INFO | [Epoch 071] total_loss=4.477280, Lr0=0.001000, time=38.76s
2026-03-14 16:58:04 | INFO | [Epoch 072] total_loss=4.477929, Lr0=0.001000, time=38.62s
2026-03-14 16:58:43 | INFO | [Epoch 073] total_loss=4.514264, Lr0=0.001000, time=38.11s
2026-03-14 16:59:21 | INFO | [Epoch 074] total_loss=4.444799, Lr0=0.001000, time=38.13s
2026-03-14 16:59:21 | INFO | Best model logged 4.444799423217773
2026-03-14 16:59:59 | INFO | [Epoch 075] total_loss=4.461268, Lr0=0.001000, time=38.70s
2026-03-14 17:00:38 | INFO | [Epoch 076] total_loss=4.539181, Lr0=0.001000, time=38.22s
2026-03-14 17:01:16 | INFO | [Epoch 077] total_loss=4.464639, Lr0=0.001000, time=38.12s
2026-03-14 17:01:55 | INFO | [Epoch 078] total_loss=4.456106, Lr0=0.001000, time=38.85s
2026-03-14 17:02:33 | INFO | [Epoch 079] total_loss=4.483845, Lr0=0.001000, time=38.53s
2026-03-14 17:03:12 | INFO | [Epoch 080] total_loss=4.443439, Lr0=0.001000, time=38.55s
2026-03-14 17:03:12 | INFO | Best model logged 4.44343900680542
2026-03-14 17:03:50 | INFO | [Epoch 081] total_loss=4.511633, Lr0=0.001000, time=38.20s
2026-03-14 17:04:29 | INFO | [Epoch 082] total_loss=4.443957, Lr0=0.001000, time=38.75s
2026-03-14 17:05:07 | INFO | [Epoch 083] total_loss=4.445253, Lr0=0.001000, time=38.66s
2026-03-14 17:05:46 | INFO | [Epoch 084] total_loss=4.439509, Lr0=0.001000, time=38.34s
2026-03-14 17:05:46 | INFO | Best model logged 4.439509391784668
2026-03-14 17:06:24 | INFO | [Epoch 085] total_loss=4.438258, Lr0=0.001000, time=38.38s
2026-03-14 17:06:24 | INFO | Best model logged 4.438258171081543
2026-03-14 17:07:03 | INFO | [Epoch 086] total_loss=4.451484, Lr0=0.001000, time=38.90s
2026-03-14 17:07:42 | INFO | [Epoch 087] total_loss=4.441424, Lr0=0.001000, time=38.62s
2026-03-14 17:08:20 | INFO | [Epoch 088] total_loss=4.448293, Lr0=0.001000, time=38.54s
2026-03-14 17:08:59 | INFO | [Epoch 089] total_loss=4.450644, Lr0=0.001000, time=38.50s
2026-03-14 17:09:37 | INFO | [Epoch 090] total_loss=4.436843, Lr0=0.001000, time=38.46s
2026-03-14 17:09:37 | INFO | Best model logged 4.436842918395996
2026-03-14 17:10:15 | INFO | [Epoch 091] total_loss=4.439239, Lr0=0.001000, time=38.09s
2026-03-14 17:10:54 | INFO | [Epoch 092] total_loss=4.460626, Lr0=0.001000, time=38.44s
2026-03-14 17:11:33 | INFO | [Epoch 093] total_loss=4.411633, Lr0=0.001000, time=38.90s
2026-03-14 17:11:33 | INFO | Best model logged 4.411633014678955
2026-03-14 17:12:12 | INFO | [Epoch 094] total_loss=4.421512, Lr0=0.001000, time=38.66s
2026-03-14 17:12:50 | INFO | [Epoch 095] total_loss=4.441692, Lr0=0.001000, time=38.23s
2026-03-14 17:13:28 | INFO | [Epoch 096] total_loss=4.419303, Lr0=0.001000, time=38.18s
2026-03-14 17:14:07 | INFO | [Epoch 097] total_loss=4.407380, Lr0=0.001000, time=38.81s
2026-03-14 17:14:07 | INFO | Best model logged 4.407379627227783
2026-03-14 17:14:45 | INFO | [Epoch 098] total_loss=4.423861, Lr0=0.001000, time=38.63s
2026-03-14 17:15:24 | INFO | [Epoch 099] total_loss=4.455637, Lr0=0.001000, time=38.23s
2026-03-14 17:16:02 | INFO | [Epoch 100] total_loss=4.426352, Lr0=0.001000, time=38.50s
2026-03-14 17:16:41 | INFO | [Epoch 101] total_loss=4.412074, Lr0=0.001000, time=38.44s
2026-03-14 17:17:19 | INFO | [Epoch 102] total_loss=4.418564, Lr0=0.001000, time=38.14s
2026-03-14 17:17:57 | INFO | [Epoch 103] total_loss=4.420383, Lr0=0.001000, time=38.40s
2026-03-14 17:18:36 | INFO | [Epoch 104] total_loss=4.416033, Lr0=0.000999, time=39.05s
2026-03-14 17:19:15 | INFO | [Epoch 105] total_loss=4.411429, Lr0=0.000999, time=38.21s
2026-03-14 17:19:53 | INFO | [Epoch 106] total_loss=4.567061, Lr0=0.000999, time=38.17s
2026-03-14 17:20:31 | INFO | [Epoch 107] total_loss=4.429996, Lr0=0.000998, time=38.28s
2026-03-14 17:21:10 | INFO | [Epoch 108] total_loss=4.430363, Lr0=0.000998, time=38.83s
2026-03-14 17:21:48 | INFO | [Epoch 109] total_loss=4.418680, Lr0=0.000998, time=38.48s
2026-03-14 17:22:26 | INFO | [Epoch 110] total_loss=4.413432, Lr0=0.000997, time=38.16s
2026-03-14 17:23:05 | INFO | [Epoch 111] total_loss=4.406243, Lr0=0.000996, time=38.64s
2026-03-14 17:23:05 | INFO | Best model logged 4.406242847442627
2026-03-14 17:23:44 | INFO | [Epoch 112] total_loss=4.402529, Lr0=0.000996, time=38.44s
2026-03-14 17:23:44 | INFO | Best model logged 4.402528762817383
2026-03-14 17:24:22 | INFO | [Epoch 113] total_loss=4.546760, Lr0=0.000995, time=38.18s
2026-03-14 17:25:00 | INFO | [Epoch 114] total_loss=4.411099, Lr0=0.000994, time=38.19s
2026-03-14 17:25:39 | INFO | [Epoch 115] total_loss=4.401011, Lr0=0.000994, time=38.86s
2026-03-14 17:25:39 | INFO | Best model logged 4.4010114669799805
2026-03-14 17:26:17 | INFO | [Epoch 116] total_loss=4.453427, Lr0=0.000993, time=38.11s
2026-03-14 17:26:55 | INFO | [Epoch 117] total_loss=4.395092, Lr0=0.000992, time=38.19s
2026-03-14 17:26:55 | INFO | Best model logged 4.395092010498047
2026-03-14 17:27:34 | INFO | [Epoch 118] total_loss=4.405445, Lr0=0.000991, time=38.25s
2026-03-14 17:28:12 | INFO | [Epoch 119] total_loss=4.400516, Lr0=0.000990, time=38.75s
2026-03-14 17:28:50 | INFO | [Epoch 120] total_loss=4.460055, Lr0=0.000989, time=38.10s
2026-03-14 17:29:29 | INFO | [Epoch 121] total_loss=4.411515, Lr0=0.000988, time=38.33s
2026-03-14 17:30:07 | INFO | [Epoch 122] total_loss=4.396072, Lr0=0.000987, time=38.37s
2026-03-14 17:30:46 | INFO | [Epoch 123] total_loss=4.408939, Lr0=0.000986, time=38.56s
2026-03-14 17:31:24 | INFO | [Epoch 124] total_loss=4.392728, Lr0=0.000985, time=38.34s
2026-03-14 17:31:24 | INFO | Best model logged 4.392727851867676
2026-03-14 17:32:03 | INFO | [Epoch 125] total_loss=4.383849, Lr0=0.000983, time=38.31s
2026-03-14 17:32:03 | INFO | Best model logged 4.383849143981934
2026-03-14 17:32:41 | INFO | [Epoch 126] total_loss=4.395555, Lr0=0.000982, time=38.78s
2026-03-14 17:33:20 | INFO | [Epoch 127] total_loss=4.393469, Lr0=0.000981, time=38.45s
2026-03-14 17:33:58 | INFO | [Epoch 128] total_loss=4.432687, Lr0=0.000979, time=38.20s
2026-03-14 17:34:37 | INFO | [Epoch 129] total_loss=4.430723, Lr0=0.000978, time=38.79s
2026-03-14 17:35:15 | INFO | [Epoch 130] total_loss=4.403855, Lr0=0.000976, time=38.52s
2026-03-14 17:35:54 | INFO | [Epoch 131] total_loss=4.381032, Lr0=0.000975, time=38.21s
2026-03-14 17:35:54 | INFO | Best model logged 4.381031513214111
2026-03-14 17:36:32 | INFO | [Epoch 132] total_loss=4.440240, Lr0=0.000973, time=38.29s
2026-03-14 17:37:10 | INFO | [Epoch 133] total_loss=4.380260, Lr0=0.000972, time=38.37s
2026-03-14 17:37:10 | INFO | Best model logged 4.380260467529297
2026-03-14 17:37:49 | INFO | [Epoch 134] total_loss=4.396426, Lr0=0.000970, time=38.47s
2026-03-14 17:38:27 | INFO | [Epoch 135] total_loss=4.404792, Lr0=0.000968, time=38.15s
2026-03-14 17:39:05 | INFO | [Epoch 136] total_loss=4.395340, Lr0=0.000967, time=38.21s
2026-03-14 17:39:44 | INFO | [Epoch 137] total_loss=4.393515, Lr0=0.000965, time=38.78s
2026-03-14 17:40:23 | INFO | [Epoch 138] total_loss=4.405040, Lr0=0.000963, time=38.87s
2026-03-14 17:41:01 | INFO | [Epoch 139] total_loss=4.453033, Lr0=0.000961, time=38.32s
2026-03-14 17:41:40 | INFO | [Epoch 140] total_loss=4.389563, Lr0=0.000959, time=38.57s
2026-03-14 17:42:18 | INFO | [Epoch 141] total_loss=4.481792, Lr0=0.000957, time=38.55s
2026-03-14 17:42:56 | INFO | [Epoch 142] total_loss=4.413159, Lr0=0.000955, time=38.17s
2026-03-14 17:43:35 | INFO | [Epoch 143] total_loss=4.385860, Lr0=0.000953, time=38.60s
2026-03-14 17:44:14 | INFO | [Epoch 144] total_loss=4.388159, Lr0=0.000951, time=38.51s
2026-03-14 17:44:53 | INFO | [Epoch 145] total_loss=4.385431, Lr0=0.000949, time=38.90s
2026-03-14 17:45:31 | INFO | [Epoch 146] total_loss=4.379690, Lr0=0.000947, time=38.43s
2026-03-14 17:45:31 | INFO | Best model logged 4.379689693450928
2026-03-14 17:46:09 | INFO | [Epoch 147] total_loss=4.396944, Lr0=0.000944, time=38.22s
2026-03-14 17:46:48 | INFO | [Epoch 148] total_loss=4.375493, Lr0=0.000942, time=38.88s
2026-03-14 17:46:48 | INFO | Best model logged 4.375493049621582
2026-03-14 17:47:27 | INFO | [Epoch 149] total_loss=4.442080, Lr0=0.000940, time=38.47s
2026-03-14 17:48:05 | INFO | [Epoch 150] total_loss=4.401030, Lr0=0.000937, time=38.14s
2026-03-14 17:48:43 | INFO | [Epoch 151] total_loss=4.421502, Lr0=0.000935, time=38.53s
2026-03-14 17:49:22 | INFO | [Epoch 152] total_loss=4.459485, Lr0=0.000932, time=38.48s
2026-03-14 17:50:00 | INFO | [Epoch 153] total_loss=4.383544, Lr0=0.000930, time=38.64s
2026-03-14 17:50:39 | INFO | [Epoch 154] total_loss=4.369778, Lr0=0.000927, time=38.42s
2026-03-14 17:50:39 | INFO | Best model logged 4.369777679443359
2026-03-14 17:51:17 | INFO | [Epoch 155] total_loss=4.384899, Lr0=0.000925, time=38.33s
2026-03-14 17:51:56 | INFO | [Epoch 156] total_loss=4.367041, Lr0=0.000922, time=38.58s
2026-03-14 17:51:56 | INFO | Best model logged 4.367040634155273
2026-03-14 17:52:34 | INFO | [Epoch 157] total_loss=4.382559, Lr0=0.000920, time=38.17s
2026-03-14 17:53:12 | INFO | [Epoch 158] total_loss=4.376116, Lr0=0.000917, time=38.31s
2026-03-14 17:53:51 | INFO | [Epoch 159] total_loss=4.377091, Lr0=0.000914, time=38.54s
2026-03-14 17:54:30 | INFO | [Epoch 160] total_loss=4.372600, Lr0=0.000911, time=38.54s
2026-03-14 17:55:08 | INFO | [Epoch 161] total_loss=4.371828, Lr0=0.000908, time=38.67s
2026-03-14 17:55:47 | INFO | [Epoch 162] total_loss=4.358690, Lr0=0.000906, time=38.52s
2026-03-14 17:55:47 | INFO | Best model logged 4.35869026184082
2026-03-14 17:56:25 | INFO | [Epoch 163] total_loss=4.406765, Lr0=0.000903, time=38.53s
2026-03-14 17:57:04 | INFO | [Epoch 164] total_loss=4.392923, Lr0=0.000900, time=38.71s
2026-03-14 17:57:42 | INFO | [Epoch 165] total_loss=4.360783, Lr0=0.000897, time=38.30s
2026-03-14 17:58:21 | INFO | [Epoch 166] total_loss=4.370257, Lr0=0.000894, time=38.61s
2026-03-14 17:59:00 | INFO | [Epoch 167] total_loss=4.355878, Lr0=0.000891, time=38.62s
2026-03-14 17:59:00 | INFO | Best model logged 4.355877876281738
2026-03-14 17:59:38 | INFO | [Epoch 168] total_loss=4.356851, Lr0=0.000888, time=38.41s
2026-03-14 18:00:16 | INFO | [Epoch 169] total_loss=4.354924, Lr0=0.000884, time=38.21s
2026-03-14 18:00:16 | INFO | Best model logged 4.354923725128174
2026-03-14 18:00:55 | INFO | [Epoch 170] total_loss=4.358086, Lr0=0.000881, time=38.66s
2026-03-14 18:01:34 | INFO | [Epoch 171] total_loss=4.357354, Lr0=0.000878, time=38.69s
2026-03-14 18:02:12 | INFO | [Epoch 172] total_loss=4.543477, Lr0=0.000875, time=38.08s
2026-03-14 18:02:50 | INFO | [Epoch 173] total_loss=4.428821, Lr0=0.000872, time=38.53s
2026-03-14 18:03:29 | INFO | [Epoch 174] total_loss=4.495195, Lr0=0.000868, time=38.86s
2026-03-14 18:04:07 | INFO | [Epoch 175] total_loss=4.392680, Lr0=0.000865, time=38.26s
2026-03-14 18:04:46 | INFO | [Epoch 176] total_loss=4.373921, Lr0=0.000861, time=38.15s
2026-03-14 18:05:24 | INFO | [Epoch 177] total_loss=4.351776, Lr0=0.000858, time=38.59s
2026-03-14 18:05:24 | INFO | Best model logged 4.351776123046875
2026-03-14 18:06:03 | INFO | [Epoch 178] total_loss=4.348732, Lr0=0.000855, time=38.58s
2026-03-14 18:06:03 | INFO | Best model logged 4.348731994628906
2026-03-14 18:06:41 | INFO | [Epoch 179] total_loss=4.374328, Lr0=0.000851, time=38.47s
2026-03-14 18:07:20 | INFO | [Epoch 180] total_loss=4.348068, Lr0=0.000848, time=38.28s
2026-03-14 18:07:20 | INFO | Best model logged 4.348067760467529
2026-03-14 18:07:59 | INFO | [Epoch 181] total_loss=4.354042, Lr0=0.000844, time=38.92s
2026-03-14 18:08:37 | INFO | [Epoch 182] total_loss=4.344169, Lr0=0.000840, time=38.65s
2026-03-14 18:08:37 | INFO | Best model logged 4.344168663024902
2026-03-14 18:09:16 | INFO | [Epoch 183] total_loss=4.351133, Lr0=0.000837, time=38.10s
2026-03-14 18:09:54 | INFO | [Epoch 184] total_loss=4.369151, Lr0=0.000833, time=38.60s
2026-03-14 18:10:33 | INFO | [Epoch 185] total_loss=4.362540, Lr0=0.000830, time=38.58s
2026-03-14 18:11:11 | INFO | [Epoch 186] total_loss=4.349186, Lr0=0.000826, time=38.34s
2026-03-14 18:11:49 | INFO | [Epoch 187] total_loss=4.354933, Lr0=0.000822, time=38.19s
2026-03-14 18:12:28 | INFO | [Epoch 188] total_loss=4.352249, Lr0=0.000818, time=38.46s
2026-03-14 18:13:06 | INFO | [Epoch 189] total_loss=4.346782, Lr0=0.000815, time=38.57s
2026-03-14 18:13:45 | INFO | [Epoch 190] total_loss=4.517013, Lr0=0.000811, time=38.51s
2026-03-14 18:14:23 | INFO | [Epoch 191] total_loss=4.378456, Lr0=0.000807, time=38.43s
2026-03-14 18:15:02 | INFO | [Epoch 192] total_loss=4.359646, Lr0=0.000803, time=38.69s
2026-03-14 18:15:40 | INFO | [Epoch 193] total_loss=4.336587, Lr0=0.000799, time=38.42s
2026-03-14 18:15:40 | INFO | Best model logged 4.336586952209473
2026-03-14 18:16:19 | INFO | [Epoch 194] total_loss=4.389421, Lr0=0.000795, time=38.38s
2026-03-14 18:16:57 | INFO | [Epoch 195] total_loss=4.345043, Lr0=0.000791, time=38.40s
2026-03-14 18:17:36 | INFO | [Epoch 196] total_loss=4.346527, Lr0=0.000787, time=38.53s
2026-03-14 18:18:14 | INFO | [Epoch 197] total_loss=4.327672, Lr0=0.000783, time=38.17s
2026-03-14 18:18:14 | INFO | Best model logged 4.327671527862549
2026-03-14 18:18:53 | INFO | [Epoch 198] total_loss=4.337820, Lr0=0.000779, time=38.64s
2026-03-14 18:19:31 | INFO | [Epoch 199] total_loss=4.336051, Lr0=0.000775, time=38.41s
2026-03-14 18:20:10 | INFO | [Epoch 200] total_loss=4.328191, Lr0=0.000771, time=38.69s
2026-03-14 18:20:48 | INFO | [Epoch 201] total_loss=4.357895, Lr0=0.000767, time=38.26s
2026-03-14 18:21:26 | INFO | [Epoch 202] total_loss=4.387864, Lr0=0.000763, time=38.22s
2026-03-14 18:22:05 | INFO | [Epoch 203] total_loss=4.327353, Lr0=0.000758, time=38.76s
2026-03-14 18:22:05 | INFO | Best model logged 4.327353477478027
2026-03-14 18:22:44 | INFO | [Epoch 204] total_loss=4.328738, Lr0=0.000754, time=38.75s
2026-03-14 18:23:22 | INFO | [Epoch 205] total_loss=4.330537, Lr0=0.000750, time=38.16s
2026-03-14 18:24:00 | INFO | [Epoch 206] total_loss=4.323668, Lr0=0.000746, time=38.36s
2026-03-14 18:24:00 | INFO | Best model logged 4.323668479919434
2026-03-14 18:24:39 | INFO | [Epoch 207] total_loss=4.324993, Lr0=0.000742, time=38.54s
2026-03-14 18:25:17 | INFO | [Epoch 208] total_loss=4.327847, Lr0=0.000737, time=38.18s
2026-03-14 18:25:56 | INFO | [Epoch 209] total_loss=4.324856, Lr0=0.000733, time=38.57s
2026-03-14 18:26:34 | INFO | [Epoch 210] total_loss=4.311566, Lr0=0.000729, time=38.57s
2026-03-14 18:26:34 | INFO | Best model logged 4.311566352844238
2026-03-14 18:27:13 | INFO | [Epoch 211] total_loss=4.312176, Lr0=0.000724, time=38.40s
2026-03-14 18:27:52 | INFO | [Epoch 212] total_loss=4.316959, Lr0=0.000720, time=38.69s
2026-03-14 18:28:30 | INFO | [Epoch 213] total_loss=4.316477, Lr0=0.000716, time=38.18s
2026-03-14 18:29:08 | INFO | [Epoch 214] total_loss=4.311010, Lr0=0.000711, time=38.64s
2026-03-14 18:29:08 | INFO | Best model logged 4.311009883880615
2026-03-14 18:29:47 | INFO | [Epoch 215] total_loss=4.323770, Lr0=0.000707, time=38.69s
2026-03-14 18:30:25 | INFO | [Epoch 216] total_loss=4.322478, Lr0=0.000702, time=38.23s
2026-03-14 18:31:04 | INFO | [Epoch 217] total_loss=4.334102, Lr0=0.000698, time=38.53s
2026-03-14 18:31:42 | INFO | [Epoch 218] total_loss=4.377390, Lr0=0.000694, time=38.47s
2026-03-14 18:32:21 | INFO | [Epoch 219] total_loss=4.301373, Lr0=0.000689, time=38.29s
2026-03-14 18:32:21 | INFO | Best model logged 4.301373481750488
2026-03-14 18:32:59 | INFO | [Epoch 220] total_loss=4.305799, Lr0=0.000685, time=38.36s
2026-03-14 18:33:38 | INFO | [Epoch 221] total_loss=4.297374, Lr0=0.000680, time=38.41s
2026-03-14 18:33:38 | INFO | Best model logged 4.2973737716674805
2026-03-14 18:34:16 | INFO | [Epoch 222] total_loss=4.303410, Lr0=0.000676, time=38.63s
2026-03-14 18:34:55 | INFO | [Epoch 223] total_loss=4.305874, Lr0=0.000671, time=38.32s
2026-03-14 18:35:33 | INFO | [Epoch 224] total_loss=4.312335, Lr0=0.000666, time=38.16s
2026-03-14 18:36:11 | INFO | [Epoch 225] total_loss=4.294714, Lr0=0.000662, time=38.46s
2026-03-14 18:36:11 | INFO | Best model logged 4.294713973999023
2026-03-14 18:36:50 | INFO | [Epoch 226] total_loss=4.296962, Lr0=0.000657, time=38.82s
2026-03-14 18:37:29 | INFO | [Epoch 227] total_loss=4.326351, Lr0=0.000653, time=38.40s
2026-03-14 18:38:08 | INFO | [Epoch 228] total_loss=4.321843, Lr0=0.000648, time=39.01s
2026-03-14 18:38:46 | INFO | [Epoch 229] total_loss=4.297557, Lr0=0.000644, time=38.28s
2026-03-14 18:39:25 | INFO | [Epoch 230] total_loss=4.295918, Lr0=0.000639, time=38.55s
2026-03-14 18:40:03 | INFO | [Epoch 231] total_loss=4.320705, Lr0=0.000634, time=38.22s
2026-03-14 18:40:41 | INFO | [Epoch 232] total_loss=4.282854, Lr0=0.000630, time=38.47s
2026-03-14 18:40:41 | INFO | Best model logged 4.282854080200195
2026-03-14 18:41:20 | INFO | [Epoch 233] total_loss=4.278695, Lr0=0.000625, time=38.81s
2026-03-14 18:41:20 | INFO | Best model logged 4.278695106506348
2026-03-14 18:41:59 | INFO | [Epoch 234] total_loss=4.295774, Lr0=0.000620, time=38.60s
2026-03-14 18:42:37 | INFO | [Epoch 235] total_loss=4.275560, Lr0=0.000616, time=38.19s
2026-03-14 18:42:37 | INFO | Best model logged 4.27556037902832
2026-03-14 18:43:16 | INFO | [Epoch 236] total_loss=4.331766, Lr0=0.000611, time=39.02s
2026-03-14 18:43:55 | INFO | [Epoch 237] total_loss=4.309872, Lr0=0.000606, time=38.44s
2026-03-14 18:44:33 | INFO | [Epoch 238] total_loss=4.282585, Lr0=0.000602, time=38.35s
2026-03-14 18:45:12 | INFO | [Epoch 239] total_loss=4.275917, Lr0=0.000597, time=38.44s
2026-03-14 18:45:50 | INFO | [Epoch 240] total_loss=4.281148, Lr0=0.000592, time=38.14s
2026-03-14 18:46:28 | INFO | [Epoch 241] total_loss=4.270309, Lr0=0.000588, time=38.79s
2026-03-14 18:46:29 | INFO | Best model logged 4.2703094482421875
2026-03-14 18:47:07 | INFO | [Epoch 242] total_loss=4.310879, Lr0=0.000583, time=38.11s
2026-03-14 18:47:45 | INFO | [Epoch 243] total_loss=4.270780, Lr0=0.000578, time=38.44s
2026-03-14 18:48:24 | INFO | [Epoch 244] total_loss=4.327912, Lr0=0.000574, time=38.52s
2026-03-14 18:49:02 | INFO | [Epoch 245] total_loss=4.271708, Lr0=0.000569, time=38.60s
2026-03-14 18:49:41 | INFO | [Epoch 246] total_loss=4.263438, Lr0=0.000564, time=38.25s
2026-03-14 18:49:41 | INFO | Best model logged 4.2634382247924805
2026-03-14 18:50:19 | INFO | [Epoch 247] total_loss=4.292017, Lr0=0.000559, time=38.42s
2026-03-14 18:50:57 | INFO | [Epoch 248] total_loss=4.252272, Lr0=0.000555, time=38.48s
2026-03-14 18:50:58 | INFO | Best model logged 4.25227165222168
2026-03-14 18:51:36 | INFO | [Epoch 249] total_loss=4.293419, Lr0=0.000550, time=38.20s
2026-03-14 18:52:14 | INFO | [Epoch 250] total_loss=4.266095, Lr0=0.000545, time=38.52s
2026-03-14 18:52:52 | INFO | [Epoch 251] total_loss=4.252564, Lr0=0.000541, time=38.13s
2026-03-14 18:53:31 | INFO | [Epoch 252] total_loss=4.369622, Lr0=0.000536, time=38.56s
2026-03-14 18:54:09 | INFO | [Epoch 253] total_loss=4.290921, Lr0=0.000531, time=38.28s
2026-03-14 18:54:48 | INFO | [Epoch 254] total_loss=4.265247, Lr0=0.000526, time=38.69s
2026-03-14 18:55:27 | INFO | [Epoch 255] total_loss=4.269093, Lr0=0.000522, time=38.74s
2026-03-14 18:56:05 | INFO | [Epoch 256] total_loss=4.264963, Lr0=0.000517, time=38.27s
2026-03-14 18:56:43 | INFO | [Epoch 257] total_loss=4.263384, Lr0=0.000512, time=38.17s
2026-03-14 18:57:22 | INFO | [Epoch 258] total_loss=4.269651, Lr0=0.000508, time=38.54s
2026-03-14 18:58:00 | INFO | [Epoch 259] total_loss=4.249740, Lr0=0.000503, time=38.61s
2026-03-14 18:58:00 | INFO | Best model logged 4.249739646911621
2026-03-14 18:58:39 | INFO | [Epoch 260] total_loss=4.244764, Lr0=0.000498, time=38.27s
2026-03-14 18:58:39 | INFO | Best model logged 4.24476432800293
2026-03-14 18:59:17 | INFO | [Epoch 261] total_loss=4.294735, Lr0=0.000494, time=38.47s
2026-03-14 18:59:56 | INFO | [Epoch 262] total_loss=4.277065, Lr0=0.000489, time=38.30s
2026-03-14 19:00:34 | INFO | [Epoch 263] total_loss=4.262775, Lr0=0.000484, time=38.39s
2026-03-14 19:01:12 | INFO | [Epoch 264] total_loss=4.244026, Lr0=0.000480, time=38.30s
2026-03-14 19:01:12 | INFO | Best model logged 4.244026184082031
2026-03-14 19:01:51 | INFO | [Epoch 265] total_loss=4.248333, Lr0=0.000475, time=38.52s
2026-03-14 19:02:29 | INFO | [Epoch 266] total_loss=4.237740, Lr0=0.000470, time=38.48s
2026-03-14 19:02:29 | INFO | Best model logged 4.237739562988281
2026-03-14 19:03:08 | INFO | [Epoch 267] total_loss=4.251439, Lr0=0.000466, time=38.27s
2026-03-14 19:03:46 | INFO | [Epoch 268] total_loss=4.255438, Lr0=0.000461, time=38.22s
2026-03-14 19:04:25 | INFO | [Epoch 269] total_loss=4.257031, Lr0=0.000456, time=38.32s
2026-03-14 19:05:03 | INFO | [Epoch 270] total_loss=4.249600, Lr0=0.000452, time=38.49s
2026-03-14 19:05:42 | INFO | [Epoch 271] total_loss=4.243492, Lr0=0.000447, time=38.30s
2026-03-14 19:06:20 | INFO | [Epoch 272] total_loss=4.244087, Lr0=0.000443, time=38.57s
2026-03-14 19:06:58 | INFO | [Epoch 273] total_loss=4.239665, Lr0=0.000438, time=38.25s
2026-03-14 19:07:37 | INFO | [Epoch 274] total_loss=4.223255, Lr0=0.000434, time=38.72s
2026-03-14 19:07:37 | INFO | Best model logged 4.223254680633545
2026-03-14 19:08:15 | INFO | [Epoch 275] total_loss=4.256734, Lr0=0.000429, time=38.11s
2026-03-14 19:08:54 | INFO | [Epoch 276] total_loss=4.234629, Lr0=0.000424, time=38.37s
2026-03-14 19:09:32 | INFO | [Epoch 277] total_loss=4.225492, Lr0=0.000420, time=38.54s
2026-03-14 19:10:11 | INFO | [Epoch 278] total_loss=4.225493, Lr0=0.000415, time=38.47s
2026-03-14 19:10:49 | INFO | [Epoch 279] total_loss=4.222784, Lr0=0.000411, time=38.37s
2026-03-14 19:10:49 | INFO | Best model logged 4.222784042358398
2026-03-14 19:11:28 | INFO | [Epoch 280] total_loss=4.226063, Lr0=0.000406, time=38.53s
2026-03-14 19:12:06 | INFO | [Epoch 281] total_loss=4.228580, Lr0=0.000402, time=38.46s
2026-03-14 19:12:45 | INFO | [Epoch 282] total_loss=4.219884, Lr0=0.000398, time=38.53s
2026-03-14 19:12:45 | INFO | Best model logged 4.219883918762207
2026-03-14 19:13:24 | INFO | [Epoch 283] total_loss=4.254311, Lr0=0.000393, time=38.39s
2026-03-14 19:14:02 | INFO | [Epoch 284] total_loss=4.225144, Lr0=0.000389, time=38.37s
2026-03-14 19:14:41 | INFO | [Epoch 285] total_loss=4.217326, Lr0=0.000384, time=38.84s
2026-03-14 19:14:41 | INFO | Best model logged 4.2173261642456055
2026-03-14 19:15:20 | INFO | [Epoch 286] total_loss=4.237916, Lr0=0.000380, time=38.80s
2026-03-14 19:15:58 | INFO | [Epoch 287] total_loss=4.222542, Lr0=0.000376, time=38.37s
2026-03-14 19:16:37 | INFO | [Epoch 288] total_loss=4.214832, Lr0=0.000371, time=38.86s
2026-03-14 19:16:37 | INFO | Best model logged 4.214832305908203
2026-03-14 19:17:16 | INFO | [Epoch 289] total_loss=4.226342, Lr0=0.000367, time=38.15s
2026-03-14 19:17:54 | INFO | [Epoch 290] total_loss=4.201077, Lr0=0.000363, time=38.17s
2026-03-14 19:17:54 | INFO | Best model logged 4.201077461242676
2026-03-14 19:18:33 | INFO | [Epoch 291] total_loss=4.209108, Lr0=0.000358, time=38.47s
2026-03-14 19:19:11 | INFO | [Epoch 292] total_loss=4.218318, Lr0=0.000354, time=38.60s
2026-03-14 19:19:50 | INFO | [Epoch 293] total_loss=4.213712, Lr0=0.000350, time=38.32s
2026-03-14 19:20:28 | INFO | [Epoch 294] total_loss=4.220144, Lr0=0.000346, time=38.45s
2026-03-14 19:21:06 | INFO | [Epoch 295] total_loss=4.199578, Lr0=0.000342, time=38.31s
2026-03-14 19:21:06 | INFO | Best model logged 4.199577808380127
2026-03-14 19:21:45 | INFO | [Epoch 296] total_loss=4.210685, Lr0=0.000337, time=38.80s
2026-03-14 19:22:24 | INFO | [Epoch 297] total_loss=4.204938, Lr0=0.000333, time=38.43s
2026-03-14 19:23:02 | INFO | [Epoch 298] total_loss=4.215143, Lr0=0.000329, time=38.33s
2026-03-14 19:23:40 | INFO | [Epoch 299] total_loss=4.194103, Lr0=0.000325, time=38.42s
2026-03-14 19:23:40 | INFO | Best model logged 4.194103240966797
2026-03-14 19:24:19 | INFO | [Epoch 300] total_loss=4.189933, Lr0=0.000321, time=38.64s
2026-03-14 19:24:19 | INFO | Best model logged 4.189932823181152
2026-03-14 19:24:58 | INFO | [Epoch 301] total_loss=4.208827, Lr0=0.000317, time=38.65s
2026-03-14 19:25:37 | INFO | [Epoch 302] total_loss=4.193792, Lr0=0.000313, time=38.59s
2026-03-14 19:26:15 | INFO | [Epoch 303] total_loss=4.195017, Lr0=0.000309, time=38.44s
2026-03-14 19:26:53 | INFO | [Epoch 304] total_loss=4.191681, Lr0=0.000305, time=38.23s
2026-03-14 19:27:32 | INFO | [Epoch 305] total_loss=4.196974, Lr0=0.000301, time=38.40s
2026-03-14 19:28:10 | INFO | [Epoch 306] total_loss=4.188768, Lr0=0.000297, time=38.24s
2026-03-14 19:28:10 | INFO | Best model logged 4.18876838684082
2026-03-14 19:28:49 | INFO | [Epoch 307] total_loss=4.190725, Lr0=0.000293, time=38.39s
2026-03-14 19:29:27 | INFO | [Epoch 308] total_loss=4.185542, Lr0=0.000289, time=38.15s
2026-03-14 19:29:27 | INFO | Best model logged 4.18554162979126
2026-03-14 19:30:06 | INFO | [Epoch 309] total_loss=4.231715, Lr0=0.000285, time=38.46s
2026-03-14 19:30:44 | INFO | [Epoch 310] total_loss=4.189324, Lr0=0.000282, time=38.28s
2026-03-14 19:31:23 | INFO | [Epoch 311] total_loss=4.175268, Lr0=0.000278, time=38.67s
2026-03-14 19:31:23 | INFO | Best model logged 4.175268173217773
2026-03-14 19:32:02 | INFO | [Epoch 312] total_loss=4.174563, Lr0=0.000274, time=38.67s
2026-03-14 19:32:02 | INFO | Best model logged 4.174563407897949
2026-03-14 19:32:41 | INFO | [Epoch 313] total_loss=4.193174, Lr0=0.000270, time=38.53s
2026-03-14 19:33:19 | INFO | [Epoch 314] total_loss=4.186349, Lr0=0.000267, time=38.63s
2026-03-14 19:33:58 | INFO | [Epoch 315] total_loss=4.184013, Lr0=0.000263, time=38.57s
2026-03-14 19:34:37 | INFO | [Epoch 316] total_loss=4.177547, Lr0=0.000260, time=38.83s
2026-03-14 19:35:15 | INFO | [Epoch 317] total_loss=4.188030, Lr0=0.000256, time=38.22s
2026-03-14 19:35:53 | INFO | [Epoch 318] total_loss=4.163685, Lr0=0.000252, time=38.48s
2026-03-14 19:35:53 | INFO | Best model logged 4.163684844970703
2026-03-14 19:36:32 | INFO | [Epoch 319] total_loss=4.177672, Lr0=0.000249, time=38.22s
2026-03-14 19:37:11 | INFO | [Epoch 320] total_loss=4.176437, Lr0=0.000245, time=38.84s
2026-03-14 19:37:49 | INFO | [Epoch 321] total_loss=4.171522, Lr0=0.000242, time=38.26s
2026-03-14 19:38:28 | INFO | [Epoch 322] total_loss=4.166577, Lr0=0.000239, time=38.47s
2026-03-14 19:39:06 | INFO | [Epoch 323] total_loss=4.161732, Lr0=0.000235, time=38.20s
2026-03-14 19:39:06 | INFO | Best model logged 4.161731719970703
2026-03-14 19:39:44 | INFO | [Epoch 324] total_loss=4.169979, Lr0=0.000232, time=38.44s
2026-03-14 19:40:23 | INFO | [Epoch 325] total_loss=4.164965, Lr0=0.000228, time=38.48s
2026-03-14 19:41:01 | INFO | [Epoch 326] total_loss=4.161887, Lr0=0.000225, time=38.44s
2026-03-14 19:41:40 | INFO | [Epoch 327] total_loss=4.159645, Lr0=0.000222, time=38.57s
2026-03-14 19:41:40 | INFO | Best model logged 4.159645080566406
2026-03-14 19:42:18 | INFO | [Epoch 328] total_loss=4.153497, Lr0=0.000219, time=38.29s
2026-03-14 19:42:18 | INFO | Best model logged 4.153496742248535
2026-03-14 19:42:57 | INFO | [Epoch 329] total_loss=4.154799, Lr0=0.000216, time=38.63s
2026-03-14 19:43:35 | INFO | [Epoch 330] total_loss=4.144746, Lr0=0.000212, time=38.20s
2026-03-14 19:43:35 | INFO | Best model logged 4.144745826721191
2026-03-14 19:44:14 | INFO | [Epoch 331] total_loss=4.163150, Lr0=0.000209, time=38.67s
2026-03-14 19:44:52 | INFO | [Epoch 332] total_loss=4.144513, Lr0=0.000206, time=38.13s
2026-03-14 19:44:52 | INFO | Best model logged 4.144513130187988
2026-03-14 19:45:31 | INFO | [Epoch 333] total_loss=4.137242, Lr0=0.000203, time=38.50s
2026-03-14 19:45:31 | INFO | Best model logged 4.137242317199707
2026-03-14 19:46:09 | INFO | [Epoch 334] total_loss=4.143880, Lr0=0.000200, time=38.17s
2026-03-14 19:46:47 | INFO | [Epoch 335] total_loss=4.162921, Lr0=0.000197, time=38.52s
2026-03-14 19:47:26 | INFO | [Epoch 336] total_loss=4.139417, Lr0=0.000194, time=38.50s
2026-03-14 19:48:04 | INFO | [Epoch 337] total_loss=4.128141, Lr0=0.000192, time=38.19s
2026-03-14 19:48:04 | INFO | Best model logged 4.128141403198242
2026-03-14 19:48:43 | INFO | [Epoch 338] total_loss=4.144815, Lr0=0.000189, time=38.35s
2026-03-14 19:49:21 | INFO | [Epoch 339] total_loss=4.137674, Lr0=0.000186, time=38.18s
2026-03-14 19:49:59 | INFO | [Epoch 340] total_loss=4.149983, Lr0=0.000183, time=38.54s
2026-03-14 19:50:38 | INFO | [Epoch 341] total_loss=4.140759, Lr0=0.000180, time=38.26s
2026-03-14 19:51:16 | INFO | [Epoch 342] total_loss=4.141852, Lr0=0.000178, time=38.32s
2026-03-14 19:51:54 | INFO | [Epoch 343] total_loss=4.129419, Lr0=0.000175, time=38.15s
2026-03-14 19:52:33 | INFO | [Epoch 344] total_loss=4.159451, Lr0=0.000173, time=38.45s
2026-03-14 19:53:11 | INFO | [Epoch 345] total_loss=4.140718, Lr0=0.000170, time=38.21s
2026-03-14 19:53:49 | INFO | [Epoch 346] total_loss=4.134549, Lr0=0.000168, time=38.54s
2026-03-14 19:54:28 | INFO | [Epoch 347] total_loss=4.126606, Lr0=0.000165, time=38.81s
2026-03-14 19:54:28 | INFO | Best model logged 4.126605987548828
2026-03-14 19:55:07 | INFO | [Epoch 348] total_loss=4.133764, Lr0=0.000163, time=38.17s
2026-03-14 19:55:45 | INFO | [Epoch 349] total_loss=4.149035, Lr0=0.000160, time=38.47s
2026-03-14 19:56:24 | INFO | [Epoch 350] total_loss=4.129078, Lr0=0.000158, time=38.54s
2026-03-14 19:57:02 | INFO | [Epoch 351] total_loss=4.135721, Lr0=0.000156, time=38.46s
2026-03-14 19:57:41 | INFO | [Epoch 352] total_loss=4.117128, Lr0=0.000153, time=38.27s
2026-03-14 19:57:41 | INFO | Best model logged 4.117128372192383
2026-03-14 19:58:19 | INFO | [Epoch 353] total_loss=4.122074, Lr0=0.000151, time=38.63s
2026-03-14 19:58:58 | INFO | [Epoch 354] total_loss=4.119492, Lr0=0.000149, time=38.27s
2026-03-14 19:59:36 | INFO | [Epoch 355] total_loss=4.123236, Lr0=0.000147, time=38.52s
2026-03-14 20:00:14 | INFO | [Epoch 356] total_loss=4.123953, Lr0=0.000145, time=38.29s
2026-03-14 20:00:53 | INFO | [Epoch 357] total_loss=4.112982, Lr0=0.000143, time=38.63s
2026-03-14 20:00:53 | INFO | Best model logged 4.112981796264648
2026-03-14 20:01:32 | INFO | [Epoch 358] total_loss=4.110746, Lr0=0.000141, time=38.47s
2026-03-14 20:01:32 | INFO | Best model logged 4.110746383666992
2026-03-14 20:02:10 | INFO | [Epoch 359] total_loss=4.111663, Lr0=0.000139, time=38.18s
2026-03-14 20:02:48 | INFO | [Epoch 360] total_loss=4.110504, Lr0=0.000137, time=38.42s
2026-03-14 20:02:48 | INFO | Best model logged 4.110503673553467
2026-03-14 20:03:27 | INFO | [Epoch 361] total_loss=4.110556, Lr0=0.000135, time=38.37s
2026-03-14 20:04:05 | INFO | [Epoch 362] total_loss=4.124735, Lr0=0.000133, time=38.42s
2026-03-14 20:04:44 | INFO | [Epoch 363] total_loss=4.118189, Lr0=0.000132, time=38.36s
2026-03-14 20:05:22 | INFO | [Epoch 364] total_loss=4.111796, Lr0=0.000130, time=38.76s
2026-03-14 20:06:01 | INFO | [Epoch 365] total_loss=4.117187, Lr0=0.000128, time=38.12s
2026-03-14 20:06:39 | INFO | [Epoch 366] total_loss=4.117713, Lr0=0.000127, time=38.52s
2026-03-14 20:07:17 | INFO | [Epoch 367] total_loss=4.112721, Lr0=0.000125, time=38.21s
2026-03-14 20:07:56 | INFO | [Epoch 368] total_loss=4.109022, Lr0=0.000124, time=38.66s
2026-03-14 20:07:56 | INFO | Best model logged 4.1090216636657715
2026-03-14 20:08:34 | INFO | [Epoch 369] total_loss=4.112041, Lr0=0.000122, time=38.35s
2026-03-14 20:09:13 | INFO | [Epoch 370] total_loss=4.102122, Lr0=0.000121, time=38.16s
2026-03-14 20:09:13 | INFO | Best model logged 4.1021223068237305
2026-03-14 20:09:51 | INFO | [Epoch 371] total_loss=4.111461, Lr0=0.000119, time=38.41s
2026-03-14 20:10:29 | INFO | [Epoch 372] total_loss=4.109997, Lr0=0.000118, time=38.38s
2026-03-14 20:11:08 | INFO | [Epoch 373] total_loss=4.124458, Lr0=0.000117, time=38.61s
2026-03-14 20:11:46 | INFO | [Epoch 374] total_loss=4.111545, Lr0=0.000115, time=38.11s
2026-03-14 20:12:25 | INFO | [Epoch 375] total_loss=4.101317, Lr0=0.000114, time=38.47s
2026-03-14 20:12:25 | INFO | Best model logged 4.101317405700684
2026-03-14 20:13:03 | INFO | [Epoch 376] total_loss=4.102149, Lr0=0.000113, time=38.30s
2026-03-14 20:13:42 | INFO | [Epoch 377] total_loss=4.102745, Lr0=0.000112, time=38.58s
2026-03-14 20:14:20 | INFO | [Epoch 378] total_loss=4.106543, Lr0=0.000111, time=38.15s
2026-03-14 20:14:59 | INFO | [Epoch 379] total_loss=4.106145, Lr0=0.000110, time=38.64s
2026-03-14 20:15:37 | INFO | [Epoch 380] total_loss=4.101590, Lr0=0.000109, time=38.59s
2026-03-14 20:16:15 | INFO | [Epoch 381] total_loss=4.101350, Lr0=0.000108, time=38.08s
2026-03-14 20:16:54 | INFO | [Epoch 382] total_loss=4.093097, Lr0=0.000107, time=38.68s
2026-03-14 20:16:54 | INFO | Best model logged 4.09309720993042
2026-03-14 20:17:33 | INFO | [Epoch 383] total_loss=4.095152, Lr0=0.000106, time=38.22s
2026-03-14 20:18:11 | INFO | [Epoch 384] total_loss=4.086306, Lr0=0.000106, time=38.52s
2026-03-14 20:18:11 | INFO | Best model logged 4.086305618286133
2026-03-14 20:18:50 | INFO | [Epoch 385] total_loss=4.099416, Lr0=0.000105, time=38.26s
2026-03-14 20:19:28 | INFO | [Epoch 386] total_loss=4.103202, Lr0=0.000104, time=38.54s
2026-03-14 20:20:06 | INFO | [Epoch 387] total_loss=4.097240, Lr0=0.000104, time=38.30s
2026-03-14 20:20:45 | INFO | [Epoch 388] total_loss=4.100335, Lr0=0.000103, time=38.59s
2026-03-14 20:21:23 | INFO | [Epoch 389] total_loss=4.093352, Lr0=0.000102, time=38.13s
2026-03-14 20:22:01 | INFO | [Epoch 390] total_loss=4.093138, Lr0=0.000102, time=38.34s
2026-03-14 20:22:40 | INFO | [Epoch 391] total_loss=4.092329, Lr0=0.000102, time=38.50s
2026-03-14 20:23:19 | INFO | [Epoch 392] total_loss=4.088450, Lr0=0.000101, time=38.53s
2026-03-14 20:23:57 | INFO | [Epoch 393] total_loss=4.087715, Lr0=0.000101, time=38.32s
2026-03-14 20:24:35 | INFO | [Epoch 394] total_loss=4.091435, Lr0=0.000101, time=38.33s
2026-03-14 20:25:14 | INFO | [Epoch 395] total_loss=4.093826, Lr0=0.000100, time=38.55s
2026-03-14 20:25:52 | INFO | [Epoch 396] total_loss=4.093338, Lr0=0.000100, time=38.22s
2026-03-14 20:26:31 | INFO | [Epoch 397] total_loss=4.110402, Lr0=0.000100, time=38.54s
2026-03-14 20:27:09 | INFO | [Epoch 398] total_loss=4.094919, Lr0=0.000100, time=38.16s
2026-03-14 20:27:47 | INFO | [Epoch 399] total_loss=4.097886, Lr0=0.000100, time=38.48s
2026-03-14 20:27:47 | INFO | Training complete.
2026-03-14 20:27:47 | INFO | Best checkpoint: ./save/cnn_overlap_new/subject_specific_SWELLDataset/encoder_best_.pt
2026-03-14 20:28:04 | INFO | Model forward EncoderClassifierModel(
  (encoder): CNNEncoder(
    (cnn_layers): Sequential(
      (0): Conv1d(1, 32, kernel_size=(10,), stride=(1,))
      (1): BatchNorm1d(32, eps=1e-05, momentum=0.1, affine=True, track_running_stats=True)
      (2): ReLU()
      (3): MaxPool1d(kernel_size=2, stride=2, padding=0, dilation=1, ceil_mode=False)
      (4): Dropout(p=0.0, inplace=False)
      (5): Conv1d(32, 64, kernel_size=(10,), stride=(1,))
      (6): BatchNorm1d(64, eps=1e-05, momentum=0.1, affine=True, track_running_stats=True)
      (7): ReLU()
      (8): MaxPool1d(kernel_size=2, stride=2, padding=0, dilation=1, ceil_mode=False)
      (9): Dropout(p=0.0, inplace=False)
      (10): Conv1d(64, 128, kernel_size=(10,), stride=(1,))
      (11): BatchNorm1d(128, eps=1e-05, momentum=0.1, affine=True, track_running_stats=True)
      (12): ReLU()
      (13): MaxPool1d(kernel_size=2, stride=2, padding=0, dilation=1, ceil_mode=False)
      (14): Dropout(p=0.0, inplace=False)
      (15): Conv1d(128, 256, kernel_size=(10,), stride=(1,))
      (16): BatchNorm1d(256, eps=1e-05, momentum=0.1, affine=True, track_running_stats=True)
      (17): ReLU()
      (18): MaxPool1d(kernel_size=2, stride=2, padding=0, dilation=1, ceil_mode=False)
      (19): Dropout(p=0.0, inplace=False)
    )
    (linear_layer): Sequential(
      (0): Linear(in_features=18176, out_features=64, bias=True)
      (1): ReLU()
    )
  )
  (classifier): Linear(in_features=64, out_features=1, bias=True)
  (loss_fn): BCEWithLogitsLoss()
)
2026-03-14 20:28:04 | INFO | Model forward EncoderClassifierModel(
  (encoder): CNNEncoder(
    (cnn_layers): Sequential(
      (0): Conv1d(1, 32, kernel_size=(10,), stride=(1,))
      (1): BatchNorm1d(32, eps=1e-05, momentum=0.1, affine=True, track_running_stats=True)
      (2): ReLU()
      (3): MaxPool1d(kernel_size=2, stride=2, padding=0, dilation=1, ceil_mode=False)
      (4): Dropout(p=0.0, inplace=False)
      (5): Conv1d(32, 64, kernel_size=(10,), stride=(1,))
      (6): BatchNorm1d(64, eps=1e-05, momentum=0.1, affine=True, track_running_stats=True)
      (7): ReLU()
      (8): MaxPool1d(kernel_size=2, stride=2, padding=0, dilation=1, ceil_mode=False)
      (9): Dropout(p=0.0, inplace=False)
      (10): Conv1d(64, 128, kernel_size=(10,), stride=(1,))
      (11): BatchNorm1d(128, eps=1e-05, momentum=0.1, affine=True, track_running_stats=True)
      (12): ReLU()
      (13): MaxPool1d(kernel_size=2, stride=2, padding=0, dilation=1, ceil_mode=False)
      (14): Dropout(p=0.0, inplace=False)
      (15): Conv1d(128, 256, kernel_size=(10,), stride=(1,))
      (16): BatchNorm1d(256, eps=1e-05, momentum=0.1, affine=True, track_running_stats=True)
      (17): ReLU()
      (18): MaxPool1d(kernel_size=2, stride=2, padding=0, dilation=1, ceil_mode=False)
      (19): Dropout(p=0.0, inplace=False)
    )
    (linear_layer): Sequential(
      (0): Linear(in_features=18176, out_features=64, bias=True)
      (1): ReLU()
    )
  )
  (classifier): Linear(in_features=64, out_features=1, bias=True)
  (loss_fn): BCEWithLogitsLoss()
)
2026-03-14 20:28:07 | INFO | [Epoch 000] total_loss=0.636874, Lr0=0.000100Lr1=0.001000, time=2.01s
2026-03-14 20:28:07 | INFO | [Epoch 000] total_loss=0.636875, Lr0=0.000100Lr1=0.001000, time=2.01s
2026-03-14 20:28:08 | INFO | Validation — loss=0.6356, acc=0.6819, f1=0.4054, recall=0.5, precision=0.341
2026-03-14 20:28:08 | INFO | Best model logged 0.4054
2026-03-14 20:28:08 | INFO | Validation — loss=0.6400, acc=0.6819, f1=0.4054, recall=0.5, precision=0.341
2026-03-14 20:28:08 | INFO | Best model logged 0.4054
2026-03-14 20:28:09 | INFO | [Epoch 001] total_loss=0.480536, Lr0=0.000100Lr1=0.000999, time=0.56s
2026-03-14 20:28:10 | INFO | [Epoch 001] total_loss=0.480492, Lr0=0.000100Lr1=0.000999, time=0.65s
2026-03-14 20:28:10 | INFO | Validation — loss=0.7361, acc=0.6819, f1=0.4054, recall=0.5, precision=0.341
2026-03-14 20:28:10 | INFO | [Epoch 002] total_loss=0.339334, Lr0=0.000100Lr1=0.000998, time=0.59s
2026-03-14 20:28:11 | INFO | Validation — loss=0.9231, acc=0.6819, f1=0.4054, recall=0.5, precision=0.341
2026-03-14 20:28:11 | INFO | Validation — loss=1.3637, acc=0.6819, f1=0.4054, recall=0.5, precision=0.341
2026-03-14 20:28:12 | INFO | [Epoch 003] total_loss=0.233384, Lr0=0.000100Lr1=0.000996, time=0.58s
2026-03-14 20:28:12 | INFO | [Epoch 002] total_loss=0.339397, Lr0=0.000100Lr1=0.000998, time=0.65s
2026-03-14 20:28:12 | INFO | Validation — loss=3.5458, acc=0.6819, f1=0.4054, recall=0.5, precision=0.341
2026-03-14 20:28:13 | INFO | Validation — loss=2.0543, acc=0.6819, f1=0.4054, recall=0.5, precision=0.341
2026-03-14 20:28:13 | INFO | [Epoch 004] total_loss=0.179620, Lr0=0.000099Lr1=0.000994, time=0.58s
2026-03-14 20:28:14 | INFO | [Epoch 003] total_loss=0.234279, Lr0=0.000100Lr1=0.000996, time=0.62s
2026-03-14 20:28:14 | INFO | Validation — loss=4.7990, acc=0.6819, f1=0.4054, recall=0.5, precision=0.341
2026-03-14 20:28:14 | INFO | [Epoch 005] total_loss=0.167013, Lr0=0.000099Lr1=0.000991, time=0.60s
2026-03-14 20:28:15 | INFO | Validation — loss=6.3378, acc=0.6819, f1=0.4054, recall=0.5, precision=0.341
2026-03-14 20:28:15 | INFO | Validation — loss=2.8226, acc=0.6819, f1=0.4054, recall=0.5, precision=0.341
2026-03-14 20:28:16 | INFO | [Epoch 004] total_loss=0.182221, Lr0=0.000099Lr1=0.000994, time=0.64s
2026-03-14 20:28:16 | INFO | [Epoch 006] total_loss=0.116400, Lr0=0.000099Lr1=0.000988, time=0.60s
2026-03-14 20:28:17 | INFO | Validation — loss=1.3342, acc=0.6819, f1=0.4054, recall=0.5, precision=0.341
2026-03-14 20:28:17 | INFO | Validation — loss=4.9745, acc=0.6819, f1=0.4054, recall=0.5, precision=0.341
2026-03-14 20:28:17 | INFO | [Epoch 007] total_loss=0.089287, Lr0=0.000098Lr1=0.000984, time=0.60s
2026-03-14 20:28:18 | INFO | [Epoch 005] total_loss=0.173044, Lr0=0.000099Lr1=0.000991, time=0.64s
2026-03-14 20:28:18 | INFO | Validation — loss=1.3869, acc=0.6819, f1=0.4054, recall=0.5, precision=0.341
2026-03-14 20:28:19 | INFO | Validation — loss=3.2122, acc=0.6819, f1=0.4054, recall=0.5, precision=0.341
2026-03-14 20:28:19 | INFO | [Epoch 008] total_loss=0.085531, Lr0=0.000098Lr1=0.000980, time=0.63s
2026-03-14 20:28:20 | INFO | [Epoch 006] total_loss=0.117418, Lr0=0.000099Lr1=0.000988, time=0.65s
2026-03-14 20:28:20 | INFO | Validation — loss=1.0490, acc=0.306, f1=0.2343, recall=0.4811, precision=0.1549
2026-03-14 20:28:20 | INFO | [Epoch 009] total_loss=0.070348, Lr0=0.000098Lr1=0.000976, time=0.60s
2026-03-14 20:28:21 | INFO | Validation — loss=1.7828, acc=0.6819, f1=0.4054, recall=0.5, precision=0.341
2026-03-14 20:28:21 | INFO | Validation — loss=0.9378, acc=0.6866, f1=0.4211, recall=0.5073, precision=0.8426
2026-03-14 20:28:21 | INFO | Best model logged 0.4211
2026-03-14 20:28:21 | INFO | [Epoch 007] total_loss=0.090537, Lr0=0.000098Lr1=0.000984, time=0.63s
2026-03-14 20:28:22 | INFO | [Epoch 010] total_loss=0.051028, Lr0=0.000097Lr1=0.000970, time=0.63s
2026-03-14 20:28:23 | INFO | Validation — loss=0.7115, acc=0.657, f1=0.4811, recall=0.5131, precision=0.5316
2026-03-14 20:28:23 | INFO | Best model logged 0.4811
2026-03-14 20:28:23 | INFO | Validation — loss=1.1019, acc=0.3677, f1=0.3454, recall=0.3464, precision=0.3668
2026-03-14 20:28:24 | INFO | [Epoch 011] total_loss=0.031541, Lr0=0.000097Lr1=0.000965, time=0.61s
2026-03-14 20:28:24 | INFO | [Epoch 008] total_loss=0.082397, Lr0=0.000098Lr1=0.000980, time=0.63s
2026-03-14 20:28:24 | INFO | Validation — loss=1.4555, acc=0.4148, f1=0.408, recall=0.523, precision=0.5299
2026-03-14 20:28:25 | INFO | Validation — loss=1.7928, acc=0.3181, f1=0.2413, recall=0.5, precision=0.159
2026-03-14 20:28:25 | INFO | [Epoch 012] total_loss=0.031576, Lr0=0.000096Lr1=0.000959, time=0.62s
2026-03-14 20:28:26 | INFO | [Epoch 009] total_loss=0.068646, Lr0=0.000098Lr1=0.000976, time=0.69s
2026-03-14 20:28:26 | INFO | Validation — loss=1.9830, acc=0.3888, f1=0.353, recall=0.5468, precision=0.6338
2026-03-14 20:28:27 | INFO | [Epoch 013] total_loss=0.016047, Lr0=0.000095Lr1=0.000952, time=0.57s
2026-03-14 20:28:27 | INFO | Validation — loss=1.0372, acc=0.6352, f1=0.4192, recall=0.4764, precision=0.4234
2026-03-14 20:28:27 | INFO | Validation — loss=1.8247, acc=0.3923, f1=0.3543, recall=0.5541, precision=0.6688
2026-03-14 20:28:28 | INFO | [Epoch 010] total_loss=0.046856, Lr0=0.000097Lr1=0.000970, time=0.63s
2026-03-14 20:28:28 | INFO | [Epoch 014] total_loss=0.019927, Lr0=0.000095Lr1=0.000946, time=0.58s
2026-03-14 20:28:29 | INFO | Validation — loss=2.0639, acc=0.3915, f1=0.3527, recall=0.5538, precision=0.6716
2026-03-14 20:28:29 | INFO | Validation — loss=1.3731, acc=0.3412, f1=0.2916, recall=0.2823, precision=0.3058
2026-03-14 20:28:30 | INFO | [Epoch 015] total_loss=0.012421, Lr0=0.000094Lr1=0.000938, time=0.61s
2026-03-14 20:28:30 | INFO | [Epoch 011] total_loss=0.024297, Lr0=0.000097Lr1=0.000965, time=0.64s
2026-03-14 20:28:30 | INFO | Validation — loss=1.9747, acc=0.3906, f1=0.3521, recall=0.5524, precision=0.6653
2026-03-14 20:28:31 | INFO | Validation — loss=1.7416, acc=0.3823, f1=0.3745, recall=0.4876, precision=0.4836
2026-03-14 20:28:31 | INFO | [Epoch 016] total_loss=0.006052, Lr0=0.000093Lr1=0.000930, time=0.59s
2026-03-14 20:28:32 | INFO | [Epoch 012] total_loss=0.026972, Lr0=0.000096Lr1=0.000959, time=0.63s
2026-03-14 20:28:32 | INFO | Validation — loss=2.0314, acc=0.4075, f1=0.3748, recall=0.5656, precision=0.6746
2026-03-14 20:28:33 | INFO | [Epoch 017] total_loss=0.003777, Lr0=0.000092Lr1=0.000922, time=0.59s
2026-03-14 20:28:33 | INFO | Validation — loss=2.0295, acc=0.4106, f1=0.3795, recall=0.5671, precision=0.6704
2026-03-14 20:28:33 | INFO | Validation — loss=2.3054, acc=0.3964, f1=0.3645, recall=0.5507, precision=0.6287
2026-03-14 20:28:34 | INFO | [Epoch 013] total_loss=0.013326, Lr0=0.000095Lr1=0.000952, time=0.64s
2026-03-14 20:28:34 | INFO | [Epoch 018] total_loss=0.004186, Lr0=0.000091Lr1=0.000914, time=0.62s
2026-03-14 20:28:35 | INFO | Validation — loss=2.3302, acc=0.4046, f1=0.3715, recall=0.5625, precision=0.6676
2026-03-14 20:28:35 | INFO | Validation — loss=1.6751, acc=0.3921, f1=0.3836, recall=0.5013, precision=0.5018
2026-03-14 20:28:36 | INFO | [Epoch 019] total_loss=0.006427, Lr0=0.000091Lr1=0.000905, time=0.63s
2026-03-14 20:28:36 | INFO | [Epoch 014] total_loss=0.023268, Lr0=0.000095Lr1=0.000946, time=0.63s
2026-03-14 20:28:36 | INFO | Validation — loss=2.5140, acc=0.3948, f1=0.3595, recall=0.5535, precision=0.6517
2026-03-14 20:28:37 | INFO | Validation — loss=1.3640, acc=0.4417, f1=0.441, recall=0.5241, precision=0.5258
2026-03-14 20:28:37 | INFO | [Epoch 020] total_loss=0.003273, Lr0=0.000090Lr1=0.000895, time=0.58s
2026-03-14 20:28:38 | INFO | [Epoch 015] total_loss=0.029765, Lr0=0.000094Lr1=0.000938, time=0.63s
2026-03-14 20:28:38 | INFO | Validation — loss=2.5415, acc=0.4017, f1=0.3688, recall=0.5587, precision=0.6557
2026-03-14 20:28:38 | INFO | [Epoch 021] total_loss=0.003202, Lr0=0.000089Lr1=0.000885, time=0.56s
2026-03-14 20:28:39 | INFO | Validation — loss=2.5541, acc=0.3872, f1=0.3498, recall=0.547, precision=0.6416
2026-03-14 20:28:39 | INFO | Validation — loss=2.1730, acc=0.4146, f1=0.3976, recall=0.5482, precision=0.5818
2026-03-14 20:28:40 | INFO | [Epoch 016] total_loss=0.014894, Lr0=0.000093Lr1=0.000930, time=0.62s
2026-03-14 20:28:40 | INFO | [Epoch 022] total_loss=0.005276, Lr0=0.000088Lr1=0.000875, time=0.61s
2026-03-14 20:28:41 | INFO | Validation — loss=2.3516, acc=0.395, f1=0.3805, recall=0.5195, precision=0.5307
2026-03-14 20:28:41 | INFO | Validation — loss=2.4279, acc=0.3672, f1=0.3179, recall=0.536, precision=0.6673
2026-03-14 20:28:41 | INFO | [Epoch 023] total_loss=0.003436, Lr0=0.000087Lr1=0.000865, time=0.61s
2026-03-14 20:28:42 | INFO | [Epoch 017] total_loss=0.009056, Lr0=0.000092Lr1=0.000922, time=0.65s
2026-03-14 20:28:42 | INFO | Validation — loss=2.4625, acc=0.3808, f1=0.368, recall=0.4986, precision=0.4979
2026-03-14 20:28:43 | INFO | Validation — loss=3.0307, acc=0.3345, f1=0.2679, recall=0.5121, precision=0.6617
2026-03-14 20:28:43 | INFO | [Epoch 024] total_loss=0.004999, Lr0=0.000086Lr1=0.000854, time=0.60s
2026-03-14 20:28:44 | INFO | [Epoch 018] total_loss=0.005589, Lr0=0.000091Lr1=0.000914, time=0.64s
2026-03-14 20:28:44 | INFO | Validation — loss=2.2318, acc=0.4086, f1=0.3897, recall=0.5447, precision=0.5796
2026-03-14 20:28:44 | INFO | [Epoch 025] total_loss=0.007142, Lr0=0.000084Lr1=0.000842, time=0.64s
2026-03-14 20:28:45 | INFO | Validation — loss=2.8939, acc=0.3439, f1=0.2826, recall=0.5189, precision=0.6632
2026-03-14 20:28:45 | INFO | Validation — loss=2.2751, acc=0.4137, f1=0.3861, recall=0.5658, precision=0.6508
2026-03-14 20:28:46 | INFO | [Epoch 019] total_loss=0.003788, Lr0=0.000091Lr1=0.000905, time=0.65s
2026-03-14 20:28:46 | INFO | [Epoch 026] total_loss=0.018825, Lr0=0.000083Lr1=0.000831, time=0.61s
2026-03-14 20:28:47 | INFO | Validation — loss=3.2579, acc=0.3536, f1=0.2976, recall=0.5261, precision=0.6649
2026-03-14 20:28:47 | INFO | Validation — loss=2.9380, acc=0.3468, f1=0.2871, recall=0.521, precision=0.6637
2026-03-14 20:28:47 | INFO | [Epoch 027] total_loss=0.067629, Lr0=0.000082Lr1=0.000819, time=0.61s
2026-03-14 20:28:47 | INFO | [Epoch 020] total_loss=0.002935, Lr0=0.000090Lr1=0.000895, time=0.62s
2026-03-14 20:28:48 | INFO | Validation — loss=3.1175, acc=0.3848, f1=0.3579, recall=0.5293, precision=0.5633
2026-03-14 20:28:49 | INFO | Validation — loss=2.7795, acc=0.375, f1=0.3293, recall=0.5417, precision=0.6686
2026-03-14 20:28:49 | INFO | [Epoch 028] total_loss=0.056566, Lr0=0.000081Lr1=0.000807, time=0.58s
2026-03-14 20:28:49 | INFO | [Epoch 021] total_loss=0.001966, Lr0=0.000089Lr1=0.000885, time=0.70s
2026-03-14 20:28:50 | INFO | Validation — loss=2.2826, acc=0.353, f1=0.3401, recall=0.4655, precision=0.4489
2026-03-14 20:28:50 | INFO | [Epoch 029] total_loss=0.052455, Lr0=0.000080Lr1=0.000794, time=0.62s
2026-03-14 20:28:51 | INFO | Validation — loss=2.6044, acc=0.3946, f1=0.3578, recall=0.5552, precision=0.665
2026-03-14 20:28:51 | INFO | Validation — loss=1.7812, acc=0.4044, f1=0.3872, recall=0.5362, precision=0.5613
2026-03-14 20:28:51 | INFO | Early stopping at epoch 29. Best: 0.421100
2026-03-14 20:28:51 | INFO | Training complete.
2026-03-14 20:28:51 | INFO | Best checkpoint: ./save/cnn_overlap_new/subject_specific_SWELLDataset/finetuned_best_0.pt
2026-03-14 20:28:51 | INFO | [Epoch 022] total_loss=0.001942, Lr0=0.000088Lr1=0.000875, time=0.63s
2026-03-14 20:28:53 | INFO | Validation — loss=2.6508, acc=0.3952, f1=0.3586, recall=0.5558, precision=0.6665
2026-03-14 20:28:53 | INFO | [Epoch 023] total_loss=0.001379, Lr0=0.000087Lr1=0.000865, time=0.63s
2026-03-14 20:28:55 | INFO | Validation — loss=2.7716, acc=0.3912, f1=0.3539, recall=0.5518, precision=0.6569
2026-03-14 20:28:55 | INFO | [Epoch 024] total_loss=0.001501, Lr0=0.000086Lr1=0.000854, time=0.64s
2026-03-14 20:28:57 | INFO | Validation — loss=2.6832, acc=0.3961, f1=0.3626, recall=0.5528, precision=0.6415
2026-03-14 20:28:57 | INFO | [Epoch 025] total_loss=0.002264, Lr0=0.000084Lr1=0.000842, time=0.63s
2026-03-14 20:28:59 | INFO | Validation — loss=2.9868, acc=0.3879, f1=0.3483, recall=0.5505, precision=0.6646
2026-03-14 20:28:59 | INFO | [Epoch 026] total_loss=0.003488, Lr0=0.000083Lr1=0.000831, time=0.62s
2026-03-14 20:29:01 | INFO | Validation — loss=2.3043, acc=0.4199, f1=0.3995, recall=0.5614, precision=0.6152
2026-03-14 20:29:01 | INFO | [Epoch 027] total_loss=0.003662, Lr0=0.000082Lr1=0.000819, time=0.64s
2026-03-14 20:29:02 | INFO | Model forward EncoderClassifierModel(
  (encoder): CNNEncoder(
    (cnn_layers): Sequential(
      (0): Conv1d(1, 32, kernel_size=(10,), stride=(1,))
      (1): BatchNorm1d(32, eps=1e-05, momentum=0.1, affine=True, track_running_stats=True)
      (2): ReLU()
      (3): MaxPool1d(kernel_size=2, stride=2, padding=0, dilation=1, ceil_mode=False)
      (4): Dropout(p=0.0, inplace=False)
      (5): Conv1d(32, 64, kernel_size=(10,), stride=(1,))
      (6): BatchNorm1d(64, eps=1e-05, momentum=0.1, affine=True, track_running_stats=True)
      (7): ReLU()
      (8): MaxPool1d(kernel_size=2, stride=2, padding=0, dilation=1, ceil_mode=False)
      (9): Dropout(p=0.0, inplace=False)
      (10): Conv1d(64, 128, kernel_size=(10,), stride=(1,))
      (11): BatchNorm1d(128, eps=1e-05, momentum=0.1, affine=True, track_running_stats=True)
      (12): ReLU()
      (13): MaxPool1d(kernel_size=2, stride=2, padding=0, dilation=1, ceil_mode=False)
      (14): Dropout(p=0.0, inplace=False)
      (15): Conv1d(128, 256, kernel_size=(10,), stride=(1,))
      (16): BatchNorm1d(256, eps=1e-05, momentum=0.1, affine=True, track_running_stats=True)
      (17): ReLU()
      (18): MaxPool1d(kernel_size=2, stride=2, padding=0, dilation=1, ceil_mode=False)
      (19): Dropout(p=0.0, inplace=False)
    )
    (linear_layer): Sequential(
      (0): Linear(in_features=18176, out_features=64, bias=True)
      (1): ReLU()
    )
  )
  (classifier): Linear(in_features=64, out_features=1, bias=True)
  (loss_fn): BCEWithLogitsLoss()
)
2026-03-14 20:29:03 | INFO | [Epoch 000] total_loss=0.631459, Lr0=0.000100Lr1=0.001000, time=0.61s
2026-03-14 20:29:03 | INFO | Validation — loss=2.2652, acc=0.4101, f1=0.4013, recall=0.5237, precision=0.5325
2026-03-14 20:29:03 | INFO | Early stopping at epoch 27. Best: 0.481100
2026-03-14 20:29:03 | INFO | Training complete.
2026-03-14 20:29:03 | INFO | Best checkpoint: ./save/cnn_overlap_new/subject_specific_SWELLDataset/finetuned_best_0.pt
2026-03-14 20:29:03 | INFO | Validation — loss=0.6122, acc=0.7069, f1=0.4141, recall=0.5, precision=0.3534
2026-03-14 20:29:03 | INFO | Best model logged 0.4141
2026-03-14 20:29:04 | INFO | [Epoch 001] total_loss=0.444515, Lr0=0.000100Lr1=0.000999, time=0.60s
2026-03-14 20:29:05 | INFO | Validation — loss=0.7760, acc=0.7069, f1=0.4141, recall=0.5, precision=0.3534
2026-03-14 20:29:06 | INFO | [Epoch 002] total_loss=0.244770, Lr0=0.000100Lr1=0.000998, time=0.58s
2026-03-14 20:29:06 | INFO | Validation — loss=4.0460, acc=0.7069, f1=0.4141, recall=0.5, precision=0.3534
2026-03-14 20:29:07 | INFO | [Epoch 003] total_loss=0.172216, Lr0=0.000100Lr1=0.000996, time=0.59s
2026-03-14 20:29:08 | INFO | Validation — loss=1.0534, acc=0.2931, f1=0.2267, recall=0.5, precision=0.1466
2026-03-14 20:29:08 | INFO | [Epoch 004] total_loss=0.129674, Lr0=0.000099Lr1=0.000994, time=0.60s
2026-03-14 20:29:09 | INFO | Validation — loss=0.6494, acc=0.7069, f1=0.4141, recall=0.5, precision=0.3534
2026-03-14 20:29:10 | INFO | [Epoch 005] total_loss=0.109167, Lr0=0.000099Lr1=0.000991, time=0.57s
2026-03-14 20:29:11 | INFO | Validation — loss=1.0983, acc=0.7069, f1=0.4141, recall=0.5, precision=0.3534
2026-03-14 20:29:11 | INFO | [Epoch 006] total_loss=0.068103, Lr0=0.000099Lr1=0.000988, time=0.61s
2026-03-14 20:29:12 | INFO | Validation — loss=2.3516, acc=0.7069, f1=0.4141, recall=0.5, precision=0.3534
2026-03-14 20:29:13 | INFO | [Epoch 007] total_loss=0.049971, Lr0=0.000098Lr1=0.000984, time=0.57s
2026-03-14 20:29:13 | INFO | Model forward EncoderClassifierModel(
  (encoder): CNNEncoder(
    (cnn_layers): Sequential(
      (0): Conv1d(1, 32, kernel_size=(10,), stride=(1,))
      (1): BatchNorm1d(32, eps=1e-05, momentum=0.1, affine=True, track_running_stats=True)
      (2): ReLU()
      (3): MaxPool1d(kernel_size=2, stride=2, padding=0, dilation=1, ceil_mode=False)
      (4): Dropout(p=0.0, inplace=False)
      (5): Conv1d(32, 64, kernel_size=(10,), stride=(1,))
      (6): BatchNorm1d(64, eps=1e-05, momentum=0.1, affine=True, track_running_stats=True)
      (7): ReLU()
      (8): MaxPool1d(kernel_size=2, stride=2, padding=0, dilation=1, ceil_mode=False)
      (9): Dropout(p=0.0, inplace=False)
      (10): Conv1d(64, 128, kernel_size=(10,), stride=(1,))
      (11): BatchNorm1d(128, eps=1e-05, momentum=0.1, affine=True, track_running_stats=True)
      (12): ReLU()
      (13): MaxPool1d(kernel_size=2, stride=2, padding=0, dilation=1, ceil_mode=False)
      (14): Dropout(p=0.0, inplace=False)
      (15): Conv1d(128, 256, kernel_size=(10,), stride=(1,))
      (16): BatchNorm1d(256, eps=1e-05, momentum=0.1, affine=True, track_running_stats=True)
      (17): ReLU()
      (18): MaxPool1d(kernel_size=2, stride=2, padding=0, dilation=1, ceil_mode=False)
      (19): Dropout(p=0.0, inplace=False)
    )
    (linear_layer): Sequential(
      (0): Linear(in_features=18176, out_features=64, bias=True)
      (1): ReLU()
    )
  )
  (classifier): Linear(in_features=64, out_features=1, bias=True)
  (loss_fn): BCEWithLogitsLoss()
)
2026-03-14 20:29:14 | INFO | Validation — loss=2.5318, acc=0.7069, f1=0.4141, recall=0.5, precision=0.3534
2026-03-14 20:29:14 | INFO | [Epoch 000] total_loss=0.631457, Lr0=0.000100Lr1=0.001000, time=0.63s
2026-03-14 20:29:14 | INFO | [Epoch 008] total_loss=0.051022, Lr0=0.000098Lr1=0.000980, time=0.61s
2026-03-14 20:29:15 | INFO | Validation — loss=0.6147, acc=0.7069, f1=0.4141, recall=0.5, precision=0.3534
2026-03-14 20:29:15 | INFO | Best model logged 0.4141
2026-03-14 20:29:15 | INFO | Validation — loss=2.3831, acc=0.7069, f1=0.4141, recall=0.5, precision=0.3534
2026-03-14 20:29:16 | INFO | [Epoch 009] total_loss=0.053837, Lr0=0.000098Lr1=0.000976, time=0.60s
2026-03-14 20:29:16 | INFO | [Epoch 001] total_loss=0.444509, Lr0=0.000100Lr1=0.000999, time=0.62s
2026-03-14 20:29:17 | INFO | Validation — loss=0.7324, acc=0.7281, f1=0.4868, recall=0.5362, precision=0.8611
2026-03-14 20:29:17 | INFO | Best model logged 0.4868
2026-03-14 20:29:17 | INFO | Validation — loss=0.6502, acc=0.7069, f1=0.4141, recall=0.5, precision=0.3534
2026-03-14 20:29:17 | INFO | [Epoch 010] total_loss=0.029480, Lr0=0.000097Lr1=0.000970, time=0.60s
2026-03-14 20:29:18 | INFO | [Epoch 002] total_loss=0.245413, Lr0=0.000100Lr1=0.000998, time=0.64s
2026-03-14 20:29:18 | INFO | Validation — loss=1.2649, acc=0.7089, f1=0.4217, recall=0.5035, precision=0.8542
2026-03-14 20:29:19 | INFO | [Epoch 011] total_loss=0.010967, Lr0=0.000097Lr1=0.000965, time=0.61s
2026-03-14 20:29:19 | INFO | Validation — loss=2.6483, acc=0.7069, f1=0.4141, recall=0.5, precision=0.3534
2026-03-14 20:29:20 | INFO | Validation — loss=0.6393, acc=0.6783, f1=0.6147, recall=0.6156, precision=0.6139
2026-03-14 20:29:20 | INFO | Best model logged 0.6147
2026-03-14 20:29:20 | INFO | [Epoch 003] total_loss=0.172702, Lr0=0.000100Lr1=0.000996, time=0.61s
2026-03-14 20:29:20 | INFO | [Epoch 012] total_loss=0.022164, Lr0=0.000096Lr1=0.000959, time=0.59s
2026-03-14 20:29:21 | INFO | Validation — loss=0.7054, acc=0.7069, f1=0.4141, recall=0.5, precision=0.3534
2026-03-14 20:29:21 | INFO | Validation — loss=0.8710, acc=0.7027, f1=0.5218, recall=0.5408, precision=0.6014
2026-03-14 20:29:22 | INFO | [Epoch 004] total_loss=0.128160, Lr0=0.000099Lr1=0.000994, time=0.65s
2026-03-14 20:29:22 | INFO | [Epoch 013] total_loss=0.016983, Lr0=0.000095Lr1=0.000952, time=0.57s
2026-03-14 20:29:22 | INFO | Validation — loss=1.3260, acc=0.6398, f1=0.623, recall=0.6667, precision=0.6381
2026-03-14 20:29:22 | INFO | Best model logged 0.623
2026-03-14 20:29:23 | INFO | Validation — loss=2.0994, acc=0.7069, f1=0.4141, recall=0.5, precision=0.3534
2026-03-14 20:29:23 | INFO | [Epoch 014] total_loss=0.019935, Lr0=0.000095Lr1=0.000946, time=0.56s
2026-03-14 20:29:23 | INFO | [Epoch 005] total_loss=0.141397, Lr0=0.000099Lr1=0.000991, time=0.64s
2026-03-14 20:29:24 | INFO | Validation — loss=1.6540, acc=0.7073, f1=0.4158, recall=0.5008, precision=0.8536
2026-03-14 20:29:24 | INFO | [Epoch 015] total_loss=0.035154, Lr0=0.000094Lr1=0.000938, time=0.59s
2026-03-14 20:29:25 | INFO | Validation — loss=3.2580, acc=0.7069, f1=0.4141, recall=0.5, precision=0.3534
2026-03-14 20:29:25 | INFO | Validation — loss=1.6190, acc=0.7087, f1=0.4208, recall=0.5031, precision=0.8541
2026-03-14 20:29:25 | INFO | [Epoch 006] total_loss=0.085751, Lr0=0.000099Lr1=0.000988, time=0.63s
2026-03-14 20:29:26 | INFO | [Epoch 016] total_loss=0.028345, Lr0=0.000093Lr1=0.000930, time=0.61s
2026-03-14 20:29:27 | INFO | Validation — loss=2.1697, acc=0.7069, f1=0.4141, recall=0.5, precision=0.3534
2026-03-14 20:29:27 | INFO | Validation — loss=1.1391, acc=0.6827, f1=0.4358, recall=0.4935, precision=0.4688
2026-03-14 20:29:27 | INFO | [Epoch 007] total_loss=0.055575, Lr0=0.000098Lr1=0.000984, time=0.62s
2026-03-14 20:29:27 | INFO | [Epoch 017] total_loss=0.021959, Lr0=0.000092Lr1=0.000922, time=0.59s
2026-03-14 20:29:28 | INFO | Validation — loss=1.4378, acc=0.7089, f1=0.4217, recall=0.5035, precision=0.8542
2026-03-14 20:29:29 | INFO | Validation — loss=1.4108, acc=0.7069, f1=0.4141, recall=0.5, precision=0.3534
2026-03-14 20:29:29 | INFO | [Epoch 018] total_loss=0.018761, Lr0=0.000091Lr1=0.000914, time=0.59s
2026-03-14 20:29:29 | INFO | [Epoch 008] total_loss=0.046052, Lr0=0.000098Lr1=0.000980, time=0.63s
2026-03-14 20:29:30 | INFO | Validation — loss=2.6435, acc=0.325, f1=0.2804, recall=0.5163, precision=0.5798
2026-03-14 20:29:30 | INFO | [Epoch 019] total_loss=0.012715, Lr0=0.000091Lr1=0.000905, time=0.61s
2026-03-14 20:29:31 | INFO | Validation — loss=2.5002, acc=0.7069, f1=0.4141, recall=0.5, precision=0.3534
2026-03-14 20:29:31 | INFO | [Epoch 009] total_loss=0.088614, Lr0=0.000098Lr1=0.000976, time=0.61s
2026-03-14 20:29:31 | INFO | Validation — loss=2.0261, acc=0.3711, f1=0.344, recall=0.5492, precision=0.6244
2026-03-14 20:29:32 | INFO | [Epoch 020] total_loss=0.005056, Lr0=0.000090Lr1=0.000895, time=0.59s
2026-03-14 20:29:32 | INFO | Validation — loss=1.0506, acc=0.711, f1=0.4291, recall=0.5071, precision=0.8549
2026-03-14 20:29:32 | INFO | Best model logged 0.4291
2026-03-14 20:29:33 | INFO | Validation — loss=0.8965, acc=0.6845, f1=0.6664, recall=0.7096, precision=0.6742
2026-03-14 20:29:33 | INFO | Best model logged 0.6664
2026-03-14 20:29:34 | INFO | [Epoch 010] total_loss=0.053698, Lr0=0.000097Lr1=0.000970, time=0.63s
2026-03-14 20:29:34 | INFO | [Epoch 021] total_loss=0.006398, Lr0=0.000089Lr1=0.000885, time=0.62s
2026-03-14 20:29:34 | INFO | Validation — loss=1.4857, acc=0.5639, f1=0.563, recall=0.6581, precision=0.6465
2026-03-14 20:29:35 | INFO | Validation — loss=1.8258, acc=0.7069, f1=0.4141, recall=0.5, precision=0.3534
2026-03-14 20:29:35 | INFO | [Epoch 022] total_loss=0.008613, Lr0=0.000088Lr1=0.000875, time=0.61s
2026-03-14 20:29:35 | INFO | [Epoch 011] total_loss=0.029980, Lr0=0.000097Lr1=0.000965, time=0.65s
2026-03-14 20:29:36 | INFO | Validation — loss=1.4011, acc=0.723, f1=0.4791, recall=0.5308, precision=0.7885
2026-03-14 20:29:37 | INFO | [Epoch 023] total_loss=0.008924, Lr0=0.000087Lr1=0.000865, time=0.59s
2026-03-14 20:29:37 | INFO | Validation — loss=0.6221, acc=0.7412, f1=0.5881, recall=0.5899, precision=0.7126
2026-03-14 20:29:37 | INFO | Best model logged 0.5881
2026-03-14 20:29:37 | INFO | [Epoch 012] total_loss=0.029303, Lr0=0.000096Lr1=0.000959, time=0.67s
2026-03-14 20:29:37 | INFO | Validation — loss=0.7383, acc=0.7528, f1=0.6548, recall=0.6423, precision=0.705
2026-03-14 20:29:38 | INFO | [Epoch 024] total_loss=0.018514, Lr0=0.000086Lr1=0.000854, time=0.63s
2026-03-14 20:29:39 | INFO | Validation — loss=1.1288, acc=0.688, f1=0.6765, recall=0.736, precision=0.6959
2026-03-14 20:29:39 | INFO | Best model logged 0.6765
2026-03-14 20:29:39 | INFO | Validation — loss=3.7379, acc=0.3028, f1=0.2443, recall=0.5043, precision=0.5615
2026-03-14 20:29:39 | INFO | [Epoch 013] total_loss=0.012923, Lr0=0.000095Lr1=0.000952, time=0.63s
2026-03-14 20:29:40 | INFO | [Epoch 025] total_loss=0.068646, Lr0=0.000084Lr1=0.000842, time=0.58s
2026-03-14 20:29:40 | INFO | Validation — loss=3.4624, acc=0.7069, f1=0.4141, recall=0.5, precision=0.3534
2026-03-14 20:29:41 | INFO | Validation — loss=2.3560, acc=0.313, f1=0.2622, recall=0.5085, precision=0.5588
2026-03-14 20:29:41 | INFO | [Epoch 026] total_loss=0.048077, Lr0=0.000083Lr1=0.000831, time=0.60s
2026-03-14 20:29:41 | INFO | [Epoch 014] total_loss=0.008043, Lr0=0.000095Lr1=0.000946, time=0.63s
2026-03-14 20:29:42 | INFO | Validation — loss=1.9179, acc=0.6896, f1=0.4117, recall=0.4889, precision=0.3805
2026-03-14 20:29:42 | INFO | [Epoch 027] total_loss=0.014092, Lr0=0.000082Lr1=0.000819, time=0.61s
2026-03-14 20:29:43 | INFO | Validation — loss=1.8890, acc=0.5385, f1=0.5384, recall=0.6561, precision=0.6603
2026-03-14 20:29:43 | INFO | Validation — loss=0.7009, acc=0.6656, f1=0.6604, recall=0.7416, precision=0.706
2026-03-14 20:29:43 | INFO | [Epoch 015] total_loss=0.009493, Lr0=0.000094Lr1=0.000938, time=0.64s
2026-03-14 20:29:44 | INFO | [Epoch 028] total_loss=0.017311, Lr0=0.000081Lr1=0.000807, time=0.58s
2026-03-14 20:29:45 | INFO | Validation — loss=1.4171, acc=0.7013, f1=0.6838, recall=0.7286, precision=0.6901
2026-03-14 20:29:45 | INFO | Best model logged 0.6838
2026-03-14 20:29:45 | INFO | Validation — loss=0.8278, acc=0.5846, f1=0.5746, recall=0.6286, precision=0.6078
2026-03-14 20:29:45 | INFO | [Epoch 029] total_loss=0.007477, Lr0=0.000080Lr1=0.000794, time=0.56s
2026-03-14 20:29:46 | INFO | [Epoch 016] total_loss=0.007147, Lr0=0.000093Lr1=0.000930, time=0.64s
2026-03-14 20:29:46 | INFO | Validation — loss=1.1803, acc=0.5131, f1=0.5123, recall=0.6397, precision=0.6537
2026-03-14 20:29:47 | INFO | [Epoch 030] total_loss=0.007723, Lr0=0.000078Lr1=0.000781, time=0.56s
2026-03-14 20:29:47 | INFO | Validation — loss=1.2767, acc=0.7094, f1=0.682, recall=0.7093, precision=0.6788
2026-03-14 20:29:47 | INFO | [Epoch 017] total_loss=0.011485, Lr0=0.000092Lr1=0.000922, time=0.61s
2026-03-14 20:29:48 | INFO | Validation — loss=1.1136, acc=0.5048, f1=0.5029, recall=0.6401, precision=0.6634
2026-03-14 20:29:48 | INFO | [Epoch 031] total_loss=0.003718, Lr0=0.000077Lr1=0.000768, time=0.58s
2026-03-14 20:29:49 | INFO | Validation — loss=1.8969, acc=0.5962, f1=0.5947, recall=0.689, precision=0.6713
2026-03-14 20:29:49 | INFO | Validation — loss=1.5837, acc=0.3542, f1=0.3184, recall=0.5418, precision=0.645
2026-03-14 20:29:49 | INFO | [Epoch 018] total_loss=0.004799, Lr0=0.000091Lr1=0.000914, time=0.62s
2026-03-14 20:29:50 | INFO | [Epoch 032] total_loss=0.002255, Lr0=0.000076Lr1=0.000755, time=0.62s
2026-03-14 20:29:50 | INFO | Validation — loss=1.3037, acc=0.419, f1=0.4045, recall=0.5835, precision=0.6464
2026-03-14 20:29:51 | INFO | Validation — loss=2.2796, acc=0.4269, f1=0.4142, recall=0.5884, precision=0.6467
2026-03-14 20:29:51 | INFO | [Epoch 033] total_loss=0.001607, Lr0=0.000074Lr1=0.000741, time=0.63s
2026-03-14 20:29:51 | INFO | [Epoch 019] total_loss=0.006819, Lr0=0.000091Lr1=0.000905, time=0.66s
2026-03-14 20:29:52 | INFO | Validation — loss=1.0073, acc=0.5339, f1=0.5334, recall=0.6597, precision=0.6712
2026-03-14 20:29:53 | INFO | [Epoch 034] total_loss=0.001256, Lr0=0.000073Lr1=0.000727, time=0.60s
2026-03-14 20:29:53 | INFO | Validation — loss=1.8022, acc=0.5713, f1=0.5708, recall=0.6728, precision=0.6629
2026-03-14 20:29:53 | INFO | [Epoch 020] total_loss=0.003386, Lr0=0.000090Lr1=0.000895, time=0.63s
2026-03-14 20:29:53 | INFO | Validation — loss=0.8380, acc=0.6102, f1=0.6089, recall=0.7068, precision=0.6878
2026-03-14 20:29:54 | INFO | [Epoch 035] total_loss=0.001181, Lr0=0.000072Lr1=0.000713, time=0.58s
2026-03-14 20:29:55 | INFO | Validation — loss=1.2615, acc=0.7, f1=0.6716, recall=0.6977, precision=0.669
2026-03-14 20:29:55 | INFO | Validation — loss=0.7212, acc=0.6571, f1=0.6502, recall=0.7229, precision=0.6881
2026-03-14 20:29:55 | INFO | [Epoch 021] total_loss=0.003395, Lr0=0.000089Lr1=0.000885, time=0.64s
2026-03-14 20:29:55 | INFO | [Epoch 036] total_loss=0.001238, Lr0=0.000070Lr1=0.000699, time=0.60s
2026-03-14 20:29:56 | INFO | Validation — loss=0.7548, acc=0.6515, f1=0.6449, recall=0.7178, precision=0.6842
2026-03-14 20:29:56 | INFO | Validation — loss=1.2727, acc=0.6647, f1=0.6127, recall=0.6191, precision=0.6099
2026-03-14 20:29:57 | INFO | [Epoch 037] total_loss=0.000825, Lr0=0.000069Lr1=0.000684, time=0.58s
2026-03-14 20:29:57 | INFO | [Epoch 022] total_loss=0.005317, Lr0=0.000088Lr1=0.000875, time=0.64s
2026-03-14 20:29:58 | INFO | Validation — loss=0.8101, acc=0.6469, f1=0.6417, recall=0.7201, precision=0.6879
2026-03-14 20:29:58 | INFO | [Epoch 038] total_loss=0.001363, Lr0=0.000067Lr1=0.000670, time=0.60s
2026-03-14 20:29:58 | INFO | Validation — loss=0.8922, acc=0.6981, f1=0.6546, recall=0.6651, precision=0.65
2026-03-14 20:29:59 | INFO | [Epoch 023] total_loss=0.001760, Lr0=0.000087Lr1=0.000865, time=0.63s
2026-03-14 20:29:59 | INFO | Validation — loss=0.9423, acc=0.6208, f1=0.6176, recall=0.703, precision=0.6776
2026-03-14 20:30:00 | INFO | [Epoch 039] total_loss=0.000936, Lr0=0.000066Lr1=0.000655, time=0.61s
2026-03-14 20:30:00 | INFO | Validation — loss=1.0466, acc=0.6455, f1=0.556, recall=0.5547, precision=0.5592
2026-03-14 20:30:01 | INFO | Validation — loss=0.9381, acc=0.6243, f1=0.6204, recall=0.7027, precision=0.6759
2026-03-14 20:30:01 | INFO | [Epoch 024] total_loss=0.003527, Lr0=0.000086Lr1=0.000854, time=0.63s
2026-03-14 20:30:01 | INFO | [Epoch 040] total_loss=0.000623, Lr0=0.000064Lr1=0.000640, time=0.65s
2026-03-14 20:30:02 | INFO | Validation — loss=0.8235, acc=0.6561, f1=0.6465, recall=0.7091, precision=0.6745
2026-03-14 20:30:02 | INFO | Early stopping at epoch 40. Best: 0.666400
2026-03-14 20:30:02 | INFO | Training complete.
2026-03-14 20:30:02 | INFO | Best checkpoint: ./save/cnn_overlap_new/subject_specific_SWELLDataset/finetuned_best_1.pt
2026-03-14 20:30:02 | INFO | Validation — loss=1.3991, acc=0.7115, f1=0.6896, recall=0.7259, precision=0.6899
2026-03-14 20:30:02 | INFO | Best model logged 0.6896
2026-03-14 20:30:03 | INFO | [Epoch 025] total_loss=0.001954, Lr0=0.000084Lr1=0.000842, time=0.62s
2026-03-14 20:30:04 | INFO | Validation — loss=1.8018, acc=0.6273, f1=0.6213, recall=0.694, precision=0.6651
2026-03-14 20:30:05 | INFO | [Epoch 026] total_loss=0.001237, Lr0=0.000083Lr1=0.000831, time=0.67s
2026-03-14 20:30:06 | INFO | Validation — loss=1.5517, acc=0.6843, f1=0.6479, recall=0.6652, precision=0.6445
2026-03-14 20:30:07 | INFO | [Epoch 027] total_loss=0.001153, Lr0=0.000082Lr1=0.000819, time=0.63s
2026-03-14 20:30:08 | INFO | Validation — loss=1.5422, acc=0.6877, f1=0.654, recall=0.6739, precision=0.6508
2026-03-14 20:30:09 | INFO | [Epoch 028] total_loss=0.001558, Lr0=0.000081Lr1=0.000807, time=0.61s
2026-03-14 20:30:10 | INFO | Validation — loss=2.0074, acc=0.616, f1=0.6122, recall=0.6941, precision=0.6688
2026-03-14 20:30:11 | INFO | [Epoch 029] total_loss=0.000625, Lr0=0.000080Lr1=0.000794, time=0.64s
2026-03-14 20:30:12 | INFO | Validation — loss=2.5838, acc=0.4915, f1=0.4895, recall=0.6242, precision=0.645
2026-03-14 20:30:13 | INFO | [Epoch 030] total_loss=0.000860, Lr0=0.000078Lr1=0.000781, time=0.63s
2026-03-14 20:30:13 | INFO | Model forward EncoderClassifierModel(
  (encoder): CNNEncoder(
    (cnn_layers): Sequential(
      (0): Conv1d(1, 32, kernel_size=(10,), stride=(1,))
      (1): BatchNorm1d(32, eps=1e-05, momentum=0.1, affine=True, track_running_stats=True)
      (2): ReLU()
      (3): MaxPool1d(kernel_size=2, stride=2, padding=0, dilation=1, ceil_mode=False)
      (4): Dropout(p=0.0, inplace=False)
      (5): Conv1d(32, 64, kernel_size=(10,), stride=(1,))
      (6): BatchNorm1d(64, eps=1e-05, momentum=0.1, affine=True, track_running_stats=True)
      (7): ReLU()
      (8): MaxPool1d(kernel_size=2, stride=2, padding=0, dilation=1, ceil_mode=False)
      (9): Dropout(p=0.0, inplace=False)
      (10): Conv1d(64, 128, kernel_size=(10,), stride=(1,))
      (11): BatchNorm1d(128, eps=1e-05, momentum=0.1, affine=True, track_running_stats=True)
      (12): ReLU()
      (13): MaxPool1d(kernel_size=2, stride=2, padding=0, dilation=1, ceil_mode=False)
      (14): Dropout(p=0.0, inplace=False)
      (15): Conv1d(128, 256, kernel_size=(10,), stride=(1,))
      (16): BatchNorm1d(256, eps=1e-05, momentum=0.1, affine=True, track_running_stats=True)
      (17): ReLU()
      (18): MaxPool1d(kernel_size=2, stride=2, padding=0, dilation=1, ceil_mode=False)
      (19): Dropout(p=0.0, inplace=False)
    )
    (linear_layer): Sequential(
      (0): Linear(in_features=18176, out_features=64, bias=True)
      (1): ReLU()
    )
  )
  (classifier): Linear(in_features=64, out_features=1, bias=True)
  (loss_fn): BCEWithLogitsLoss()
)
2026-03-14 20:30:14 | INFO | [Epoch 000] total_loss=0.634334, Lr0=0.000100Lr1=0.001000, time=0.59s
2026-03-14 20:30:14 | INFO | Validation — loss=2.2951, acc=0.5613, f1=0.5609, recall=0.6619, precision=0.6531
2026-03-14 20:30:15 | INFO | [Epoch 031] total_loss=0.000519, Lr0=0.000077Lr1=0.000768, time=0.63s
2026-03-14 20:30:15 | INFO | Validation — loss=0.6100, acc=0.7054, f1=0.4136, recall=0.5, precision=0.3527
2026-03-14 20:30:15 | INFO | Best model logged 0.4136
2026-03-14 20:30:15 | INFO | [Epoch 001] total_loss=0.450671, Lr0=0.000100Lr1=0.000999, time=0.60s
2026-03-14 20:30:16 | INFO | Validation — loss=1.9473, acc=0.6391, f1=0.6319, recall=0.7014, precision=0.67
2026-03-14 20:30:16 | INFO | Validation — loss=0.8887, acc=0.7054, f1=0.4136, recall=0.5, precision=0.3527
2026-03-14 20:30:17 | INFO | [Epoch 032] total_loss=0.000549, Lr0=0.000076Lr1=0.000755, time=0.65s
2026-03-14 20:30:17 | INFO | [Epoch 002] total_loss=0.284815, Lr0=0.000100Lr1=0.000998, time=0.59s
2026-03-14 20:30:18 | INFO | Validation — loss=2.4293, acc=0.7054, f1=0.4136, recall=0.5, precision=0.3527
2026-03-14 20:30:18 | INFO | Validation — loss=1.9309, acc=0.6483, f1=0.6398, recall=0.7056, precision=0.6724
2026-03-14 20:30:18 | INFO | [Epoch 003] total_loss=0.184062, Lr0=0.000100Lr1=0.000996, time=0.58s
2026-03-14 20:30:18 | INFO | [Epoch 033] total_loss=0.000464, Lr0=0.000074Lr1=0.000741, time=0.62s
2026-03-14 20:30:19 | INFO | Validation — loss=7.7353, acc=0.7054, f1=0.4136, recall=0.5, precision=0.3527
2026-03-14 20:30:20 | INFO | Validation — loss=1.9037, acc=0.655, f1=0.6458, recall=0.7099, precision=0.6754
2026-03-14 20:30:20 | INFO | [Epoch 004] total_loss=0.154633, Lr0=0.000099Lr1=0.000994, time=0.61s
2026-03-14 20:30:20 | INFO | [Epoch 034] total_loss=0.000441, Lr0=0.000073Lr1=0.000727, time=0.65s
2026-03-14 20:30:21 | INFO | Validation — loss=3.7171, acc=0.7054, f1=0.4136, recall=0.5, precision=0.3527
2026-03-14 20:30:21 | INFO | [Epoch 005] total_loss=0.092495, Lr0=0.000099Lr1=0.000991, time=0.61s
2026-03-14 20:30:22 | INFO | Validation — loss=1.9400, acc=0.6485, f1=0.6412, recall=0.7111, precision=0.6779
2026-03-14 20:30:22 | INFO | Validation — loss=1.5436, acc=0.7054, f1=0.4136, recall=0.5, precision=0.3527
2026-03-14 20:30:22 | INFO | [Epoch 035] total_loss=0.000533, Lr0=0.000072Lr1=0.000713, time=0.64s
2026-03-14 20:30:23 | INFO | [Epoch 006] total_loss=0.092600, Lr0=0.000099Lr1=0.000988, time=0.61s
2026-03-14 20:30:24 | INFO | Validation — loss=4.4663, acc=0.7054, f1=0.4136, recall=0.5, precision=0.3527
2026-03-14 20:30:24 | INFO | Validation — loss=2.0048, acc=0.64, f1=0.6337, recall=0.7069, precision=0.6755
2026-03-14 20:30:24 | INFO | [Epoch 007] total_loss=0.066004, Lr0=0.000098Lr1=0.000984, time=0.58s
2026-03-14 20:30:24 | INFO | [Epoch 036] total_loss=0.000532, Lr0=0.000070Lr1=0.000699, time=0.63s
2026-03-14 20:30:25 | INFO | Validation — loss=0.8871, acc=0.7054, f1=0.4136, recall=0.5, precision=0.3527
2026-03-14 20:30:26 | INFO | Validation — loss=1.9781, acc=0.6499, f1=0.6427, recall=0.7132, precision=0.6797
2026-03-14 20:30:26 | INFO | [Epoch 008] total_loss=0.076000, Lr0=0.000098Lr1=0.000980, time=0.62s
2026-03-14 20:30:26 | INFO | [Epoch 037] total_loss=0.000394, Lr0=0.000069Lr1=0.000684, time=0.62s
2026-03-14 20:30:26 | INFO | Validation — loss=0.9854, acc=0.7054, f1=0.4136, recall=0.5, precision=0.3527
2026-03-14 20:30:27 | INFO | [Epoch 009] total_loss=0.056635, Lr0=0.000098Lr1=0.000976, time=0.66s
2026-03-14 20:30:27 | INFO | Validation — loss=1.9108, acc=0.6695, f1=0.6592, recall=0.7211, precision=0.6841
2026-03-14 20:30:28 | INFO | Validation — loss=1.0336, acc=0.7054, f1=0.4136, recall=0.5, precision=0.3527
2026-03-14 20:30:28 | INFO | [Epoch 038] total_loss=0.000608, Lr0=0.000067Lr1=0.000670, time=0.64s
2026-03-14 20:30:29 | INFO | [Epoch 010] total_loss=0.051370, Lr0=0.000097Lr1=0.000970, time=0.59s
2026-03-14 20:30:29 | INFO | Validation — loss=2.0896, acc=0.6347, f1=0.6294, recall=0.7059, precision=0.676
2026-03-14 20:30:29 | INFO | Validation — loss=0.9669, acc=0.6543, f1=0.3962, recall=0.464, precision=0.3471
2026-03-14 20:30:30 | INFO | [Epoch 011] total_loss=0.030036, Lr0=0.000097Lr1=0.000965, time=0.59s
2026-03-14 20:30:30 | INFO | [Epoch 039] total_loss=0.000574, Lr0=0.000066Lr1=0.000655, time=0.63s
2026-03-14 20:30:31 | INFO | Validation — loss=2.2919, acc=0.7054, f1=0.4136, recall=0.5, precision=0.3527
2026-03-14 20:30:31 | INFO | Validation — loss=2.2539, acc=0.5886, f1=0.5871, recall=0.68, precision=0.6631
2026-03-14 20:30:31 | INFO | [Epoch 012] total_loss=0.023971, Lr0=0.000096Lr1=0.000959, time=0.62s
2026-03-14 20:30:32 | INFO | [Epoch 040] total_loss=0.000360, Lr0=0.000064Lr1=0.000640, time=0.63s
2026-03-14 20:30:32 | INFO | Validation — loss=2.2998, acc=0.7054, f1=0.4136, recall=0.5, precision=0.3527
2026-03-14 20:30:33 | INFO | [Epoch 013] total_loss=0.031105, Lr0=0.000095Lr1=0.000952, time=0.65s
2026-03-14 20:30:33 | INFO | Validation — loss=2.0326, acc=0.6402, f1=0.6343, recall=0.7087, precision=0.6774
2026-03-14 20:30:34 | INFO | Validation — loss=1.7303, acc=0.7054, f1=0.4136, recall=0.5, precision=0.3527
2026-03-14 20:30:34 | INFO | [Epoch 041] total_loss=0.000351, Lr0=0.000063Lr1=0.000625, time=0.66s
2026-03-14 20:30:34 | INFO | [Epoch 014] total_loss=0.034635, Lr0=0.000095Lr1=0.000946, time=0.60s
2026-03-14 20:30:35 | INFO | Validation — loss=1.8900, acc=0.6836, f1=0.6708, recall=0.7264, precision=0.6878
2026-03-14 20:30:35 | INFO | Validation — loss=2.0084, acc=0.7054, f1=0.4136, recall=0.5, precision=0.3527
2026-03-14 20:30:36 | INFO | [Epoch 042] total_loss=0.000329, Lr0=0.000061Lr1=0.000609, time=0.65s
2026-03-14 20:30:36 | INFO | [Epoch 015] total_loss=0.042078, Lr0=0.000094Lr1=0.000938, time=0.61s
2026-03-14 20:30:37 | INFO | Validation — loss=2.1708, acc=0.7054, f1=0.4136, recall=0.5, precision=0.3527
2026-03-14 20:30:37 | INFO | Validation — loss=1.8746, acc=0.6942, f1=0.6799, recall=0.7321, precision=0.6924
2026-03-14 20:30:37 | INFO | [Epoch 016] total_loss=0.039183, Lr0=0.000093Lr1=0.000930, time=0.61s
2026-03-14 20:30:38 | INFO | [Epoch 043] total_loss=0.000262, Lr0=0.000060Lr1=0.000594, time=0.69s
2026-03-14 20:30:38 | INFO | Validation — loss=0.7567, acc=0.7167, f1=0.5398, recall=0.5558, precision=0.6484
2026-03-14 20:30:38 | INFO | Best model logged 0.5398
2026-03-14 20:30:39 | INFO | [Epoch 017] total_loss=0.030058, Lr0=0.000092Lr1=0.000922, time=0.60s
2026-03-14 20:30:39 | INFO | Validation — loss=1.8755, acc=0.694, f1=0.6802, recall=0.7338, precision=0.6938
2026-03-14 20:30:40 | INFO | [Epoch 044] total_loss=0.000252, Lr0=0.000058Lr1=0.000579, time=0.65s
2026-03-14 20:30:40 | INFO | Validation — loss=0.4113, acc=0.838, f1=0.7627, recall=0.7298, precision=0.8914
2026-03-14 20:30:40 | INFO | Best model logged 0.7627
2026-03-14 20:30:41 | INFO | [Epoch 018] total_loss=0.023935, Lr0=0.000091Lr1=0.000914, time=0.62s
2026-03-14 20:30:41 | INFO | Validation — loss=1.8895, acc=0.6887, f1=0.6759, recall=0.7319, precision=0.6922
2026-03-14 20:30:41 | INFO | Early stopping at epoch 44. Best: 0.689600
2026-03-14 20:30:41 | INFO | Training complete.
2026-03-14 20:30:41 | INFO | Best checkpoint: ./save/cnn_overlap_new/subject_specific_SWELLDataset/finetuned_best_1.pt
2026-03-14 20:30:41 | INFO | Validation — loss=1.4864, acc=0.7043, f1=0.4155, recall=0.4999, precision=0.489
2026-03-14 20:30:42 | INFO | [Epoch 019] total_loss=0.010128, Lr0=0.000091Lr1=0.000905, time=0.58s
2026-03-14 20:30:43 | INFO | Validation — loss=2.6722, acc=0.7054, f1=0.4136, recall=0.5, precision=0.3527
2026-03-14 20:30:43 | INFO | [Epoch 020] total_loss=0.012967, Lr0=0.000090Lr1=0.000895, time=0.58s
2026-03-14 20:30:44 | INFO | Validation — loss=1.8099, acc=0.7079, f1=0.4228, recall=0.5043, precision=0.8536
2026-03-14 20:30:45 | INFO | [Epoch 021] total_loss=0.036278, Lr0=0.000089Lr1=0.000885, time=0.61s
2026-03-14 20:30:46 | INFO | Validation — loss=3.4149, acc=0.7054, f1=0.4136, recall=0.5, precision=0.3527
2026-03-14 20:30:46 | INFO | [Epoch 022] total_loss=0.020278, Lr0=0.000088Lr1=0.000875, time=0.59s
2026-03-14 20:30:47 | INFO | Validation — loss=3.0062, acc=0.7054, f1=0.4136, recall=0.5, precision=0.3527
2026-03-14 20:30:48 | INFO | [Epoch 023] total_loss=0.022894, Lr0=0.000087Lr1=0.000865, time=0.56s
2026-03-14 20:30:48 | INFO | Validation — loss=1.9231, acc=0.7056, f1=0.4145, recall=0.5004, precision=0.8528
2026-03-14 20:30:49 | INFO | [Epoch 024] total_loss=0.013707, Lr0=0.000086Lr1=0.000854, time=0.58s
2026-03-14 20:30:50 | INFO | Validation — loss=2.1586, acc=0.7054, f1=0.4136, recall=0.5, precision=0.3527
2026-03-14 20:30:50 | INFO | [Epoch 025] total_loss=0.004882, Lr0=0.000084Lr1=0.000842, time=0.57s
2026-03-14 20:30:51 | INFO | Validation — loss=2.3054, acc=0.7054, f1=0.4136, recall=0.5, precision=0.3527
2026-03-14 20:30:51 | INFO | Model forward EncoderClassifierModel(
  (encoder): CNNEncoder(
    (cnn_layers): Sequential(
      (0): Conv1d(1, 32, kernel_size=(10,), stride=(1,))
      (1): BatchNorm1d(32, eps=1e-05, momentum=0.1, affine=True, track_running_stats=True)
      (2): ReLU()
      (3): MaxPool1d(kernel_size=2, stride=2, padding=0, dilation=1, ceil_mode=False)
      (4): Dropout(p=0.0, inplace=False)
      (5): Conv1d(32, 64, kernel_size=(10,), stride=(1,))
      (6): BatchNorm1d(64, eps=1e-05, momentum=0.1, affine=True, track_running_stats=True)
      (7): ReLU()
      (8): MaxPool1d(kernel_size=2, stride=2, padding=0, dilation=1, ceil_mode=False)
      (9): Dropout(p=0.0, inplace=False)
      (10): Conv1d(64, 128, kernel_size=(10,), stride=(1,))
      (11): BatchNorm1d(128, eps=1e-05, momentum=0.1, affine=True, track_running_stats=True)
      (12): ReLU()
      (13): MaxPool1d(kernel_size=2, stride=2, padding=0, dilation=1, ceil_mode=False)
      (14): Dropout(p=0.0, inplace=False)
      (15): Conv1d(128, 256, kernel_size=(10,), stride=(1,))
      (16): BatchNorm1d(256, eps=1e-05, momentum=0.1, affine=True, track_running_stats=True)
      (17): ReLU()
      (18): MaxPool1d(kernel_size=2, stride=2, padding=0, dilation=1, ceil_mode=False)
      (19): Dropout(p=0.0, inplace=False)
    )
    (linear_layer): Sequential(
      (0): Linear(in_features=18176, out_features=64, bias=True)
      (1): ReLU()
    )
  )
  (classifier): Linear(in_features=64, out_features=1, bias=True)
  (loss_fn): BCEWithLogitsLoss()
)
2026-03-14 20:30:52 | INFO | [Epoch 026] total_loss=0.003798, Lr0=0.000083Lr1=0.000831, time=0.58s
2026-03-14 20:30:52 | INFO | [Epoch 000] total_loss=0.634334, Lr0=0.000100Lr1=0.001000, time=0.63s
2026-03-14 20:30:53 | INFO | Validation — loss=2.0365, acc=0.7063, f1=0.417, recall=0.5016, precision=0.853
2026-03-14 20:30:53 | INFO | [Epoch 027] total_loss=0.002746, Lr0=0.000082Lr1=0.000819, time=0.62s
2026-03-14 20:30:53 | INFO | Validation — loss=0.6107, acc=0.7054, f1=0.4136, recall=0.5, precision=0.3527
2026-03-14 20:30:53 | INFO | Best model logged 0.4136
2026-03-14 20:30:54 | INFO | [Epoch 001] total_loss=0.450675, Lr0=0.000100Lr1=0.000999, time=0.62s
2026-03-14 20:30:54 | INFO | Validation — loss=2.1848, acc=0.7056, f1=0.4145, recall=0.5004, precision=0.8528
2026-03-14 20:30:55 | INFO | [Epoch 028] total_loss=0.002662, Lr0=0.000081Lr1=0.000807, time=0.62s
2026-03-14 20:30:55 | INFO | Validation — loss=0.8486, acc=0.7054, f1=0.4136, recall=0.5, precision=0.3527
2026-03-14 20:30:56 | INFO | Validation — loss=2.2973, acc=0.7054, f1=0.4136, recall=0.5, precision=0.3527
2026-03-14 20:30:56 | INFO | [Epoch 002] total_loss=0.284778, Lr0=0.000100Lr1=0.000998, time=0.61s
2026-03-14 20:30:56 | INFO | [Epoch 029] total_loss=0.001418, Lr0=0.000080Lr1=0.000794, time=0.59s
2026-03-14 20:30:57 | INFO | Validation — loss=2.5110, acc=0.7054, f1=0.4136, recall=0.5, precision=0.3527
2026-03-14 20:30:57 | INFO | Validation — loss=2.3433, acc=0.7054, f1=0.4136, recall=0.5, precision=0.3527
2026-03-14 20:30:58 | INFO | [Epoch 030] total_loss=0.001453, Lr0=0.000078Lr1=0.000781, time=0.62s
2026-03-14 20:30:58 | INFO | [Epoch 003] total_loss=0.183822, Lr0=0.000100Lr1=0.000996, time=0.65s
2026-03-14 20:30:59 | INFO | Validation — loss=2.2572, acc=0.7056, f1=0.4145, recall=0.5004, precision=0.8528
2026-03-14 20:30:59 | INFO | Validation — loss=4.6852, acc=0.7054, f1=0.4136, recall=0.5, precision=0.3527
2026-03-14 20:30:59 | INFO | [Epoch 031] total_loss=0.001574, Lr0=0.000077Lr1=0.000768, time=0.56s
2026-03-14 20:31:00 | INFO | [Epoch 004] total_loss=0.155963, Lr0=0.000099Lr1=0.000994, time=0.66s
2026-03-14 20:31:00 | INFO | Validation — loss=2.2362, acc=0.7059, f1=0.4153, recall=0.5008, precision=0.8529
2026-03-14 20:31:01 | INFO | [Epoch 032] total_loss=0.001187, Lr0=0.000076Lr1=0.000755, time=0.57s
2026-03-14 20:31:01 | INFO | Validation — loss=0.6950, acc=0.7054, f1=0.4136, recall=0.5, precision=0.3527
2026-03-14 20:31:01 | INFO | Validation — loss=2.3118, acc=0.7056, f1=0.4145, recall=0.5004, precision=0.8528
2026-03-14 20:31:02 | INFO | [Epoch 005] total_loss=0.092488, Lr0=0.000099Lr1=0.000991, time=0.64s
2026-03-14 20:31:02 | INFO | [Epoch 033] total_loss=0.000899, Lr0=0.000074Lr1=0.000741, time=0.59s
2026-03-14 20:31:03 | INFO | Validation — loss=2.4301, acc=0.7054, f1=0.4136, recall=0.5, precision=0.3527
2026-03-14 20:31:03 | INFO | Validation — loss=1.4988, acc=0.2946, f1=0.2276, recall=0.5, precision=0.1473
2026-03-14 20:31:03 | INFO | [Epoch 034] total_loss=0.000815, Lr0=0.000073Lr1=0.000727, time=0.62s
2026-03-14 20:31:04 | INFO | [Epoch 006] total_loss=0.092379, Lr0=0.000099Lr1=0.000988, time=0.64s
2026-03-14 20:31:04 | INFO | Validation — loss=2.4012, acc=0.7056, f1=0.4145, recall=0.5004, precision=0.8528
2026-03-14 20:31:05 | INFO | Validation — loss=1.2743, acc=0.7054, f1=0.4136, recall=0.5, precision=0.3527
2026-03-14 20:31:05 | INFO | [Epoch 035] total_loss=0.001119, Lr0=0.000072Lr1=0.000713, time=0.68s
2026-03-14 20:31:06 | INFO | [Epoch 007] total_loss=0.059410, Lr0=0.000098Lr1=0.000984, time=0.64s
2026-03-14 20:31:06 | INFO | Validation — loss=2.3566, acc=0.7056, f1=0.4145, recall=0.5004, precision=0.8528
2026-03-14 20:31:07 | INFO | [Epoch 036] total_loss=0.001062, Lr0=0.000070Lr1=0.000699, time=0.58s
2026-03-14 20:31:07 | INFO | Validation — loss=1.0329, acc=0.0205, f1=0.0203, recall=0.0177, precision=0.0303
2026-03-14 20:31:07 | INFO | Validation — loss=2.3621, acc=0.7056, f1=0.4145, recall=0.5004, precision=0.8528
2026-03-14 20:31:08 | INFO | [Epoch 008] total_loss=0.068635, Lr0=0.000098Lr1=0.000980, time=0.67s
2026-03-14 20:31:08 | INFO | [Epoch 037] total_loss=0.001017, Lr0=0.000069Lr1=0.000684, time=0.63s
2026-03-14 20:31:09 | INFO | Validation — loss=2.3374, acc=0.7056, f1=0.4145, recall=0.5004, precision=0.8528
2026-03-14 20:31:09 | INFO | Early stopping at epoch 37. Best: 0.762700
2026-03-14 20:31:09 | INFO | Training complete.
2026-03-14 20:31:09 | INFO | Best checkpoint: ./save/cnn_overlap_new/subject_specific_SWELLDataset/finetuned_best_2.pt
2026-03-14 20:31:09 | INFO | Validation — loss=1.6164, acc=0.7054, f1=0.4136, recall=0.5, precision=0.3527
2026-03-14 20:31:10 | INFO | [Epoch 009] total_loss=0.075458, Lr0=0.000098Lr1=0.000976, time=0.66s
2026-03-14 20:31:11 | INFO | Validation — loss=1.5682, acc=0.7054, f1=0.4136, recall=0.5, precision=0.3527
2026-03-14 20:31:12 | INFO | [Epoch 010] total_loss=0.055748, Lr0=0.000097Lr1=0.000970, time=0.64s
2026-03-14 20:31:13 | INFO | Validation — loss=2.0569, acc=0.7054, f1=0.4136, recall=0.5, precision=0.3527
2026-03-14 20:31:13 | INFO | [Epoch 011] total_loss=0.030228, Lr0=0.000097Lr1=0.000965, time=0.63s
2026-03-14 20:31:15 | INFO | Validation — loss=2.5407, acc=0.7054, f1=0.4136, recall=0.5, precision=0.3527
2026-03-14 20:31:15 | INFO | [Epoch 012] total_loss=0.024831, Lr0=0.000096Lr1=0.000959, time=0.65s
2026-03-14 20:31:17 | INFO | Validation — loss=2.2683, acc=0.7054, f1=0.4136, recall=0.5, precision=0.3527
2026-03-14 20:31:17 | INFO | [Epoch 013] total_loss=0.032369, Lr0=0.000095Lr1=0.000952, time=0.64s
2026-03-14 20:31:19 | INFO | Validation — loss=1.6921, acc=0.7098, f1=0.4293, recall=0.5074, precision=0.8543
2026-03-14 20:31:19 | INFO | Best model logged 0.4293
2026-03-14 20:31:19 | INFO | [Epoch 014] total_loss=0.036820, Lr0=0.000095Lr1=0.000946, time=0.61s
2026-03-14 20:31:20 | INFO | Model forward EncoderClassifierModel(
  (encoder): CNNEncoder(
    (cnn_layers): Sequential(
      (0): Conv1d(1, 32, kernel_size=(10,), stride=(1,))
      (1): BatchNorm1d(32, eps=1e-05, momentum=0.1, affine=True, track_running_stats=True)
      (2): ReLU()
      (3): MaxPool1d(kernel_size=2, stride=2, padding=0, dilation=1, ceil_mode=False)
      (4): Dropout(p=0.0, inplace=False)
      (5): Conv1d(32, 64, kernel_size=(10,), stride=(1,))
      (6): BatchNorm1d(64, eps=1e-05, momentum=0.1, affine=True, track_running_stats=True)
      (7): ReLU()
      (8): MaxPool1d(kernel_size=2, stride=2, padding=0, dilation=1, ceil_mode=False)
      (9): Dropout(p=0.0, inplace=False)
      (10): Conv1d(64, 128, kernel_size=(10,), stride=(1,))
      (11): BatchNorm1d(128, eps=1e-05, momentum=0.1, affine=True, track_running_stats=True)
      (12): ReLU()
      (13): MaxPool1d(kernel_size=2, stride=2, padding=0, dilation=1, ceil_mode=False)
      (14): Dropout(p=0.0, inplace=False)
      (15): Conv1d(128, 256, kernel_size=(10,), stride=(1,))
      (16): BatchNorm1d(256, eps=1e-05, momentum=0.1, affine=True, track_running_stats=True)
      (17): ReLU()
      (18): MaxPool1d(kernel_size=2, stride=2, padding=0, dilation=1, ceil_mode=False)
      (19): Dropout(p=0.0, inplace=False)
    )
    (linear_layer): Sequential(
      (0): Linear(in_features=18176, out_features=64, bias=True)
      (1): ReLU()
    )
  )
  (classifier): Linear(in_features=64, out_features=1, bias=True)
  (loss_fn): BCEWithLogitsLoss()
)
2026-03-14 20:31:20 | INFO | [Epoch 000] total_loss=0.638086, Lr0=0.000100Lr1=0.001000, time=0.58s
2026-03-14 20:31:21 | INFO | Validation — loss=1.6587, acc=0.7066, f1=0.4178, recall=0.502, precision=0.8531
2026-03-14 20:31:21 | INFO | Validation — loss=0.6544, acc=0.7074, f1=0.4143, recall=0.5, precision=0.3537
2026-03-14 20:31:21 | INFO | Best model logged 0.4143
2026-03-14 20:31:21 | INFO | [Epoch 015] total_loss=0.030718, Lr0=0.000094Lr1=0.000938, time=0.65s
2026-03-14 20:31:22 | INFO | [Epoch 001] total_loss=0.482526, Lr0=0.000100Lr1=0.000999, time=0.60s
2026-03-14 20:31:22 | INFO | Validation — loss=2.1480, acc=0.7054, f1=0.4136, recall=0.5, precision=0.3527
2026-03-14 20:31:23 | INFO | Validation — loss=0.6103, acc=0.7074, f1=0.4143, recall=0.5, precision=0.3537
2026-03-14 20:31:23 | INFO | [Epoch 016] total_loss=0.028086, Lr0=0.000093Lr1=0.000930, time=0.65s
2026-03-14 20:31:23 | INFO | [Epoch 002] total_loss=0.310334, Lr0=0.000100Lr1=0.000998, time=0.61s
2026-03-14 20:31:24 | INFO | Validation — loss=0.6632, acc=0.7074, f1=0.4143, recall=0.5, precision=0.3537
2026-03-14 20:31:24 | INFO | Validation — loss=1.2785, acc=0.7181, f1=0.4579, recall=0.5215, precision=0.8572
2026-03-14 20:31:24 | INFO | Best model logged 0.4579
2026-03-14 20:31:25 | INFO | [Epoch 003] total_loss=0.200300, Lr0=0.000100Lr1=0.000996, time=0.61s
2026-03-14 20:31:25 | INFO | [Epoch 017] total_loss=0.017795, Lr0=0.000092Lr1=0.000922, time=0.61s
2026-03-14 20:31:26 | INFO | Validation — loss=0.6903, acc=0.7074, f1=0.4143, recall=0.5, precision=0.3537
2026-03-14 20:31:26 | INFO | [Epoch 004] total_loss=0.160968, Lr0=0.000099Lr1=0.000994, time=0.62s
2026-03-14 20:31:26 | INFO | Validation — loss=2.1589, acc=0.7063, f1=0.417, recall=0.5016, precision=0.853
2026-03-14 20:31:27 | INFO | [Epoch 018] total_loss=0.020077, Lr0=0.000091Lr1=0.000914, time=0.63s
2026-03-14 20:31:27 | INFO | Validation — loss=0.8555, acc=0.7074, f1=0.4143, recall=0.5, precision=0.3537
2026-03-14 20:31:28 | INFO | [Epoch 005] total_loss=0.144527, Lr0=0.000099Lr1=0.000991, time=0.62s
2026-03-14 20:31:28 | INFO | Validation — loss=1.1204, acc=0.7181, f1=0.4579, recall=0.5215, precision=0.8572
2026-03-14 20:31:29 | INFO | Validation — loss=0.9592, acc=0.2926, f1=0.2264, recall=0.5, precision=0.1463
2026-03-14 20:31:29 | INFO | [Epoch 019] total_loss=0.008984, Lr0=0.000091Lr1=0.000905, time=0.64s
2026-03-14 20:31:29 | INFO | [Epoch 006] total_loss=0.129263, Lr0=0.000099Lr1=0.000988, time=0.59s
2026-03-14 20:31:30 | INFO | Validation — loss=2.7199, acc=0.7074, f1=0.4143, recall=0.5, precision=0.3537
2026-03-14 20:31:30 | INFO | Validation — loss=1.9926, acc=0.7056, f1=0.4145, recall=0.5004, precision=0.8528
2026-03-14 20:31:31 | INFO | [Epoch 007] total_loss=0.124847, Lr0=0.000098Lr1=0.000984, time=0.62s
2026-03-14 20:31:31 | INFO | [Epoch 020] total_loss=0.008342, Lr0=0.000090Lr1=0.000895, time=0.65s
2026-03-14 20:31:32 | INFO | Validation — loss=1.6389, acc=0.7074, f1=0.4143, recall=0.5, precision=0.3537
2026-03-14 20:31:32 | INFO | [Epoch 008] total_loss=0.083700, Lr0=0.000098Lr1=0.000980, time=0.60s
2026-03-14 20:31:32 | INFO | Validation — loss=1.5819, acc=0.7125, f1=0.439, recall=0.5121, precision=0.8552
2026-03-14 20:31:33 | INFO | [Epoch 021] total_loss=0.009702, Lr0=0.000089Lr1=0.000885, time=0.64s
2026-03-14 20:31:33 | INFO | Validation — loss=1.3639, acc=0.7074, f1=0.4143, recall=0.5, precision=0.3537
2026-03-14 20:31:34 | INFO | [Epoch 009] total_loss=0.071268, Lr0=0.000098Lr1=0.000976, time=0.61s
2026-03-14 20:31:34 | INFO | Validation — loss=2.5716, acc=0.7054, f1=0.4136, recall=0.5, precision=0.3527
2026-03-14 20:31:34 | INFO | Validation — loss=2.3000, acc=0.7074, f1=0.4143, recall=0.5, precision=0.3537
2026-03-14 20:31:35 | INFO | [Epoch 022] total_loss=0.010521, Lr0=0.000088Lr1=0.000875, time=0.62s
2026-03-14 20:31:35 | INFO | [Epoch 010] total_loss=0.049200, Lr0=0.000097Lr1=0.000970, time=0.59s
2026-03-14 20:31:36 | INFO | Validation — loss=2.1702, acc=0.7074, f1=0.4143, recall=0.5, precision=0.3537
2026-03-14 20:31:36 | INFO | Validation — loss=2.9388, acc=0.7054, f1=0.4136, recall=0.5, precision=0.3527
2026-03-14 20:31:36 | INFO | [Epoch 011] total_loss=0.040307, Lr0=0.000097Lr1=0.000965, time=0.58s
2026-03-14 20:31:37 | INFO | [Epoch 023] total_loss=0.006461, Lr0=0.000087Lr1=0.000865, time=0.65s
2026-03-14 20:31:37 | INFO | Validation — loss=1.7714, acc=0.7076, f1=0.4152, recall=0.5004, precision=0.8538
2026-03-14 20:31:37 | INFO | Best model logged 0.4152
2026-03-14 20:31:38 | INFO | Validation — loss=2.6853, acc=0.7054, f1=0.4136, recall=0.5, precision=0.3527
2026-03-14 20:31:38 | INFO | [Epoch 012] total_loss=0.035944, Lr0=0.000096Lr1=0.000959, time=0.60s
2026-03-14 20:31:39 | INFO | [Epoch 024] total_loss=0.003588, Lr0=0.000086Lr1=0.000854, time=0.67s
2026-03-14 20:31:39 | INFO | Validation — loss=2.0310, acc=0.7097, f1=0.4228, recall=0.504, precision=0.8545
2026-03-14 20:31:39 | INFO | Best model logged 0.4228
2026-03-14 20:31:40 | INFO | [Epoch 013] total_loss=0.033296, Lr0=0.000095Lr1=0.000952, time=0.61s
2026-03-14 20:31:40 | INFO | Validation — loss=2.1426, acc=0.7089, f1=0.4261, recall=0.5059, precision=0.8539
2026-03-14 20:31:41 | INFO | Validation — loss=2.0213, acc=0.7125, f1=0.4329, recall=0.5088, precision=0.8555
2026-03-14 20:31:41 | INFO | Best model logged 0.4329
2026-03-14 20:31:41 | INFO | [Epoch 025] total_loss=0.002237, Lr0=0.000084Lr1=0.000842, time=0.66s
2026-03-14 20:31:41 | INFO | [Epoch 014] total_loss=0.040150, Lr0=0.000095Lr1=0.000946, time=0.56s
2026-03-14 20:31:42 | INFO | Validation — loss=2.6690, acc=0.7054, f1=0.4136, recall=0.5, precision=0.3527
2026-03-14 20:31:42 | INFO | Validation — loss=2.7656, acc=0.71, f1=0.4237, recall=0.5044, precision=0.8546
2026-03-14 20:31:43 | INFO | [Epoch 015] total_loss=0.063506, Lr0=0.000094Lr1=0.000938, time=0.60s
2026-03-14 20:31:43 | INFO | [Epoch 026] total_loss=0.001411, Lr0=0.000083Lr1=0.000831, time=0.65s
2026-03-14 20:31:43 | INFO | Validation — loss=1.3119, acc=0.7425, f1=0.5302, recall=0.56, precision=0.8666
2026-03-14 20:31:43 | INFO | Best model logged 0.5302
2026-03-14 20:31:44 | INFO | Validation — loss=2.6586, acc=0.7054, f1=0.4136, recall=0.5, precision=0.3527
2026-03-14 20:31:44 | INFO | [Epoch 016] total_loss=0.045270, Lr0=0.000093Lr1=0.000930, time=0.60s
2026-03-14 20:31:45 | INFO | [Epoch 027] total_loss=0.001771, Lr0=0.000082Lr1=0.000819, time=0.63s
2026-03-14 20:31:45 | INFO | Validation — loss=3.1419, acc=0.7074, f1=0.4143, recall=0.5, precision=0.3537
2026-03-14 20:31:46 | INFO | [Epoch 017] total_loss=0.033854, Lr0=0.000092Lr1=0.000922, time=0.57s
2026-03-14 20:31:46 | INFO | Validation — loss=2.6248, acc=0.7054, f1=0.4136, recall=0.5, precision=0.3527
2026-03-14 20:31:46 | INFO | Validation — loss=1.5363, acc=0.7212, f1=0.4628, recall=0.5236, precision=0.8587
2026-03-14 20:31:46 | INFO | [Epoch 028] total_loss=0.001718, Lr0=0.000081Lr1=0.000807, time=0.63s
2026-03-14 20:31:47 | INFO | [Epoch 018] total_loss=0.019527, Lr0=0.000091Lr1=0.000914, time=0.61s
2026-03-14 20:31:48 | INFO | Validation — loss=2.5967, acc=0.7054, f1=0.4136, recall=0.5, precision=0.3527
2026-03-14 20:31:48 | INFO | Validation — loss=1.2807, acc=0.7296, f1=0.4904, recall=0.538, precision=0.8617
2026-03-14 20:31:48 | INFO | [Epoch 029] total_loss=0.000919, Lr0=0.000080Lr1=0.000794, time=0.65s
2026-03-14 20:31:48 | INFO | [Epoch 019] total_loss=0.020120, Lr0=0.000091Lr1=0.000905, time=0.59s
2026-03-14 20:31:49 | INFO | Validation — loss=0.8860, acc=0.7868, f1=0.6478, recall=0.6356, precision=0.8842
2026-03-14 20:31:49 | INFO | Best model logged 0.6478
2026-03-14 20:31:50 | INFO | Validation — loss=2.5597, acc=0.7054, f1=0.4136, recall=0.5, precision=0.3527
2026-03-14 20:31:50 | INFO | [Epoch 020] total_loss=0.016719, Lr0=0.000090Lr1=0.000895, time=0.62s
2026-03-14 20:31:50 | INFO | [Epoch 030] total_loss=0.001027, Lr0=0.000078Lr1=0.000781, time=0.64s
2026-03-14 20:31:51 | INFO | Validation — loss=0.8468, acc=0.8034, f1=0.686, recall=0.664, precision=0.8912
2026-03-14 20:31:51 | INFO | Best model logged 0.686
2026-03-14 20:31:52 | INFO | [Epoch 021] total_loss=0.015499, Lr0=0.000089Lr1=0.000885, time=0.60s
2026-03-14 20:31:52 | INFO | Validation — loss=2.5160, acc=0.7054, f1=0.4136, recall=0.5, precision=0.3527
2026-03-14 20:31:52 | INFO | [Epoch 031] total_loss=0.001216, Lr0=0.000077Lr1=0.000768, time=0.64s
2026-03-14 20:31:52 | INFO | Validation — loss=2.3805, acc=0.71, f1=0.4237, recall=0.5044, precision=0.8546
2026-03-14 20:31:53 | INFO | [Epoch 022] total_loss=0.005994, Lr0=0.000088Lr1=0.000875, time=0.70s
2026-03-14 20:31:53 | INFO | Validation — loss=2.5506, acc=0.7056, f1=0.4145, recall=0.5004, precision=0.8528
2026-03-14 20:31:54 | INFO | Validation — loss=1.4727, acc=0.7383, f1=0.5175, recall=0.5528, precision=0.865
2026-03-14 20:31:54 | INFO | [Epoch 032] total_loss=0.000834, Lr0=0.000076Lr1=0.000755, time=0.63s
2026-03-14 20:31:55 | INFO | [Epoch 023] total_loss=0.010036, Lr0=0.000087Lr1=0.000865, time=0.61s
2026-03-14 20:31:55 | INFO | Validation — loss=2.7323, acc=0.7054, f1=0.4136, recall=0.5, precision=0.3527
2026-03-14 20:31:56 | INFO | Validation — loss=1.8132, acc=0.7261, f1=0.4791, recall=0.532, precision=0.8604
2026-03-14 20:31:56 | INFO | [Epoch 033] total_loss=0.000709, Lr0=0.000074Lr1=0.000741, time=0.64s
2026-03-14 20:31:56 | INFO | [Epoch 024] total_loss=0.004758, Lr0=0.000086Lr1=0.000854, time=0.63s
2026-03-14 20:31:57 | INFO | Validation — loss=1.2710, acc=0.7589, f1=0.5769, recall=0.588, precision=0.8729
2026-03-14 20:31:57 | INFO | Validation — loss=2.7901, acc=0.7054, f1=0.4136, recall=0.5, precision=0.3527
2026-03-14 20:31:58 | INFO | [Epoch 025] total_loss=0.002915, Lr0=0.000084Lr1=0.000842, time=0.60s
2026-03-14 20:31:58 | INFO | [Epoch 034] total_loss=0.000588, Lr0=0.000073Lr1=0.000727, time=0.66s
2026-03-14 20:31:58 | INFO | Validation — loss=1.4092, acc=0.7449, f1=0.5371, recall=0.564, precision=0.8675
2026-03-14 20:31:59 | INFO | [Epoch 026] total_loss=0.002576, Lr0=0.000083Lr1=0.000831, time=0.70s
2026-03-14 20:31:59 | INFO | Validation — loss=2.6935, acc=0.7054, f1=0.4136, recall=0.5, precision=0.3527
2026-03-14 20:32:00 | INFO | [Epoch 035] total_loss=0.000870, Lr0=0.000072Lr1=0.000713, time=0.64s
2026-03-14 20:32:00 | INFO | Validation — loss=1.2375, acc=0.7577, f1=0.5737, recall=0.586, precision=0.8724
2026-03-14 20:32:01 | INFO | [Epoch 027] total_loss=0.001974, Lr0=0.000082Lr1=0.000819, time=0.62s
2026-03-14 20:32:01 | INFO | Validation — loss=2.6608, acc=0.7054, f1=0.4136, recall=0.5, precision=0.3527
2026-03-14 20:32:01 | INFO | Validation — loss=1.2248, acc=0.7605, f1=0.5813, recall=0.5908, precision=0.8735
2026-03-14 20:32:02 | INFO | [Epoch 036] total_loss=0.000708, Lr0=0.000070Lr1=0.000699, time=0.63s
2026-03-14 20:32:02 | INFO | [Epoch 028] total_loss=0.001782, Lr0=0.000081Lr1=0.000807, time=0.65s
2026-03-14 20:32:03 | INFO | Validation — loss=1.3868, acc=0.753, f1=0.5606, recall=0.578, precision=0.8706
2026-03-14 20:32:03 | INFO | Validation — loss=2.6792, acc=0.7054, f1=0.4136, recall=0.5, precision=0.3527
2026-03-14 20:32:03 | INFO | Early stopping at epoch 36. Best: 0.457900
2026-03-14 20:32:03 | INFO | Training complete.
2026-03-14 20:32:03 | INFO | Best checkpoint: ./save/cnn_overlap_new/subject_specific_SWELLDataset/finetuned_best_2.pt
2026-03-14 20:32:04 | INFO | [Epoch 029] total_loss=0.001437, Lr0=0.000080Lr1=0.000794, time=0.59s
2026-03-14 20:32:05 | INFO | Validation — loss=1.5645, acc=0.7406, f1=0.5246, recall=0.5568, precision=0.8659
2026-03-14 20:32:05 | INFO | [Epoch 030] total_loss=0.001396, Lr0=0.000078Lr1=0.000781, time=0.62s
2026-03-14 20:32:06 | INFO | Validation — loss=1.3673, acc=0.7484, f1=0.5473, recall=0.57, precision=0.8688
2026-03-14 20:32:07 | INFO | [Epoch 031] total_loss=0.000939, Lr0=0.000077Lr1=0.000768, time=0.59s
2026-03-14 20:32:07 | INFO | Validation — loss=1.3494, acc=0.7493, f1=0.55, recall=0.5716, precision=0.8692
2026-03-14 20:32:08 | INFO | [Epoch 032] total_loss=0.001255, Lr0=0.000076Lr1=0.000755, time=0.60s
2026-03-14 20:32:09 | INFO | Validation — loss=1.2591, acc=0.7582, f1=0.5749, recall=0.5868, precision=0.8726
2026-03-14 20:32:10 | INFO | [Epoch 033] total_loss=0.000779, Lr0=0.000074Lr1=0.000741, time=0.58s
2026-03-14 20:32:10 | INFO | Validation — loss=1.4180, acc=0.7481, f1=0.5466, recall=0.5696, precision=0.8687
2026-03-14 20:32:11 | INFO | [Epoch 034] total_loss=0.000621, Lr0=0.000073Lr1=0.000727, time=0.59s
2026-03-14 20:32:12 | INFO | Validation — loss=1.5076, acc=0.7437, f1=0.5336, recall=0.562, precision=0.867
2026-03-14 20:32:12 | INFO | [Epoch 035] total_loss=0.000597, Lr0=0.000072Lr1=0.000713, time=0.61s
2026-03-14 20:32:13 | INFO | Validation — loss=1.5256, acc=0.7432, f1=0.5322, recall=0.5612, precision=0.8668
2026-03-14 20:32:14 | INFO | Model forward EncoderClassifierModel(
  (encoder): CNNEncoder(
    (cnn_layers): Sequential(
      (0): Conv1d(1, 32, kernel_size=(10,), stride=(1,))
      (1): BatchNorm1d(32, eps=1e-05, momentum=0.1, affine=True, track_running_stats=True)
      (2): ReLU()
      (3): MaxPool1d(kernel_size=2, stride=2, padding=0, dilation=1, ceil_mode=False)
      (4): Dropout(p=0.0, inplace=False)
      (5): Conv1d(32, 64, kernel_size=(10,), stride=(1,))
      (6): BatchNorm1d(64, eps=1e-05, momentum=0.1, affine=True, track_running_stats=True)
      (7): ReLU()
      (8): MaxPool1d(kernel_size=2, stride=2, padding=0, dilation=1, ceil_mode=False)
      (9): Dropout(p=0.0, inplace=False)
      (10): Conv1d(64, 128, kernel_size=(10,), stride=(1,))
      (11): BatchNorm1d(128, eps=1e-05, momentum=0.1, affine=True, track_running_stats=True)
      (12): ReLU()
      (13): MaxPool1d(kernel_size=2, stride=2, padding=0, dilation=1, ceil_mode=False)
      (14): Dropout(p=0.0, inplace=False)
      (15): Conv1d(128, 256, kernel_size=(10,), stride=(1,))
      (16): BatchNorm1d(256, eps=1e-05, momentum=0.1, affine=True, track_running_stats=True)
      (17): ReLU()
      (18): MaxPool1d(kernel_size=2, stride=2, padding=0, dilation=1, ceil_mode=False)
      (19): Dropout(p=0.0, inplace=False)
    )
    (linear_layer): Sequential(
      (0): Linear(in_features=18176, out_features=64, bias=True)
      (1): ReLU()
    )
  )
  (classifier): Linear(in_features=64, out_features=1, bias=True)
  (loss_fn): BCEWithLogitsLoss()
)
2026-03-14 20:32:14 | INFO | [Epoch 036] total_loss=0.001171, Lr0=0.000070Lr1=0.000699, time=0.62s
2026-03-14 20:32:14 | INFO | [Epoch 000] total_loss=0.638086, Lr0=0.000100Lr1=0.001000, time=0.64s
2026-03-14 20:32:15 | INFO | Validation — loss=1.4929, acc=0.7444, f1=0.5357, recall=0.5632, precision=0.8673
2026-03-14 20:32:15 | INFO | [Epoch 037] total_loss=0.000570, Lr0=0.000069Lr1=0.000684, time=0.56s
2026-03-14 20:32:16 | INFO | Validation — loss=0.6511, acc=0.7074, f1=0.4143, recall=0.5, precision=0.3537
2026-03-14 20:32:16 | INFO | Best model logged 0.4143
2026-03-14 20:32:16 | INFO | Validation — loss=1.4986, acc=0.7453, f1=0.5385, recall=0.5648, precision=0.8676
2026-03-14 20:32:16 | INFO | [Epoch 001] total_loss=0.482523, Lr0=0.000100Lr1=0.000999, time=0.62s
2026-03-14 20:32:17 | INFO | [Epoch 038] total_loss=0.001168, Lr0=0.000067Lr1=0.000670, time=0.59s
2026-03-14 20:32:17 | INFO | Validation — loss=1.7190, acc=0.7343, f1=0.5052, recall=0.546, precision=0.8635
2026-03-14 20:32:18 | INFO | Validation — loss=0.6151, acc=0.7074, f1=0.4143, recall=0.5, precision=0.3537
2026-03-14 20:32:18 | INFO | [Epoch 039] total_loss=0.000773, Lr0=0.000066Lr1=0.000655, time=0.60s
2026-03-14 20:32:18 | INFO | [Epoch 002] total_loss=0.310399, Lr0=0.000100Lr1=0.000998, time=0.64s
2026-03-14 20:32:19 | INFO | Validation — loss=1.6610, acc=0.7402, f1=0.5231, recall=0.556, precision=0.8657
2026-03-14 20:32:20 | INFO | [Epoch 040] total_loss=0.000496, Lr0=0.000064Lr1=0.000640, time=0.63s
2026-03-14 20:32:20 | INFO | Validation — loss=0.8431, acc=0.7074, f1=0.4143, recall=0.5, precision=0.3537
2026-03-14 20:32:20 | INFO | [Epoch 003] total_loss=0.199466, Lr0=0.000100Lr1=0.000996, time=0.63s
2026-03-14 20:32:20 | INFO | Validation — loss=1.5217, acc=0.7481, f1=0.5466, recall=0.5696, precision=0.8687
2026-03-14 20:32:20 | INFO | Early stopping at epoch 40. Best: 0.686000
2026-03-14 20:32:20 | INFO | Training complete.
2026-03-14 20:32:20 | INFO | Best checkpoint: ./save/cnn_overlap_new/subject_specific_SWELLDataset/finetuned_best_3.pt
2026-03-14 20:32:22 | INFO | Validation — loss=0.7275, acc=0.7074, f1=0.4143, recall=0.5, precision=0.3537
2026-03-14 20:32:22 | INFO | [Epoch 004] total_loss=0.161037, Lr0=0.000099Lr1=0.000994, time=0.60s
2026-03-14 20:32:23 | INFO | Validation — loss=1.1614, acc=0.7074, f1=0.4143, recall=0.5, precision=0.3537
2026-03-14 20:32:24 | INFO | [Epoch 005] total_loss=0.148223, Lr0=0.000099Lr1=0.000991, time=0.62s
2026-03-14 20:32:25 | INFO | Validation — loss=0.8504, acc=0.2926, f1=0.2264, recall=0.5, precision=0.1463
2026-03-14 20:32:26 | INFO | [Epoch 006] total_loss=0.131720, Lr0=0.000099Lr1=0.000988, time=0.63s
2026-03-14 20:32:27 | INFO | Validation — loss=2.0514, acc=0.7074, f1=0.4143, recall=0.5, precision=0.3537
2026-03-14 20:32:28 | INFO | [Epoch 007] total_loss=0.115782, Lr0=0.000098Lr1=0.000984, time=0.64s
2026-03-14 20:32:29 | INFO | Validation — loss=0.8450, acc=0.7074, f1=0.4143, recall=0.5, precision=0.3537
2026-03-14 20:32:30 | INFO | [Epoch 008] total_loss=0.076218, Lr0=0.000098Lr1=0.000980, time=0.63s
2026-03-14 20:32:31 | INFO | Validation — loss=0.9711, acc=0.7074, f1=0.4143, recall=0.5, precision=0.3537
2026-03-14 20:32:32 | INFO | [Epoch 009] total_loss=0.066674, Lr0=0.000098Lr1=0.000976, time=0.62s
2026-03-14 20:32:32 | INFO | Model forward EncoderClassifierModel(
  (encoder): CNNEncoder(
    (cnn_layers): Sequential(
      (0): Conv1d(1, 32, kernel_size=(10,), stride=(1,))
      (1): BatchNorm1d(32, eps=1e-05, momentum=0.1, affine=True, track_running_stats=True)
      (2): ReLU()
      (3): MaxPool1d(kernel_size=2, stride=2, padding=0, dilation=1, ceil_mode=False)
      (4): Dropout(p=0.0, inplace=False)
      (5): Conv1d(32, 64, kernel_size=(10,), stride=(1,))
      (6): BatchNorm1d(64, eps=1e-05, momentum=0.1, affine=True, track_running_stats=True)
      (7): ReLU()
      (8): MaxPool1d(kernel_size=2, stride=2, padding=0, dilation=1, ceil_mode=False)
      (9): Dropout(p=0.0, inplace=False)
      (10): Conv1d(64, 128, kernel_size=(10,), stride=(1,))
      (11): BatchNorm1d(128, eps=1e-05, momentum=0.1, affine=True, track_running_stats=True)
      (12): ReLU()
      (13): MaxPool1d(kernel_size=2, stride=2, padding=0, dilation=1, ceil_mode=False)
      (14): Dropout(p=0.0, inplace=False)
      (15): Conv1d(128, 256, kernel_size=(10,), stride=(1,))
      (16): BatchNorm1d(256, eps=1e-05, momentum=0.1, affine=True, track_running_stats=True)
      (17): ReLU()
      (18): MaxPool1d(kernel_size=2, stride=2, padding=0, dilation=1, ceil_mode=False)
      (19): Dropout(p=0.0, inplace=False)
    )
    (linear_layer): Sequential(
      (0): Linear(in_features=18176, out_features=64, bias=True)
      (1): ReLU()
    )
  )
  (classifier): Linear(in_features=64, out_features=1, bias=True)
  (loss_fn): BCEWithLogitsLoss()
)
2026-03-14 20:32:32 | INFO | [Epoch 000] total_loss=0.636447, Lr0=0.000100Lr1=0.001000, time=0.57s
2026-03-14 20:32:33 | INFO | Validation — loss=1.6972, acc=0.7074, f1=0.4143, recall=0.5, precision=0.3537
2026-03-14 20:32:33 | INFO | Validation — loss=0.6465, acc=0.6931, f1=0.4094, recall=0.5, precision=0.3465
2026-03-14 20:32:33 | INFO | Best model logged 0.4094
2026-03-14 20:32:34 | INFO | [Epoch 010] total_loss=0.052375, Lr0=0.000097Lr1=0.000970, time=0.64s
2026-03-14 20:32:34 | INFO | [Epoch 001] total_loss=0.469730, Lr0=0.000100Lr1=0.000999, time=0.60s
2026-03-14 20:32:35 | INFO | Validation — loss=1.5325, acc=0.7074, f1=0.4143, recall=0.5, precision=0.3537
2026-03-14 20:32:35 | INFO | Validation — loss=0.6567, acc=0.6931, f1=0.4094, recall=0.5, precision=0.3465
2026-03-14 20:32:36 | INFO | [Epoch 011] total_loss=0.041946, Lr0=0.000097Lr1=0.000965, time=0.70s
2026-03-14 20:32:36 | INFO | [Epoch 002] total_loss=0.304796, Lr0=0.000100Lr1=0.000998, time=0.61s
2026-03-14 20:32:36 | INFO | Validation — loss=0.6943, acc=0.6931, f1=0.4094, recall=0.5, precision=0.3465
2026-03-14 20:32:37 | INFO | Validation — loss=1.7343, acc=0.7076, f1=0.4152, recall=0.5004, precision=0.8538
2026-03-14 20:32:37 | INFO | Best model logged 0.4152
2026-03-14 20:32:37 | INFO | [Epoch 003] total_loss=0.221468, Lr0=0.000100Lr1=0.000996, time=0.60s
2026-03-14 20:32:38 | INFO | Validation — loss=0.9496, acc=0.6931, f1=0.4094, recall=0.5, precision=0.3465
2026-03-14 20:32:38 | INFO | [Epoch 012] total_loss=0.034691, Lr0=0.000096Lr1=0.000959, time=0.64s
2026-03-14 20:32:39 | INFO | [Epoch 004] total_loss=0.149536, Lr0=0.000099Lr1=0.000994, time=0.61s
2026-03-14 20:32:39 | INFO | Validation — loss=0.6360, acc=0.6931, f1=0.4094, recall=0.5, precision=0.3465
2026-03-14 20:32:40 | INFO | Validation — loss=2.2177, acc=0.7074, f1=0.4143, recall=0.5, precision=0.3537
2026-03-14 20:32:40 | INFO | [Epoch 005] total_loss=0.107397, Lr0=0.000099Lr1=0.000991, time=0.62s
2026-03-14 20:32:40 | INFO | [Epoch 013] total_loss=0.029421, Lr0=0.000095Lr1=0.000952, time=0.64s
2026-03-14 20:32:41 | INFO | Validation — loss=0.6141, acc=0.6931, f1=0.4094, recall=0.5, precision=0.3465
2026-03-14 20:32:41 | INFO | [Epoch 006] total_loss=0.055461, Lr0=0.000099Lr1=0.000988, time=0.58s
2026-03-14 20:32:42 | INFO | Validation — loss=2.1389, acc=0.7088, f1=0.4194, recall=0.5024, precision=0.8542
2026-03-14 20:32:42 | INFO | Best model logged 0.4194
2026-03-14 20:32:42 | INFO | Validation — loss=1.1008, acc=0.6931, f1=0.4094, recall=0.5, precision=0.3465
2026-03-14 20:32:42 | INFO | [Epoch 014] total_loss=0.029010, Lr0=0.000095Lr1=0.000946, time=0.64s
2026-03-14 20:32:43 | INFO | [Epoch 007] total_loss=0.071217, Lr0=0.000098Lr1=0.000984, time=0.58s
2026-03-14 20:32:44 | INFO | Validation — loss=1.8855, acc=0.7147, f1=0.4403, recall=0.5124, precision=0.8563
2026-03-14 20:32:44 | INFO | Best model logged 0.4403
2026-03-14 20:32:44 | INFO | Validation — loss=1.3732, acc=0.6931, f1=0.4094, recall=0.5, precision=0.3465
2026-03-14 20:32:44 | INFO | [Epoch 015] total_loss=0.056211, Lr0=0.000094Lr1=0.000938, time=0.69s
2026-03-14 20:32:44 | INFO | [Epoch 008] total_loss=0.048989, Lr0=0.000098Lr1=0.000980, time=0.67s
2026-03-14 20:32:45 | INFO | Validation — loss=2.5793, acc=0.6931, f1=0.4094, recall=0.5, precision=0.3465
2026-03-14 20:32:46 | INFO | Validation — loss=0.2713, acc=0.8947, f1=0.8688, recall=0.858, precision=0.8822
2026-03-14 20:32:46 | INFO | Best model logged 0.8688
2026-03-14 20:32:46 | INFO | [Epoch 009] total_loss=0.053542, Lr0=0.000098Lr1=0.000976, time=0.61s
2026-03-14 20:32:47 | INFO | [Epoch 016] total_loss=0.051373, Lr0=0.000093Lr1=0.000930, time=0.63s
2026-03-14 20:32:47 | INFO | Validation — loss=0.7207, acc=0.5066, f1=0.504, recall=0.628, precision=0.6514
2026-03-14 20:32:47 | INFO | Best model logged 0.504
2026-03-14 20:32:48 | INFO | [Epoch 010] total_loss=0.035357, Lr0=0.000097Lr1=0.000970, time=0.59s
2026-03-14 20:32:48 | INFO | Validation — loss=1.9478, acc=0.7196, f1=0.4572, recall=0.5208, precision=0.8581
2026-03-14 20:32:49 | INFO | [Epoch 017] total_loss=0.033986, Lr0=0.000092Lr1=0.000922, time=0.62s
2026-03-14 20:32:49 | INFO | Validation — loss=1.6990, acc=0.3675, f1=0.3285, recall=0.5412, precision=0.6422
2026-03-14 20:32:49 | INFO | [Epoch 011] total_loss=0.026165, Lr0=0.000097Lr1=0.000965, time=0.57s
2026-03-14 20:32:50 | INFO | Validation — loss=1.8971, acc=0.7132, f1=0.4353, recall=0.51, precision=0.8558
2026-03-14 20:32:50 | INFO | Validation — loss=1.7163, acc=0.3693, f1=0.3305, recall=0.5434, precision=0.6496
2026-03-14 20:32:50 | INFO | [Epoch 018] total_loss=0.017248, Lr0=0.000091Lr1=0.000914, time=0.63s
2026-03-14 20:32:51 | INFO | [Epoch 012] total_loss=0.009310, Lr0=0.000096Lr1=0.000959, time=0.58s
2026-03-14 20:32:52 | INFO | Validation — loss=1.2209, acc=0.4841, f1=0.484, recall=0.5745, precision=0.5762
2026-03-14 20:32:52 | INFO | Validation — loss=1.4366, acc=0.7296, f1=0.4904, recall=0.538, precision=0.8617
2026-03-14 20:32:52 | INFO | [Epoch 013] total_loss=0.011751, Lr0=0.000095Lr1=0.000952, time=0.58s
2026-03-14 20:32:52 | INFO | [Epoch 019] total_loss=0.017978, Lr0=0.000091Lr1=0.000905, time=0.62s
2026-03-14 20:32:53 | INFO | Validation — loss=2.6217, acc=0.3582, f1=0.3133, recall=0.537, precision=0.6618
2026-03-14 20:32:54 | INFO | [Epoch 014] total_loss=0.005515, Lr0=0.000095Lr1=0.000946, time=0.59s
2026-03-14 20:32:54 | INFO | Validation — loss=0.7294, acc=0.7971, f1=0.6718, recall=0.6532, precision=0.8885
2026-03-14 20:32:54 | INFO | [Epoch 020] total_loss=0.020177, Lr0=0.000090Lr1=0.000895, time=0.66s
2026-03-14 20:32:54 | INFO | Validation — loss=2.9127, acc=0.3607, f1=0.3169, recall=0.5388, precision=0.6622
2026-03-14 20:32:55 | INFO | [Epoch 015] total_loss=0.004956, Lr0=0.000094Lr1=0.000938, time=0.60s
2026-03-14 20:32:56 | INFO | Validation — loss=1.9075, acc=0.7301, f1=0.4919, recall=0.5388, precision=0.8619
2026-03-14 20:32:56 | INFO | Validation — loss=1.6302, acc=0.471, f1=0.4685, recall=0.5844, precision=0.5987
2026-03-14 20:32:56 | INFO | [Epoch 021] total_loss=0.030768, Lr0=0.000089Lr1=0.000885, time=0.64s
2026-03-14 20:32:56 | INFO | [Epoch 016] total_loss=0.006062, Lr0=0.000093Lr1=0.000930, time=0.65s
2026-03-14 20:32:57 | INFO | Validation — loss=3.1074, acc=0.3528, f1=0.3054, recall=0.5331, precision=0.6608
2026-03-14 20:32:57 | INFO | Validation — loss=1.7969, acc=0.7142, f1=0.4386, recall=0.5116, precision=0.8561
2026-03-14 20:32:58 | INFO | [Epoch 017] total_loss=0.009320, Lr0=0.000092Lr1=0.000922, time=0.63s
2026-03-14 20:32:58 | INFO | [Epoch 022] total_loss=0.013276, Lr0=0.000088Lr1=0.000875, time=0.64s
2026-03-14 20:32:59 | INFO | Validation — loss=3.7789, acc=0.3092, f1=0.2385, recall=0.5016, precision=0.6538
2026-03-14 20:32:59 | INFO | Validation — loss=0.9751, acc=0.7647, f1=0.5926, recall=0.598, precision=0.8752
2026-03-14 20:32:59 | INFO | [Epoch 018] total_loss=0.008061, Lr0=0.000091Lr1=0.000914, time=0.62s
2026-03-14 20:33:00 | INFO | [Epoch 023] total_loss=0.010756, Lr0=0.000087Lr1=0.000865, time=0.64s
2026-03-14 20:33:00 | INFO | Validation — loss=2.1214, acc=0.4004, f1=0.3837, recall=0.5452, precision=0.5787
2026-03-14 20:33:01 | INFO | [Epoch 019] total_loss=0.006338, Lr0=0.000091Lr1=0.000905, time=0.58s
2026-03-14 20:33:01 | INFO | Validation — loss=1.7255, acc=0.7238, f1=0.4714, recall=0.528, precision=0.8596
2026-03-14 20:33:02 | INFO | Validation — loss=3.5852, acc=0.3405, f1=0.2873, recall=0.5242, precision=0.6588
2026-03-14 20:33:02 | INFO | [Epoch 024] total_loss=0.005646, Lr0=0.000086Lr1=0.000854, time=0.65s
2026-03-14 20:33:02 | INFO | [Epoch 020] total_loss=0.005981, Lr0=0.000090Lr1=0.000895, time=0.59s
2026-03-14 20:33:03 | INFO | Validation — loss=1.8033, acc=0.4834, f1=0.4809, recall=0.6002, precision=0.618
2026-03-14 20:33:03 | INFO | Validation — loss=2.0590, acc=0.714, f1=0.4378, recall=0.5112, precision=0.856
2026-03-14 20:33:04 | INFO | [Epoch 021] total_loss=0.007253, Lr0=0.000089Lr1=0.000885, time=0.67s
2026-03-14 20:33:04 | INFO | [Epoch 025] total_loss=0.004074, Lr0=0.000084Lr1=0.000842, time=0.66s
2026-03-14 20:33:05 | INFO | Validation — loss=4.4159, acc=0.3072, f1=0.2352, recall=0.5002, precision=0.6535
2026-03-14 20:33:05 | INFO | Validation — loss=1.5438, acc=0.7308, f1=0.4941, recall=0.54, precision=0.8622
2026-03-14 20:33:05 | INFO | [Epoch 022] total_loss=0.005313, Lr0=0.000088Lr1=0.000875, time=0.60s
2026-03-14 20:33:06 | INFO | [Epoch 026] total_loss=0.003732, Lr0=0.000083Lr1=0.000831, time=0.65s
2026-03-14 20:33:06 | INFO | Validation — loss=1.0342, acc=0.6125, f1=0.6045, recall=0.6554, precision=0.6336
2026-03-14 20:33:06 | INFO | Best model logged 0.6045
2026-03-14 20:33:07 | INFO | [Epoch 023] total_loss=0.003545, Lr0=0.000087Lr1=0.000865, time=0.58s
2026-03-14 20:33:07 | INFO | Validation — loss=1.7257, acc=0.7254, f1=0.4768, recall=0.5308, precision=0.8602
2026-03-14 20:33:08 | INFO | Validation — loss=1.5675, acc=0.5145, f1=0.5144, recall=0.6115, precision=0.6147
2026-03-14 20:33:08 | INFO | [Epoch 027] total_loss=0.002665, Lr0=0.000082Lr1=0.000819, time=0.65s
2026-03-14 20:33:08 | INFO | [Epoch 024] total_loss=0.013352, Lr0=0.000086Lr1=0.000854, time=0.57s
2026-03-14 20:33:09 | INFO | Validation — loss=1.4319, acc=0.7437, f1=0.5336, recall=0.562, precision=0.867
2026-03-14 20:33:09 | INFO | Validation — loss=3.0360, acc=0.3627, f1=0.32, recall=0.5401, precision=0.6605
2026-03-14 20:33:10 | INFO | [Epoch 028] total_loss=0.002687, Lr0=0.000081Lr1=0.000807, time=0.66s
2026-03-14 20:33:10 | INFO | [Epoch 025] total_loss=0.032792, Lr0=0.000084Lr1=0.000842, time=0.58s
2026-03-14 20:33:11 | INFO | Validation — loss=3.5482, acc=0.3074, f1=0.2356, recall=0.5003, precision=0.6535
2026-03-14 20:33:11 | INFO | Validation — loss=1.7600, acc=0.731, f1=0.4949, recall=0.5404, precision=0.8623
2026-03-14 20:33:11 | INFO | [Epoch 026] total_loss=0.006308, Lr0=0.000083Lr1=0.000831, time=0.60s
2026-03-14 20:33:12 | INFO | [Epoch 029] total_loss=0.001595, Lr0=0.000080Lr1=0.000794, time=0.64s
2026-03-14 20:33:12 | INFO | Validation — loss=4.2687, acc=0.3069, f1=0.2349, recall=0.5, precision=0.1535
2026-03-14 20:33:13 | INFO | [Epoch 027] total_loss=0.004976, Lr0=0.000082Lr1=0.000819, time=0.63s
2026-03-14 20:33:13 | INFO | Validation — loss=1.9095, acc=0.7235, f1=0.4706, recall=0.5276, precision=0.8595
2026-03-14 20:33:14 | INFO | [Epoch 030] total_loss=0.001912, Lr0=0.000078Lr1=0.000781, time=0.64s
2026-03-14 20:33:14 | INFO | Validation — loss=2.7220, acc=0.343, f1=0.291, recall=0.526, precision=0.6592
2026-03-14 20:33:14 | INFO | [Epoch 028] total_loss=0.004560, Lr0=0.000081Lr1=0.000807, time=0.60s
2026-03-14 20:33:15 | INFO | Validation — loss=1.2841, acc=0.7463, f1=0.5412, recall=0.5664, precision=0.868
2026-03-14 20:33:15 | INFO | Validation — loss=3.2569, acc=0.3655, f1=0.3237, recall=0.5422, precision=0.663
2026-03-14 20:33:15 | INFO | [Epoch 031] total_loss=0.001062, Lr0=0.000077Lr1=0.000768, time=0.62s
2026-03-14 20:33:16 | INFO | [Epoch 029] total_loss=0.005020, Lr0=0.000080Lr1=0.000794, time=0.58s
2026-03-14 20:33:16 | INFO | Validation — loss=2.2095, acc=0.4174, f1=0.3955, recall=0.577, precision=0.6593
2026-03-14 20:33:17 | INFO | Validation — loss=1.5121, acc=0.7308, f1=0.4941, recall=0.54, precision=0.8622
2026-03-14 20:33:17 | INFO | [Epoch 030] total_loss=0.001754, Lr0=0.000078Lr1=0.000781, time=0.57s
2026-03-14 20:33:17 | INFO | [Epoch 032] total_loss=0.001262, Lr0=0.000076Lr1=0.000755, time=0.63s
2026-03-14 20:33:18 | INFO | Validation — loss=3.2129, acc=0.3814, f1=0.3463, recall=0.5533, precision=0.6627
2026-03-14 20:33:18 | INFO | [Epoch 031] total_loss=0.001310, Lr0=0.000077Lr1=0.000768, time=0.57s
2026-03-14 20:33:19 | INFO | Validation — loss=1.5237, acc=0.735, f1=0.5074, recall=0.5472, precision=0.8637
2026-03-14 20:33:19 | INFO | Validation — loss=2.9294, acc=0.3825, f1=0.3487, recall=0.5529, precision=0.6542
2026-03-14 20:33:19 | INFO | [Epoch 033] total_loss=0.000765, Lr0=0.000074Lr1=0.000741, time=0.67s
2026-03-14 20:33:20 | INFO | [Epoch 032] total_loss=0.001173, Lr0=0.000076Lr1=0.000755, time=0.61s
2026-03-14 20:33:21 | INFO | Validation — loss=2.8970, acc=0.3777, f1=0.342, recall=0.5496, precision=0.6541
2026-03-14 20:33:21 | INFO | Validation — loss=1.7525, acc=0.7285, f1=0.4867, recall=0.536, precision=0.8613
2026-03-14 20:33:21 | INFO | [Epoch 033] total_loss=0.000840, Lr0=0.000074Lr1=0.000741, time=0.61s
2026-03-14 20:33:21 | INFO | [Epoch 034] total_loss=0.000639, Lr0=0.000073Lr1=0.000727, time=0.63s
2026-03-14 20:33:22 | INFO | Validation — loss=3.5099, acc=0.3417, f1=0.289, recall=0.525, precision=0.659
2026-03-14 20:33:23 | INFO | Validation — loss=1.8391, acc=0.7264, f1=0.4798, recall=0.5324, precision=0.8605
2026-03-14 20:33:23 | INFO | [Epoch 034] total_loss=0.000498, Lr0=0.000073Lr1=0.000727, time=0.58s
2026-03-14 20:33:23 | INFO | [Epoch 035] total_loss=0.000541, Lr0=0.000072Lr1=0.000713, time=0.65s
2026-03-14 20:33:24 | INFO | Validation — loss=3.3088, acc=0.3612, f1=0.3176, recall=0.5391, precision=0.6623
2026-03-14 20:33:24 | INFO | [Epoch 035] total_loss=0.000568, Lr0=0.000072Lr1=0.000713, time=0.60s
2026-03-14 20:33:25 | INFO | Validation — loss=1.8452, acc=0.7264, f1=0.4798, recall=0.5324, precision=0.8605
2026-03-14 20:33:25 | INFO | Early stopping at epoch 35. Best: 0.868800
2026-03-14 20:33:25 | INFO | Training complete.
2026-03-14 20:33:25 | INFO | Best checkpoint: ./save/cnn_overlap_new/subject_specific_SWELLDataset/finetuned_best_3.pt
2026-03-14 20:33:25 | INFO | Validation — loss=3.3347, acc=0.3709, f1=0.3314, recall=0.5462, precision=0.664
2026-03-14 20:33:26 | INFO | [Epoch 036] total_loss=0.001341, Lr0=0.000070Lr1=0.000699, time=0.60s
2026-03-14 20:33:26 | INFO | Validation — loss=3.2803, acc=0.3784, f1=0.3422, recall=0.5511, precision=0.6621
2026-03-14 20:33:27 | INFO | [Epoch 037] total_loss=0.000389, Lr0=0.000069Lr1=0.000684, time=0.59s
2026-03-14 20:33:28 | INFO | Validation — loss=4.0861, acc=0.3255, f1=0.2644, recall=0.5134, precision=0.6564
2026-03-14 20:33:29 | INFO | [Epoch 038] total_loss=0.000569, Lr0=0.000067Lr1=0.000670, time=0.57s
2026-03-14 20:33:29 | INFO | Validation — loss=4.1566, acc=0.3242, f1=0.2623, recall=0.5124, precision=0.6562
2026-03-14 20:33:30 | INFO | [Epoch 039] total_loss=0.000341, Lr0=0.000066Lr1=0.000655, time=0.60s
2026-03-14 20:33:31 | INFO | Validation — loss=3.8628, acc=0.3385, f1=0.2842, recall=0.5227, precision=0.6585
2026-03-14 20:33:31 | INFO | [Epoch 040] total_loss=0.000399, Lr0=0.000064Lr1=0.000640, time=0.64s
2026-03-14 20:33:32 | INFO | Validation — loss=3.6519, acc=0.3516, f1=0.3037, recall=0.5322, precision=0.6607
2026-03-14 20:33:33 | INFO | [Epoch 041] total_loss=0.000361, Lr0=0.000063Lr1=0.000625, time=0.60s
2026-03-14 20:33:34 | INFO | Validation — loss=3.4923, acc=0.3686, f1=0.3282, recall=0.5445, precision=0.6636
2026-03-14 20:33:34 | INFO | [Epoch 042] total_loss=0.000298, Lr0=0.000061Lr1=0.000609, time=0.60s
2026-03-14 20:33:35 | INFO | Model forward EncoderClassifierModel(
  (encoder): CNNEncoder(
    (cnn_layers): Sequential(
      (0): Conv1d(1, 32, kernel_size=(10,), stride=(1,))
      (1): BatchNorm1d(32, eps=1e-05, momentum=0.1, affine=True, track_running_stats=True)
      (2): ReLU()
      (3): MaxPool1d(kernel_size=2, stride=2, padding=0, dilation=1, ceil_mode=False)
      (4): Dropout(p=0.0, inplace=False)
      (5): Conv1d(32, 64, kernel_size=(10,), stride=(1,))
      (6): BatchNorm1d(64, eps=1e-05, momentum=0.1, affine=True, track_running_stats=True)
      (7): ReLU()
      (8): MaxPool1d(kernel_size=2, stride=2, padding=0, dilation=1, ceil_mode=False)
      (9): Dropout(p=0.0, inplace=False)
      (10): Conv1d(64, 128, kernel_size=(10,), stride=(1,))
      (11): BatchNorm1d(128, eps=1e-05, momentum=0.1, affine=True, track_running_stats=True)
      (12): ReLU()
      (13): MaxPool1d(kernel_size=2, stride=2, padding=0, dilation=1, ceil_mode=False)
      (14): Dropout(p=0.0, inplace=False)
      (15): Conv1d(128, 256, kernel_size=(10,), stride=(1,))
      (16): BatchNorm1d(256, eps=1e-05, momentum=0.1, affine=True, track_running_stats=True)
      (17): ReLU()
      (18): MaxPool1d(kernel_size=2, stride=2, padding=0, dilation=1, ceil_mode=False)
      (19): Dropout(p=0.0, inplace=False)
    )
    (linear_layer): Sequential(
      (0): Linear(in_features=18176, out_features=64, bias=True)
      (1): ReLU()
    )
  )
  (classifier): Linear(in_features=64, out_features=1, bias=True)
  (loss_fn): BCEWithLogitsLoss()
)
2026-03-14 20:33:35 | INFO | Validation — loss=3.4443, acc=0.3755, f1=0.3378, recall=0.5494, precision=0.6648
2026-03-14 20:33:35 | INFO | Early stopping at epoch 42. Best: 0.604500
2026-03-14 20:33:35 | INFO | Training complete.
2026-03-14 20:33:35 | INFO | Best checkpoint: ./save/cnn_overlap_new/subject_specific_SWELLDataset/finetuned_best_4.pt
2026-03-14 20:33:37 | INFO | [Epoch 000] total_loss=0.636447, Lr0=0.000100Lr1=0.001000, time=0.65s
2026-03-14 20:33:38 | INFO | Validation — loss=0.6487, acc=0.6931, f1=0.4094, recall=0.5, precision=0.3465
2026-03-14 20:33:38 | INFO | Best model logged 0.4094
2026-03-14 20:33:39 | INFO | [Epoch 001] total_loss=0.469730, Lr0=0.000100Lr1=0.000999, time=0.62s
2026-03-14 20:33:40 | INFO | Validation — loss=0.6831, acc=0.6931, f1=0.4094, recall=0.5, precision=0.3465
2026-03-14 20:33:41 | INFO | [Epoch 002] total_loss=0.304802, Lr0=0.000100Lr1=0.000998, time=0.64s
2026-03-14 20:33:42 | INFO | Validation — loss=0.6181, acc=0.6931, f1=0.4094, recall=0.5, precision=0.3465
2026-03-14 20:33:43 | INFO | [Epoch 003] total_loss=0.222599, Lr0=0.000100Lr1=0.000996, time=0.63s
2026-03-14 20:33:44 | INFO | Validation — loss=0.7829, acc=0.6931, f1=0.4094, recall=0.5, precision=0.3465
2026-03-14 20:33:44 | INFO | [Epoch 004] total_loss=0.150123, Lr0=0.000099Lr1=0.000994, time=0.61s
2026-03-14 20:33:46 | INFO | Validation — loss=1.1370, acc=0.6931, f1=0.4094, recall=0.5, precision=0.3465
2026-03-14 20:33:46 | INFO | Model forward EncoderClassifierModel(
  (encoder): CNNEncoder(
    (cnn_layers): Sequential(
      (0): Conv1d(1, 32, kernel_size=(10,), stride=(1,))
      (1): BatchNorm1d(32, eps=1e-05, momentum=0.1, affine=True, track_running_stats=True)
      (2): ReLU()
      (3): MaxPool1d(kernel_size=2, stride=2, padding=0, dilation=1, ceil_mode=False)
      (4): Dropout(p=0.0, inplace=False)
      (5): Conv1d(32, 64, kernel_size=(10,), stride=(1,))
      (6): BatchNorm1d(64, eps=1e-05, momentum=0.1, affine=True, track_running_stats=True)
      (7): ReLU()
      (8): MaxPool1d(kernel_size=2, stride=2, padding=0, dilation=1, ceil_mode=False)
      (9): Dropout(p=0.0, inplace=False)
      (10): Conv1d(64, 128, kernel_size=(10,), stride=(1,))
      (11): BatchNorm1d(128, eps=1e-05, momentum=0.1, affine=True, track_running_stats=True)
      (12): ReLU()
      (13): MaxPool1d(kernel_size=2, stride=2, padding=0, dilation=1, ceil_mode=False)
      (14): Dropout(p=0.0, inplace=False)
      (15): Conv1d(128, 256, kernel_size=(10,), stride=(1,))
      (16): BatchNorm1d(256, eps=1e-05, momentum=0.1, affine=True, track_running_stats=True)
      (17): ReLU()
      (18): MaxPool1d(kernel_size=2, stride=2, padding=0, dilation=1, ceil_mode=False)
      (19): Dropout(p=0.0, inplace=False)
    )
    (linear_layer): Sequential(
      (0): Linear(in_features=18176, out_features=64, bias=True)
      (1): ReLU()
    )
  )
  (classifier): Linear(in_features=64, out_features=1, bias=True)
  (loss_fn): BCEWithLogitsLoss()
)
2026-03-14 20:33:46 | INFO | [Epoch 005] total_loss=0.108032, Lr0=0.000099Lr1=0.000991, time=0.66s
2026-03-14 20:33:47 | INFO | [Epoch 000] total_loss=0.626564, Lr0=0.000100Lr1=0.001000, time=0.57s
2026-03-14 20:33:47 | INFO | Validation — loss=0.6141, acc=0.7106, f1=0.4154, recall=0.5, precision=0.3553
2026-03-14 20:33:47 | INFO | Best model logged 0.4154
2026-03-14 20:33:48 | INFO | Validation — loss=1.3188, acc=0.6931, f1=0.4094, recall=0.5, precision=0.3465
2026-03-14 20:33:48 | INFO | [Epoch 001] total_loss=0.423420, Lr0=0.000100Lr1=0.000999, time=0.57s
2026-03-14 20:33:48 | INFO | [Epoch 006] total_loss=0.054184, Lr0=0.000099Lr1=0.000988, time=0.66s
2026-03-14 20:33:49 | INFO | Validation — loss=0.9758, acc=0.7106, f1=0.4154, recall=0.5, precision=0.3553
2026-03-14 20:33:50 | INFO | [Epoch 002] total_loss=0.275319, Lr0=0.000100Lr1=0.000998, time=0.61s
2026-03-14 20:33:50 | INFO | Validation — loss=1.3162, acc=0.6931, f1=0.4094, recall=0.5, precision=0.3465
2026-03-14 20:33:50 | INFO | Validation — loss=1.3392, acc=0.7106, f1=0.4154, recall=0.5, precision=0.3553
2026-03-14 20:33:50 | INFO | [Epoch 007] total_loss=0.067569, Lr0=0.000098Lr1=0.000984, time=0.63s
2026-03-14 20:33:51 | INFO | [Epoch 003] total_loss=0.192003, Lr0=0.000100Lr1=0.000996, time=0.60s
2026-03-14 20:33:52 | INFO | Validation — loss=1.7342, acc=0.6931, f1=0.4094, recall=0.5, precision=0.3465
2026-03-14 20:33:52 | INFO | Validation — loss=1.2807, acc=0.7106, f1=0.4154, recall=0.5, precision=0.3553
2026-03-14 20:33:52 | INFO | [Epoch 008] total_loss=0.046163, Lr0=0.000098Lr1=0.000980, time=0.67s
2026-03-14 20:33:52 | INFO | [Epoch 004] total_loss=0.147350, Lr0=0.000099Lr1=0.000994, time=0.60s
2026-03-14 20:33:53 | INFO | Validation — loss=1.6807, acc=0.7106, f1=0.4154, recall=0.5, precision=0.3553
2026-03-14 20:33:54 | INFO | Validation — loss=4.1021, acc=0.6931, f1=0.4094, recall=0.5, precision=0.3465
2026-03-14 20:33:54 | INFO | [Epoch 005] total_loss=0.107236, Lr0=0.000099Lr1=0.000991, time=0.56s
2026-03-14 20:33:54 | INFO | [Epoch 009] total_loss=0.042786, Lr0=0.000098Lr1=0.000976, time=0.66s
2026-03-14 20:33:55 | INFO | Validation — loss=2.4876, acc=0.7106, f1=0.4154, recall=0.5, precision=0.3553
2026-03-14 20:33:55 | INFO | [Epoch 006] total_loss=0.063497, Lr0=0.000099Lr1=0.000988, time=0.60s
2026-03-14 20:33:56 | INFO | Validation — loss=0.5396, acc=0.7262, f1=0.517, recall=0.5548, precision=0.8456
2026-03-14 20:33:56 | INFO | Best model logged 0.517
2026-03-14 20:33:56 | INFO | Validation — loss=2.3803, acc=0.7106, f1=0.4154, recall=0.5, precision=0.3553
2026-03-14 20:33:56 | INFO | [Epoch 010] total_loss=0.032979, Lr0=0.000097Lr1=0.000970, time=0.63s
2026-03-14 20:33:57 | INFO | [Epoch 007] total_loss=0.037401, Lr0=0.000098Lr1=0.000984, time=0.57s
2026-03-14 20:33:58 | INFO | Validation — loss=1.4652, acc=0.7106, f1=0.4154, recall=0.5, precision=0.3553
2026-03-14 20:33:58 | INFO | Validation — loss=1.7538, acc=0.3305, f1=0.2721, recall=0.517, precision=0.6572
2026-03-14 20:33:58 | INFO | [Epoch 008] total_loss=0.031332, Lr0=0.000098Lr1=0.000980, time=0.59s
2026-03-14 20:33:58 | INFO | [Epoch 011] total_loss=0.029232, Lr0=0.000097Lr1=0.000965, time=0.63s
2026-03-14 20:33:59 | INFO | Validation — loss=7.0369, acc=0.7106, f1=0.4154, recall=0.5, precision=0.3553
2026-03-14 20:34:00 | INFO | [Epoch 009] total_loss=0.033875, Lr0=0.000098Lr1=0.000976, time=0.57s
2026-03-14 20:34:00 | INFO | Validation — loss=2.8241, acc=0.3081, f1=0.2367, recall=0.5008, precision=0.6536
2026-03-14 20:34:00 | INFO | [Epoch 012] total_loss=0.016065, Lr0=0.000096Lr1=0.000959, time=0.62s
2026-03-14 20:34:00 | INFO | Validation — loss=3.8546, acc=0.7106, f1=0.4154, recall=0.5, precision=0.3553
2026-03-14 20:34:01 | INFO | [Epoch 010] total_loss=0.029661, Lr0=0.000097Lr1=0.000970, time=0.60s
2026-03-14 20:34:02 | INFO | Validation — loss=3.1126, acc=0.3246, f1=0.263, recall=0.5128, precision=0.6562
2026-03-14 20:34:02 | INFO | Validation — loss=5.3615, acc=0.7106, f1=0.4154, recall=0.5, precision=0.3553
2026-03-14 20:34:02 | INFO | [Epoch 013] total_loss=0.037844, Lr0=0.000095Lr1=0.000952, time=0.62s
2026-03-14 20:34:03 | INFO | [Epoch 011] total_loss=0.050770, Lr0=0.000097Lr1=0.000965, time=0.58s
2026-03-14 20:34:03 | INFO | Validation — loss=4.0377, acc=0.7106, f1=0.4154, recall=0.5, precision=0.3553
2026-03-14 20:34:04 | INFO | Validation — loss=1.7474, acc=0.4909, f1=0.4899, recall=0.5971, precision=0.6067
2026-03-14 20:34:04 | INFO | [Epoch 012] total_loss=0.052350, Lr0=0.000096Lr1=0.000959, time=0.60s
2026-03-14 20:34:04 | INFO | [Epoch 014] total_loss=0.020208, Lr0=0.000095Lr1=0.000946, time=0.67s
2026-03-14 20:34:05 | INFO | Validation — loss=2.9380, acc=0.7106, f1=0.4154, recall=0.5, precision=0.3553
2026-03-14 20:34:05 | INFO | [Epoch 013] total_loss=0.028187, Lr0=0.000095Lr1=0.000952, time=0.59s
2026-03-14 20:34:05 | INFO | Validation — loss=0.9812, acc=0.672, f1=0.6295, recall=0.6361, precision=0.6265
2026-03-14 20:34:05 | INFO | Best model logged 0.6295
2026-03-14 20:34:06 | INFO | [Epoch 015] total_loss=0.013518, Lr0=0.000094Lr1=0.000938, time=0.62s
2026-03-14 20:34:06 | INFO | Validation — loss=3.1293, acc=0.7106, f1=0.4154, recall=0.5, precision=0.3553
2026-03-14 20:34:07 | INFO | [Epoch 014] total_loss=0.020483, Lr0=0.000095Lr1=0.000946, time=0.64s
2026-03-14 20:34:07 | INFO | Validation — loss=3.6249, acc=0.3237, f1=0.2616, recall=0.5121, precision=0.6561
2026-03-14 20:34:08 | INFO | Validation — loss=3.1347, acc=0.7106, f1=0.4154, recall=0.5, precision=0.3553
2026-03-14 20:34:08 | INFO | [Epoch 016] total_loss=0.009212, Lr0=0.000093Lr1=0.000930, time=0.64s
2026-03-14 20:34:08 | INFO | [Epoch 015] total_loss=0.008006, Lr0=0.000094Lr1=0.000938, time=0.57s
2026-03-14 20:34:09 | INFO | Validation — loss=3.3153, acc=0.7106, f1=0.4154, recall=0.5, precision=0.3553
2026-03-14 20:34:09 | INFO | Validation — loss=3.5724, acc=0.3115, f1=0.2422, recall=0.5033, precision=0.6542
2026-03-14 20:34:10 | INFO | [Epoch 016] total_loss=0.004753, Lr0=0.000093Lr1=0.000930, time=0.61s
2026-03-14 20:34:10 | INFO | [Epoch 017] total_loss=0.006346, Lr0=0.000092Lr1=0.000922, time=0.64s
2026-03-14 20:34:11 | INFO | Validation — loss=3.6196, acc=0.7106, f1=0.4154, recall=0.5, precision=0.3553
2026-03-14 20:34:11 | INFO | [Epoch 017] total_loss=0.004263, Lr0=0.000092Lr1=0.000922, time=0.60s
2026-03-14 20:34:11 | INFO | Validation — loss=3.2838, acc=0.3296, f1=0.2707, recall=0.5164, precision=0.657
2026-03-14 20:34:12 | INFO | [Epoch 018] total_loss=0.004718, Lr0=0.000091Lr1=0.000914, time=0.63s
2026-03-14 20:34:12 | INFO | Validation — loss=3.9979, acc=0.7106, f1=0.4154, recall=0.5, precision=0.3553
2026-03-14 20:34:13 | INFO | [Epoch 018] total_loss=0.002773, Lr0=0.000091Lr1=0.000914, time=0.59s
2026-03-14 20:34:13 | INFO | Validation — loss=1.9802, acc=0.426, f1=0.414, recall=0.5657, precision=0.6022
2026-03-14 20:34:13 | INFO | Validation — loss=3.6562, acc=0.7106, f1=0.4154, recall=0.5, precision=0.3553
2026-03-14 20:34:14 | INFO | [Epoch 019] total_loss=0.002533, Lr0=0.000091Lr1=0.000905, time=0.70s
2026-03-14 20:34:14 | INFO | [Epoch 019] total_loss=0.002892, Lr0=0.000091Lr1=0.000905, time=0.58s
2026-03-14 20:34:15 | INFO | Validation — loss=3.6645, acc=0.7106, f1=0.4154, recall=0.5, precision=0.3553
2026-03-14 20:34:15 | INFO | Validation — loss=2.0521, acc=0.4315, f1=0.419, recall=0.5736, precision=0.6162
2026-03-14 20:34:16 | INFO | [Epoch 020] total_loss=0.001929, Lr0=0.000090Lr1=0.000895, time=0.64s
2026-03-14 20:34:16 | INFO | [Epoch 020] total_loss=0.002499, Lr0=0.000090Lr1=0.000895, time=0.64s
2026-03-14 20:34:16 | INFO | Validation — loss=3.4763, acc=0.7106, f1=0.4154, recall=0.5, precision=0.3553
2026-03-14 20:34:16 | INFO | Early stopping at epoch 20. Best: 0.415400
2026-03-14 20:34:16 | INFO | Training complete.
2026-03-14 20:34:16 | INFO | Best checkpoint: ./save/cnn_overlap_new/subject_specific_SWELLDataset/finetuned_best_5.pt
2026-03-14 20:34:17 | INFO | Validation — loss=2.4448, acc=0.4172, f1=0.3991, recall=0.569, precision=0.6271
2026-03-14 20:34:18 | INFO | [Epoch 021] total_loss=0.001260, Lr0=0.000089Lr1=0.000885, time=0.62s
2026-03-14 20:34:19 | INFO | Validation — loss=3.0901, acc=0.3854, f1=0.3522, recall=0.5558, precision=0.6607
2026-03-14 20:34:20 | INFO | [Epoch 022] total_loss=0.000966, Lr0=0.000088Lr1=0.000875, time=0.68s
2026-03-14 20:34:21 | INFO | Validation — loss=3.1783, acc=0.3829, f1=0.3485, recall=0.5544, precision=0.6631
2026-03-14 20:34:22 | INFO | [Epoch 023] total_loss=0.000910, Lr0=0.000087Lr1=0.000865, time=0.64s
2026-03-14 20:34:23 | INFO | Validation — loss=2.7840, acc=0.4038, f1=0.3807, recall=0.5623, precision=0.6315
2026-03-14 20:34:24 | INFO | [Epoch 024] total_loss=0.001121, Lr0=0.000086Lr1=0.000854, time=0.63s
2026-03-14 20:34:25 | INFO | Validation — loss=2.4957, acc=0.4208, f1=0.4045, recall=0.5696, precision=0.6218
2026-03-14 20:34:26 | INFO | [Epoch 025] total_loss=0.001178, Lr0=0.000084Lr1=0.000842, time=0.64s
2026-03-14 20:34:27 | INFO | Model forward EncoderClassifierModel(
  (encoder): CNNEncoder(
    (cnn_layers): Sequential(
      (0): Conv1d(1, 32, kernel_size=(10,), stride=(1,))
      (1): BatchNorm1d(32, eps=1e-05, momentum=0.1, affine=True, track_running_stats=True)
      (2): ReLU()
      (3): MaxPool1d(kernel_size=2, stride=2, padding=0, dilation=1, ceil_mode=False)
      (4): Dropout(p=0.0, inplace=False)
      (5): Conv1d(32, 64, kernel_size=(10,), stride=(1,))
      (6): BatchNorm1d(64, eps=1e-05, momentum=0.1, affine=True, track_running_stats=True)
      (7): ReLU()
      (8): MaxPool1d(kernel_size=2, stride=2, padding=0, dilation=1, ceil_mode=False)
      (9): Dropout(p=0.0, inplace=False)
      (10): Conv1d(64, 128, kernel_size=(10,), stride=(1,))
      (11): BatchNorm1d(128, eps=1e-05, momentum=0.1, affine=True, track_running_stats=True)
      (12): ReLU()
      (13): MaxPool1d(kernel_size=2, stride=2, padding=0, dilation=1, ceil_mode=False)
      (14): Dropout(p=0.0, inplace=False)
      (15): Conv1d(128, 256, kernel_size=(10,), stride=(1,))
      (16): BatchNorm1d(256, eps=1e-05, momentum=0.1, affine=True, track_running_stats=True)
      (17): ReLU()
      (18): MaxPool1d(kernel_size=2, stride=2, padding=0, dilation=1, ceil_mode=False)
      (19): Dropout(p=0.0, inplace=False)
    )
    (linear_layer): Sequential(
      (0): Linear(in_features=18176, out_features=64, bias=True)
      (1): ReLU()
    )
  )
  (classifier): Linear(in_features=64, out_features=1, bias=True)
  (loss_fn): BCEWithLogitsLoss()
)
2026-03-14 20:34:27 | INFO | Validation — loss=2.6713, acc=0.4068, f1=0.3844, recall=0.5646, precision=0.6339
2026-03-14 20:34:28 | INFO | [Epoch 000] total_loss=0.642831, Lr0=0.000100Lr1=0.001000, time=0.56s
2026-03-14 20:34:28 | INFO | [Epoch 026] total_loss=0.000807, Lr0=0.000083Lr1=0.000831, time=0.63s
2026-03-14 20:34:28 | INFO | Validation — loss=0.6250, acc=0.6827, f1=0.4057, recall=0.5, precision=0.3413
2026-03-14 20:34:28 | INFO | Best model logged 0.4057
2026-03-14 20:34:29 | INFO | Validation — loss=2.5347, acc=0.4174, f1=0.4001, recall=0.5678, precision=0.6221
2026-03-14 20:34:29 | INFO | [Epoch 001] total_loss=0.490977, Lr0=0.000100Lr1=0.000999, time=0.56s
2026-03-14 20:34:30 | INFO | [Epoch 027] total_loss=0.000521, Lr0=0.000082Lr1=0.000819, time=0.63s
2026-03-14 20:34:30 | INFO | Validation — loss=1.0193, acc=0.6827, f1=0.4057, recall=0.5, precision=0.3413
2026-03-14 20:34:31 | INFO | [Epoch 002] total_loss=0.314026, Lr0=0.000100Lr1=0.000998, time=0.62s
2026-03-14 20:34:31 | INFO | Validation — loss=2.5613, acc=0.4165, f1=0.3987, recall=0.5675, precision=0.623
2026-03-14 20:34:31 | INFO | Validation — loss=2.8106, acc=0.6827, f1=0.4057, recall=0.5, precision=0.3413
2026-03-14 20:34:32 | INFO | [Epoch 028] total_loss=0.000675, Lr0=0.000081Lr1=0.000807, time=0.64s
2026-03-14 20:34:32 | INFO | [Epoch 003] total_loss=0.206518, Lr0=0.000100Lr1=0.000996, time=0.57s
2026-03-14 20:34:33 | INFO | Validation — loss=2.6616, acc=0.4154, f1=0.3965, recall=0.5684, precision=0.6284
2026-03-14 20:34:33 | INFO | Validation — loss=1.9584, acc=0.6827, f1=0.4057, recall=0.5, precision=0.3413
2026-03-14 20:34:33 | INFO | [Epoch 029] total_loss=0.001416, Lr0=0.000080Lr1=0.000794, time=0.62s
2026-03-14 20:34:34 | INFO | [Epoch 004] total_loss=0.189743, Lr0=0.000099Lr1=0.000994, time=0.59s
2026-03-14 20:34:34 | INFO | Validation — loss=3.3401, acc=0.6827, f1=0.4057, recall=0.5, precision=0.3413
2026-03-14 20:34:35 | INFO | Validation — loss=2.9712, acc=0.395, f1=0.3657, recall=0.5616, precision=0.6568
2026-03-14 20:34:35 | INFO | [Epoch 005] total_loss=0.106726, Lr0=0.000099Lr1=0.000991, time=0.61s
2026-03-14 20:34:35 | INFO | [Epoch 030] total_loss=0.000567, Lr0=0.000078Lr1=0.000781, time=0.66s
2026-03-14 20:34:36 | INFO | Validation — loss=3.3202, acc=0.6827, f1=0.4057, recall=0.5, precision=0.3413
2026-03-14 20:34:36 | INFO | [Epoch 006] total_loss=0.106238, Lr0=0.000099Lr1=0.000988, time=0.60s
2026-03-14 20:34:37 | INFO | Validation — loss=2.7905, acc=0.4077, f1=0.3866, recall=0.5632, precision=0.6259
2026-03-14 20:34:37 | INFO | Validation — loss=2.1028, acc=0.3173, f1=0.2409, recall=0.5, precision=0.1587
2026-03-14 20:34:37 | INFO | [Epoch 031] total_loss=0.000425, Lr0=0.000077Lr1=0.000768, time=0.62s
2026-03-14 20:34:38 | INFO | [Epoch 007] total_loss=0.095463, Lr0=0.000098Lr1=0.000984, time=0.63s
2026-03-14 20:34:39 | INFO | Validation — loss=2.6457, acc=0.4213, f1=0.4054, recall=0.5693, precision=0.6201
2026-03-14 20:34:39 | INFO | Validation — loss=4.9759, acc=0.6827, f1=0.4057, recall=0.5, precision=0.3413
2026-03-14 20:34:39 | INFO | [Epoch 032] total_loss=0.000616, Lr0=0.000076Lr1=0.000755, time=0.66s
2026-03-14 20:34:39 | INFO | [Epoch 008] total_loss=0.116428, Lr0=0.000098Lr1=0.000980, time=0.61s
2026-03-14 20:34:40 | INFO | Validation — loss=1.0092, acc=0.6827, f1=0.4057, recall=0.5, precision=0.3413
2026-03-14 20:34:41 | INFO | Validation — loss=2.5454, acc=0.4328, f1=0.4208, recall=0.5742, precision=0.6158
2026-03-14 20:34:41 | INFO | [Epoch 009] total_loss=0.072871, Lr0=0.000098Lr1=0.000976, time=0.61s
2026-03-14 20:34:41 | INFO | [Epoch 033] total_loss=0.000589, Lr0=0.000074Lr1=0.000741, time=0.63s
2026-03-14 20:34:42 | INFO | Validation — loss=0.5379, acc=0.7601, f1=0.6215, recall=0.622, precision=0.87
2026-03-14 20:34:42 | INFO | Best model logged 0.6215
2026-03-14 20:34:43 | INFO | [Epoch 010] total_loss=0.048907, Lr0=0.000097Lr1=0.000970, time=0.61s
2026-03-14 20:34:43 | INFO | Validation — loss=3.0264, acc=0.4036, f1=0.3783, recall=0.5658, precision=0.6486
2026-03-14 20:34:43 | INFO | [Epoch 034] total_loss=0.000318, Lr0=0.000073Lr1=0.000727, time=0.65s
2026-03-14 20:34:43 | INFO | Validation — loss=0.2779, acc=0.9085, f1=0.9011, recall=0.933, precision=0.8881
2026-03-14 20:34:43 | INFO | Best model logged 0.9011
2026-03-14 20:34:44 | INFO | [Epoch 011] total_loss=0.048585, Lr0=0.000097Lr1=0.000965, time=0.59s
2026-03-14 20:34:45 | INFO | Validation — loss=3.0175, acc=0.4054, f1=0.3809, recall=0.5667, precision=0.6473
2026-03-14 20:34:45 | INFO | Early stopping at epoch 34. Best: 0.629500
2026-03-14 20:34:45 | INFO | Training complete.
2026-03-14 20:34:45 | INFO | Best checkpoint: ./save/cnn_overlap_new/subject_specific_SWELLDataset/finetuned_best_4.pt
2026-03-14 20:34:45 | INFO | Validation — loss=0.3567, acc=0.8327, f1=0.8258, recall=0.8774, precision=0.8274
2026-03-14 20:34:45 | INFO | [Epoch 012] total_loss=0.025085, Lr0=0.000096Lr1=0.000959, time=0.58s
2026-03-14 20:34:46 | INFO | Validation — loss=0.0351, acc=0.9889, f1=0.9873, recall=0.9919, precision=0.9831
2026-03-14 20:34:46 | INFO | Best model logged 0.9873
2026-03-14 20:34:47 | INFO | [Epoch 013] total_loss=0.023928, Lr0=0.000095Lr1=0.000952, time=0.57s
2026-03-14 20:34:48 | INFO | Validation — loss=0.0551, acc=0.9804, f1=0.9778, recall=0.9857, precision=0.9709
2026-03-14 20:34:49 | INFO | [Epoch 014] total_loss=0.028949, Lr0=0.000095Lr1=0.000946, time=0.58s
2026-03-14 20:34:49 | INFO | Validation — loss=0.0321, acc=0.9884, f1=0.9868, recall=0.9915, precision=0.9824
2026-03-14 20:34:50 | INFO | [Epoch 015] total_loss=0.021645, Lr0=0.000094Lr1=0.000938, time=0.60s
2026-03-14 20:34:51 | INFO | Validation — loss=0.0799, acc=0.9715, f1=0.9663, recall=0.9551, precision=0.98
2026-03-14 20:34:51 | INFO | [Epoch 016] total_loss=0.021006, Lr0=0.000093Lr1=0.000930, time=0.62s
2026-03-14 20:34:52 | INFO | Validation — loss=0.0269, acc=0.9911, f1=0.9898, recall=0.9935, precision=0.9864
2026-03-14 20:34:52 | INFO | Best model logged 0.9898
2026-03-14 20:34:53 | INFO | [Epoch 017] total_loss=0.013374, Lr0=0.000092Lr1=0.000922, time=0.59s
2026-03-14 20:34:54 | INFO | Validation — loss=0.0121, acc=0.9978, f1=0.9974, recall=0.9984, precision=0.9965
2026-03-14 20:34:54 | INFO | Best model logged 0.9974
2026-03-14 20:34:54 | INFO | [Epoch 018] total_loss=0.009992, Lr0=0.000091Lr1=0.000914, time=0.57s
2026-03-14 20:34:55 | INFO | Model forward EncoderClassifierModel(
  (encoder): CNNEncoder(
    (cnn_layers): Sequential(
      (0): Conv1d(1, 32, kernel_size=(10,), stride=(1,))
      (1): BatchNorm1d(32, eps=1e-05, momentum=0.1, affine=True, track_running_stats=True)
      (2): ReLU()
      (3): MaxPool1d(kernel_size=2, stride=2, padding=0, dilation=1, ceil_mode=False)
      (4): Dropout(p=0.0, inplace=False)
      (5): Conv1d(32, 64, kernel_size=(10,), stride=(1,))
      (6): BatchNorm1d(64, eps=1e-05, momentum=0.1, affine=True, track_running_stats=True)
      (7): ReLU()
      (8): MaxPool1d(kernel_size=2, stride=2, padding=0, dilation=1, ceil_mode=False)
      (9): Dropout(p=0.0, inplace=False)
      (10): Conv1d(64, 128, kernel_size=(10,), stride=(1,))
      (11): BatchNorm1d(128, eps=1e-05, momentum=0.1, affine=True, track_running_stats=True)
      (12): ReLU()
      (13): MaxPool1d(kernel_size=2, stride=2, padding=0, dilation=1, ceil_mode=False)
      (14): Dropout(p=0.0, inplace=False)
      (15): Conv1d(128, 256, kernel_size=(10,), stride=(1,))
      (16): BatchNorm1d(256, eps=1e-05, momentum=0.1, affine=True, track_running_stats=True)
      (17): ReLU()
      (18): MaxPool1d(kernel_size=2, stride=2, padding=0, dilation=1, ceil_mode=False)
      (19): Dropout(p=0.0, inplace=False)
    )
    (linear_layer): Sequential(
      (0): Linear(in_features=18176, out_features=64, bias=True)
      (1): ReLU()
    )
  )
  (classifier): Linear(in_features=64, out_features=1, bias=True)
  (loss_fn): BCEWithLogitsLoss()
)
2026-03-14 20:34:55 | INFO | Validation — loss=0.0999, acc=0.9602, f1=0.9554, recall=0.9708, precision=0.9442
2026-03-14 20:34:56 | INFO | [Epoch 000] total_loss=0.626564, Lr0=0.000100Lr1=0.001000, time=0.63s
2026-03-14 20:34:56 | INFO | [Epoch 019] total_loss=0.007838, Lr0=0.000091Lr1=0.000905, time=0.60s
2026-03-14 20:34:57 | INFO | Validation — loss=0.0437, acc=0.9849, f1=0.9823, recall=0.9762, precision=0.9892
2026-03-14 20:34:57 | INFO | Validation — loss=0.6189, acc=0.7106, f1=0.4154, recall=0.5, precision=0.3553
2026-03-14 20:34:57 | INFO | Best model logged 0.4154
2026-03-14 20:34:57 | INFO | [Epoch 020] total_loss=0.005967, Lr0=0.000090Lr1=0.000895, time=0.59s
2026-03-14 20:34:58 | INFO | [Epoch 001] total_loss=0.423411, Lr0=0.000100Lr1=0.000999, time=0.62s
2026-03-14 20:34:58 | INFO | Validation — loss=0.0464, acc=0.9806, f1=0.9776, recall=0.9766, precision=0.9786
2026-03-14 20:34:59 | INFO | Validation — loss=0.8148, acc=0.7106, f1=0.4154, recall=0.5, precision=0.3553
2026-03-14 20:34:59 | INFO | [Epoch 021] total_loss=0.005509, Lr0=0.000089Lr1=0.000885, time=0.58s
2026-03-14 20:34:59 | INFO | [Epoch 002] total_loss=0.275726, Lr0=0.000100Lr1=0.000998, time=0.65s
2026-03-14 20:35:00 | INFO | Validation — loss=0.0301, acc=0.9895, f1=0.988, recall=0.992, precision=0.9844
2026-03-14 20:35:00 | INFO | [Epoch 022] total_loss=0.005448, Lr0=0.000088Lr1=0.000875, time=0.59s
2026-03-14 20:35:01 | INFO | Validation — loss=1.3423, acc=0.7106, f1=0.4154, recall=0.5, precision=0.3553
2026-03-14 20:35:01 | INFO | Validation — loss=0.0321, acc=0.9887, f1=0.987, recall=0.9917, precision=0.9827
2026-03-14 20:35:01 | INFO | [Epoch 003] total_loss=0.192827, Lr0=0.000100Lr1=0.000996, time=0.64s
2026-03-14 20:35:02 | INFO | [Epoch 023] total_loss=0.026877, Lr0=0.000087Lr1=0.000865, time=0.63s
2026-03-14 20:35:03 | INFO | Validation — loss=1.0909, acc=0.7106, f1=0.4154, recall=0.5, precision=0.3553
2026-03-14 20:35:03 | INFO | Validation — loss=0.4978, acc=0.8171, f1=0.8108, recall=0.866, precision=0.8172
2026-03-14 20:35:03 | INFO | [Epoch 004] total_loss=0.142352, Lr0=0.000099Lr1=0.000994, time=0.66s
2026-03-14 20:35:03 | INFO | [Epoch 024] total_loss=0.022787, Lr0=0.000086Lr1=0.000854, time=0.60s
2026-03-14 20:35:04 | INFO | Validation — loss=0.0475, acc=0.9784, f1=0.9752, recall=0.9782, precision=0.9725
2026-03-14 20:35:05 | INFO | Validation — loss=2.3826, acc=0.7106, f1=0.4154, recall=0.5, precision=0.3553
2026-03-14 20:35:05 | INFO | [Epoch 025] total_loss=0.014327, Lr0=0.000084Lr1=0.000842, time=0.61s
2026-03-14 20:35:05 | INFO | [Epoch 005] total_loss=0.096062, Lr0=0.000099Lr1=0.000991, time=0.65s
2026-03-14 20:35:06 | INFO | Validation — loss=2.0754, acc=0.4152, f1=0.3856, recall=0.5717, precision=0.6759
2026-03-14 20:35:06 | INFO | [Epoch 026] total_loss=0.011945, Lr0=0.000083Lr1=0.000831, time=0.56s
2026-03-14 20:35:07 | INFO | Validation — loss=3.5802, acc=0.7106, f1=0.4154, recall=0.5, precision=0.3553
2026-03-14 20:35:07 | INFO | Validation — loss=0.0212, acc=0.9922, f1=0.991, recall=0.9887, precision=0.9934
2026-03-14 20:35:07 | INFO | [Epoch 006] total_loss=0.056844, Lr0=0.000099Lr1=0.000988, time=0.64s
2026-03-14 20:35:08 | INFO | [Epoch 027] total_loss=0.006082, Lr0=0.000082Lr1=0.000819, time=0.59s
2026-03-14 20:35:09 | INFO | Validation — loss=5.7089, acc=0.7106, f1=0.4154, recall=0.5, precision=0.3553
2026-03-14 20:35:09 | INFO | Validation — loss=0.0624, acc=0.9789, f1=0.976, recall=0.9845, precision=0.9688
2026-03-14 20:35:09 | INFO | [Epoch 028] total_loss=0.003905, Lr0=0.000081Lr1=0.000807, time=0.61s
2026-03-14 20:35:09 | INFO | [Epoch 007] total_loss=0.029917, Lr0=0.000098Lr1=0.000984, time=0.64s
2026-03-14 20:35:10 | INFO | Validation — loss=0.0429, acc=0.9846, f1=0.9824, recall=0.9844, precision=0.9804
2026-03-14 20:35:10 | INFO | Validation — loss=1.8490, acc=0.7106, f1=0.4154, recall=0.5, precision=0.3553
2026-03-14 20:35:11 | INFO | [Epoch 029] total_loss=0.001444, Lr0=0.000080Lr1=0.000794, time=0.59s
2026-03-14 20:35:11 | INFO | [Epoch 008] total_loss=0.026204, Lr0=0.000098Lr1=0.000980, time=0.65s
2026-03-14 20:35:12 | INFO | Validation — loss=0.0223, acc=0.9909, f1=0.9895, recall=0.9899, precision=0.989
2026-03-14 20:35:12 | INFO | [Epoch 030] total_loss=0.002929, Lr0=0.000078Lr1=0.000781, time=0.64s
2026-03-14 20:35:12 | INFO | Validation — loss=6.5496, acc=0.7106, f1=0.4154, recall=0.5, precision=0.3553
2026-03-14 20:35:13 | INFO | [Epoch 009] total_loss=0.038570, Lr0=0.000098Lr1=0.000976, time=0.63s
2026-03-14 20:35:13 | INFO | Validation — loss=0.0494, acc=0.9833, f1=0.9809, recall=0.9859, precision=0.9764
2026-03-14 20:35:14 | INFO | [Epoch 031] total_loss=0.001224, Lr0=0.000077Lr1=0.000768, time=0.61s
2026-03-14 20:35:14 | INFO | Validation — loss=1.7634, acc=0.7106, f1=0.4154, recall=0.5, precision=0.3553
2026-03-14 20:35:14 | INFO | Validation — loss=0.0886, acc=0.9686, f1=0.9646, recall=0.9753, precision=0.9559
2026-03-14 20:35:15 | INFO | [Epoch 010] total_loss=0.031288, Lr0=0.000097Lr1=0.000970, time=0.65s
2026-03-14 20:35:15 | INFO | [Epoch 032] total_loss=0.001212, Lr0=0.000076Lr1=0.000755, time=0.60s
2026-03-14 20:35:16 | INFO | Validation — loss=0.0483, acc=0.9846, f1=0.9825, recall=0.9878, precision=0.9776
2026-03-14 20:35:16 | INFO | Validation — loss=4.3143, acc=0.7106, f1=0.4154, recall=0.5, precision=0.3553
2026-03-14 20:35:17 | INFO | [Epoch 033] total_loss=0.001674, Lr0=0.000074Lr1=0.000741, time=0.61s
2026-03-14 20:35:17 | INFO | [Epoch 011] total_loss=0.058442, Lr0=0.000097Lr1=0.000965, time=0.64s
2026-03-14 20:35:17 | INFO | Validation — loss=0.0442, acc=0.9838, f1=0.9814, recall=0.9845, precision=0.9784
2026-03-14 20:35:18 | INFO | [Epoch 034] total_loss=0.000720, Lr0=0.000073Lr1=0.000727, time=0.56s
2026-03-14 20:35:18 | INFO | Validation — loss=2.8152, acc=0.7106, f1=0.4154, recall=0.5, precision=0.3553
2026-03-14 20:35:19 | INFO | [Epoch 012] total_loss=0.043026, Lr0=0.000096Lr1=0.000959, time=0.64s
2026-03-14 20:35:19 | INFO | Validation — loss=0.0504, acc=0.9835, f1=0.9812, recall=0.9863, precision=0.9766
2026-03-14 20:35:19 | INFO | [Epoch 035] total_loss=0.000965, Lr0=0.000072Lr1=0.000713, time=0.62s
2026-03-14 20:35:20 | INFO | Validation — loss=3.1449, acc=0.7106, f1=0.4154, recall=0.5, precision=0.3553
2026-03-14 20:35:20 | INFO | Validation — loss=0.0584, acc=0.982, f1=0.9795, recall=0.9868, precision=0.9731
2026-03-14 20:35:21 | INFO | [Epoch 013] total_loss=0.024237, Lr0=0.000095Lr1=0.000952, time=0.68s
2026-03-14 20:35:21 | INFO | [Epoch 036] total_loss=0.000605, Lr0=0.000070Lr1=0.000699, time=0.59s
2026-03-14 20:35:22 | INFO | Validation — loss=0.0569, acc=0.9824, f1=0.98, recall=0.9871, precision=0.9738
2026-03-14 20:35:22 | INFO | Validation — loss=1.7982, acc=0.7106, f1=0.4154, recall=0.5, precision=0.3553
2026-03-14 20:35:22 | INFO | [Epoch 037] total_loss=0.000777, Lr0=0.000069Lr1=0.000684, time=0.62s
2026-03-14 20:35:23 | INFO | [Epoch 014] total_loss=0.021953, Lr0=0.000095Lr1=0.000946, time=0.64s
2026-03-14 20:35:23 | INFO | Validation — loss=0.0618, acc=0.9798, f1=0.977, recall=0.9852, precision=0.97
2026-03-14 20:35:23 | INFO | Early stopping at epoch 37. Best: 0.997400
2026-03-14 20:35:23 | INFO | Training complete.
2026-03-14 20:35:23 | INFO | Best checkpoint: ./save/cnn_overlap_new/subject_specific_SWELLDataset/finetuned_best_6.pt
2026-03-14 20:35:24 | INFO | Validation — loss=2.2826, acc=0.7106, f1=0.4154, recall=0.5, precision=0.3553
2026-03-14 20:35:25 | INFO | [Epoch 015] total_loss=0.008782, Lr0=0.000094Lr1=0.000938, time=0.63s
2026-03-14 20:35:26 | INFO | Validation — loss=2.9606, acc=0.7106, f1=0.4154, recall=0.5, precision=0.3553
2026-03-14 20:35:27 | INFO | [Epoch 016] total_loss=0.005419, Lr0=0.000093Lr1=0.000930, time=0.64s
2026-03-14 20:35:28 | INFO | Validation — loss=3.4758, acc=0.7106, f1=0.4154, recall=0.5, precision=0.3553
2026-03-14 20:35:28 | INFO | [Epoch 017] total_loss=0.004312, Lr0=0.000092Lr1=0.000922, time=0.62s
2026-03-14 20:35:30 | INFO | Validation — loss=3.4355, acc=0.7106, f1=0.4154, recall=0.5, precision=0.3553
2026-03-14 20:35:30 | INFO | [Epoch 018] total_loss=0.003065, Lr0=0.000091Lr1=0.000914, time=0.61s
2026-03-14 20:35:32 | INFO | Validation — loss=2.7202, acc=0.7106, f1=0.4154, recall=0.5, precision=0.3553
2026-03-14 20:35:32 | INFO | [Epoch 019] total_loss=0.002990, Lr0=0.000091Lr1=0.000905, time=0.64s
2026-03-14 20:35:33 | INFO | Validation — loss=2.7779, acc=0.7106, f1=0.4154, recall=0.5, precision=0.3553
2026-03-14 20:35:34 | INFO | Model forward EncoderClassifierModel(
  (encoder): CNNEncoder(
    (cnn_layers): Sequential(
      (0): Conv1d(1, 32, kernel_size=(10,), stride=(1,))
      (1): BatchNorm1d(32, eps=1e-05, momentum=0.1, affine=True, track_running_stats=True)
      (2): ReLU()
      (3): MaxPool1d(kernel_size=2, stride=2, padding=0, dilation=1, ceil_mode=False)
      (4): Dropout(p=0.0, inplace=False)
      (5): Conv1d(32, 64, kernel_size=(10,), stride=(1,))
      (6): BatchNorm1d(64, eps=1e-05, momentum=0.1, affine=True, track_running_stats=True)
      (7): ReLU()
      (8): MaxPool1d(kernel_size=2, stride=2, padding=0, dilation=1, ceil_mode=False)
      (9): Dropout(p=0.0, inplace=False)
      (10): Conv1d(64, 128, kernel_size=(10,), stride=(1,))
      (11): BatchNorm1d(128, eps=1e-05, momentum=0.1, affine=True, track_running_stats=True)
      (12): ReLU()
      (13): MaxPool1d(kernel_size=2, stride=2, padding=0, dilation=1, ceil_mode=False)
      (14): Dropout(p=0.0, inplace=False)
      (15): Conv1d(128, 256, kernel_size=(10,), stride=(1,))
      (16): BatchNorm1d(256, eps=1e-05, momentum=0.1, affine=True, track_running_stats=True)
      (17): ReLU()
      (18): MaxPool1d(kernel_size=2, stride=2, padding=0, dilation=1, ceil_mode=False)
      (19): Dropout(p=0.0, inplace=False)
    )
    (linear_layer): Sequential(
      (0): Linear(in_features=18176, out_features=64, bias=True)
      (1): ReLU()
    )
  )
  (classifier): Linear(in_features=64, out_features=1, bias=True)
  (loss_fn): BCEWithLogitsLoss()
)
2026-03-14 20:35:34 | INFO | [Epoch 020] total_loss=0.001857, Lr0=0.000090Lr1=0.000895, time=0.62s
2026-03-14 20:35:35 | INFO | [Epoch 000] total_loss=0.638672, Lr0=0.000100Lr1=0.001000, time=0.58s
2026-03-14 20:35:35 | INFO | Validation — loss=2.7505, acc=0.7106, f1=0.4154, recall=0.5, precision=0.3553
2026-03-14 20:35:35 | INFO | Early stopping at epoch 20. Best: 0.415400
2026-03-14 20:35:35 | INFO | Training complete.
2026-03-14 20:35:35 | INFO | Best checkpoint: ./save/cnn_overlap_new/subject_specific_SWELLDataset/finetuned_best_5.pt
2026-03-14 20:35:36 | INFO | Validation — loss=0.6419, acc=0.6975, f1=0.4109, recall=0.5, precision=0.3488
2026-03-14 20:35:36 | INFO | Best model logged 0.4109
2026-03-14 20:35:37 | INFO | [Epoch 001] total_loss=0.480161, Lr0=0.000100Lr1=0.000999, time=0.60s
2026-03-14 20:35:38 | INFO | Validation — loss=0.6345, acc=0.6975, f1=0.4109, recall=0.5, precision=0.3488
2026-03-14 20:35:38 | INFO | [Epoch 002] total_loss=0.300658, Lr0=0.000100Lr1=0.000998, time=0.58s
2026-03-14 20:35:39 | INFO | Validation — loss=0.9442, acc=0.6975, f1=0.4109, recall=0.5, precision=0.3488
2026-03-14 20:35:40 | INFO | [Epoch 003] total_loss=0.241430, Lr0=0.000100Lr1=0.000996, time=0.61s
2026-03-14 20:35:41 | INFO | Validation — loss=0.6383, acc=0.6975, f1=0.4109, recall=0.5, precision=0.3488
2026-03-14 20:35:41 | INFO | [Epoch 004] total_loss=0.193310, Lr0=0.000099Lr1=0.000994, time=0.58s
2026-03-14 20:35:42 | INFO | Validation — loss=0.8141, acc=0.6975, f1=0.4109, recall=0.5, precision=0.3488
2026-03-14 20:35:43 | INFO | [Epoch 005] total_loss=0.132589, Lr0=0.000099Lr1=0.000991, time=0.57s
2026-03-14 20:35:44 | INFO | Validation — loss=1.4070, acc=0.6975, f1=0.4109, recall=0.5, precision=0.3488
2026-03-14 20:35:44 | INFO | [Epoch 006] total_loss=0.096358, Lr0=0.000099Lr1=0.000988, time=0.61s
2026-03-14 20:35:45 | INFO | Validation — loss=4.6222, acc=0.6975, f1=0.4109, recall=0.5, precision=0.3488
2026-03-14 20:35:46 | INFO | [Epoch 007] total_loss=0.118764, Lr0=0.000098Lr1=0.000984, time=0.59s
2026-03-14 20:35:46 | INFO | Validation — loss=1.0744, acc=0.6975, f1=0.4109, recall=0.5, precision=0.3488
2026-03-14 20:35:47 | INFO | Model forward EncoderClassifierModel(
  (encoder): CNNEncoder(
    (cnn_layers): Sequential(
      (0): Conv1d(1, 32, kernel_size=(10,), stride=(1,))
      (1): BatchNorm1d(32, eps=1e-05, momentum=0.1, affine=True, track_running_stats=True)
      (2): ReLU()
      (3): MaxPool1d(kernel_size=2, stride=2, padding=0, dilation=1, ceil_mode=False)
      (4): Dropout(p=0.0, inplace=False)
      (5): Conv1d(32, 64, kernel_size=(10,), stride=(1,))
      (6): BatchNorm1d(64, eps=1e-05, momentum=0.1, affine=True, track_running_stats=True)
      (7): ReLU()
      (8): MaxPool1d(kernel_size=2, stride=2, padding=0, dilation=1, ceil_mode=False)
      (9): Dropout(p=0.0, inplace=False)
      (10): Conv1d(64, 128, kernel_size=(10,), stride=(1,))
      (11): BatchNorm1d(128, eps=1e-05, momentum=0.1, affine=True, track_running_stats=True)
      (12): ReLU()
      (13): MaxPool1d(kernel_size=2, stride=2, padding=0, dilation=1, ceil_mode=False)
      (14): Dropout(p=0.0, inplace=False)
      (15): Conv1d(128, 256, kernel_size=(10,), stride=(1,))
      (16): BatchNorm1d(256, eps=1e-05, momentum=0.1, affine=True, track_running_stats=True)
      (17): ReLU()
      (18): MaxPool1d(kernel_size=2, stride=2, padding=0, dilation=1, ceil_mode=False)
      (19): Dropout(p=0.0, inplace=False)
    )
    (linear_layer): Sequential(
      (0): Linear(in_features=18176, out_features=64, bias=True)
      (1): ReLU()
    )
  )
  (classifier): Linear(in_features=64, out_features=1, bias=True)
  (loss_fn): BCEWithLogitsLoss()
)
2026-03-14 20:35:47 | INFO | [Epoch 008] total_loss=0.095347, Lr0=0.000098Lr1=0.000980, time=0.57s
2026-03-14 20:35:47 | INFO | [Epoch 000] total_loss=0.642831, Lr0=0.000100Lr1=0.001000, time=0.65s
2026-03-14 20:35:48 | INFO | Validation — loss=0.3363, acc=0.786, f1=0.6599, recall=0.6463, precision=0.8826
2026-03-14 20:35:48 | INFO | Best model logged 0.6599
2026-03-14 20:35:49 | INFO | [Epoch 009] total_loss=0.053363, Lr0=0.000098Lr1=0.000976, time=0.60s
2026-03-14 20:35:49 | INFO | Validation — loss=0.6245, acc=0.6827, f1=0.4057, recall=0.5, precision=0.3413
2026-03-14 20:35:49 | INFO | Best model logged 0.4057
2026-03-14 20:35:49 | INFO | Validation — loss=0.0134, acc=1.0, f1=1.0, recall=1.0, precision=1.0
2026-03-14 20:35:49 | INFO | Best model logged 1.0
2026-03-14 20:35:50 | INFO | [Epoch 001] total_loss=0.490976, Lr0=0.000100Lr1=0.000999, time=0.63s
2026-03-14 20:35:50 | INFO | [Epoch 010] total_loss=0.040633, Lr0=0.000097Lr1=0.000970, time=0.58s
2026-03-14 20:35:51 | INFO | Validation — loss=0.9728, acc=0.6827, f1=0.4057, recall=0.5, precision=0.3413
2026-03-14 20:35:51 | INFO | Validation — loss=0.0072, acc=0.9998, f1=0.9997, recall=0.9998, precision=0.9996
2026-03-14 20:35:52 | INFO | [Epoch 002] total_loss=0.314078, Lr0=0.000100Lr1=0.000998, time=0.69s
2026-03-14 20:35:52 | INFO | [Epoch 011] total_loss=0.025268, Lr0=0.000097Lr1=0.000965, time=0.63s
2026-03-14 20:35:53 | INFO | Validation — loss=0.0365, acc=0.9909, f1=0.9893, recall=0.9935, precision=0.9854
2026-03-14 20:35:53 | INFO | Validation — loss=1.9410, acc=0.6827, f1=0.4057, recall=0.5, precision=0.3413
2026-03-14 20:35:53 | INFO | [Epoch 012] total_loss=0.017290, Lr0=0.000096Lr1=0.000959, time=0.58s
2026-03-14 20:35:54 | INFO | [Epoch 003] total_loss=0.205448, Lr0=0.000100Lr1=0.000996, time=0.65s
2026-03-14 20:35:54 | INFO | Validation — loss=0.4087, acc=0.8568, f1=0.8471, recall=0.8973, precision=0.8393
2026-03-14 20:35:55 | INFO | [Epoch 013] total_loss=0.013098, Lr0=0.000095Lr1=0.000952, time=0.60s
2026-03-14 20:35:55 | INFO | Validation — loss=4.9054, acc=0.6827, f1=0.4057, recall=0.5, precision=0.3413
2026-03-14 20:35:56 | INFO | Validation — loss=0.4966, acc=0.8495, f1=0.8399, recall=0.8921, precision=0.8338
2026-03-14 20:35:56 | INFO | [Epoch 004] total_loss=0.190625, Lr0=0.000099Lr1=0.000994, time=0.63s
2026-03-14 20:35:56 | INFO | [Epoch 014] total_loss=0.016891, Lr0=0.000095Lr1=0.000946, time=0.56s
2026-03-14 20:35:57 | INFO | Validation — loss=0.0896, acc=0.9808, f1=0.9777, recall=0.9863, precision=0.9702
2026-03-14 20:35:57 | INFO | Validation — loss=4.1504, acc=0.6827, f1=0.4057, recall=0.5, precision=0.3413
2026-03-14 20:35:58 | INFO | [Epoch 015] total_loss=0.032772, Lr0=0.000094Lr1=0.000938, time=0.62s
2026-03-14 20:35:58 | INFO | [Epoch 005] total_loss=0.104681, Lr0=0.000099Lr1=0.000991, time=0.64s
2026-03-14 20:35:58 | INFO | Validation — loss=0.9460, acc=0.8365, f1=0.8272, recall=0.8828, precision=0.8245
2026-03-14 20:35:59 | INFO | Validation — loss=2.1253, acc=0.6827, f1=0.4057, recall=0.5, precision=0.3413
2026-03-14 20:35:59 | INFO | [Epoch 016] total_loss=0.020920, Lr0=0.000093Lr1=0.000930, time=0.59s
2026-03-14 20:36:00 | INFO | [Epoch 006] total_loss=0.102791, Lr0=0.000099Lr1=0.000988, time=0.65s
2026-03-14 20:36:00 | INFO | Validation — loss=0.3232, acc=0.9078, f1=0.8985, recall=0.9339, precision=0.8832
2026-03-14 20:36:01 | INFO | [Epoch 017] total_loss=0.010918, Lr0=0.000092Lr1=0.000922, time=0.61s
2026-03-14 20:36:01 | INFO | Validation — loss=2.0062, acc=0.3173, f1=0.2409, recall=0.5, precision=0.1587
2026-03-14 20:36:01 | INFO | Validation — loss=1.7795, acc=0.641, f1=0.6405, recall=0.7426, precision=0.7286
2026-03-14 20:36:02 | INFO | [Epoch 007] total_loss=0.093755, Lr0=0.000098Lr1=0.000984, time=0.63s
2026-03-14 20:36:02 | INFO | [Epoch 018] total_loss=0.009657, Lr0=0.000091Lr1=0.000914, time=0.60s
2026-03-14 20:36:03 | INFO | Validation — loss=0.1156, acc=0.9779, f1=0.9743, recall=0.9841, precision=0.9659
2026-03-14 20:36:03 | INFO | Validation — loss=1.6952, acc=0.6827, f1=0.4057, recall=0.5, precision=0.3413
2026-03-14 20:36:04 | INFO | [Epoch 019] total_loss=0.007571, Lr0=0.000091Lr1=0.000905, time=0.60s
2026-03-14 20:36:04 | INFO | [Epoch 008] total_loss=0.119713, Lr0=0.000098Lr1=0.000980, time=0.70s
2026-03-14 20:36:04 | INFO | Validation — loss=0.6224, acc=0.8476, f1=0.8381, recall=0.8908, precision=0.8325
2026-03-14 20:36:05 | INFO | Validation — loss=1.3237, acc=0.194, f1=0.1643, recall=0.3035, precision=0.1202
2026-03-14 20:36:05 | INFO | [Epoch 020] total_loss=0.004080, Lr0=0.000090Lr1=0.000895, time=0.60s
2026-03-14 20:36:06 | INFO | [Epoch 009] total_loss=0.079334, Lr0=0.000098Lr1=0.000976, time=0.64s
2026-03-14 20:36:06 | INFO | Validation — loss=0.4527, acc=0.8679, f1=0.8581, recall=0.9053, precision=0.848
2026-03-14 20:36:06 | INFO | [Epoch 021] total_loss=0.003017, Lr0=0.000089Lr1=0.000885, time=0.60s
2026-03-14 20:36:07 | INFO | Validation — loss=0.1824, acc=0.8965, f1=0.8674, recall=0.837, precision=0.9342
2026-03-14 20:36:07 | INFO | Best model logged 0.8674
2026-03-14 20:36:07 | INFO | Validation — loss=1.2283, acc=0.7183, f1=0.7146, recall=0.7981, precision=0.7589
2026-03-14 20:36:08 | INFO | [Epoch 010] total_loss=0.057095, Lr0=0.000097Lr1=0.000970, time=0.61s
2026-03-14 20:36:08 | INFO | [Epoch 022] total_loss=0.003100, Lr0=0.000088Lr1=0.000875, time=0.66s
2026-03-14 20:36:09 | INFO | Validation — loss=0.9219, acc=0.8333, f1=0.8241, recall=0.8805, precision=0.8223
2026-03-14 20:36:09 | INFO | Validation — loss=2.3991, acc=0.3173, f1=0.2409, recall=0.5, precision=0.1587
2026-03-14 20:36:10 | INFO | [Epoch 023] total_loss=0.005307, Lr0=0.000087Lr1=0.000865, time=0.63s
2026-03-14 20:36:10 | INFO | [Epoch 011] total_loss=0.062155, Lr0=0.000097Lr1=0.000965, time=0.64s
2026-03-14 20:36:11 | INFO | Validation — loss=3.7903, acc=0.3442, f1=0.2964, recall=0.5299, precision=0.6578
2026-03-14 20:36:11 | INFO | Validation — loss=0.1395, acc=0.949, f1=0.9435, recall=0.9627, precision=0.9308
2026-03-14 20:36:11 | INFO | Best model logged 0.9435
2026-03-14 20:36:11 | INFO | [Epoch 024] total_loss=0.009238, Lr0=0.000086Lr1=0.000854, time=0.57s
2026-03-14 20:36:12 | INFO | [Epoch 012] total_loss=0.032678, Lr0=0.000096Lr1=0.000959, time=0.64s
2026-03-14 20:36:12 | INFO | Validation — loss=1.4510, acc=0.8095, f1=0.8012, recall=0.8635, precision=0.8068
2026-03-14 20:36:13 | INFO | [Epoch 025] total_loss=0.008087, Lr0=0.000084Lr1=0.000842, time=0.60s
2026-03-14 20:36:13 | INFO | Validation — loss=0.0267, acc=0.9927, f1=0.9916, recall=0.9937, precision=0.9895
2026-03-14 20:36:13 | INFO | Best model logged 0.9916
2026-03-14 20:36:13 | INFO | Validation — loss=1.5868, acc=0.8339, f1=0.8248, recall=0.881, precision=0.8228
2026-03-14 20:36:14 | INFO | [Epoch 026] total_loss=0.007217, Lr0=0.000083Lr1=0.000831, time=0.59s
2026-03-14 20:36:14 | INFO | [Epoch 013] total_loss=0.026038, Lr0=0.000095Lr1=0.000952, time=0.65s
2026-03-14 20:36:15 | INFO | Validation — loss=1.5452, acc=0.7053, f1=0.7023, recall=0.7888, precision=0.7532
2026-03-14 20:36:15 | INFO | Validation — loss=0.0534, acc=0.978, f1=0.9746, recall=0.9747, precision=0.9745
2026-03-14 20:36:15 | INFO | [Epoch 027] total_loss=0.005294, Lr0=0.000082Lr1=0.000819, time=0.61s
2026-03-14 20:36:16 | INFO | [Epoch 014] total_loss=0.018126, Lr0=0.000095Lr1=0.000946, time=0.65s
2026-03-14 20:36:16 | INFO | Validation — loss=1.1721, acc=0.8342, f1=0.825, recall=0.8811, precision=0.8229
2026-03-14 20:36:17 | INFO | [Epoch 028] total_loss=0.004285, Lr0=0.000081Lr1=0.000807, time=0.60s
2026-03-14 20:36:17 | INFO | Validation — loss=0.1498, acc=0.9466, f1=0.9408, recall=0.9609, precision=0.928
2026-03-14 20:36:18 | INFO | Validation — loss=1.2006, acc=0.7694, f1=0.763, recall=0.8347, precision=0.7837
2026-03-14 20:36:18 | INFO | [Epoch 015] total_loss=0.012672, Lr0=0.000094Lr1=0.000938, time=0.62s
2026-03-14 20:36:18 | INFO | [Epoch 029] total_loss=0.002501, Lr0=0.000080Lr1=0.000794, time=0.62s
2026-03-14 20:36:19 | INFO | Validation — loss=1.1118, acc=0.8237, f1=0.8148, recall=0.8736, precision=0.8159
2026-03-14 20:36:19 | INFO | Early stopping at epoch 29. Best: 1.000000
2026-03-14 20:36:19 | INFO | Training complete.
2026-03-14 20:36:19 | INFO | Best checkpoint: ./save/cnn_overlap_new/subject_specific_SWELLDataset/finetuned_best_7.pt
2026-03-14 20:36:19 | INFO | Validation — loss=0.0756, acc=0.9709, f1=0.9671, recall=0.9787, precision=0.9579
2026-03-14 20:36:20 | INFO | [Epoch 016] total_loss=0.016229, Lr0=0.000093Lr1=0.000930, time=0.63s
2026-03-14 20:36:21 | INFO | Validation — loss=0.0232, acc=0.9895, f1=0.988, recall=0.9893, precision=0.9866
2026-03-14 20:36:22 | INFO | [Epoch 017] total_loss=0.008198, Lr0=0.000092Lr1=0.000922, time=0.62s
2026-03-14 20:36:23 | INFO | Validation — loss=0.0453, acc=0.9858, f1=0.9838, recall=0.9896, precision=0.9785
2026-03-14 20:36:24 | INFO | [Epoch 018] total_loss=0.008512, Lr0=0.000091Lr1=0.000914, time=0.64s
2026-03-14 20:36:25 | INFO | Validation — loss=0.0208, acc=0.992, f1=0.9908, recall=0.9941, precision=0.9877
2026-03-14 20:36:26 | INFO | [Epoch 019] total_loss=0.017254, Lr0=0.000091Lr1=0.000905, time=0.62s
2026-03-14 20:36:27 | INFO | Validation — loss=0.0216, acc=0.9895, f1=0.9879, recall=0.9856, precision=0.9903
2026-03-14 20:36:28 | INFO | [Epoch 020] total_loss=0.034327, Lr0=0.000090Lr1=0.000895, time=0.61s
2026-03-14 20:36:29 | INFO | Validation — loss=0.3388, acc=0.8669, f1=0.8593, recall=0.9025, precision=0.8523
2026-03-14 20:36:30 | INFO | [Epoch 021] total_loss=0.066282, Lr0=0.000089Lr1=0.000885, time=0.61s
2026-03-14 20:36:30 | INFO | Model forward EncoderClassifierModel(
  (encoder): CNNEncoder(
    (cnn_layers): Sequential(
      (0): Conv1d(1, 32, kernel_size=(10,), stride=(1,))
      (1): BatchNorm1d(32, eps=1e-05, momentum=0.1, affine=True, track_running_stats=True)
      (2): ReLU()
      (3): MaxPool1d(kernel_size=2, stride=2, padding=0, dilation=1, ceil_mode=False)
      (4): Dropout(p=0.0, inplace=False)
      (5): Conv1d(32, 64, kernel_size=(10,), stride=(1,))
      (6): BatchNorm1d(64, eps=1e-05, momentum=0.1, affine=True, track_running_stats=True)
      (7): ReLU()
      (8): MaxPool1d(kernel_size=2, stride=2, padding=0, dilation=1, ceil_mode=False)
      (9): Dropout(p=0.0, inplace=False)
      (10): Conv1d(64, 128, kernel_size=(10,), stride=(1,))
      (11): BatchNorm1d(128, eps=1e-05, momentum=0.1, affine=True, track_running_stats=True)
      (12): ReLU()
      (13): MaxPool1d(kernel_size=2, stride=2, padding=0, dilation=1, ceil_mode=False)
      (14): Dropout(p=0.0, inplace=False)
      (15): Conv1d(128, 256, kernel_size=(10,), stride=(1,))
      (16): BatchNorm1d(256, eps=1e-05, momentum=0.1, affine=True, track_running_stats=True)
      (17): ReLU()
      (18): MaxPool1d(kernel_size=2, stride=2, padding=0, dilation=1, ceil_mode=False)
      (19): Dropout(p=0.0, inplace=False)
    )
    (linear_layer): Sequential(
      (0): Linear(in_features=18176, out_features=64, bias=True)
      (1): ReLU()
    )
  )
  (classifier): Linear(in_features=64, out_features=1, bias=True)
  (loss_fn): BCEWithLogitsLoss()
)
2026-03-14 20:36:31 | INFO | Validation — loss=0.0352, acc=0.9884, f1=0.9868, recall=0.9915, precision=0.9824
2026-03-14 20:36:31 | INFO | [Epoch 000] total_loss=0.628690, Lr0=0.000100Lr1=0.001000, time=0.57s
2026-03-14 20:36:32 | INFO | [Epoch 022] total_loss=0.035007, Lr0=0.000088Lr1=0.000875, time=0.63s
2026-03-14 20:36:32 | INFO | Validation — loss=0.6328, acc=0.7036, f1=0.413, recall=0.5, precision=0.3518
2026-03-14 20:36:32 | INFO | Best model logged 0.413
2026-03-14 20:36:32 | INFO | [Epoch 001] total_loss=0.458313, Lr0=0.000100Lr1=0.000999, time=0.58s
2026-03-14 20:36:33 | INFO | Validation — loss=0.0691, acc=0.9786, f1=0.9749, recall=0.9675, precision=0.9835
2026-03-14 20:36:33 | INFO | Validation — loss=0.6414, acc=0.7036, f1=0.413, recall=0.5, precision=0.3518
2026-03-14 20:36:33 | INFO | [Epoch 023] total_loss=0.024882, Lr0=0.000087Lr1=0.000865, time=0.62s
2026-03-14 20:36:34 | INFO | [Epoch 002] total_loss=0.296151, Lr0=0.000100Lr1=0.000998, time=0.58s
2026-03-14 20:36:35 | INFO | Validation — loss=1.0191, acc=0.7036, f1=0.413, recall=0.5, precision=0.3518
2026-03-14 20:36:35 | INFO | Validation — loss=1.4489, acc=0.4668, f1=0.4514, recall=0.6095, precision=0.6866
2026-03-14 20:36:35 | INFO | [Epoch 003] total_loss=0.176873, Lr0=0.000100Lr1=0.000996, time=0.60s
2026-03-14 20:36:35 | INFO | [Epoch 024] total_loss=0.021488, Lr0=0.000086Lr1=0.000854, time=0.65s
2026-03-14 20:36:36 | INFO | Validation — loss=1.5110, acc=0.7036, f1=0.413, recall=0.5, precision=0.3518
2026-03-14 20:36:37 | INFO | [Epoch 004] total_loss=0.112898, Lr0=0.000099Lr1=0.000994, time=0.61s
2026-03-14 20:36:37 | INFO | Validation — loss=0.1664, acc=0.9301, f1=0.9234, recall=0.9483, precision=0.9098
2026-03-14 20:36:37 | INFO | [Epoch 025] total_loss=0.018754, Lr0=0.000084Lr1=0.000842, time=0.63s
2026-03-14 20:36:38 | INFO | Validation — loss=3.9873, acc=0.7036, f1=0.413, recall=0.5, precision=0.3518
2026-03-14 20:36:38 | INFO | [Epoch 005] total_loss=0.111144, Lr0=0.000099Lr1=0.000991, time=0.59s
2026-03-14 20:36:39 | INFO | Validation — loss=0.0278, acc=0.988, f1=0.986, recall=0.9824, precision=0.9899
2026-03-14 20:36:39 | INFO | Validation — loss=3.2457, acc=0.7036, f1=0.413, recall=0.5, precision=0.3518
2026-03-14 20:36:39 | INFO | [Epoch 026] total_loss=0.024906, Lr0=0.000083Lr1=0.000831, time=0.64s
2026-03-14 20:36:40 | INFO | [Epoch 006] total_loss=0.077918, Lr0=0.000099Lr1=0.000988, time=0.62s
2026-03-14 20:36:40 | INFO | Validation — loss=0.9496, acc=0.7036, f1=0.413, recall=0.5, precision=0.3518
2026-03-14 20:36:41 | INFO | Validation — loss=0.2133, acc=0.9401, f1=0.9269, recall=0.9057, precision=0.9597
2026-03-14 20:36:41 | INFO | [Epoch 007] total_loss=0.066979, Lr0=0.000098Lr1=0.000984, time=0.59s
2026-03-14 20:36:41 | INFO | [Epoch 027] total_loss=0.022602, Lr0=0.000082Lr1=0.000819, time=0.63s
2026-03-14 20:36:42 | INFO | Validation — loss=1.9149, acc=0.7036, f1=0.413, recall=0.5, precision=0.3518
2026-03-14 20:36:42 | INFO | [Epoch 008] total_loss=0.058830, Lr0=0.000098Lr1=0.000980, time=0.60s
2026-03-14 20:36:43 | INFO | Validation — loss=0.0203, acc=0.9913, f1=0.9899, recall=0.9873, precision=0.9927
2026-03-14 20:36:43 | INFO | [Epoch 028] total_loss=0.009772, Lr0=0.000081Lr1=0.000807, time=0.62s
2026-03-14 20:36:43 | INFO | Validation — loss=0.7489, acc=0.7424, f1=0.5384, recall=0.5655, precision=0.866
2026-03-14 20:36:43 | INFO | Best model logged 0.5384
2026-03-14 20:36:44 | INFO | [Epoch 009] total_loss=0.053850, Lr0=0.000098Lr1=0.000976, time=0.60s
2026-03-14 20:36:45 | INFO | Validation — loss=0.0620, acc=0.9822, f1=0.9792, recall=0.9735, precision=0.9856
2026-03-14 20:36:45 | INFO | Validation — loss=1.4528, acc=0.7292, f1=0.4989, recall=0.5433, precision=0.8611
2026-03-14 20:36:45 | INFO | [Epoch 029] total_loss=0.004780, Lr0=0.000080Lr1=0.000794, time=0.63s
2026-03-14 20:36:46 | INFO | [Epoch 010] total_loss=0.024821, Lr0=0.000097Lr1=0.000970, time=0.61s
2026-03-14 20:36:46 | INFO | Validation — loss=1.4198, acc=0.7363, f1=0.5204, recall=0.5552, precision=0.8637
2026-03-14 20:36:47 | INFO | Validation — loss=0.0717, acc=0.9709, f1=0.967, recall=0.9764, precision=0.9592
2026-03-14 20:36:47 | INFO | [Epoch 011] total_loss=0.016588, Lr0=0.000097Lr1=0.000965, time=0.60s
2026-03-14 20:36:47 | INFO | [Epoch 030] total_loss=0.003386, Lr0=0.000078Lr1=0.000781, time=0.62s
2026-03-14 20:36:48 | INFO | Validation — loss=1.7266, acc=0.7424, f1=0.5384, recall=0.5655, precision=0.866
2026-03-14 20:36:48 | INFO | [Epoch 012] total_loss=0.025790, Lr0=0.000096Lr1=0.000959, time=0.61s
2026-03-14 20:36:49 | INFO | Validation — loss=0.0469, acc=0.9838, f1=0.9815, recall=0.9881, precision=0.9757
2026-03-14 20:36:49 | INFO | [Epoch 031] total_loss=0.002161, Lr0=0.000077Lr1=0.000768, time=0.64s
2026-03-14 20:36:49 | INFO | Validation — loss=1.2491, acc=0.662, f1=0.5419, recall=0.5437, precision=0.5588
2026-03-14 20:36:49 | INFO | Best model logged 0.5419
2026-03-14 20:36:50 | INFO | [Epoch 013] total_loss=0.033450, Lr0=0.000095Lr1=0.000952, time=0.61s
2026-03-14 20:36:50 | INFO | Validation — loss=0.0311, acc=0.9875, f1=0.9857, recall=0.9899, precision=0.9818
2026-03-14 20:36:51 | INFO | Validation — loss=2.0783, acc=0.7339, f1=0.5134, recall=0.5512, precision=0.8628
2026-03-14 20:36:51 | INFO | [Epoch 032] total_loss=0.001607, Lr0=0.000076Lr1=0.000755, time=0.62s
2026-03-14 20:36:52 | INFO | [Epoch 014] total_loss=0.021000, Lr0=0.000095Lr1=0.000946, time=0.60s
2026-03-14 20:36:52 | INFO | Validation — loss=2.1638, acc=0.713, f1=0.4766, recall=0.5267, precision=0.6822
2026-03-14 20:36:52 | INFO | Validation — loss=0.0270, acc=0.9873, f1=0.9854, recall=0.987, precision=0.9839
2026-03-14 20:36:52 | INFO | Early stopping at epoch 32. Best: 0.991600
2026-03-14 20:36:52 | INFO | Training complete.
2026-03-14 20:36:52 | INFO | Best checkpoint: ./save/cnn_overlap_new/subject_specific_SWELLDataset/finetuned_best_6.pt
2026-03-14 20:36:53 | INFO | [Epoch 015] total_loss=0.017786, Lr0=0.000094Lr1=0.000938, time=0.64s
2026-03-14 20:36:54 | INFO | Validation — loss=2.2160, acc=0.7321, f1=0.5076, recall=0.548, precision=0.8621
2026-03-14 20:36:55 | INFO | [Epoch 016] total_loss=0.011408, Lr0=0.000093Lr1=0.000930, time=0.57s
2026-03-14 20:36:55 | INFO | Validation — loss=1.6937, acc=0.7349, f1=0.5162, recall=0.5528, precision=0.8632
2026-03-14 20:36:56 | INFO | [Epoch 017] total_loss=0.013328, Lr0=0.000092Lr1=0.000922, time=0.63s
2026-03-14 20:36:57 | INFO | Validation — loss=2.6233, acc=0.1927, f1=0.1736, recall=0.305, precision=0.1714
2026-03-14 20:36:58 | INFO | [Epoch 018] total_loss=0.008282, Lr0=0.000091Lr1=0.000914, time=0.61s
2026-03-14 20:36:58 | INFO | Validation — loss=1.3472, acc=0.7412, f1=0.5621, recall=0.5764, precision=0.7659
2026-03-14 20:36:58 | INFO | Best model logged 0.5621
2026-03-14 20:36:59 | INFO | [Epoch 019] total_loss=0.004819, Lr0=0.000091Lr1=0.000905, time=0.60s
2026-03-14 20:37:00 | INFO | Validation — loss=1.0435, acc=0.7798, f1=0.6448, recall=0.6339, precision=0.8513
2026-03-14 20:37:00 | INFO | Best model logged 0.6448
2026-03-14 20:37:01 | INFO | [Epoch 020] total_loss=0.002362, Lr0=0.000090Lr1=0.000895, time=0.58s
2026-03-14 20:37:02 | INFO | Validation — loss=1.2784, acc=0.7662, f1=0.6031, recall=0.6056, precision=0.8753
2026-03-14 20:37:02 | INFO | [Epoch 021] total_loss=0.002738, Lr0=0.000089Lr1=0.000885, time=0.58s
2026-03-14 20:37:03 | INFO | Validation — loss=1.6777, acc=0.7434, f1=0.5411, recall=0.5671, precision=0.8664
2026-03-14 20:37:03 | INFO | Model forward EncoderClassifierModel(
  (encoder): CNNEncoder(
    (cnn_layers): Sequential(
      (0): Conv1d(1, 32, kernel_size=(10,), stride=(1,))
      (1): BatchNorm1d(32, eps=1e-05, momentum=0.1, affine=True, track_running_stats=True)
      (2): ReLU()
      (3): MaxPool1d(kernel_size=2, stride=2, padding=0, dilation=1, ceil_mode=False)
      (4): Dropout(p=0.0, inplace=False)
      (5): Conv1d(32, 64, kernel_size=(10,), stride=(1,))
      (6): BatchNorm1d(64, eps=1e-05, momentum=0.1, affine=True, track_running_stats=True)
      (7): ReLU()
      (8): MaxPool1d(kernel_size=2, stride=2, padding=0, dilation=1, ceil_mode=False)
      (9): Dropout(p=0.0, inplace=False)
      (10): Conv1d(64, 128, kernel_size=(10,), stride=(1,))
      (11): BatchNorm1d(128, eps=1e-05, momentum=0.1, affine=True, track_running_stats=True)
      (12): ReLU()
      (13): MaxPool1d(kernel_size=2, stride=2, padding=0, dilation=1, ceil_mode=False)
      (14): Dropout(p=0.0, inplace=False)
      (15): Conv1d(128, 256, kernel_size=(10,), stride=(1,))
      (16): BatchNorm1d(256, eps=1e-05, momentum=0.1, affine=True, track_running_stats=True)
      (17): ReLU()
      (18): MaxPool1d(kernel_size=2, stride=2, padding=0, dilation=1, ceil_mode=False)
      (19): Dropout(p=0.0, inplace=False)
    )
    (linear_layer): Sequential(
      (0): Linear(in_features=18176, out_features=64, bias=True)
      (1): ReLU()
    )
  )
  (classifier): Linear(in_features=64, out_features=1, bias=True)
  (loss_fn): BCEWithLogitsLoss()
)
2026-03-14 20:37:04 | INFO | [Epoch 022] total_loss=0.003666, Lr0=0.000088Lr1=0.000875, time=0.67s
2026-03-14 20:37:04 | INFO | [Epoch 000] total_loss=0.638677, Lr0=0.000100Lr1=0.001000, time=0.65s
2026-03-14 20:37:05 | INFO | Validation — loss=1.9466, acc=0.737, f1=0.5226, recall=0.5563, precision=0.864
2026-03-14 20:37:05 | INFO | [Epoch 023] total_loss=0.029486, Lr0=0.000087Lr1=0.000865, time=0.59s
2026-03-14 20:37:06 | INFO | Validation — loss=0.6389, acc=0.6975, f1=0.4109, recall=0.5, precision=0.3488
2026-03-14 20:37:06 | INFO | Best model logged 0.4109
2026-03-14 20:37:06 | INFO | Validation — loss=1.4124, acc=0.7645, f1=0.5988, recall=0.6028, precision=0.8746
2026-03-14 20:37:06 | INFO | [Epoch 001] total_loss=0.480238, Lr0=0.000100Lr1=0.000999, time=0.62s
2026-03-14 20:37:07 | INFO | [Epoch 024] total_loss=0.047615, Lr0=0.000086Lr1=0.000854, time=0.60s
2026-03-14 20:37:08 | INFO | Validation — loss=3.0136, acc=0.7332, f1=0.5112, recall=0.55, precision=0.8625
2026-03-14 20:37:08 | INFO | Validation — loss=0.6170, acc=0.6975, f1=0.4109, recall=0.5, precision=0.3488
2026-03-14 20:37:08 | INFO | [Epoch 025] total_loss=0.046742, Lr0=0.000084Lr1=0.000842, time=0.61s
2026-03-14 20:37:08 | INFO | [Epoch 002] total_loss=0.300648, Lr0=0.000100Lr1=0.000998, time=0.63s
2026-03-14 20:37:09 | INFO | Validation — loss=1.9743, acc=0.7525, f1=0.5688, recall=0.5835, precision=0.8609
2026-03-14 20:37:10 | INFO | Validation — loss=1.7785, acc=0.6975, f1=0.4109, recall=0.5, precision=0.3488
2026-03-14 20:37:10 | INFO | [Epoch 026] total_loss=0.014129, Lr0=0.000083Lr1=0.000831, time=0.56s
2026-03-14 20:37:10 | INFO | [Epoch 003] total_loss=0.241712, Lr0=0.000100Lr1=0.000996, time=0.63s
2026-03-14 20:37:11 | INFO | Validation — loss=1.4776, acc=0.6119, f1=0.5005, recall=0.503, precision=0.5035
2026-03-14 20:37:11 | INFO | [Epoch 027] total_loss=0.006798, Lr0=0.000082Lr1=0.000819, time=0.58s
2026-03-14 20:37:12 | INFO | Validation — loss=0.9693, acc=0.6975, f1=0.4109, recall=0.5, precision=0.3488
2026-03-14 20:37:12 | INFO | Validation — loss=1.4298, acc=0.7551, f1=0.5811, recall=0.5906, precision=0.84
2026-03-14 20:37:12 | INFO | [Epoch 004] total_loss=0.192137, Lr0=0.000099Lr1=0.000994, time=0.63s
2026-03-14 20:37:13 | INFO | [Epoch 028] total_loss=0.004863, Lr0=0.000081Lr1=0.000807, time=0.61s
2026-03-14 20:37:14 | INFO | Validation — loss=1.2399, acc=0.7676, f1=0.6233, recall=0.618, precision=0.8176
2026-03-14 20:37:14 | INFO | Validation — loss=1.7971, acc=0.6975, f1=0.4109, recall=0.5, precision=0.3488
2026-03-14 20:37:14 | INFO | [Epoch 029] total_loss=0.002953, Lr0=0.000080Lr1=0.000794, time=0.62s
2026-03-14 20:37:14 | INFO | [Epoch 005] total_loss=0.126550, Lr0=0.000099Lr1=0.000991, time=0.64s
2026-03-14 20:37:15 | INFO | Validation — loss=1.4499, acc=0.7285, f1=0.5765, recall=0.5809, precision=0.6803
2026-03-14 20:37:16 | INFO | [Epoch 030] total_loss=0.001388, Lr0=0.000078Lr1=0.000781, time=0.58s
2026-03-14 20:37:16 | INFO | Validation — loss=3.2445, acc=0.6975, f1=0.4109, recall=0.5, precision=0.3488
2026-03-14 20:37:16 | INFO | [Epoch 006] total_loss=0.087416, Lr0=0.000099Lr1=0.000988, time=0.65s
2026-03-14 20:37:16 | INFO | Validation — loss=1.5123, acc=0.6359, f1=0.5214, recall=0.5235, precision=0.5291
2026-03-14 20:37:17 | INFO | [Epoch 031] total_loss=0.002117, Lr0=0.000077Lr1=0.000768, time=0.63s
2026-03-14 20:37:18 | INFO | Validation — loss=5.3737, acc=0.6975, f1=0.4109, recall=0.5, precision=0.3488
2026-03-14 20:37:18 | INFO | Validation — loss=1.5246, acc=0.5378, f1=0.4665, recall=0.4662, precision=0.4685
2026-03-14 20:37:18 | INFO | [Epoch 007] total_loss=0.140049, Lr0=0.000098Lr1=0.000984, time=0.63s
2026-03-14 20:37:19 | INFO | [Epoch 032] total_loss=0.002281, Lr0=0.000076Lr1=0.000755, time=0.60s
2026-03-14 20:37:19 | INFO | Validation — loss=1.5623, acc=0.4837, f1=0.4323, recall=0.433, precision=0.442
2026-03-14 20:37:19 | INFO | Validation — loss=0.9487, acc=0.6975, f1=0.4109, recall=0.5, precision=0.3488
2026-03-14 20:37:20 | INFO | [Epoch 033] total_loss=0.001083, Lr0=0.000074Lr1=0.000741, time=0.62s
2026-03-14 20:37:20 | INFO | [Epoch 008] total_loss=0.108812, Lr0=0.000098Lr1=0.000980, time=0.68s
2026-03-14 20:37:21 | INFO | Validation — loss=1.7186, acc=0.5006, f1=0.4346, recall=0.4334, precision=0.4398
2026-03-14 20:37:21 | INFO | [Epoch 034] total_loss=0.001095, Lr0=0.000073Lr1=0.000727, time=0.60s
2026-03-14 20:37:21 | INFO | Validation — loss=0.5497, acc=0.6975, f1=0.4109, recall=0.5, precision=0.3488
2026-03-14 20:37:22 | INFO | [Epoch 009] total_loss=0.063835, Lr0=0.000098Lr1=0.000976, time=0.64s
2026-03-14 20:37:22 | INFO | Validation — loss=1.7854, acc=0.5229, f1=0.442, recall=0.441, precision=0.4437
2026-03-14 20:37:23 | INFO | [Epoch 035] total_loss=0.001037, Lr0=0.000072Lr1=0.000713, time=0.59s
2026-03-14 20:37:23 | INFO | Validation — loss=0.0396, acc=0.99, f1=0.988, recall=0.9834, precision=0.9929
2026-03-14 20:37:23 | INFO | Best model logged 0.988
2026-03-14 20:37:24 | INFO | Validation — loss=1.8073, acc=0.5138, f1=0.4367, recall=0.4354, precision=0.4394
2026-03-14 20:37:24 | INFO | [Epoch 010] total_loss=0.047635, Lr0=0.000097Lr1=0.000970, time=0.61s
2026-03-14 20:37:24 | INFO | [Epoch 036] total_loss=0.000998, Lr0=0.000070Lr1=0.000699, time=0.63s
2026-03-14 20:37:25 | INFO | Validation — loss=1.7832, acc=0.5434, f1=0.456, recall=0.4557, precision=0.4563
2026-03-14 20:37:26 | INFO | Validation — loss=0.0108, acc=0.9959, f1=0.9952, recall=0.9971, precision=0.9933
2026-03-14 20:37:26 | INFO | Best model logged 0.9952
2026-03-14 20:37:26 | INFO | [Epoch 037] total_loss=0.000602, Lr0=0.000069Lr1=0.000684, time=0.59s
2026-03-14 20:37:26 | INFO | [Epoch 011] total_loss=0.023565, Lr0=0.000097Lr1=0.000965, time=0.67s
2026-03-14 20:37:27 | INFO | Validation — loss=1.7810, acc=0.5672, f1=0.4704, recall=0.4713, precision=0.47
2026-03-14 20:37:27 | INFO | [Epoch 038] total_loss=0.000759, Lr0=0.000067Lr1=0.000670, time=0.60s
2026-03-14 20:37:28 | INFO | Validation — loss=0.0869, acc=0.9756, f1=0.9717, recall=0.9825, precision=0.9627
2026-03-14 20:37:28 | INFO | Validation — loss=1.8211, acc=0.5152, f1=0.4393, recall=0.438, precision=0.442
2026-03-14 20:37:28 | INFO | [Epoch 012] total_loss=0.013429, Lr0=0.000096Lr1=0.000959, time=0.64s
2026-03-14 20:37:29 | INFO | [Epoch 039] total_loss=0.000519, Lr0=0.000066Lr1=0.000655, time=0.60s
2026-03-14 20:37:30 | INFO | Validation — loss=1.7974, acc=0.5105, f1=0.4404, recall=0.4392, precision=0.4443
2026-03-14 20:37:30 | INFO | Early stopping at epoch 39. Best: 0.644800
2026-03-14 20:37:30 | INFO | Training complete.
2026-03-14 20:37:30 | INFO | Best checkpoint: ./save/cnn_overlap_new/subject_specific_SWELLDataset/finetuned_best_8.pt
2026-03-14 20:37:30 | INFO | Validation — loss=0.4561, acc=0.8483, f1=0.8388, recall=0.8913, precision=0.833
2026-03-14 20:37:30 | INFO | [Epoch 013] total_loss=0.008965, Lr0=0.000095Lr1=0.000952, time=0.62s
2026-03-14 20:37:32 | INFO | Validation — loss=0.6691, acc=0.8349, f1=0.8256, recall=0.8816, precision=0.8234
2026-03-14 20:37:32 | INFO | [Epoch 014] total_loss=0.018193, Lr0=0.000095Lr1=0.000946, time=0.64s
2026-03-14 20:37:33 | INFO | Validation — loss=0.3488, acc=0.8894, f1=0.8796, recall=0.9207, precision=0.8661
2026-03-14 20:37:34 | INFO | [Epoch 015] total_loss=0.034037, Lr0=0.000094Lr1=0.000938, time=0.64s
2026-03-14 20:37:35 | INFO | Validation — loss=1.9865, acc=0.599, f1=0.599, recall=0.7126, precision=0.715
2026-03-14 20:37:36 | INFO | [Epoch 016] total_loss=0.017447, Lr0=0.000093Lr1=0.000930, time=0.64s
2026-03-14 20:37:37 | INFO | Validation — loss=2.3992, acc=0.3675, f1=0.3297, recall=0.5466, precision=0.6617
2026-03-14 20:37:38 | INFO | [Epoch 017] total_loss=0.011775, Lr0=0.000092Lr1=0.000922, time=0.65s
2026-03-14 20:37:39 | INFO | Validation — loss=1.1660, acc=0.8289, f1=0.8199, recall=0.8774, precision=0.8194
2026-03-14 20:37:40 | INFO | [Epoch 018] total_loss=0.014250, Lr0=0.000091Lr1=0.000914, time=0.64s
2026-03-14 20:37:41 | INFO | Model forward EncoderClassifierModel(
  (encoder): CNNEncoder(
    (cnn_layers): Sequential(
      (0): Conv1d(1, 32, kernel_size=(10,), stride=(1,))
      (1): BatchNorm1d(32, eps=1e-05, momentum=0.1, affine=True, track_running_stats=True)
      (2): ReLU()
      (3): MaxPool1d(kernel_size=2, stride=2, padding=0, dilation=1, ceil_mode=False)
      (4): Dropout(p=0.0, inplace=False)
      (5): Conv1d(32, 64, kernel_size=(10,), stride=(1,))
      (6): BatchNorm1d(64, eps=1e-05, momentum=0.1, affine=True, track_running_stats=True)
      (7): ReLU()
      (8): MaxPool1d(kernel_size=2, stride=2, padding=0, dilation=1, ceil_mode=False)
      (9): Dropout(p=0.0, inplace=False)
      (10): Conv1d(64, 128, kernel_size=(10,), stride=(1,))
      (11): BatchNorm1d(128, eps=1e-05, momentum=0.1, affine=True, track_running_stats=True)
      (12): ReLU()
      (13): MaxPool1d(kernel_size=2, stride=2, padding=0, dilation=1, ceil_mode=False)
      (14): Dropout(p=0.0, inplace=False)
      (15): Conv1d(128, 256, kernel_size=(10,), stride=(1,))
      (16): BatchNorm1d(256, eps=1e-05, momentum=0.1, affine=True, track_running_stats=True)
      (17): ReLU()
      (18): MaxPool1d(kernel_size=2, stride=2, padding=0, dilation=1, ceil_mode=False)
      (19): Dropout(p=0.0, inplace=False)
    )
    (linear_layer): Sequential(
      (0): Linear(in_features=18176, out_features=64, bias=True)
      (1): ReLU()
    )
  )
  (classifier): Linear(in_features=64, out_features=1, bias=True)
  (loss_fn): BCEWithLogitsLoss()
)
2026-03-14 20:37:41 | INFO | Validation — loss=0.7499, acc=0.8367, f1=0.8274, recall=0.8829, precision=0.8247
2026-03-14 20:37:42 | INFO | [Epoch 000] total_loss=0.636607, Lr0=0.000100Lr1=0.001000, time=0.57s
2026-03-14 20:37:42 | INFO | [Epoch 019] total_loss=0.006677, Lr0=0.000091Lr1=0.000905, time=0.64s
2026-03-14 20:37:43 | INFO | Validation — loss=0.6279, acc=0.6972, f1=0.4108, recall=0.5, precision=0.3486
2026-03-14 20:37:43 | INFO | Best model logged 0.4108
2026-03-14 20:37:43 | INFO | Validation — loss=0.4789, acc=0.8531, f1=0.8435, recall=0.8947, precision=0.8365
2026-03-14 20:37:43 | INFO | [Epoch 001] total_loss=0.468655, Lr0=0.000100Lr1=0.000999, time=0.59s
2026-03-14 20:37:44 | INFO | [Epoch 020] total_loss=0.007690, Lr0=0.000090Lr1=0.000895, time=0.64s
2026-03-14 20:37:44 | INFO | Validation — loss=0.8734, acc=0.6972, f1=0.4108, recall=0.5, precision=0.3486
2026-03-14 20:37:45 | INFO | [Epoch 002] total_loss=0.298685, Lr0=0.000100Lr1=0.000998, time=0.60s
2026-03-14 20:37:45 | INFO | Validation — loss=0.2350, acc=0.9364, f1=0.9285, recall=0.9544, precision=0.9131
2026-03-14 20:37:46 | INFO | Validation — loss=0.6788, acc=0.6972, f1=0.4108, recall=0.5, precision=0.3486
2026-03-14 20:37:46 | INFO | [Epoch 021] total_loss=0.005958, Lr0=0.000089Lr1=0.000885, time=0.65s
2026-03-14 20:37:46 | INFO | [Epoch 003] total_loss=0.234785, Lr0=0.000100Lr1=0.000996, time=0.59s
2026-03-14 20:37:47 | INFO | Validation — loss=0.7818, acc=0.6972, f1=0.4108, recall=0.5, precision=0.3486
2026-03-14 20:37:47 | INFO | Validation — loss=0.3405, acc=0.9072, f1=0.8978, recall=0.9335, precision=0.8826
2026-03-14 20:37:48 | INFO | [Epoch 004] total_loss=0.163700, Lr0=0.000099Lr1=0.000994, time=0.59s
2026-03-14 20:37:48 | INFO | [Epoch 022] total_loss=0.006025, Lr0=0.000088Lr1=0.000875, time=0.64s
2026-03-14 20:37:49 | INFO | Validation — loss=2.8314, acc=0.6972, f1=0.4108, recall=0.5, precision=0.3486
2026-03-14 20:37:49 | INFO | Validation — loss=0.8595, acc=0.8367, f1=0.8274, recall=0.8829, precision=0.8247
2026-03-14 20:37:49 | INFO | [Epoch 005] total_loss=0.100923, Lr0=0.000099Lr1=0.000991, time=0.60s
2026-03-14 20:37:50 | INFO | [Epoch 023] total_loss=0.004873, Lr0=0.000087Lr1=0.000865, time=0.64s
2026-03-14 20:37:50 | INFO | Validation — loss=1.6974, acc=0.6972, f1=0.4108, recall=0.5, precision=0.3486
2026-03-14 20:37:51 | INFO | [Epoch 006] total_loss=0.125340, Lr0=0.000099Lr1=0.000988, time=0.60s
2026-03-14 20:37:51 | INFO | Validation — loss=1.8449, acc=0.5636, f1=0.5629, recall=0.6872, precision=0.7047
2026-03-14 20:37:51 | INFO | Validation — loss=1.3750, acc=0.6972, f1=0.4108, recall=0.5, precision=0.3486
2026-03-14 20:37:52 | INFO | [Epoch 024] total_loss=0.003535, Lr0=0.000086Lr1=0.000854, time=0.62s
2026-03-14 20:37:52 | INFO | [Epoch 007] total_loss=0.088050, Lr0=0.000098Lr1=0.000984, time=0.61s
2026-03-14 20:37:53 | INFO | Validation — loss=0.7628, acc=0.6972, f1=0.4108, recall=0.5, precision=0.3486
2026-03-14 20:37:53 | INFO | Validation — loss=1.5144, acc=0.8262, f1=0.8172, recall=0.8754, precision=0.8175
2026-03-14 20:37:54 | INFO | [Epoch 008] total_loss=0.072168, Lr0=0.000098Lr1=0.000980, time=0.58s
2026-03-14 20:37:54 | INFO | [Epoch 025] total_loss=0.002598, Lr0=0.000084Lr1=0.000842, time=0.64s
2026-03-14 20:37:54 | INFO | Validation — loss=1.6248, acc=0.3028, f1=0.2324, recall=0.5, precision=0.1514
2026-03-14 20:37:55 | INFO | Validation — loss=2.4214, acc=0.5173, f1=0.5136, recall=0.654, precision=0.6926
2026-03-14 20:37:55 | INFO | [Epoch 009] total_loss=0.045681, Lr0=0.000098Lr1=0.000976, time=0.56s
2026-03-14 20:37:56 | INFO | [Epoch 026] total_loss=0.001887, Lr0=0.000083Lr1=0.000831, time=0.66s
2026-03-14 20:37:56 | INFO | Validation — loss=0.1312, acc=0.9484, f1=0.9394, recall=0.9434, precision=0.9357
2026-03-14 20:37:56 | INFO | Best model logged 0.9394
2026-03-14 20:37:56 | INFO | [Epoch 010] total_loss=0.029076, Lr0=0.000097Lr1=0.000970, time=0.57s
2026-03-14 20:37:57 | INFO | Validation — loss=1.0141, acc=0.8152, f1=0.8067, recall=0.8676, precision=0.8104
2026-03-14 20:37:57 | INFO | Validation — loss=0.1012, acc=0.9643, f1=0.9565, recall=0.9444, precision=0.9713
2026-03-14 20:37:57 | INFO | Best model logged 0.9565
2026-03-14 20:37:58 | INFO | [Epoch 027] total_loss=0.002243, Lr0=0.000082Lr1=0.000819, time=0.71s
2026-03-14 20:37:58 | INFO | [Epoch 011] total_loss=0.039476, Lr0=0.000097Lr1=0.000965, time=0.60s
2026-03-14 20:37:59 | INFO | Validation — loss=0.0786, acc=0.9711, f1=0.9667, recall=0.9793, precision=0.9564
2026-03-14 20:37:59 | INFO | Best model logged 0.9667
2026-03-14 20:37:59 | INFO | Validation — loss=1.3605, acc=0.8029, f1=0.7949, recall=0.8587, precision=0.8027
2026-03-14 20:37:59 | INFO | [Epoch 012] total_loss=0.022305, Lr0=0.000096Lr1=0.000959, time=0.61s
2026-03-14 20:38:00 | INFO | [Epoch 028] total_loss=0.000814, Lr0=0.000081Lr1=0.000807, time=0.62s
2026-03-14 20:38:00 | INFO | Validation — loss=0.1408, acc=0.9465, f1=0.9395, recall=0.9617, precision=0.925
2026-03-14 20:38:01 | INFO | [Epoch 013] total_loss=0.015835, Lr0=0.000095Lr1=0.000952, time=0.60s
2026-03-14 20:38:01 | INFO | Validation — loss=1.1874, acc=0.8246, f1=0.8157, recall=0.8743, precision=0.8165
2026-03-14 20:38:02 | INFO | [Epoch 029] total_loss=0.001560, Lr0=0.000080Lr1=0.000794, time=0.67s
2026-03-14 20:38:02 | INFO | Validation — loss=0.3363, acc=0.8758, f1=0.866, recall=0.9109, precision=0.8546
2026-03-14 20:38:02 | INFO | [Epoch 014] total_loss=0.007988, Lr0=0.000095Lr1=0.000946, time=0.58s
2026-03-14 20:38:03 | INFO | Validation — loss=1.3648, acc=0.8089, f1=0.8006, recall=0.863, precision=0.8064
2026-03-14 20:38:03 | INFO | Validation — loss=0.0948, acc=0.9663, f1=0.9613, recall=0.9759, precision=0.95
2026-03-14 20:38:04 | INFO | [Epoch 030] total_loss=0.000936, Lr0=0.000078Lr1=0.000781, time=0.68s
2026-03-14 20:38:04 | INFO | [Epoch 015] total_loss=0.005435, Lr0=0.000094Lr1=0.000938, time=0.58s
2026-03-14 20:38:05 | INFO | Validation — loss=0.3092, acc=0.8915, f1=0.8818, recall=0.9222, precision=0.8681
2026-03-14 20:38:05 | INFO | Validation — loss=0.9760, acc=0.8273, f1=0.8183, recall=0.8762, precision=0.8183
2026-03-14 20:38:05 | INFO | Early stopping at epoch 30. Best: 0.995200
2026-03-14 20:38:05 | INFO | Training complete.
2026-03-14 20:38:05 | INFO | Best checkpoint: ./save/cnn_overlap_new/subject_specific_SWELLDataset/finetuned_best_7.pt
2026-03-14 20:38:05 | INFO | [Epoch 016] total_loss=0.006251, Lr0=0.000093Lr1=0.000930, time=0.61s
2026-03-14 20:38:06 | INFO | Validation — loss=0.4973, acc=0.8567, f1=0.847, recall=0.8972, precision=0.8394
2026-03-14 20:38:07 | INFO | [Epoch 017] total_loss=0.004517, Lr0=0.000092Lr1=0.000922, time=0.63s
2026-03-14 20:38:07 | INFO | Validation — loss=1.0313, acc=0.7097, f1=0.7066, recall=0.7918, precision=0.7553
2026-03-14 20:38:08 | INFO | [Epoch 018] total_loss=0.003814, Lr0=0.000091Lr1=0.000914, time=0.55s
2026-03-14 20:38:09 | INFO | Validation — loss=1.1457, acc=0.6558, f1=0.655, recall=0.7532, precision=0.734
2026-03-14 20:38:09 | INFO | [Epoch 019] total_loss=0.004467, Lr0=0.000091Lr1=0.000905, time=0.56s
2026-03-14 20:38:10 | INFO | Validation — loss=1.1716, acc=0.6228, f1=0.6227, recall=0.7295, precision=0.7226
2026-03-14 20:38:11 | INFO | [Epoch 020] total_loss=0.004121, Lr0=0.000090Lr1=0.000895, time=0.58s
2026-03-14 20:38:12 | INFO | Validation — loss=0.2686, acc=0.9042, f1=0.8949, recall=0.9313, precision=0.8799
2026-03-14 20:38:12 | INFO | [Epoch 021] total_loss=0.002172, Lr0=0.000089Lr1=0.000885, time=0.55s
2026-03-14 20:38:13 | INFO | Validation — loss=0.5470, acc=0.8367, f1=0.8275, recall=0.8829, precision=0.8248
2026-03-14 20:38:14 | INFO | [Epoch 022] total_loss=0.001887, Lr0=0.000088Lr1=0.000875, time=0.61s
2026-03-14 20:38:15 | INFO | Validation — loss=0.6937, acc=0.7846, f1=0.7774, recall=0.8455, precision=0.7921
2026-03-14 20:38:15 | INFO | [Epoch 023] total_loss=0.001833, Lr0=0.000087Lr1=0.000865, time=0.57s
2026-03-14 20:38:15 | INFO | Model forward EncoderClassifierModel(
  (encoder): CNNEncoder(
    (cnn_layers): Sequential(
      (0): Conv1d(1, 32, kernel_size=(10,), stride=(1,))
      (1): BatchNorm1d(32, eps=1e-05, momentum=0.1, affine=True, track_running_stats=True)
      (2): ReLU()
      (3): MaxPool1d(kernel_size=2, stride=2, padding=0, dilation=1, ceil_mode=False)
      (4): Dropout(p=0.0, inplace=False)
      (5): Conv1d(32, 64, kernel_size=(10,), stride=(1,))
      (6): BatchNorm1d(64, eps=1e-05, momentum=0.1, affine=True, track_running_stats=True)
      (7): ReLU()
      (8): MaxPool1d(kernel_size=2, stride=2, padding=0, dilation=1, ceil_mode=False)
      (9): Dropout(p=0.0, inplace=False)
      (10): Conv1d(64, 128, kernel_size=(10,), stride=(1,))
      (11): BatchNorm1d(128, eps=1e-05, momentum=0.1, affine=True, track_running_stats=True)
      (12): ReLU()
      (13): MaxPool1d(kernel_size=2, stride=2, padding=0, dilation=1, ceil_mode=False)
      (14): Dropout(p=0.0, inplace=False)
      (15): Conv1d(128, 256, kernel_size=(10,), stride=(1,))
      (16): BatchNorm1d(256, eps=1e-05, momentum=0.1, affine=True, track_running_stats=True)
      (17): ReLU()
      (18): MaxPool1d(kernel_size=2, stride=2, padding=0, dilation=1, ceil_mode=False)
      (19): Dropout(p=0.0, inplace=False)
    )
    (linear_layer): Sequential(
      (0): Linear(in_features=18176, out_features=64, bias=True)
      (1): ReLU()
    )
  )
  (classifier): Linear(in_features=64, out_features=1, bias=True)
  (loss_fn): BCEWithLogitsLoss()
)
2026-03-14 20:38:16 | INFO | Validation — loss=0.3551, acc=0.879, f1=0.8692, recall=0.9132, precision=0.8572
2026-03-14 20:38:16 | INFO | [Epoch 000] total_loss=0.628691, Lr0=0.000100Lr1=0.001000, time=0.64s
2026-03-14 20:38:17 | INFO | [Epoch 024] total_loss=0.001963, Lr0=0.000086Lr1=0.000854, time=0.65s
2026-03-14 20:38:18 | INFO | Validation — loss=0.3275, acc=0.8885, f1=0.8788, recall=0.9201, precision=0.8655
2026-03-14 20:38:18 | INFO | Validation — loss=0.6327, acc=0.7036, f1=0.413, recall=0.5, precision=0.3518
2026-03-14 20:38:18 | INFO | Best model logged 0.413
2026-03-14 20:38:18 | INFO | [Epoch 025] total_loss=0.001389, Lr0=0.000084Lr1=0.000842, time=0.60s
2026-03-14 20:38:18 | INFO | [Epoch 001] total_loss=0.458333, Lr0=0.000100Lr1=0.000999, time=0.71s
2026-03-14 20:38:19 | INFO | Validation — loss=1.0568, acc=0.6533, f1=0.6525, recall=0.7514, precision=0.7331
2026-03-14 20:38:20 | INFO | Validation — loss=0.6131, acc=0.7036, f1=0.413, recall=0.5, precision=0.3518
2026-03-14 20:38:20 | INFO | [Epoch 026] total_loss=0.001127, Lr0=0.000083Lr1=0.000831, time=0.60s
2026-03-14 20:38:20 | INFO | [Epoch 002] total_loss=0.295976, Lr0=0.000100Lr1=0.000998, time=0.65s
2026-03-14 20:38:21 | INFO | Validation — loss=0.5833, acc=0.8246, f1=0.8158, recall=0.8742, precision=0.8166
2026-03-14 20:38:21 | INFO | [Epoch 027] total_loss=0.000871, Lr0=0.000082Lr1=0.000819, time=0.61s
2026-03-14 20:38:22 | INFO | Validation — loss=0.6620, acc=0.7036, f1=0.413, recall=0.5, precision=0.3518
2026-03-14 20:38:22 | INFO | Validation — loss=0.2958, acc=0.8949, f1=0.8853, recall=0.9246, precision=0.8712
2026-03-14 20:38:22 | INFO | [Epoch 003] total_loss=0.176478, Lr0=0.000100Lr1=0.000996, time=0.64s
2026-03-14 20:38:23 | INFO | [Epoch 028] total_loss=0.000669, Lr0=0.000081Lr1=0.000807, time=0.57s
2026-03-14 20:38:24 | INFO | Validation — loss=0.7706, acc=0.7036, f1=0.413, recall=0.5, precision=0.3518
2026-03-14 20:38:24 | INFO | Validation — loss=0.3222, acc=0.8874, f1=0.8777, recall=0.9192, precision=0.8645
2026-03-14 20:38:24 | INFO | [Epoch 029] total_loss=0.000618, Lr0=0.000080Lr1=0.000794, time=0.70s
2026-03-14 20:38:24 | INFO | [Epoch 004] total_loss=0.114486, Lr0=0.000099Lr1=0.000994, time=0.73s
2026-03-14 20:38:25 | INFO | Validation — loss=0.3761, acc=0.8747, f1=0.8649, recall=0.9101, precision=0.8536
2026-03-14 20:38:26 | INFO | Validation — loss=2.0487, acc=0.7036, f1=0.413, recall=0.5, precision=0.3518
2026-03-14 20:38:26 | INFO | [Epoch 030] total_loss=0.000498, Lr0=0.000078Lr1=0.000781, time=0.58s
2026-03-14 20:38:26 | INFO | [Epoch 005] total_loss=0.122004, Lr0=0.000099Lr1=0.000991, time=0.64s
2026-03-14 20:38:27 | INFO | Validation — loss=0.3970, acc=0.8719, f1=0.8621, recall=0.9082, precision=0.8514
2026-03-14 20:38:27 | INFO | [Epoch 031] total_loss=0.000427, Lr0=0.000077Lr1=0.000768, time=0.60s
2026-03-14 20:38:27 | INFO | Validation — loss=1.2167, acc=0.7036, f1=0.413, recall=0.5, precision=0.3518
2026-03-14 20:38:28 | INFO | Validation — loss=0.3329, acc=0.8872, f1=0.8775, recall=0.9191, precision=0.8643
2026-03-14 20:38:28 | INFO | Early stopping at epoch 31. Best: 0.966700
2026-03-14 20:38:28 | INFO | Training complete.
2026-03-14 20:38:28 | INFO | Best checkpoint: ./save/cnn_overlap_new/subject_specific_SWELLDataset/finetuned_best_9.pt
2026-03-14 20:38:28 | INFO | [Epoch 006] total_loss=0.093091, Lr0=0.000099Lr1=0.000988, time=0.65s
2026-03-14 20:38:29 | INFO | Validation — loss=1.6800, acc=0.7036, f1=0.413, recall=0.5, precision=0.3518
2026-03-14 20:38:30 | INFO | [Epoch 007] total_loss=0.067444, Lr0=0.000098Lr1=0.000984, time=0.63s
2026-03-14 20:38:31 | INFO | Validation — loss=1.8237, acc=0.7036, f1=0.413, recall=0.5, precision=0.3518
2026-03-14 20:38:32 | INFO | [Epoch 008] total_loss=0.069777, Lr0=0.000098Lr1=0.000980, time=0.63s
2026-03-14 20:38:33 | INFO | Validation — loss=1.2009, acc=0.7234, f1=0.4804, recall=0.5333, precision=0.8589
2026-03-14 20:38:33 | INFO | Best model logged 0.4804
2026-03-14 20:38:34 | INFO | [Epoch 009] total_loss=0.053064, Lr0=0.000098Lr1=0.000976, time=0.64s
2026-03-14 20:38:36 | INFO | Validation — loss=1.2515, acc=0.7379, f1=0.5253, recall=0.5579, precision=0.8643
2026-03-14 20:38:36 | INFO | Best model logged 0.5253
2026-03-14 20:38:37 | INFO | [Epoch 010] total_loss=0.029351, Lr0=0.000097Lr1=0.000970, time=0.67s
2026-03-14 20:38:38 | INFO | Validation — loss=1.4391, acc=0.7382, f1=0.526, recall=0.5583, precision=0.8644
2026-03-14 20:38:38 | INFO | Best model logged 0.526
2026-03-14 20:38:39 | INFO | [Epoch 011] total_loss=0.016439, Lr0=0.000097Lr1=0.000965, time=0.61s
2026-03-14 20:38:39 | INFO | Model forward EncoderClassifierModel(
  (encoder): CNNEncoder(
    (cnn_layers): Sequential(
      (0): Conv1d(1, 32, kernel_size=(10,), stride=(1,))
      (1): BatchNorm1d(32, eps=1e-05, momentum=0.1, affine=True, track_running_stats=True)
      (2): ReLU()
      (3): MaxPool1d(kernel_size=2, stride=2, padding=0, dilation=1, ceil_mode=False)
      (4): Dropout(p=0.0, inplace=False)
      (5): Conv1d(32, 64, kernel_size=(10,), stride=(1,))
      (6): BatchNorm1d(64, eps=1e-05, momentum=0.1, affine=True, track_running_stats=True)
      (7): ReLU()
      (8): MaxPool1d(kernel_size=2, stride=2, padding=0, dilation=1, ceil_mode=False)
      (9): Dropout(p=0.0, inplace=False)
      (10): Conv1d(64, 128, kernel_size=(10,), stride=(1,))
      (11): BatchNorm1d(128, eps=1e-05, momentum=0.1, affine=True, track_running_stats=True)
      (12): ReLU()
      (13): MaxPool1d(kernel_size=2, stride=2, padding=0, dilation=1, ceil_mode=False)
      (14): Dropout(p=0.0, inplace=False)
      (15): Conv1d(128, 256, kernel_size=(10,), stride=(1,))
      (16): BatchNorm1d(256, eps=1e-05, momentum=0.1, affine=True, track_running_stats=True)
      (17): ReLU()
      (18): MaxPool1d(kernel_size=2, stride=2, padding=0, dilation=1, ceil_mode=False)
      (19): Dropout(p=0.0, inplace=False)
    )
    (linear_layer): Sequential(
      (0): Linear(in_features=18176, out_features=64, bias=True)
      (1): ReLU()
    )
  )
  (classifier): Linear(in_features=64, out_features=1, bias=True)
  (loss_fn): BCEWithLogitsLoss()
)
2026-03-14 20:38:40 | INFO | [Epoch 000] total_loss=0.637039, Lr0=0.000100Lr1=0.001000, time=0.61s
2026-03-14 20:38:40 | INFO | Validation — loss=1.3816, acc=0.7532, f1=0.5688, recall=0.5837, precision=0.8702
2026-03-14 20:38:40 | INFO | Best model logged 0.5688
2026-03-14 20:38:41 | INFO | Validation — loss=0.6651, acc=0.7097, f1=0.4151, recall=0.5, precision=0.3549
2026-03-14 20:38:41 | INFO | Best model logged 0.4151
2026-03-14 20:38:41 | INFO | [Epoch 012] total_loss=0.026731, Lr0=0.000096Lr1=0.000959, time=0.62s
2026-03-14 20:38:41 | INFO | [Epoch 001] total_loss=0.486721, Lr0=0.000100Lr1=0.000999, time=0.59s
2026-03-14 20:38:42 | INFO | Validation — loss=0.6237, acc=0.7097, f1=0.4151, recall=0.5, precision=0.3549
2026-03-14 20:38:42 | INFO | Validation — loss=2.0116, acc=0.7335, f1=0.5119, recall=0.5504, precision=0.8626
2026-03-14 20:38:43 | INFO | [Epoch 002] total_loss=0.331922, Lr0=0.000100Lr1=0.000998, time=0.56s
2026-03-14 20:38:43 | INFO | [Epoch 013] total_loss=0.044532, Lr0=0.000095Lr1=0.000952, time=0.63s
2026-03-14 20:38:43 | INFO | Validation — loss=0.6055, acc=0.7097, f1=0.4151, recall=0.5, precision=0.3549
2026-03-14 20:38:44 | INFO | [Epoch 003] total_loss=0.229057, Lr0=0.000100Lr1=0.000996, time=0.59s
2026-03-14 20:38:44 | INFO | Validation — loss=2.4774, acc=0.2757, f1=0.2443, recall=0.2311, precision=0.2757
2026-03-14 20:38:45 | INFO | [Epoch 014] total_loss=0.026028, Lr0=0.000095Lr1=0.000946, time=0.62s
2026-03-14 20:38:45 | INFO | Validation — loss=0.6508, acc=0.7097, f1=0.4151, recall=0.5, precision=0.3549
2026-03-14 20:38:45 | INFO | [Epoch 004] total_loss=0.126144, Lr0=0.000099Lr1=0.000994, time=0.61s
2026-03-14 20:38:46 | INFO | Validation — loss=1.4962, acc=0.3865, f1=0.3606, recall=0.3651, precision=0.3875
2026-03-14 20:38:46 | INFO | Validation — loss=0.8439, acc=0.7097, f1=0.4151, recall=0.5, precision=0.3549
2026-03-14 20:38:47 | INFO | [Epoch 015] total_loss=0.008235, Lr0=0.000094Lr1=0.000938, time=0.62s
2026-03-14 20:38:47 | INFO | [Epoch 005] total_loss=0.141667, Lr0=0.000099Lr1=0.000991, time=0.61s
2026-03-14 20:38:48 | INFO | Validation — loss=2.5926, acc=0.7097, f1=0.4151, recall=0.5, precision=0.3549
2026-03-14 20:38:48 | INFO | Validation — loss=2.4079, acc=0.725, f1=0.4856, recall=0.5361, precision=0.8595
2026-03-14 20:38:48 | INFO | [Epoch 006] total_loss=0.096440, Lr0=0.000099Lr1=0.000988, time=0.63s
2026-03-14 20:38:49 | INFO | [Epoch 016] total_loss=0.009032, Lr0=0.000093Lr1=0.000930, time=0.63s
2026-03-14 20:38:50 | INFO | Validation — loss=2.0681, acc=0.7097, f1=0.4151, recall=0.5, precision=0.3549
2026-03-14 20:38:50 | INFO | Validation — loss=1.6699, acc=0.5413, f1=0.429, recall=0.4324, precision=0.4268
2026-03-14 20:38:50 | INFO | [Epoch 007] total_loss=0.083262, Lr0=0.000098Lr1=0.000984, time=0.60s
2026-03-14 20:38:51 | INFO | [Epoch 017] total_loss=0.009339, Lr0=0.000092Lr1=0.000922, time=0.65s
2026-03-14 20:38:51 | INFO | Validation — loss=3.0134, acc=0.7097, f1=0.4151, recall=0.5, precision=0.3549
2026-03-14 20:38:52 | INFO | [Epoch 008] total_loss=0.092036, Lr0=0.000098Lr1=0.000980, time=0.62s
2026-03-14 20:38:52 | INFO | Validation — loss=2.7126, acc=0.1755, f1=0.1683, recall=0.2558, precision=0.1856
2026-03-14 20:38:52 | INFO | [Epoch 018] total_loss=0.003592, Lr0=0.000091Lr1=0.000914, time=0.63s
2026-03-14 20:38:53 | INFO | Validation — loss=2.2028, acc=0.7097, f1=0.4151, recall=0.5, precision=0.3549
2026-03-14 20:38:53 | INFO | [Epoch 009] total_loss=0.082662, Lr0=0.000098Lr1=0.000976, time=0.60s
2026-03-14 20:38:54 | INFO | Validation — loss=1.5009, acc=0.5756, f1=0.4624, recall=0.466, precision=0.4616
2026-03-14 20:38:54 | INFO | Validation — loss=0.8595, acc=0.7154, f1=0.4358, recall=0.5098, precision=0.8569
2026-03-14 20:38:54 | INFO | Best model logged 0.4358
2026-03-14 20:38:54 | INFO | [Epoch 019] total_loss=0.003349, Lr0=0.000091Lr1=0.000905, time=0.66s
2026-03-14 20:38:55 | INFO | [Epoch 010] total_loss=0.055071, Lr0=0.000097Lr1=0.000970, time=0.62s
2026-03-14 20:38:56 | INFO | Validation — loss=1.3701, acc=0.7349, f1=0.5647, recall=0.5757, precision=0.7188
2026-03-14 20:38:56 | INFO | Validation — loss=0.9767, acc=0.7278, f1=0.4781, recall=0.5311, precision=0.8614
2026-03-14 20:38:56 | INFO | Best model logged 0.4781
2026-03-14 20:38:56 | INFO | [Epoch 020] total_loss=0.001787, Lr0=0.000090Lr1=0.000895, time=0.65s
2026-03-14 20:38:56 | INFO | [Epoch 011] total_loss=0.036433, Lr0=0.000097Lr1=0.000965, time=0.61s
2026-03-14 20:38:57 | INFO | Validation — loss=0.4275, acc=0.8407, f1=0.7605, recall=0.7256, precision=0.9083
2026-03-14 20:38:57 | INFO | Best model logged 0.7605
2026-03-14 20:38:58 | INFO | Validation — loss=1.5647, acc=0.7372, f1=0.55, recall=0.5689, precision=0.7606
2026-03-14 20:38:58 | INFO | [Epoch 012] total_loss=0.034574, Lr0=0.000096Lr1=0.000959, time=0.60s
2026-03-14 20:38:58 | INFO | [Epoch 021] total_loss=0.002314, Lr0=0.000089Lr1=0.000885, time=0.63s
2026-03-14 20:38:59 | INFO | Validation — loss=0.4091, acc=0.859, f1=0.7944, recall=0.7571, precision=0.9171
2026-03-14 20:38:59 | INFO | Best model logged 0.7944
2026-03-14 20:39:00 | INFO | Validation — loss=1.6466, acc=0.7438, f1=0.547, recall=0.5699, precision=0.8433
2026-03-14 20:39:00 | INFO | [Epoch 013] total_loss=0.021901, Lr0=0.000095Lr1=0.000952, time=0.61s
2026-03-14 20:39:00 | INFO | [Epoch 022] total_loss=0.001950, Lr0=0.000088Lr1=0.000875, time=0.64s
2026-03-14 20:39:00 | INFO | Validation — loss=1.1181, acc=0.7541, f1=0.5587, recall=0.5764, precision=0.8713
2026-03-14 20:39:01 | INFO | [Epoch 014] total_loss=0.016716, Lr0=0.000095Lr1=0.000946, time=0.62s
2026-03-14 20:39:01 | INFO | Validation — loss=1.6737, acc=0.7452, f1=0.5534, recall=0.5735, precision=0.8337
2026-03-14 20:39:02 | INFO | Validation — loss=0.2299, acc=0.8901, f1=0.8473, recall=0.8106, precision=0.9329
2026-03-14 20:39:02 | INFO | Best model logged 0.8473
2026-03-14 20:39:02 | INFO | [Epoch 023] total_loss=0.029518, Lr0=0.000087Lr1=0.000865, time=0.62s
2026-03-14 20:39:03 | INFO | [Epoch 015] total_loss=0.008884, Lr0=0.000094Lr1=0.000938, time=0.57s
2026-03-14 20:39:03 | INFO | Validation — loss=1.0705, acc=0.7808, f1=0.6298, recall=0.6224, precision=0.882
2026-03-14 20:39:03 | INFO | Validation — loss=1.9447, acc=0.298, f1=0.2919, recall=0.3119, precision=0.335
2026-03-14 20:39:04 | INFO | [Epoch 016] total_loss=0.007614, Lr0=0.000093Lr1=0.000930, time=0.63s
2026-03-14 20:39:04 | INFO | [Epoch 024] total_loss=0.022656, Lr0=0.000086Lr1=0.000854, time=0.64s
2026-03-14 20:39:05 | INFO | Validation — loss=0.4000, acc=0.8757, f1=0.8235, recall=0.7858, precision=0.9255
2026-03-14 20:39:05 | INFO | Validation — loss=3.0676, acc=0.1146, f1=0.1146, recall=0.1379, precision=0.1371
2026-03-14 20:39:06 | INFO | [Epoch 017] total_loss=0.007374, Lr0=0.000092Lr1=0.000922, time=0.64s
2026-03-14 20:39:06 | INFO | [Epoch 025] total_loss=0.014227, Lr0=0.000084Lr1=0.000842, time=0.65s
2026-03-14 20:39:06 | INFO | Validation — loss=0.0884, acc=0.9618, f1=0.9517, recall=0.9343, precision=0.9745
2026-03-14 20:39:06 | INFO | Best model logged 0.9517
2026-03-14 20:39:07 | INFO | [Epoch 018] total_loss=0.008611, Lr0=0.000091Lr1=0.000914, time=0.58s
2026-03-14 20:39:07 | INFO | Validation — loss=2.0357, acc=0.7511, f1=0.563, recall=0.5802, precision=0.8694
2026-03-14 20:39:08 | INFO | [Epoch 026] total_loss=0.014752, Lr0=0.000083Lr1=0.000831, time=0.65s
2026-03-14 20:39:08 | INFO | Validation — loss=0.6964, acc=0.8432, f1=0.7653, recall=0.7299, precision=0.9095
2026-03-14 20:39:09 | INFO | [Epoch 019] total_loss=0.008439, Lr0=0.000091Lr1=0.000905, time=0.64s
2026-03-14 20:39:09 | INFO | Validation — loss=1.2736, acc=0.7643, f1=0.5982, recall=0.6024, precision=0.8745
2026-03-14 20:39:09 | INFO | Best model logged 0.5982
2026-03-14 20:39:09 | INFO | Validation — loss=0.1857, acc=0.9115, f1=0.8808, recall=0.8476, precision=0.9446
2026-03-14 20:39:10 | INFO | [Epoch 027] total_loss=0.006364, Lr0=0.000082Lr1=0.000819, time=0.63s
2026-03-14 20:39:10 | INFO | [Epoch 020] total_loss=0.004448, Lr0=0.000090Lr1=0.000895, time=0.60s
2026-03-14 20:39:11 | INFO | Validation — loss=0.1707, acc=0.9161, f1=0.8877, recall=0.8555, precision=0.9471
2026-03-14 20:39:11 | INFO | Validation — loss=1.5628, acc=0.7478, f1=0.5538, recall=0.5746, precision=0.8681
2026-03-14 20:39:12 | INFO | [Epoch 021] total_loss=0.004039, Lr0=0.000089Lr1=0.000885, time=0.60s
2026-03-14 20:39:12 | INFO | [Epoch 028] total_loss=0.006458, Lr0=0.000081Lr1=0.000807, time=0.66s
2026-03-14 20:39:12 | INFO | Validation — loss=0.4456, acc=0.872, f1=0.8172, recall=0.7795, precision=0.9236
2026-03-14 20:39:13 | INFO | [Epoch 022] total_loss=0.001717, Lr0=0.000088Lr1=0.000875, time=0.59s
2026-03-14 20:39:13 | INFO | Validation — loss=1.7346, acc=0.7476, f1=0.5532, recall=0.5742, precision=0.868
2026-03-14 20:39:14 | INFO | [Epoch 029] total_loss=0.003564, Lr0=0.000080Lr1=0.000794, time=0.64s
2026-03-14 20:39:14 | INFO | Validation — loss=0.1335, acc=0.9394, f1=0.9213, recall=0.8957, precision=0.9607
2026-03-14 20:39:15 | INFO | [Epoch 023] total_loss=0.001350, Lr0=0.000087Lr1=0.000865, time=0.60s
2026-03-14 20:39:15 | INFO | Validation — loss=1.6137, acc=0.7448, f1=0.5656, recall=0.5793, precision=0.787
2026-03-14 20:39:15 | INFO | Validation — loss=0.3094, acc=0.8894, f1=0.8461, recall=0.8094, precision=0.9326
2026-03-14 20:39:16 | INFO | [Epoch 030] total_loss=0.001559, Lr0=0.000078Lr1=0.000781, time=0.63s
2026-03-14 20:39:16 | INFO | [Epoch 024] total_loss=0.001893, Lr0=0.000086Lr1=0.000854, time=0.58s
2026-03-14 20:39:17 | INFO | Validation — loss=0.5826, acc=0.8613, f1=0.7985, recall=0.761, precision=0.9182
2026-03-14 20:39:17 | INFO | Validation — loss=1.2299, acc=0.6796, f1=0.5807, recall=0.5776, precision=0.5949
2026-03-14 20:39:17 | INFO | [Epoch 025] total_loss=0.001681, Lr0=0.000084Lr1=0.000842, time=0.56s
2026-03-14 20:39:18 | INFO | [Epoch 031] total_loss=0.002034, Lr0=0.000077Lr1=0.000768, time=0.63s
2026-03-14 20:39:18 | INFO | Validation — loss=0.4778, acc=0.8722, f1=0.8176, recall=0.7799, precision=0.9237
2026-03-14 20:39:19 | INFO | [Epoch 026] total_loss=0.001298, Lr0=0.000083Lr1=0.000831, time=0.58s
2026-03-14 20:39:19 | INFO | Validation — loss=1.4437, acc=0.7601, f1=0.6004, recall=0.6026, precision=0.8222
2026-03-14 20:39:19 | INFO | Best model logged 0.6004
2026-03-14 20:39:20 | INFO | [Epoch 032] total_loss=0.001475, Lr0=0.000076Lr1=0.000755, time=0.63s
2026-03-14 20:39:20 | INFO | Validation — loss=0.2444, acc=0.9038, f1=0.8689, recall=0.8343, precision=0.9403
2026-03-14 20:39:20 | INFO | [Epoch 027] total_loss=0.001328, Lr0=0.000082Lr1=0.000819, time=0.60s
2026-03-14 20:39:21 | INFO | Validation — loss=1.5140, acc=0.7582, f1=0.5865, recall=0.5944, precision=0.8529
2026-03-14 20:39:21 | INFO | Validation — loss=0.3815, acc=0.8843, f1=0.8379, recall=0.8008, precision=0.9299
2026-03-14 20:39:21 | INFO | [Epoch 033] total_loss=0.000760, Lr0=0.000074Lr1=0.000741, time=0.65s
2026-03-14 20:39:22 | INFO | [Epoch 028] total_loss=0.001050, Lr0=0.000081Lr1=0.000807, time=0.59s
2026-03-14 20:39:23 | INFO | Validation — loss=0.4520, acc=0.8752, f1=0.8227, recall=0.785, precision=0.9252
2026-03-14 20:39:23 | INFO | Validation — loss=1.6638, acc=0.7535, f1=0.5709, recall=0.5848, precision=0.8636
2026-03-14 20:39:23 | INFO | [Epoch 029] total_loss=0.000703, Lr0=0.000080Lr1=0.000794, time=0.58s
2026-03-14 20:39:23 | INFO | [Epoch 034] total_loss=0.000691, Lr0=0.000073Lr1=0.000727, time=0.64s
2026-03-14 20:39:24 | INFO | Validation — loss=0.5684, acc=0.8665, f1=0.8077, recall=0.7701, precision=0.9208
2026-03-14 20:39:25 | INFO | [Epoch 030] total_loss=0.000648, Lr0=0.000078Lr1=0.000781, time=0.61s
2026-03-14 20:39:25 | INFO | Validation — loss=1.7934, acc=0.7474, f1=0.553, recall=0.574, precision=0.8653
2026-03-14 20:39:25 | INFO | [Epoch 035] total_loss=0.000861, Lr0=0.000072Lr1=0.000713, time=0.64s
2026-03-14 20:39:25 | INFO | Validation — loss=0.4539, acc=0.8761, f1=0.8242, recall=0.7866, precision=0.9257
2026-03-14 20:39:26 | INFO | [Epoch 031] total_loss=0.001089, Lr0=0.000077Lr1=0.000768, time=0.59s
2026-03-14 20:39:27 | INFO | Validation — loss=1.8100, acc=0.7471, f1=0.5533, recall=0.5741, precision=0.8601
2026-03-14 20:39:27 | INFO | Validation — loss=0.3626, acc=0.8875, f1=0.8432, recall=0.8063, precision=0.9316
2026-03-14 20:39:27 | INFO | [Epoch 036] total_loss=0.000752, Lr0=0.000070Lr1=0.000699, time=0.62s
2026-03-14 20:39:28 | INFO | [Epoch 032] total_loss=0.000591, Lr0=0.000076Lr1=0.000755, time=0.63s
2026-03-14 20:39:28 | INFO | Validation — loss=0.3133, acc=0.8944, f1=0.8542, recall=0.8181, precision=0.9352
2026-03-14 20:39:29 | INFO | Validation — loss=1.7231, acc=0.7499, f1=0.5663, recall=0.5814, precision=0.8386
2026-03-14 20:39:29 | INFO | [Epoch 033] total_loss=0.000587, Lr0=0.000074Lr1=0.000741, time=0.62s
2026-03-14 20:39:29 | INFO | [Epoch 037] total_loss=0.000481, Lr0=0.000069Lr1=0.000684, time=0.64s
2026-03-14 20:39:30 | INFO | Validation — loss=0.3378, acc=0.8907, f1=0.8484, recall=0.8118, precision=0.9333
2026-03-14 20:39:30 | INFO | [Epoch 034] total_loss=0.000608, Lr0=0.000073Lr1=0.000727, time=0.58s
2026-03-14 20:39:30 | INFO | Validation — loss=1.7110, acc=0.7504, f1=0.5694, recall=0.5831, precision=0.8318
2026-03-14 20:39:31 | INFO | [Epoch 038] total_loss=0.000555, Lr0=0.000067Lr1=0.000670, time=0.63s
2026-03-14 20:39:31 | INFO | Validation — loss=0.3753, acc=0.8864, f1=0.8413, recall=0.8043, precision=0.931
2026-03-14 20:39:32 | INFO | [Epoch 035] total_loss=0.000580, Lr0=0.000072Lr1=0.000713, time=0.61s
2026-03-14 20:39:32 | INFO | Validation — loss=1.7055, acc=0.7459, f1=0.5683, recall=0.5811, precision=0.7903
2026-03-14 20:39:33 | INFO | Validation — loss=0.4004, acc=0.8839, f1=0.8372, recall=0.8, precision=0.9297
2026-03-14 20:39:33 | INFO | [Epoch 039] total_loss=0.000397, Lr0=0.000066Lr1=0.000655, time=0.62s
2026-03-14 20:39:33 | INFO | [Epoch 036] total_loss=0.000845, Lr0=0.000070Lr1=0.000699, time=0.60s
2026-03-14 20:39:34 | INFO | Validation — loss=0.3373, acc=0.8928, f1=0.8517, recall=0.8154, precision=0.9344
2026-03-14 20:39:34 | INFO | Validation — loss=1.6959, acc=0.7466, f1=0.5701, recall=0.5823, precision=0.7915
2026-03-14 20:39:35 | INFO | [Epoch 037] total_loss=0.000551, Lr0=0.000069Lr1=0.000684, time=0.57s
2026-03-14 20:39:35 | INFO | [Epoch 040] total_loss=0.002658, Lr0=0.000064Lr1=0.000640, time=0.62s
2026-03-14 20:39:36 | INFO | Validation — loss=0.3155, acc=0.8953, f1=0.8557, recall=0.8197, precision=0.9357
2026-03-14 20:39:36 | INFO | Early stopping at epoch 37. Best: 0.951700
2026-03-14 20:39:36 | INFO | Training complete.
2026-03-14 20:39:36 | INFO | Best checkpoint: ./save/cnn_overlap_new/subject_specific_SWELLDataset/finetuned_best_10.pt
2026-03-14 20:39:36 | INFO | Validation — loss=1.7373, acc=0.6151, f1=0.4939, recall=0.4985, precision=0.4981
2026-03-14 20:39:37 | INFO | [Epoch 041] total_loss=0.000574, Lr0=0.000063Lr1=0.000625, time=0.63s
2026-03-14 20:39:38 | INFO | Validation — loss=1.6259, acc=0.6502, f1=0.5194, recall=0.5247, precision=0.5347
2026-03-14 20:39:39 | INFO | [Epoch 042] total_loss=0.000596, Lr0=0.000061Lr1=0.000609, time=0.64s
2026-03-14 20:39:40 | INFO | Validation — loss=1.7219, acc=0.7081, f1=0.5407, recall=0.5542, precision=0.6255
2026-03-14 20:39:41 | INFO | [Epoch 043] total_loss=0.000871, Lr0=0.000060Lr1=0.000594, time=0.62s
2026-03-14 20:39:42 | INFO | Validation — loss=1.9010, acc=0.6756, f1=0.5095, recall=0.5258, precision=0.5504
2026-03-14 20:39:43 | INFO | [Epoch 044] total_loss=0.000559, Lr0=0.000058Lr1=0.000579, time=0.64s
2026-03-14 20:39:44 | INFO | Validation — loss=1.9018, acc=0.6794, f1=0.5143, recall=0.5299, precision=0.5587
2026-03-14 20:39:44 | INFO | [Epoch 045] total_loss=0.000797, Lr0=0.000057Lr1=0.000563, time=0.63s
2026-03-14 20:39:46 | INFO | Validation — loss=1.7280, acc=0.6892, f1=0.5373, recall=0.5465, precision=0.5855
2026-03-14 20:39:46 | INFO | [Epoch 046] total_loss=0.001147, Lr0=0.000055Lr1=0.000548, time=0.63s
2026-03-14 20:39:47 | INFO | Model forward EncoderClassifierModel(
  (encoder): CNNEncoder(
    (cnn_layers): Sequential(
      (0): Conv1d(1, 32, kernel_size=(10,), stride=(1,))
      (1): BatchNorm1d(32, eps=1e-05, momentum=0.1, affine=True, track_running_stats=True)
      (2): ReLU()
      (3): MaxPool1d(kernel_size=2, stride=2, padding=0, dilation=1, ceil_mode=False)
      (4): Dropout(p=0.0, inplace=False)
      (5): Conv1d(32, 64, kernel_size=(10,), stride=(1,))
      (6): BatchNorm1d(64, eps=1e-05, momentum=0.1, affine=True, track_running_stats=True)
      (7): ReLU()
      (8): MaxPool1d(kernel_size=2, stride=2, padding=0, dilation=1, ceil_mode=False)
      (9): Dropout(p=0.0, inplace=False)
      (10): Conv1d(64, 128, kernel_size=(10,), stride=(1,))
      (11): BatchNorm1d(128, eps=1e-05, momentum=0.1, affine=True, track_running_stats=True)
      (12): ReLU()
      (13): MaxPool1d(kernel_size=2, stride=2, padding=0, dilation=1, ceil_mode=False)
      (14): Dropout(p=0.0, inplace=False)
      (15): Conv1d(128, 256, kernel_size=(10,), stride=(1,))
      (16): BatchNorm1d(256, eps=1e-05, momentum=0.1, affine=True, track_running_stats=True)
      (17): ReLU()
      (18): MaxPool1d(kernel_size=2, stride=2, padding=0, dilation=1, ceil_mode=False)
      (19): Dropout(p=0.0, inplace=False)
    )
    (linear_layer): Sequential(
      (0): Linear(in_features=18176, out_features=64, bias=True)
      (1): ReLU()
    )
  )
  (classifier): Linear(in_features=64, out_features=1, bias=True)
  (loss_fn): BCEWithLogitsLoss()
)
2026-03-14 20:39:47 | INFO | [Epoch 000] total_loss=0.635227, Lr0=0.000100Lr1=0.001000, time=0.57s
2026-03-14 20:39:48 | INFO | Validation — loss=1.8446, acc=0.7438, f1=0.5576, recall=0.575, precision=0.8018
2026-03-14 20:39:48 | INFO | Validation — loss=0.6208, acc=0.7023, f1=0.4125, recall=0.5, precision=0.3511
2026-03-14 20:39:48 | INFO | Best model logged 0.4125
2026-03-14 20:39:48 | INFO | [Epoch 047] total_loss=0.000394, Lr0=0.000054Lr1=0.000532, time=0.63s
2026-03-14 20:39:49 | INFO | [Epoch 001] total_loss=0.471056, Lr0=0.000100Lr1=0.000999, time=0.61s
2026-03-14 20:39:50 | INFO | Validation — loss=1.9839, acc=0.745, f1=0.5484, recall=0.571, precision=0.8538
2026-03-14 20:39:50 | INFO | Validation — loss=0.7775, acc=0.7023, f1=0.4125, recall=0.5, precision=0.3511
2026-03-14 20:39:50 | INFO | [Epoch 048] total_loss=0.000707, Lr0=0.000052Lr1=0.000516, time=0.65s
2026-03-14 20:39:50 | INFO | [Epoch 002] total_loss=0.312305, Lr0=0.000100Lr1=0.000998, time=0.64s
2026-03-14 20:39:51 | INFO | Validation — loss=0.6382, acc=0.7023, f1=0.4125, recall=0.5, precision=0.3511
2026-03-14 20:39:52 | INFO | Validation — loss=1.8264, acc=0.7316, f1=0.5532, recall=0.5686, precision=0.7147
2026-03-14 20:39:52 | INFO | [Epoch 003] total_loss=0.212145, Lr0=0.000100Lr1=0.000996, time=0.58s
2026-03-14 20:39:52 | INFO | [Epoch 049] total_loss=0.000305, Lr0=0.000051Lr1=0.000501, time=0.66s
2026-03-14 20:39:53 | INFO | Validation — loss=0.6568, acc=0.7023, f1=0.4125, recall=0.5, precision=0.3511
2026-03-14 20:39:53 | INFO | [Epoch 004] total_loss=0.162759, Lr0=0.000099Lr1=0.000994, time=0.60s
2026-03-14 20:39:53 | INFO | Validation — loss=1.7674, acc=0.7168, f1=0.5518, recall=0.5631, precision=0.6504
2026-03-14 20:39:54 | INFO | [Epoch 050] total_loss=0.000336, Lr0=0.000049Lr1=0.000485, time=0.63s
2026-03-14 20:39:54 | INFO | Validation — loss=0.5988, acc=0.7023, f1=0.4125, recall=0.5, precision=0.3511
2026-03-14 20:39:55 | INFO | [Epoch 005] total_loss=0.121424, Lr0=0.000099Lr1=0.000991, time=0.59s
2026-03-14 20:39:55 | INFO | Validation — loss=1.7792, acc=0.7222, f1=0.5549, recall=0.5665, precision=0.6683
2026-03-14 20:39:56 | INFO | Validation — loss=0.7694, acc=0.7023, f1=0.4125, recall=0.5, precision=0.3511
2026-03-14 20:39:56 | INFO | [Epoch 051] total_loss=0.000281, Lr0=0.000047Lr1=0.000469, time=0.61s
2026-03-14 20:39:56 | INFO | [Epoch 006] total_loss=0.067697, Lr0=0.000099Lr1=0.000988, time=0.58s
2026-03-14 20:39:57 | INFO | Validation — loss=1.1840, acc=0.7023, f1=0.4125, recall=0.5, precision=0.3511
2026-03-14 20:39:57 | INFO | Validation — loss=1.8003, acc=0.7236, f1=0.553, recall=0.5659, precision=0.675
2026-03-14 20:39:57 | INFO | Early stopping at epoch 51. Best: 0.600400
2026-03-14 20:39:57 | INFO | Training complete.
2026-03-14 20:39:57 | INFO | Best checkpoint: ./save/cnn_overlap_new/subject_specific_SWELLDataset/finetuned_best_8.pt
2026-03-14 20:39:58 | INFO | [Epoch 007] total_loss=0.088182, Lr0=0.000098Lr1=0.000984, time=0.62s
2026-03-14 20:39:58 | INFO | Validation — loss=2.0089, acc=0.7023, f1=0.4125, recall=0.5, precision=0.3511
2026-03-14 20:39:59 | INFO | [Epoch 008] total_loss=0.062385, Lr0=0.000098Lr1=0.000980, time=0.57s
2026-03-14 20:40:00 | INFO | Validation — loss=1.3502, acc=0.7023, f1=0.4125, recall=0.5, precision=0.3511
2026-03-14 20:40:00 | INFO | [Epoch 009] total_loss=0.044712, Lr0=0.000098Lr1=0.000976, time=0.59s
2026-03-14 20:40:01 | INFO | Validation — loss=0.2446, acc=0.901, f1=0.8673, recall=0.8337, precision=0.9382
2026-03-14 20:40:01 | INFO | Best model logged 0.8673
2026-03-14 20:40:02 | INFO | [Epoch 010] total_loss=0.050213, Lr0=0.000097Lr1=0.000970, time=0.59s
2026-03-14 20:40:03 | INFO | Validation — loss=0.0536, acc=0.9795, f1=0.9756, recall=0.977, precision=0.9741
2026-03-14 20:40:03 | INFO | Best model logged 0.9756
2026-03-14 20:40:03 | INFO | [Epoch 011] total_loss=0.033760, Lr0=0.000097Lr1=0.000965, time=0.64s
2026-03-14 20:40:04 | INFO | Validation — loss=0.2119, acc=0.9058, f1=0.8943, recall=0.9234, precision=0.8788
2026-03-14 20:40:05 | INFO | [Epoch 012] total_loss=0.017537, Lr0=0.000096Lr1=0.000959, time=0.60s
2026-03-14 20:40:06 | INFO | Validation — loss=0.2146, acc=0.9169, f1=0.9071, recall=0.9391, precision=0.8908
2026-03-14 20:40:06 | INFO | [Epoch 013] total_loss=0.044391, Lr0=0.000095Lr1=0.000952, time=0.58s
2026-03-14 20:40:07 | INFO | Validation — loss=0.5351, acc=0.8111, f1=0.8017, recall=0.8646, precision=0.8052
2026-03-14 20:40:08 | INFO | Model forward EncoderClassifierModel(
  (encoder): CNNEncoder(
    (cnn_layers): Sequential(
      (0): Conv1d(1, 32, kernel_size=(10,), stride=(1,))
      (1): BatchNorm1d(32, eps=1e-05, momentum=0.1, affine=True, track_running_stats=True)
      (2): ReLU()
      (3): MaxPool1d(kernel_size=2, stride=2, padding=0, dilation=1, ceil_mode=False)
      (4): Dropout(p=0.0, inplace=False)
      (5): Conv1d(32, 64, kernel_size=(10,), stride=(1,))
      (6): BatchNorm1d(64, eps=1e-05, momentum=0.1, affine=True, track_running_stats=True)
      (7): ReLU()
      (8): MaxPool1d(kernel_size=2, stride=2, padding=0, dilation=1, ceil_mode=False)
      (9): Dropout(p=0.0, inplace=False)
      (10): Conv1d(64, 128, kernel_size=(10,), stride=(1,))
      (11): BatchNorm1d(128, eps=1e-05, momentum=0.1, affine=True, track_running_stats=True)
      (12): ReLU()
      (13): MaxPool1d(kernel_size=2, stride=2, padding=0, dilation=1, ceil_mode=False)
      (14): Dropout(p=0.0, inplace=False)
      (15): Conv1d(128, 256, kernel_size=(10,), stride=(1,))
      (16): BatchNorm1d(256, eps=1e-05, momentum=0.1, affine=True, track_running_stats=True)
      (17): ReLU()
      (18): MaxPool1d(kernel_size=2, stride=2, padding=0, dilation=1, ceil_mode=False)
      (19): Dropout(p=0.0, inplace=False)
    )
    (linear_layer): Sequential(
      (0): Linear(in_features=18176, out_features=64, bias=True)
      (1): ReLU()
    )
  )
  (classifier): Linear(in_features=64, out_features=1, bias=True)
  (loss_fn): BCEWithLogitsLoss()
)
2026-03-14 20:40:08 | INFO | [Epoch 014] total_loss=0.029635, Lr0=0.000095Lr1=0.000946, time=0.57s
2026-03-14 20:40:09 | INFO | Validation — loss=0.3464, acc=0.8848, f1=0.8737, recall=0.9147, precision=0.8595
2026-03-14 20:40:09 | INFO | [Epoch 000] total_loss=0.636607, Lr0=0.000100Lr1=0.001000, time=0.62s
2026-03-14 20:40:09 | INFO | [Epoch 015] total_loss=0.011188, Lr0=0.000094Lr1=0.000938, time=0.59s
2026-03-14 20:40:10 | INFO | Validation — loss=0.4703, acc=0.8646, f1=0.8538, recall=0.9027, precision=0.8433
2026-03-14 20:40:10 | INFO | Validation — loss=0.6316, acc=0.6972, f1=0.4108, recall=0.5, precision=0.3486
2026-03-14 20:40:10 | INFO | Best model logged 0.4108
2026-03-14 20:40:11 | INFO | [Epoch 016] total_loss=0.016461, Lr0=0.000093Lr1=0.000930, time=0.58s
2026-03-14 20:40:12 | INFO | Validation — loss=1.4300, acc=0.5773, f1=0.5771, recall=0.699, precision=0.7066
2026-03-14 20:40:12 | INFO | [Epoch 001] total_loss=0.468657, Lr0=0.000100Lr1=0.000999, time=0.66s
2026-03-14 20:40:12 | INFO | [Epoch 017] total_loss=0.014365, Lr0=0.000092Lr1=0.000922, time=0.60s
2026-03-14 20:40:13 | INFO | Validation — loss=4.8041, acc=0.3109, f1=0.2502, recall=0.5094, precision=0.6509
2026-03-14 20:40:13 | INFO | Validation — loss=0.7091, acc=0.6972, f1=0.4108, recall=0.5, precision=0.3486
2026-03-14 20:40:14 | INFO | [Epoch 018] total_loss=0.006956, Lr0=0.000091Lr1=0.000914, time=0.57s
2026-03-14 20:40:14 | INFO | [Epoch 002] total_loss=0.298312, Lr0=0.000100Lr1=0.000998, time=0.65s
2026-03-14 20:40:14 | INFO | Validation — loss=0.0986, acc=0.964, f1=0.9567, recall=0.9537, precision=0.9599
2026-03-14 20:40:15 | INFO | [Epoch 019] total_loss=0.005617, Lr0=0.000091Lr1=0.000905, time=0.62s
2026-03-14 20:40:15 | INFO | Validation — loss=0.6229, acc=0.6972, f1=0.4108, recall=0.5, precision=0.3486
2026-03-14 20:40:16 | INFO | Validation — loss=0.9963, acc=0.7257, f1=0.7209, recall=0.804, precision=0.7595
2026-03-14 20:40:16 | INFO | [Epoch 003] total_loss=0.233817, Lr0=0.000100Lr1=0.000996, time=0.65s
2026-03-14 20:40:16 | INFO | [Epoch 020] total_loss=0.008321, Lr0=0.000090Lr1=0.000895, time=0.59s
2026-03-14 20:40:17 | INFO | Validation — loss=0.6280, acc=0.6972, f1=0.4108, recall=0.5, precision=0.3486
2026-03-14 20:40:17 | INFO | Validation — loss=0.6514, acc=0.8231, f1=0.8133, recall=0.8734, precision=0.8132
2026-03-14 20:40:18 | INFO | [Epoch 004] total_loss=0.160337, Lr0=0.000099Lr1=0.000994, time=0.66s
2026-03-14 20:40:18 | INFO | [Epoch 021] total_loss=0.003746, Lr0=0.000089Lr1=0.000885, time=0.68s
2026-03-14 20:40:19 | INFO | Validation — loss=1.0897, acc=0.7166, f1=0.7123, recall=0.798, precision=0.7559
2026-03-14 20:40:19 | INFO | Validation — loss=1.7790, acc=0.6972, f1=0.4108, recall=0.5, precision=0.3486
2026-03-14 20:40:20 | INFO | [Epoch 022] total_loss=0.002911, Lr0=0.000088Lr1=0.000875, time=0.60s
2026-03-14 20:40:20 | INFO | [Epoch 005] total_loss=0.100638, Lr0=0.000099Lr1=0.000991, time=0.62s
2026-03-14 20:40:20 | INFO | Validation — loss=1.1807, acc=0.7098, f1=0.7059, recall=0.7934, precision=0.7532
2026-03-14 20:40:21 | INFO | [Epoch 023] total_loss=0.001969, Lr0=0.000087Lr1=0.000865, time=0.59s
2026-03-14 20:40:21 | INFO | Validation — loss=1.2559, acc=0.6972, f1=0.4108, recall=0.5, precision=0.3486
2026-03-14 20:40:22 | INFO | [Epoch 006] total_loss=0.134536, Lr0=0.000099Lr1=0.000988, time=0.62s
2026-03-14 20:40:22 | INFO | Validation — loss=2.8366, acc=0.4309, f1=0.4151, recall=0.5948, precision=0.6717
2026-03-14 20:40:22 | INFO | [Epoch 024] total_loss=0.001842, Lr0=0.000086Lr1=0.000854, time=0.64s
2026-03-14 20:40:23 | INFO | Validation — loss=0.7621, acc=0.6972, f1=0.4108, recall=0.5, precision=0.3486
2026-03-14 20:40:23 | INFO | Validation — loss=1.7748, acc=0.5661, f1=0.5658, recall=0.6911, precision=0.7035
2026-03-14 20:40:24 | INFO | [Epoch 007] total_loss=0.091729, Lr0=0.000098Lr1=0.000984, time=0.63s
2026-03-14 20:40:24 | INFO | [Epoch 025] total_loss=0.000840, Lr0=0.000084Lr1=0.000842, time=0.58s
2026-03-14 20:40:25 | INFO | Validation — loss=1.1627, acc=0.6943, f1=0.6913, recall=0.7823, precision=0.7467
2026-03-14 20:40:25 | INFO | Validation — loss=0.3676, acc=0.7168, f1=0.4763, recall=0.5323, precision=0.8556
2026-03-14 20:40:25 | INFO | Best model logged 0.4763
2026-03-14 20:40:25 | INFO | [Epoch 026] total_loss=0.000931, Lr0=0.000083Lr1=0.000831, time=0.62s
2026-03-14 20:40:26 | INFO | [Epoch 008] total_loss=0.073842, Lr0=0.000098Lr1=0.000980, time=0.62s
2026-03-14 20:40:26 | INFO | Validation — loss=1.1895, acc=0.69, f1=0.6872, recall=0.7793, precision=0.7449
2026-03-14 20:40:27 | INFO | [Epoch 027] total_loss=0.000857, Lr0=0.000082Lr1=0.000819, time=0.61s
2026-03-14 20:40:27 | INFO | Validation — loss=1.2120, acc=0.3028, f1=0.2324, recall=0.5, precision=0.1514
2026-03-14 20:40:28 | INFO | [Epoch 009] total_loss=0.049366, Lr0=0.000098Lr1=0.000976, time=0.64s
2026-03-14 20:40:28 | INFO | Validation — loss=1.3749, acc=0.6442, f1=0.6434, recall=0.7467, precision=0.7278
2026-03-14 20:40:28 | INFO | [Epoch 028] total_loss=0.000644, Lr0=0.000081Lr1=0.000807, time=0.58s
2026-03-14 20:40:29 | INFO | Validation — loss=0.1227, acc=0.9563, f1=0.9502, recall=0.9687, precision=0.937
2026-03-14 20:40:29 | INFO | Best model logged 0.9502
2026-03-14 20:40:29 | INFO | Validation — loss=1.5782, acc=0.6076, f1=0.6075, recall=0.7206, precision=0.7157
2026-03-14 20:40:30 | INFO | [Epoch 010] total_loss=0.035350, Lr0=0.000097Lr1=0.000970, time=0.61s
2026-03-14 20:40:30 | INFO | [Epoch 029] total_loss=0.001035, Lr0=0.000080Lr1=0.000794, time=0.63s
2026-03-14 20:40:31 | INFO | Validation — loss=2.1068, acc=0.5272, f1=0.525, recall=0.6634, precision=0.6932
2026-03-14 20:40:31 | INFO | Validation — loss=0.5546, acc=0.7873, f1=0.78, recall=0.8475, precision=0.7937
2026-03-14 20:40:31 | INFO | [Epoch 030] total_loss=0.000594, Lr0=0.000078Lr1=0.000781, time=0.60s
2026-03-14 20:40:31 | INFO | [Epoch 011] total_loss=0.034644, Lr0=0.000097Lr1=0.000965, time=0.64s
2026-03-14 20:40:32 | INFO | Validation — loss=1.8978, acc=0.5577, f1=0.5571, recall=0.6851, precision=0.7012
2026-03-14 20:40:32 | INFO | Early stopping at epoch 30. Best: 0.975600
2026-03-14 20:40:32 | INFO | Training complete.
2026-03-14 20:40:32 | INFO | Best checkpoint: ./save/cnn_overlap_new/subject_specific_SWELLDataset/finetuned_best_11.pt
2026-03-14 20:40:33 | INFO | Validation — loss=0.9416, acc=0.6094, f1=0.6094, recall=0.7199, precision=0.7183
2026-03-14 20:40:33 | INFO | [Epoch 012] total_loss=0.020115, Lr0=0.000096Lr1=0.000959, time=0.64s
2026-03-14 20:40:35 | INFO | Validation — loss=0.1617, acc=0.9365, f1=0.9287, recall=0.9545, precision=0.9134
2026-03-14 20:40:35 | INFO | [Epoch 013] total_loss=0.021087, Lr0=0.000095Lr1=0.000952, time=0.63s
2026-03-14 20:40:37 | INFO | Validation — loss=0.1706, acc=0.9313, f1=0.9231, recall=0.9507, precision=0.9075
2026-03-14 20:40:37 | INFO | [Epoch 014] total_loss=0.012769, Lr0=0.000095Lr1=0.000946, time=0.65s
2026-03-14 20:40:39 | INFO | Validation — loss=0.0880, acc=0.9691, f1=0.9644, recall=0.9778, precision=0.9536
2026-03-14 20:40:39 | INFO | Best model logged 0.9644
2026-03-14 20:40:39 | INFO | [Epoch 015] total_loss=0.009088, Lr0=0.000094Lr1=0.000938, time=0.62s
2026-03-14 20:40:41 | INFO | Validation — loss=0.3468, acc=0.8849, f1=0.8752, recall=0.9175, precision=0.8623
2026-03-14 20:40:41 | INFO | [Epoch 016] total_loss=0.006207, Lr0=0.000093Lr1=0.000930, time=0.62s
2026-03-14 20:40:43 | INFO | Validation — loss=0.2692, acc=0.9076, f1=0.8984, recall=0.9338, precision=0.8831
2026-03-14 20:40:43 | INFO | [Epoch 017] total_loss=0.005898, Lr0=0.000092Lr1=0.000922, time=0.64s
2026-03-14 20:40:43 | INFO | Model forward EncoderClassifierModel(
  (encoder): CNNEncoder(
    (cnn_layers): Sequential(
      (0): Conv1d(1, 32, kernel_size=(10,), stride=(1,))
      (1): BatchNorm1d(32, eps=1e-05, momentum=0.1, affine=True, track_running_stats=True)
      (2): ReLU()
      (3): MaxPool1d(kernel_size=2, stride=2, padding=0, dilation=1, ceil_mode=False)
      (4): Dropout(p=0.0, inplace=False)
      (5): Conv1d(32, 64, kernel_size=(10,), stride=(1,))
      (6): BatchNorm1d(64, eps=1e-05, momentum=0.1, affine=True, track_running_stats=True)
      (7): ReLU()
      (8): MaxPool1d(kernel_size=2, stride=2, padding=0, dilation=1, ceil_mode=False)
      (9): Dropout(p=0.0, inplace=False)
      (10): Conv1d(64, 128, kernel_size=(10,), stride=(1,))
      (11): BatchNorm1d(128, eps=1e-05, momentum=0.1, affine=True, track_running_stats=True)
      (12): ReLU()
      (13): MaxPool1d(kernel_size=2, stride=2, padding=0, dilation=1, ceil_mode=False)
      (14): Dropout(p=0.0, inplace=False)
      (15): Conv1d(128, 256, kernel_size=(10,), stride=(1,))
      (16): BatchNorm1d(256, eps=1e-05, momentum=0.1, affine=True, track_running_stats=True)
      (17): ReLU()
      (18): MaxPool1d(kernel_size=2, stride=2, padding=0, dilation=1, ceil_mode=False)
      (19): Dropout(p=0.0, inplace=False)
    )
    (linear_layer): Sequential(
      (0): Linear(in_features=18176, out_features=64, bias=True)
      (1): ReLU()
    )
  )
  (classifier): Linear(in_features=64, out_features=1, bias=True)
  (loss_fn): BCEWithLogitsLoss()
)
2026-03-14 20:40:44 | INFO | [Epoch 000] total_loss=0.638637, Lr0=0.000100Lr1=0.001000, time=0.61s
2026-03-14 20:40:44 | INFO | Validation — loss=0.3499, acc=0.8874, f1=0.8777, recall=0.9192, precision=0.8645
2026-03-14 20:40:45 | INFO | Validation — loss=0.6290, acc=0.7095, f1=0.415, recall=0.5, precision=0.3547
2026-03-14 20:40:45 | INFO | Best model logged 0.415
2026-03-14 20:40:45 | INFO | [Epoch 018] total_loss=0.004893, Lr0=0.000091Lr1=0.000914, time=0.63s
2026-03-14 20:40:45 | INFO | [Epoch 001] total_loss=0.489128, Lr0=0.000100Lr1=0.000999, time=0.60s
2026-03-14 20:40:46 | INFO | Validation — loss=0.6064, acc=0.7095, f1=0.415, recall=0.5, precision=0.3547
2026-03-14 20:40:46 | INFO | Validation — loss=0.3476, acc=0.8867, f1=0.877, recall=0.9188, precision=0.8639
2026-03-14 20:40:47 | INFO | [Epoch 002] total_loss=0.314122, Lr0=0.000100Lr1=0.000998, time=0.61s
2026-03-14 20:40:47 | INFO | [Epoch 019] total_loss=0.005587, Lr0=0.000091Lr1=0.000905, time=0.62s
2026-03-14 20:40:48 | INFO | Validation — loss=0.6132, acc=0.7095, f1=0.415, recall=0.5, precision=0.3547
2026-03-14 20:40:48 | INFO | Validation — loss=0.4732, acc=0.8608, f1=0.8511, recall=0.9002, precision=0.8425
2026-03-14 20:40:48 | INFO | [Epoch 003] total_loss=0.203939, Lr0=0.000100Lr1=0.000996, time=0.62s
2026-03-14 20:40:49 | INFO | [Epoch 020] total_loss=0.003772, Lr0=0.000090Lr1=0.000895, time=0.65s
2026-03-14 20:40:49 | INFO | Validation — loss=0.6473, acc=0.7095, f1=0.415, recall=0.5, precision=0.3547
2026-03-14 20:40:50 | INFO | [Epoch 004] total_loss=0.226826, Lr0=0.000099Lr1=0.000994, time=0.57s
2026-03-14 20:40:50 | INFO | Validation — loss=0.3967, acc=0.8744, f1=0.8646, recall=0.91, precision=0.8534
2026-03-14 20:40:51 | INFO | Validation — loss=0.6438, acc=0.7095, f1=0.415, recall=0.5, precision=0.3547
2026-03-14 20:40:51 | INFO | [Epoch 021] total_loss=0.002211, Lr0=0.000089Lr1=0.000885, time=0.65s
2026-03-14 20:40:51 | INFO | [Epoch 005] total_loss=0.149926, Lr0=0.000099Lr1=0.000991, time=0.59s
2026-03-14 20:40:52 | INFO | Validation — loss=0.6186, acc=0.7095, f1=0.415, recall=0.5, precision=0.3547
2026-03-14 20:40:52 | INFO | Validation — loss=0.4547, acc=0.856, f1=0.8464, recall=0.8967, precision=0.8388
2026-03-14 20:40:53 | INFO | [Epoch 006] total_loss=0.101799, Lr0=0.000099Lr1=0.000988, time=0.60s
2026-03-14 20:40:53 | INFO | [Epoch 022] total_loss=0.001714, Lr0=0.000088Lr1=0.000875, time=0.64s
2026-03-14 20:40:54 | INFO | Validation — loss=1.8045, acc=0.7095, f1=0.415, recall=0.5, precision=0.3547
2026-03-14 20:40:54 | INFO | Validation — loss=0.4564, acc=0.8519, f1=0.8423, recall=0.8938, precision=0.8358
2026-03-14 20:40:54 | INFO | [Epoch 007] total_loss=0.057042, Lr0=0.000098Lr1=0.000984, time=0.61s
2026-03-14 20:40:55 | INFO | [Epoch 023] total_loss=0.001826, Lr0=0.000087Lr1=0.000865, time=0.63s
2026-03-14 20:40:55 | INFO | Validation — loss=1.3103, acc=0.7095, f1=0.415, recall=0.5, precision=0.3547
2026-03-14 20:40:56 | INFO | [Epoch 008] total_loss=0.048045, Lr0=0.000098Lr1=0.000980, time=0.58s
2026-03-14 20:40:56 | INFO | Validation — loss=0.3560, acc=0.8817, f1=0.8719, recall=0.9152, precision=0.8595
2026-03-14 20:40:57 | INFO | Validation — loss=1.1852, acc=0.727, f1=0.4762, recall=0.5302, precision=0.8611
2026-03-14 20:40:57 | INFO | Best model logged 0.4762
2026-03-14 20:40:57 | INFO | [Epoch 024] total_loss=0.002759, Lr0=0.000086Lr1=0.000854, time=0.66s
2026-03-14 20:40:57 | INFO | [Epoch 009] total_loss=0.053967, Lr0=0.000098Lr1=0.000976, time=0.59s
2026-03-14 20:40:58 | INFO | Validation — loss=0.1462, acc=0.9684, f1=0.9604, recall=0.9461, precision=0.9781
2026-03-14 20:40:58 | INFO | Best model logged 0.9604
2026-03-14 20:40:58 | INFO | Validation — loss=0.2983, acc=0.8974, f1=0.8879, recall=0.9264, precision=0.8735
2026-03-14 20:40:59 | INFO | [Epoch 010] total_loss=0.038298, Lr0=0.000097Lr1=0.000970, time=0.61s
2026-03-14 20:40:59 | INFO | [Epoch 025] total_loss=0.002515, Lr0=0.000084Lr1=0.000842, time=0.65s
2026-03-14 20:41:00 | INFO | Validation — loss=0.1340, acc=0.9414, f1=0.9241, recall=0.8992, precision=0.9619
2026-03-14 20:41:00 | INFO | Validation — loss=0.7859, acc=0.7545, f1=0.749, recall=0.824, precision=0.7761
2026-03-14 20:41:00 | INFO | [Epoch 011] total_loss=0.030608, Lr0=0.000097Lr1=0.000965, time=0.64s
2026-03-14 20:41:01 | INFO | [Epoch 026] total_loss=0.001640, Lr0=0.000083Lr1=0.000831, time=0.65s
2026-03-14 20:41:01 | INFO | Validation — loss=0.1234, acc=0.9629, f1=0.9537, recall=0.9413, precision=0.9686
2026-03-14 20:41:02 | INFO | [Epoch 012] total_loss=0.039035, Lr0=0.000096Lr1=0.000959, time=0.64s
2026-03-14 20:41:02 | INFO | Validation — loss=0.5879, acc=0.8262, f1=0.8173, recall=0.8754, precision=0.8177
2026-03-14 20:41:03 | INFO | [Epoch 027] total_loss=0.001667, Lr0=0.000082Lr1=0.000819, time=0.70s
2026-03-14 20:41:03 | INFO | Validation — loss=0.0711, acc=0.9769, f1=0.9719, recall=0.9692, precision=0.9746
2026-03-14 20:41:03 | INFO | Best model logged 0.9719
2026-03-14 20:41:03 | INFO | [Epoch 013] total_loss=0.029363, Lr0=0.000095Lr1=0.000952, time=0.63s
2026-03-14 20:41:04 | INFO | Validation — loss=0.6012, acc=0.8385, f1=0.8292, recall=0.8842, precision=0.8261
2026-03-14 20:41:04 | INFO | Validation — loss=0.1807, acc=0.9322, f1=0.9112, recall=0.8833, precision=0.9564
2026-03-14 20:41:05 | INFO | [Epoch 028] total_loss=0.001001, Lr0=0.000081Lr1=0.000807, time=0.66s
2026-03-14 20:41:05 | INFO | [Epoch 014] total_loss=0.025438, Lr0=0.000095Lr1=0.000946, time=0.58s
2026-03-14 20:41:06 | INFO | Validation — loss=0.1003, acc=0.959, f1=0.952, recall=0.9699, precision=0.9386
2026-03-14 20:41:06 | INFO | Validation — loss=0.4804, acc=0.8569, f1=0.8473, recall=0.8974, precision=0.8395
2026-03-14 20:41:06 | INFO | [Epoch 015] total_loss=0.025716, Lr0=0.000094Lr1=0.000938, time=0.60s
2026-03-14 20:41:07 | INFO | [Epoch 029] total_loss=0.001184, Lr0=0.000080Lr1=0.000794, time=0.64s
2026-03-14 20:41:07 | INFO | Validation — loss=0.3126, acc=0.8478, f1=0.8356, recall=0.8897, precision=0.8265
2026-03-14 20:41:08 | INFO | [Epoch 016] total_loss=0.024888, Lr0=0.000093Lr1=0.000930, time=0.59s
2026-03-14 20:41:08 | INFO | Validation — loss=0.5731, acc=0.7875, f1=0.7803, recall=0.8476, precision=0.7938
2026-03-14 20:41:09 | INFO | Validation — loss=0.1188, acc=0.9484, f1=0.9403, recall=0.9634, precision=0.9246
2026-03-14 20:41:09 | INFO | [Epoch 030] total_loss=0.000967, Lr0=0.000078Lr1=0.000781, time=0.63s
2026-03-14 20:41:09 | INFO | [Epoch 017] total_loss=0.020919, Lr0=0.000092Lr1=0.000922, time=0.59s
2026-03-14 20:41:10 | INFO | Validation — loss=0.4760, acc=0.8221, f1=0.8134, recall=0.8724, precision=0.815
2026-03-14 20:41:10 | INFO | Validation — loss=0.3418, acc=0.8796, f1=0.8679, recall=0.9152, precision=0.8535
2026-03-14 20:41:11 | INFO | [Epoch 031] total_loss=0.000480, Lr0=0.000077Lr1=0.000768, time=0.68s
2026-03-14 20:41:11 | INFO | [Epoch 018] total_loss=0.024938, Lr0=0.000091Lr1=0.000914, time=0.64s
2026-03-14 20:41:12 | INFO | Validation — loss=0.0679, acc=0.9746, f1=0.9699, recall=0.9807, precision=0.9607
2026-03-14 20:41:12 | INFO | Validation — loss=0.3359, acc=0.8904, f1=0.8807, recall=0.9214, precision=0.8671
2026-03-14 20:41:12 | INFO | [Epoch 019] total_loss=0.017774, Lr0=0.000091Lr1=0.000905, time=0.61s
2026-03-14 20:41:13 | INFO | [Epoch 032] total_loss=0.000985, Lr0=0.000076Lr1=0.000755, time=0.66s
2026-03-14 20:41:13 | INFO | Validation — loss=0.1342, acc=0.9412, f1=0.9324, recall=0.9586, precision=0.9158
2026-03-14 20:41:14 | INFO | [Epoch 020] total_loss=0.006418, Lr0=0.000090Lr1=0.000895, time=0.59s
2026-03-14 20:41:14 | INFO | Validation — loss=0.4500, acc=0.8612, f1=0.8515, recall=0.9005, precision=0.8429
2026-03-14 20:41:14 | INFO | Validation — loss=0.3175, acc=0.876, f1=0.8641, recall=0.9126, precision=0.8504
2026-03-14 20:41:14 | INFO | [Epoch 033] total_loss=0.000498, Lr0=0.000074Lr1=0.000741, time=0.64s
2026-03-14 20:41:15 | INFO | [Epoch 021] total_loss=0.008467, Lr0=0.000089Lr1=0.000885, time=0.58s
2026-03-14 20:41:16 | INFO | Validation — loss=0.4922, acc=0.856, f1=0.8464, recall=0.8967, precision=0.8388
2026-03-14 20:41:16 | INFO | Validation — loss=0.0868, acc=0.9567, f1=0.9495, recall=0.9685, precision=0.9354
2026-03-14 20:41:16 | INFO | [Epoch 034] total_loss=0.000744, Lr0=0.000073Lr1=0.000727, time=0.63s
2026-03-14 20:41:16 | INFO | [Epoch 022] total_loss=0.003705, Lr0=0.000088Lr1=0.000875, time=0.58s
2026-03-14 20:41:17 | INFO | Validation — loss=0.3941, acc=0.8457, f1=0.8341, recall=0.8913, precision=0.8266
2026-03-14 20:41:18 | INFO | Validation — loss=0.3196, acc=0.8949, f1=0.8853, recall=0.9246, precision=0.8712
2026-03-14 20:41:18 | INFO | Early stopping at epoch 34. Best: 0.964400
2026-03-14 20:41:18 | INFO | Training complete.
2026-03-14 20:41:18 | INFO | Best checkpoint: ./save/cnn_overlap_new/subject_specific_SWELLDataset/finetuned_best_9.pt
2026-03-14 20:41:18 | INFO | [Epoch 023] total_loss=0.001926, Lr0=0.000087Lr1=0.000865, time=0.59s
2026-03-14 20:41:19 | INFO | Validation — loss=0.2422, acc=0.8997, f1=0.8883, recall=0.9291, precision=0.8716
2026-03-14 20:41:19 | INFO | [Epoch 024] total_loss=0.006858, Lr0=0.000086Lr1=0.000854, time=0.62s
2026-03-14 20:41:20 | INFO | Validation — loss=0.2394, acc=0.9032, f1=0.8919, recall=0.9313, precision=0.8749
2026-03-14 20:41:21 | INFO | [Epoch 025] total_loss=0.002552, Lr0=0.000084Lr1=0.000842, time=0.61s
2026-03-14 20:41:22 | INFO | Validation — loss=0.0923, acc=0.9541, f1=0.946, recall=0.9604, precision=0.9346
2026-03-14 20:41:22 | INFO | [Epoch 026] total_loss=0.001865, Lr0=0.000083Lr1=0.000831, time=0.65s
2026-03-14 20:41:23 | INFO | Validation — loss=0.0412, acc=0.9839, f1=0.9802, recall=0.9746, precision=0.9863
2026-03-14 20:41:23 | INFO | Best model logged 0.9802
2026-03-14 20:41:24 | INFO | [Epoch 027] total_loss=0.001517, Lr0=0.000082Lr1=0.000819, time=0.60s
2026-03-14 20:41:25 | INFO | Validation — loss=0.1629, acc=0.9251, f1=0.915, recall=0.947, precision=0.8975
2026-03-14 20:41:25 | INFO | [Epoch 028] total_loss=0.001116, Lr0=0.000081Lr1=0.000807, time=0.63s
2026-03-14 20:41:26 | INFO | Validation — loss=0.3034, acc=0.8909, f1=0.8794, recall=0.9231, precision=0.8635
2026-03-14 20:41:27 | INFO | [Epoch 029] total_loss=0.001101, Lr0=0.000080Lr1=0.000794, time=0.65s
2026-03-14 20:41:28 | INFO | Validation — loss=0.3370, acc=0.8822, f1=0.8704, recall=0.917, precision=0.8557
2026-03-14 20:41:28 | INFO | Model forward EncoderClassifierModel(
  (encoder): CNNEncoder(
    (cnn_layers): Sequential(
      (0): Conv1d(1, 32, kernel_size=(10,), stride=(1,))
      (1): BatchNorm1d(32, eps=1e-05, momentum=0.1, affine=True, track_running_stats=True)
      (2): ReLU()
      (3): MaxPool1d(kernel_size=2, stride=2, padding=0, dilation=1, ceil_mode=False)
      (4): Dropout(p=0.0, inplace=False)
      (5): Conv1d(32, 64, kernel_size=(10,), stride=(1,))
      (6): BatchNorm1d(64, eps=1e-05, momentum=0.1, affine=True, track_running_stats=True)
      (7): ReLU()
      (8): MaxPool1d(kernel_size=2, stride=2, padding=0, dilation=1, ceil_mode=False)
      (9): Dropout(p=0.0, inplace=False)
      (10): Conv1d(64, 128, kernel_size=(10,), stride=(1,))
      (11): BatchNorm1d(128, eps=1e-05, momentum=0.1, affine=True, track_running_stats=True)
      (12): ReLU()
      (13): MaxPool1d(kernel_size=2, stride=2, padding=0, dilation=1, ceil_mode=False)
      (14): Dropout(p=0.0, inplace=False)
      (15): Conv1d(128, 256, kernel_size=(10,), stride=(1,))
      (16): BatchNorm1d(256, eps=1e-05, momentum=0.1, affine=True, track_running_stats=True)
      (17): ReLU()
      (18): MaxPool1d(kernel_size=2, stride=2, padding=0, dilation=1, ceil_mode=False)
      (19): Dropout(p=0.0, inplace=False)
    )
    (linear_layer): Sequential(
      (0): Linear(in_features=18176, out_features=64, bias=True)
      (1): ReLU()
    )
  )
  (classifier): Linear(in_features=64, out_features=1, bias=True)
  (loss_fn): BCEWithLogitsLoss()
)
2026-03-14 20:41:28 | INFO | [Epoch 030] total_loss=0.001053, Lr0=0.000078Lr1=0.000781, time=0.58s
2026-03-14 20:41:29 | INFO | [Epoch 000] total_loss=0.637039, Lr0=0.000100Lr1=0.001000, time=0.64s
2026-03-14 20:41:29 | INFO | Validation — loss=0.2886, acc=0.8946, f1=0.8831, recall=0.9257, precision=0.8669
2026-03-14 20:41:30 | INFO | [Epoch 031] total_loss=0.001280, Lr0=0.000077Lr1=0.000768, time=0.60s
2026-03-14 20:41:30 | INFO | Validation — loss=0.6644, acc=0.7097, f1=0.4151, recall=0.5, precision=0.3549
2026-03-14 20:41:30 | INFO | Best model logged 0.4151
2026-03-14 20:41:31 | INFO | Validation — loss=0.2419, acc=0.9087, f1=0.8977, recall=0.9357, precision=0.8804
2026-03-14 20:41:31 | INFO | [Epoch 001] total_loss=0.486724, Lr0=0.000100Lr1=0.000999, time=0.63s
2026-03-14 20:41:31 | INFO | [Epoch 032] total_loss=0.000844, Lr0=0.000076Lr1=0.000755, time=0.62s
2026-03-14 20:41:32 | INFO | Validation — loss=0.6294, acc=0.7097, f1=0.4151, recall=0.5, precision=0.3549
2026-03-14 20:41:32 | INFO | Validation — loss=0.2622, acc=0.9032, f1=0.8919, recall=0.9318, precision=0.875
2026-03-14 20:41:33 | INFO | [Epoch 002] total_loss=0.332044, Lr0=0.000100Lr1=0.000998, time=0.63s
2026-03-14 20:41:33 | INFO | [Epoch 033] total_loss=0.001501, Lr0=0.000074Lr1=0.000741, time=0.58s
2026-03-14 20:41:34 | INFO | Validation — loss=0.2358, acc=0.9101, f1=0.8992, recall=0.9366, precision=0.8818
2026-03-14 20:41:34 | INFO | Validation — loss=0.6138, acc=0.7097, f1=0.4151, recall=0.5, precision=0.3549
2026-03-14 20:41:34 | INFO | [Epoch 034] total_loss=0.000598, Lr0=0.000073Lr1=0.000727, time=0.56s
2026-03-14 20:41:35 | INFO | [Epoch 003] total_loss=0.228655, Lr0=0.000100Lr1=0.000996, time=0.64s
2026-03-14 20:41:35 | INFO | Validation — loss=0.2024, acc=0.9184, f1=0.9079, recall=0.9425, precision=0.8903
2026-03-14 20:41:36 | INFO | [Epoch 035] total_loss=0.000815, Lr0=0.000072Lr1=0.000713, time=0.60s
2026-03-14 20:41:36 | INFO | Validation — loss=0.6232, acc=0.7097, f1=0.4151, recall=0.5, precision=0.3549
2026-03-14 20:41:36 | INFO | Validation — loss=0.3072, acc=0.8912, f1=0.8796, recall=0.9233, precision=0.8637
2026-03-14 20:41:37 | INFO | [Epoch 004] total_loss=0.125873, Lr0=0.000099Lr1=0.000994, time=0.62s
2026-03-14 20:41:37 | INFO | [Epoch 036] total_loss=0.000572, Lr0=0.000070Lr1=0.000699, time=0.67s
2026-03-14 20:41:38 | INFO | Validation — loss=1.1397, acc=0.2903, f1=0.225, recall=0.5, precision=0.1451
2026-03-14 20:41:38 | INFO | Validation — loss=0.4049, acc=0.8681, f1=0.8563, recall=0.9071, precision=0.8439
2026-03-14 20:41:39 | INFO | [Epoch 005] total_loss=0.150988, Lr0=0.000099Lr1=0.000991, time=0.65s
2026-03-14 20:41:39 | INFO | [Epoch 037] total_loss=0.000736, Lr0=0.000069Lr1=0.000684, time=0.61s
2026-03-14 20:41:39 | INFO | Validation — loss=0.3119, acc=0.8928, f1=0.8812, recall=0.9244, precision=0.8652
2026-03-14 20:41:40 | INFO | Validation — loss=3.7668, acc=0.7097, f1=0.4151, recall=0.5, precision=0.3549
2026-03-14 20:41:40 | INFO | [Epoch 038] total_loss=0.000458, Lr0=0.000067Lr1=0.000670, time=0.60s
2026-03-14 20:41:41 | INFO | [Epoch 006] total_loss=0.098652, Lr0=0.000099Lr1=0.000988, time=0.64s
2026-03-14 20:41:41 | INFO | Validation — loss=0.3190, acc=0.8921, f1=0.8805, recall=0.924, precision=0.8646
2026-03-14 20:41:41 | INFO | [Epoch 039] total_loss=0.000397, Lr0=0.000066Lr1=0.000655, time=0.57s
2026-03-14 20:41:42 | INFO | Validation — loss=1.8683, acc=0.7097, f1=0.4151, recall=0.5, precision=0.3549
2026-03-14 20:41:42 | INFO | Validation — loss=0.3317, acc=0.8912, f1=0.8796, recall=0.9233, precision=0.8637
2026-03-14 20:41:42 | INFO | [Epoch 007] total_loss=0.079967, Lr0=0.000098Lr1=0.000984, time=0.63s
2026-03-14 20:41:43 | INFO | [Epoch 040] total_loss=0.000506, Lr0=0.000064Lr1=0.000640, time=0.61s
2026-03-14 20:41:44 | INFO | Validation — loss=2.2698, acc=0.7097, f1=0.4151, recall=0.5, precision=0.3549
2026-03-14 20:41:44 | INFO | Validation — loss=0.3604, acc=0.8831, f1=0.8714, recall=0.9176, precision=0.8565
2026-03-14 20:41:44 | INFO | [Epoch 041] total_loss=0.000419, Lr0=0.000063Lr1=0.000625, time=0.59s
2026-03-14 20:41:44 | INFO | [Epoch 008] total_loss=0.069867, Lr0=0.000098Lr1=0.000980, time=0.65s
2026-03-14 20:41:45 | INFO | Validation — loss=0.3311, acc=0.8916, f1=0.8801, recall=0.9236, precision=0.8642
2026-03-14 20:41:46 | INFO | Validation — loss=1.1617, acc=0.7097, f1=0.4151, recall=0.5, precision=0.3549
2026-03-14 20:41:46 | INFO | [Epoch 042] total_loss=0.000343, Lr0=0.000061Lr1=0.000609, time=0.58s
2026-03-14 20:41:46 | INFO | [Epoch 009] total_loss=0.060995, Lr0=0.000098Lr1=0.000976, time=0.64s
2026-03-14 20:41:47 | INFO | Validation — loss=0.3120, acc=0.893, f1=0.8815, recall=0.9246, precision=0.8654
2026-03-14 20:41:47 | INFO | [Epoch 043] total_loss=0.000409, Lr0=0.000060Lr1=0.000594, time=0.58s
2026-03-14 20:41:48 | INFO | Validation — loss=1.2417, acc=0.7115, f1=0.4218, recall=0.5031, precision=0.8555
2026-03-14 20:41:48 | INFO | Best model logged 0.4218
2026-03-14 20:41:48 | INFO | Validation — loss=0.3024, acc=0.8969, f1=0.8855, recall=0.9274, precision=0.8691
2026-03-14 20:41:48 | INFO | [Epoch 010] total_loss=0.051672, Lr0=0.000097Lr1=0.000970, time=0.66s
2026-03-14 20:41:49 | INFO | [Epoch 044] total_loss=0.000357, Lr0=0.000058Lr1=0.000579, time=0.56s
2026-03-14 20:41:50 | INFO | Validation — loss=0.3081, acc=0.8953, f1=0.8838, recall=0.9262, precision=0.8676
2026-03-14 20:41:50 | INFO | Validation — loss=1.1678, acc=0.7376, f1=0.5096, recall=0.548, precision=0.865
2026-03-14 20:41:50 | INFO | Best model logged 0.5096
2026-03-14 20:41:50 | INFO | [Epoch 045] total_loss=0.000395, Lr0=0.000057Lr1=0.000563, time=0.60s
2026-03-14 20:41:50 | INFO | [Epoch 011] total_loss=0.036693, Lr0=0.000097Lr1=0.000965, time=0.61s
2026-03-14 20:41:51 | INFO | Validation — loss=0.3303, acc=0.8919, f1=0.8803, recall=0.9238, precision=0.8644
2026-03-14 20:41:52 | INFO | [Epoch 046] total_loss=0.000878, Lr0=0.000055Lr1=0.000548, time=0.57s
2026-03-14 20:41:52 | INFO | Validation — loss=0.3227, acc=0.8688, f1=0.8117, recall=0.774, precision=0.922
2026-03-14 20:41:52 | INFO | Best model logged 0.8117
2026-03-14 20:41:52 | INFO | [Epoch 012] total_loss=0.019881, Lr0=0.000096Lr1=0.000959, time=0.64s
2026-03-14 20:41:52 | INFO | Validation — loss=0.5159, acc=0.8476, f1=0.8359, recall=0.8926, precision=0.828
2026-03-14 20:41:52 | INFO | Early stopping at epoch 46. Best: 0.980200
2026-03-14 20:41:52 | INFO | Training complete.
2026-03-14 20:41:52 | INFO | Best checkpoint: ./save/cnn_overlap_new/subject_specific_SWELLDataset/finetuned_best_12.pt
2026-03-14 20:41:54 | INFO | Validation — loss=0.2552, acc=0.8857, f1=0.8402, recall=0.8031, precision=0.9307
2026-03-14 20:41:54 | INFO | Best model logged 0.8402
2026-03-14 20:41:54 | INFO | [Epoch 013] total_loss=0.014479, Lr0=0.000095Lr1=0.000952, time=0.62s
2026-03-14 20:41:56 | INFO | Validation — loss=1.1329, acc=0.7401, f1=0.5174, recall=0.5524, precision=0.866
2026-03-14 20:41:56 | INFO | [Epoch 014] total_loss=0.011137, Lr0=0.000095Lr1=0.000946, time=0.63s
2026-03-14 20:41:58 | INFO | Validation — loss=0.9750, acc=0.7838, f1=0.6372, recall=0.6276, precision=0.8832
2026-03-14 20:41:58 | INFO | [Epoch 015] total_loss=0.011677, Lr0=0.000094Lr1=0.000938, time=0.64s
2026-03-14 20:42:00 | INFO | Validation — loss=0.2946, acc=0.8905, f1=0.848, recall=0.8114, precision=0.9332
2026-03-14 20:42:00 | INFO | Best model logged 0.848
2026-03-14 20:42:00 | INFO | [Epoch 016] total_loss=0.013915, Lr0=0.000093Lr1=0.000930, time=0.61s
2026-03-14 20:42:02 | INFO | Validation — loss=0.2545, acc=0.9001, f1=0.8632, recall=0.828, precision=0.9383
2026-03-14 20:42:02 | INFO | Best model logged 0.8632
2026-03-14 20:42:02 | INFO | [Epoch 017] total_loss=0.014469, Lr0=0.000092Lr1=0.000922, time=0.61s
2026-03-14 20:42:03 | INFO | Model forward EncoderClassifierModel(
  (encoder): CNNEncoder(
    (cnn_layers): Sequential(
      (0): Conv1d(1, 32, kernel_size=(10,), stride=(1,))
      (1): BatchNorm1d(32, eps=1e-05, momentum=0.1, affine=True, track_running_stats=True)
      (2): ReLU()
      (3): MaxPool1d(kernel_size=2, stride=2, padding=0, dilation=1, ceil_mode=False)
      (4): Dropout(p=0.0, inplace=False)
      (5): Conv1d(32, 64, kernel_size=(10,), stride=(1,))
      (6): BatchNorm1d(64, eps=1e-05, momentum=0.1, affine=True, track_running_stats=True)
      (7): ReLU()
      (8): MaxPool1d(kernel_size=2, stride=2, padding=0, dilation=1, ceil_mode=False)
      (9): Dropout(p=0.0, inplace=False)
      (10): Conv1d(64, 128, kernel_size=(10,), stride=(1,))
      (11): BatchNorm1d(128, eps=1e-05, momentum=0.1, affine=True, track_running_stats=True)
      (12): ReLU()
      (13): MaxPool1d(kernel_size=2, stride=2, padding=0, dilation=1, ceil_mode=False)
      (14): Dropout(p=0.0, inplace=False)
      (15): Conv1d(128, 256, kernel_size=(10,), stride=(1,))
      (16): BatchNorm1d(256, eps=1e-05, momentum=0.1, affine=True, track_running_stats=True)
      (17): ReLU()
      (18): MaxPool1d(kernel_size=2, stride=2, padding=0, dilation=1, ceil_mode=False)
      (19): Dropout(p=0.0, inplace=False)
    )
    (linear_layer): Sequential(
      (0): Linear(in_features=18176, out_features=64, bias=True)
      (1): ReLU()
    )
  )
  (classifier): Linear(in_features=64, out_features=1, bias=True)
  (loss_fn): BCEWithLogitsLoss()
)
2026-03-14 20:42:04 | INFO | Validation — loss=0.2558, acc=0.8962, f1=0.8571, recall=0.8213, precision=0.9362
2026-03-14 20:42:04 | INFO | [Epoch 000] total_loss=0.631303, Lr0=0.000100Lr1=0.001000, time=0.58s
2026-03-14 20:42:04 | INFO | [Epoch 018] total_loss=0.011355, Lr0=0.000091Lr1=0.000914, time=0.64s
2026-03-14 20:42:05 | INFO | Validation — loss=0.6417, acc=0.6972, f1=0.4108, recall=0.5, precision=0.3486
2026-03-14 20:42:05 | INFO | Best model logged 0.4108
2026-03-14 20:42:05 | INFO | [Epoch 001] total_loss=0.455779, Lr0=0.000100Lr1=0.000999, time=0.60s
2026-03-14 20:42:05 | INFO | Validation — loss=0.4797, acc=0.8654, f1=0.8057, recall=0.7681, precision=0.9203
2026-03-14 20:42:06 | INFO | [Epoch 019] total_loss=0.030896, Lr0=0.000091Lr1=0.000905, time=0.63s
2026-03-14 20:42:06 | INFO | Validation — loss=0.6129, acc=0.6972, f1=0.4108, recall=0.5, precision=0.3486
2026-03-14 20:42:07 | INFO | [Epoch 002] total_loss=0.281722, Lr0=0.000100Lr1=0.000998, time=0.60s
2026-03-14 20:42:07 | INFO | Validation — loss=0.0165, acc=0.9957, f1=0.9947, recall=0.9925, precision=0.997
2026-03-14 20:42:07 | INFO | Best model logged 0.9947
2026-03-14 20:42:08 | INFO | Validation — loss=0.8357, acc=0.6972, f1=0.4108, recall=0.5, precision=0.3486
2026-03-14 20:42:08 | INFO | [Epoch 020] total_loss=0.008675, Lr0=0.000090Lr1=0.000895, time=0.63s
2026-03-14 20:42:08 | INFO | [Epoch 003] total_loss=0.199901, Lr0=0.000100Lr1=0.000996, time=0.61s
2026-03-14 20:42:09 | INFO | Validation — loss=1.9892, acc=0.6972, f1=0.4108, recall=0.5, precision=0.3486
2026-03-14 20:42:09 | INFO | Validation — loss=0.0222, acc=0.9931, f1=0.9916, recall=0.9882, precision=0.9952
2026-03-14 20:42:10 | INFO | [Epoch 004] total_loss=0.135553, Lr0=0.000099Lr1=0.000994, time=0.59s
2026-03-14 20:42:10 | INFO | [Epoch 021] total_loss=0.006819, Lr0=0.000089Lr1=0.000885, time=0.63s
2026-03-14 20:42:11 | INFO | Validation — loss=2.6250, acc=0.6972, f1=0.4108, recall=0.5, precision=0.3486
2026-03-14 20:42:11 | INFO | Validation — loss=0.1160, acc=0.9417, f1=0.9245, recall=0.8996, precision=0.9621
2026-03-14 20:42:11 | INFO | [Epoch 005] total_loss=0.157468, Lr0=0.000099Lr1=0.000991, time=0.61s
2026-03-14 20:42:12 | INFO | [Epoch 022] total_loss=0.002414, Lr0=0.000088Lr1=0.000875, time=0.67s
2026-03-14 20:42:12 | INFO | Validation — loss=1.2721, acc=0.6972, f1=0.4108, recall=0.5, precision=0.3486
2026-03-14 20:42:13 | INFO | [Epoch 006] total_loss=0.147089, Lr0=0.000099Lr1=0.000988, time=0.61s
2026-03-14 20:42:13 | INFO | Validation — loss=0.2570, acc=0.8933, f1=0.8524, recall=0.8161, precision=0.9346
2026-03-14 20:42:14 | INFO | Validation — loss=0.7258, acc=0.6972, f1=0.4108, recall=0.5, precision=0.3486
2026-03-14 20:42:14 | INFO | [Epoch 023] total_loss=0.001700, Lr0=0.000087Lr1=0.000865, time=0.64s
2026-03-14 20:42:14 | INFO | [Epoch 007] total_loss=0.070297, Lr0=0.000098Lr1=0.000984, time=0.59s
2026-03-14 20:42:15 | INFO | Validation — loss=1.2508, acc=0.6972, f1=0.4108, recall=0.5, precision=0.3486
2026-03-14 20:42:15 | INFO | Validation — loss=0.4114, acc=0.8706, f1=0.8149, recall=0.7772, precision=0.9229
2026-03-14 20:42:16 | INFO | [Epoch 008] total_loss=0.052396, Lr0=0.000098Lr1=0.000980, time=0.59s
2026-03-14 20:42:16 | INFO | [Epoch 024] total_loss=0.002214, Lr0=0.000086Lr1=0.000854, time=0.64s
2026-03-14 20:42:17 | INFO | Validation — loss=0.6074, acc=0.7419, f1=0.5945, recall=0.597, precision=0.7398
2026-03-14 20:42:17 | INFO | Best model logged 0.5945
2026-03-14 20:42:17 | INFO | Validation — loss=0.5091, acc=0.8622, f1=0.8001, recall=0.7626, precision=0.9187
2026-03-14 20:42:17 | INFO | [Epoch 009] total_loss=0.042546, Lr0=0.000098Lr1=0.000976, time=0.60s
2026-03-14 20:42:18 | INFO | [Epoch 025] total_loss=0.001697, Lr0=0.000084Lr1=0.000842, time=0.68s
2026-03-14 20:42:18 | INFO | Validation — loss=0.6722, acc=0.7011, f1=0.5969, recall=0.5928, precision=0.6279
2026-03-14 20:42:18 | INFO | Best model logged 0.5969
2026-03-14 20:42:19 | INFO | [Epoch 010] total_loss=0.035750, Lr0=0.000097Lr1=0.000970, time=0.60s
2026-03-14 20:42:19 | INFO | Validation — loss=0.4217, acc=0.8761, f1=0.8242, recall=0.7866, precision=0.9257
2026-03-14 20:42:20 | INFO | Validation — loss=1.2194, acc=0.2292, f1=0.2036, recall=0.3551, precision=0.2176
2026-03-14 20:42:20 | INFO | [Epoch 026] total_loss=0.001422, Lr0=0.000083Lr1=0.000831, time=0.66s
2026-03-14 20:42:20 | INFO | [Epoch 011] total_loss=0.030397, Lr0=0.000097Lr1=0.000965, time=0.57s
2026-03-14 20:42:21 | INFO | Validation — loss=1.1205, acc=0.7123, f1=0.4621, recall=0.525, precision=0.8539
2026-03-14 20:42:21 | INFO | Validation — loss=0.2744, acc=0.8999, f1=0.8629, recall=0.8276, precision=0.9382
2026-03-14 20:42:22 | INFO | [Epoch 012] total_loss=0.023076, Lr0=0.000096Lr1=0.000959, time=0.59s
2026-03-14 20:42:22 | INFO | [Epoch 027] total_loss=0.001229, Lr0=0.000082Lr1=0.000819, time=0.62s
2026-03-14 20:42:23 | INFO | Validation — loss=1.4223, acc=0.2014, f1=0.2006, recall=0.2533, precision=0.2365
2026-03-14 20:42:23 | INFO | [Epoch 013] total_loss=0.017915, Lr0=0.000095Lr1=0.000952, time=0.62s
2026-03-14 20:42:23 | INFO | Validation — loss=0.3094, acc=0.8946, f1=0.8546, recall=0.8185, precision=0.9354
2026-03-14 20:42:24 | INFO | [Epoch 028] total_loss=0.000953, Lr0=0.000081Lr1=0.000807, time=0.63s
2026-03-14 20:42:24 | INFO | Validation — loss=0.8353, acc=0.7635, f1=0.6071, recall=0.6095, precision=0.8733
2026-03-14 20:42:24 | INFO | Best model logged 0.6071
2026-03-14 20:42:25 | INFO | [Epoch 014] total_loss=0.010282, Lr0=0.000095Lr1=0.000946, time=0.61s
2026-03-14 20:42:25 | INFO | Validation — loss=0.2994, acc=0.8955, f1=0.856, recall=0.8201, precision=0.9359
2026-03-14 20:42:25 | INFO | Validation — loss=0.7047, acc=0.7894, f1=0.6707, recall=0.6544, precision=0.8728
2026-03-14 20:42:25 | INFO | Best model logged 0.6707
2026-03-14 20:42:26 | INFO | [Epoch 029] total_loss=0.000625, Lr0=0.000080Lr1=0.000794, time=0.64s
2026-03-14 20:42:26 | INFO | [Epoch 015] total_loss=0.007681, Lr0=0.000094Lr1=0.000938, time=0.61s
2026-03-14 20:42:27 | INFO | Validation — loss=1.7557, acc=0.3079, f1=0.2717, recall=0.2604, precision=0.2972
2026-03-14 20:42:27 | INFO | Validation — loss=0.3985, acc=0.8814, f1=0.833, recall=0.7957, precision=0.9284
2026-03-14 20:42:28 | INFO | [Epoch 016] total_loss=0.009661, Lr0=0.000093Lr1=0.000930, time=0.60s
2026-03-14 20:42:28 | INFO | [Epoch 030] total_loss=0.000655, Lr0=0.000078Lr1=0.000781, time=0.63s
2026-03-14 20:42:28 | INFO | Validation — loss=2.4078, acc=0.6983, f1=0.4148, recall=0.5019, precision=0.849
2026-03-14 20:42:29 | INFO | Validation — loss=0.3831, acc=0.8837, f1=0.8368, recall=0.7996, precision=0.9296
2026-03-14 20:42:29 | INFO | [Epoch 017] total_loss=0.006815, Lr0=0.000092Lr1=0.000922, time=0.58s
2026-03-14 20:42:30 | INFO | [Epoch 031] total_loss=0.001110, Lr0=0.000077Lr1=0.000768, time=0.66s
2026-03-14 20:42:30 | INFO | Validation — loss=1.5831, acc=0.7178, f1=0.4797, recall=0.5341, precision=0.8559
2026-03-14 20:42:30 | INFO | [Epoch 018] total_loss=0.006229, Lr0=0.000091Lr1=0.000914, time=0.60s
2026-03-14 20:42:31 | INFO | Validation — loss=0.2655, acc=0.9019, f1=0.8661, recall=0.8311, precision=0.9393
2026-03-14 20:42:31 | INFO | Validation — loss=3.6150, acc=0.1246, f1=0.1215, recall=0.1753, precision=0.1277
2026-03-14 20:42:32 | INFO | [Epoch 032] total_loss=0.000569, Lr0=0.000076Lr1=0.000755, time=0.64s
2026-03-14 20:42:32 | INFO | [Epoch 019] total_loss=0.008288, Lr0=0.000091Lr1=0.000905, time=0.58s
2026-03-14 20:42:33 | INFO | Validation — loss=3.3008, acc=0.1354, f1=0.1312, recall=0.1926, precision=0.1375
2026-03-14 20:42:33 | INFO | Validation — loss=0.2428, acc=0.9079, f1=0.8752, recall=0.8413, precision=0.9426
2026-03-14 20:42:33 | INFO | [Epoch 020] total_loss=0.031155, Lr0=0.000090Lr1=0.000895, time=0.59s
2026-03-14 20:42:34 | INFO | [Epoch 033] total_loss=0.000614, Lr0=0.000074Lr1=0.000741, time=0.62s
2026-03-14 20:42:34 | INFO | Validation — loss=0.7966, acc=0.7862, f1=0.6642, recall=0.6495, precision=0.8689
2026-03-14 20:42:35 | INFO | [Epoch 021] total_loss=0.023422, Lr0=0.000089Lr1=0.000885, time=0.58s
2026-03-14 20:42:35 | INFO | Validation — loss=0.2940, acc=0.8997, f1=0.8625, recall=0.8272, precision=0.9381
2026-03-14 20:42:36 | INFO | [Epoch 034] total_loss=0.000578, Lr0=0.000073Lr1=0.000727, time=0.63s
2026-03-14 20:42:36 | INFO | Validation — loss=2.7038, acc=0.1911, f1=0.1885, recall=0.2528, precision=0.2187
2026-03-14 20:42:36 | INFO | [Epoch 022] total_loss=0.032348, Lr0=0.000088Lr1=0.000875, time=0.56s
2026-03-14 20:42:37 | INFO | Validation — loss=0.4022, acc=0.8827, f1=0.8353, recall=0.798, precision=0.9291
2026-03-14 20:42:37 | INFO | Validation — loss=1.9187, acc=0.2732, f1=0.2455, recall=0.2341, precision=0.2754
2026-03-14 20:42:37 | INFO | [Epoch 035] total_loss=0.000537, Lr0=0.000072Lr1=0.000713, time=0.62s
2026-03-14 20:42:38 | INFO | [Epoch 023] total_loss=0.043182, Lr0=0.000087Lr1=0.000865, time=0.59s
2026-03-14 20:42:39 | INFO | Validation — loss=0.1480, acc=0.9523, f1=0.9407, recall=0.9212, precision=0.968
2026-03-14 20:42:39 | INFO | Best model logged 0.9407
2026-03-14 20:42:39 | INFO | Validation — loss=0.4089, acc=0.8834, f1=0.8364, recall=0.7992, precision=0.9295
2026-03-14 20:42:39 | INFO | [Epoch 024] total_loss=0.016314, Lr0=0.000086Lr1=0.000854, time=0.63s
2026-03-14 20:42:39 | INFO | [Epoch 036] total_loss=0.000815, Lr0=0.000070Lr1=0.000699, time=0.70s
2026-03-14 20:42:40 | INFO | Validation — loss=2.8158, acc=0.6972, f1=0.4108, recall=0.5, precision=0.3486
2026-03-14 20:42:41 | INFO | Validation — loss=0.3940, acc=0.8846, f1=0.8383, recall=0.8012, precision=0.9301
2026-03-14 20:42:41 | INFO | [Epoch 025] total_loss=0.017253, Lr0=0.000084Lr1=0.000842, time=0.58s
2026-03-14 20:42:41 | INFO | [Epoch 037] total_loss=0.000626, Lr0=0.000069Lr1=0.000684, time=0.63s
2026-03-14 20:42:42 | INFO | Validation — loss=1.7044, acc=0.7107, f1=0.4569, recall=0.5223, precision=0.8534
2026-03-14 20:42:42 | INFO | [Epoch 026] total_loss=0.010876, Lr0=0.000083Lr1=0.000831, time=0.61s
2026-03-14 20:42:43 | INFO | Validation — loss=0.3281, acc=0.8949, f1=0.8549, recall=0.8189, precision=0.9355
2026-03-14 20:42:43 | INFO | Validation — loss=1.0259, acc=0.7465, f1=0.564, recall=0.5819, precision=0.8622
2026-03-14 20:42:43 | INFO | [Epoch 038] total_loss=0.000412, Lr0=0.000067Lr1=0.000670, time=0.63s
2026-03-14 20:42:44 | INFO | [Epoch 027] total_loss=0.008962, Lr0=0.000082Lr1=0.000819, time=0.59s
2026-03-14 20:42:45 | INFO | Validation — loss=1.3725, acc=0.7201, f1=0.4987, recall=0.5424, precision=0.7839
2026-03-14 20:42:45 | INFO | Validation — loss=0.2311, acc=0.9129, f1=0.8829, recall=0.85, precision=0.9454
2026-03-14 20:42:45 | INFO | [Epoch 028] total_loss=0.012481, Lr0=0.000081Lr1=0.000807, time=0.62s
2026-03-14 20:42:45 | INFO | [Epoch 039] total_loss=0.000391, Lr0=0.000066Lr1=0.000655, time=0.64s
2026-03-14 20:42:46 | INFO | Validation — loss=1.6729, acc=0.7089, f1=0.4508, recall=0.5193, precision=0.8527
2026-03-14 20:42:47 | INFO | Validation — loss=0.2660, acc=0.9042, f1=0.8696, recall=0.835, precision=0.9406
2026-03-14 20:42:47 | INFO | Early stopping at epoch 39. Best: 0.994700
2026-03-14 20:42:47 | INFO | Training complete.
2026-03-14 20:42:47 | INFO | Best checkpoint: ./save/cnn_overlap_new/subject_specific_SWELLDataset/finetuned_best_10.pt
2026-03-14 20:42:47 | INFO | [Epoch 029] total_loss=0.005285, Lr0=0.000080Lr1=0.000794, time=0.61s
2026-03-14 20:42:48 | INFO | Validation — loss=1.5535, acc=0.7086, f1=0.4854, recall=0.5316, precision=0.6799
2026-03-14 20:42:48 | INFO | [Epoch 030] total_loss=0.003892, Lr0=0.000078Lr1=0.000781, time=0.56s
2026-03-14 20:42:49 | INFO | Validation — loss=2.6181, acc=0.2129, f1=0.1958, recall=0.184, precision=0.2303
2026-03-14 20:42:50 | INFO | [Epoch 031] total_loss=0.002688, Lr0=0.000077Lr1=0.000768, time=0.60s
2026-03-14 20:42:51 | INFO | Validation — loss=2.1478, acc=0.435, f1=0.3344, recall=0.3336, precision=0.3353
2026-03-14 20:42:51 | INFO | [Epoch 032] total_loss=0.001755, Lr0=0.000076Lr1=0.000755, time=0.61s
2026-03-14 20:42:52 | INFO | Validation — loss=2.2136, acc=0.3852, f1=0.3062, recall=0.2985, precision=0.3153
2026-03-14 20:42:53 | INFO | [Epoch 033] total_loss=0.000929, Lr0=0.000074Lr1=0.000741, time=0.66s
2026-03-14 20:42:54 | INFO | Validation — loss=2.3829, acc=0.393, f1=0.3039, recall=0.2983, precision=0.3101
2026-03-14 20:42:54 | INFO | [Epoch 034] total_loss=0.000891, Lr0=0.000073Lr1=0.000727, time=0.58s
2026-03-14 20:42:55 | INFO | Validation — loss=2.2646, acc=0.5799, f1=0.3946, recall=0.4284, precision=0.3772
2026-03-14 20:42:56 | INFO | [Epoch 035] total_loss=0.000879, Lr0=0.000072Lr1=0.000713, time=0.59s
2026-03-14 20:42:56 | INFO | Validation — loss=2.1983, acc=0.6352, f1=0.4206, recall=0.468, precision=0.4163
2026-03-14 20:42:57 | INFO | [Epoch 036] total_loss=0.000612, Lr0=0.000070Lr1=0.000699, time=0.60s
2026-03-14 20:42:58 | INFO | Model forward EncoderClassifierModel(
  (encoder): CNNEncoder(
    (cnn_layers): Sequential(
      (0): Conv1d(1, 32, kernel_size=(10,), stride=(1,))
      (1): BatchNorm1d(32, eps=1e-05, momentum=0.1, affine=True, track_running_stats=True)
      (2): ReLU()
      (3): MaxPool1d(kernel_size=2, stride=2, padding=0, dilation=1, ceil_mode=False)
      (4): Dropout(p=0.0, inplace=False)
      (5): Conv1d(32, 64, kernel_size=(10,), stride=(1,))
      (6): BatchNorm1d(64, eps=1e-05, momentum=0.1, affine=True, track_running_stats=True)
      (7): ReLU()
      (8): MaxPool1d(kernel_size=2, stride=2, padding=0, dilation=1, ceil_mode=False)
      (9): Dropout(p=0.0, inplace=False)
      (10): Conv1d(64, 128, kernel_size=(10,), stride=(1,))
      (11): BatchNorm1d(128, eps=1e-05, momentum=0.1, affine=True, track_running_stats=True)
      (12): ReLU()
      (13): MaxPool1d(kernel_size=2, stride=2, padding=0, dilation=1, ceil_mode=False)
      (14): Dropout(p=0.0, inplace=False)
      (15): Conv1d(128, 256, kernel_size=(10,), stride=(1,))
      (16): BatchNorm1d(256, eps=1e-05, momentum=0.1, affine=True, track_running_stats=True)
      (17): ReLU()
      (18): MaxPool1d(kernel_size=2, stride=2, padding=0, dilation=1, ceil_mode=False)
      (19): Dropout(p=0.0, inplace=False)
    )
    (linear_layer): Sequential(
      (0): Linear(in_features=18176, out_features=64, bias=True)
      (1): ReLU()
    )
  )
  (classifier): Linear(in_features=64, out_features=1, bias=True)
  (loss_fn): BCEWithLogitsLoss()
)
2026-03-14 20:42:58 | INFO | Validation — loss=2.0915, acc=0.6749, f1=0.4427, recall=0.4978, precision=0.4903
2026-03-14 20:42:59 | INFO | [Epoch 037] total_loss=0.001396, Lr0=0.000069Lr1=0.000684, time=0.61s
2026-03-14 20:42:59 | INFO | [Epoch 000] total_loss=0.635227, Lr0=0.000100Lr1=0.001000, time=0.65s
2026-03-14 20:42:59 | INFO | Validation — loss=2.0025, acc=0.5749, f1=0.4129, recall=0.4354, precision=0.4042
2026-03-14 20:43:00 | INFO | [Epoch 038] total_loss=0.000599, Lr0=0.000067Lr1=0.000670, time=0.61s
2026-03-14 20:43:00 | INFO | Validation — loss=0.6251, acc=0.7023, f1=0.4125, recall=0.5, precision=0.3511
2026-03-14 20:43:00 | INFO | Best model logged 0.4125
2026-03-14 20:43:01 | INFO | [Epoch 001] total_loss=0.471005, Lr0=0.000100Lr1=0.000999, time=0.63s
2026-03-14 20:43:01 | INFO | Validation — loss=2.0977, acc=0.5387, f1=0.3903, recall=0.4075, precision=0.3797
2026-03-14 20:43:01 | INFO | [Epoch 039] total_loss=0.000601, Lr0=0.000066Lr1=0.000655, time=0.61s
2026-03-14 20:43:02 | INFO | Validation — loss=0.6753, acc=0.7023, f1=0.4125, recall=0.5, precision=0.3511
2026-03-14 20:43:02 | INFO | Validation — loss=2.0863, acc=0.641, f1=0.433, recall=0.4762, precision=0.4395
2026-03-14 20:43:03 | INFO | [Epoch 002] total_loss=0.311613, Lr0=0.000100Lr1=0.000998, time=0.63s
2026-03-14 20:43:03 | INFO | [Epoch 040] total_loss=0.000715, Lr0=0.000064Lr1=0.000640, time=0.59s
2026-03-14 20:43:04 | INFO | Validation — loss=2.0368, acc=0.6506, f1=0.4388, recall=0.4835, precision=0.4542
2026-03-14 20:43:04 | INFO | Validation — loss=0.6147, acc=0.7023, f1=0.4125, recall=0.5, precision=0.3511
2026-03-14 20:43:04 | INFO | [Epoch 041] total_loss=0.000712, Lr0=0.000063Lr1=0.000625, time=0.59s
2026-03-14 20:43:05 | INFO | [Epoch 003] total_loss=0.212532, Lr0=0.000100Lr1=0.000996, time=0.64s
2026-03-14 20:43:05 | INFO | Validation — loss=2.1787, acc=0.5559, f1=0.3944, recall=0.4171, precision=0.3818
2026-03-14 20:43:06 | INFO | [Epoch 042] total_loss=0.000421, Lr0=0.000061Lr1=0.000609, time=0.60s
2026-03-14 20:43:06 | INFO | Validation — loss=0.6562, acc=0.7023, f1=0.4125, recall=0.5, precision=0.3511
2026-03-14 20:43:07 | INFO | [Epoch 004] total_loss=0.167354, Lr0=0.000099Lr1=0.000994, time=0.64s
2026-03-14 20:43:07 | INFO | Validation — loss=2.2839, acc=0.524, f1=0.3765, recall=0.3934, precision=0.3647
2026-03-14 20:43:07 | INFO | [Epoch 043] total_loss=0.000544, Lr0=0.000060Lr1=0.000594, time=0.57s
2026-03-14 20:43:08 | INFO | Validation — loss=0.9253, acc=0.7023, f1=0.4125, recall=0.5, precision=0.3511
2026-03-14 20:43:08 | INFO | Validation — loss=2.2697, acc=0.602, f1=0.4115, recall=0.4471, precision=0.4002
2026-03-14 20:43:08 | INFO | Early stopping at epoch 43. Best: 0.940700
2026-03-14 20:43:08 | INFO | Training complete.
2026-03-14 20:43:08 | INFO | Best checkpoint: ./save/cnn_overlap_new/subject_specific_SWELLDataset/finetuned_best_13.pt
2026-03-14 20:43:09 | INFO | [Epoch 005] total_loss=0.125598, Lr0=0.000099Lr1=0.000991, time=0.66s
2026-03-14 20:43:10 | INFO | Validation — loss=2.2168, acc=0.7023, f1=0.4125, recall=0.5, precision=0.3511
2026-03-14 20:43:10 | INFO | [Epoch 006] total_loss=0.074259, Lr0=0.000099Lr1=0.000988, time=0.63s
2026-03-14 20:43:12 | INFO | Validation — loss=4.0685, acc=0.7023, f1=0.4125, recall=0.5, precision=0.3511
2026-03-14 20:43:12 | INFO | [Epoch 007] total_loss=0.108329, Lr0=0.000098Lr1=0.000984, time=0.64s
2026-03-14 20:43:14 | INFO | Validation — loss=1.1654, acc=0.7023, f1=0.4125, recall=0.5, precision=0.3511
2026-03-14 20:43:14 | INFO | [Epoch 008] total_loss=0.065953, Lr0=0.000098Lr1=0.000980, time=0.63s
2026-03-14 20:43:16 | INFO | Validation — loss=0.7306, acc=0.7041, f1=0.4191, recall=0.5031, precision=0.8518
2026-03-14 20:43:16 | INFO | Best model logged 0.4191
2026-03-14 20:43:16 | INFO | [Epoch 009] total_loss=0.032514, Lr0=0.000098Lr1=0.000976, time=0.61s
2026-03-14 20:43:18 | INFO | Validation — loss=0.5080, acc=0.8124, f1=0.7112, recall=0.685, precision=0.8946
2026-03-14 20:43:18 | INFO | Best model logged 0.7112
2026-03-14 20:43:18 | INFO | [Epoch 010] total_loss=0.036038, Lr0=0.000097Lr1=0.000970, time=0.64s
2026-03-14 20:43:19 | INFO | Model forward EncoderClassifierModel(
  (encoder): CNNEncoder(
    (cnn_layers): Sequential(
      (0): Conv1d(1, 32, kernel_size=(10,), stride=(1,))
      (1): BatchNorm1d(32, eps=1e-05, momentum=0.1, affine=True, track_running_stats=True)
      (2): ReLU()
      (3): MaxPool1d(kernel_size=2, stride=2, padding=0, dilation=1, ceil_mode=False)
      (4): Dropout(p=0.0, inplace=False)
      (5): Conv1d(32, 64, kernel_size=(10,), stride=(1,))
      (6): BatchNorm1d(64, eps=1e-05, momentum=0.1, affine=True, track_running_stats=True)
      (7): ReLU()
      (8): MaxPool1d(kernel_size=2, stride=2, padding=0, dilation=1, ceil_mode=False)
      (9): Dropout(p=0.0, inplace=False)
      (10): Conv1d(64, 128, kernel_size=(10,), stride=(1,))
      (11): BatchNorm1d(128, eps=1e-05, momentum=0.1, affine=True, track_running_stats=True)
      (12): ReLU()
      (13): MaxPool1d(kernel_size=2, stride=2, padding=0, dilation=1, ceil_mode=False)
      (14): Dropout(p=0.0, inplace=False)
      (15): Conv1d(128, 256, kernel_size=(10,), stride=(1,))
      (16): BatchNorm1d(256, eps=1e-05, momentum=0.1, affine=True, track_running_stats=True)
      (17): ReLU()
      (18): MaxPool1d(kernel_size=2, stride=2, padding=0, dilation=1, ceil_mode=False)
      (19): Dropout(p=0.0, inplace=False)
    )
    (linear_layer): Sequential(
      (0): Linear(in_features=18176, out_features=64, bias=True)
      (1): ReLU()
    )
  )
  (classifier): Linear(in_features=64, out_features=1, bias=True)
  (loss_fn): BCEWithLogitsLoss()
)
2026-03-14 20:43:19 | INFO | [Epoch 000] total_loss=0.637431, Lr0=0.000100Lr1=0.001000, time=0.57s
2026-03-14 20:43:20 | INFO | Validation — loss=1.7164, acc=0.3836, f1=0.3546, recall=0.5611, precision=0.6628
2026-03-14 20:43:20 | INFO | Validation — loss=0.6437, acc=0.6951, f1=0.4101, recall=0.5, precision=0.3475
2026-03-14 20:43:20 | INFO | Best model logged 0.4101
2026-03-14 20:43:20 | INFO | [Epoch 011] total_loss=0.024222, Lr0=0.000097Lr1=0.000965, time=0.63s
2026-03-14 20:43:21 | INFO | [Epoch 001] total_loss=0.477251, Lr0=0.000100Lr1=0.000999, time=0.63s
2026-03-14 20:43:22 | INFO | Validation — loss=1.7447, acc=0.4974, f1=0.4931, recall=0.6391, precision=0.6778
2026-03-14 20:43:22 | INFO | Validation — loss=0.6658, acc=0.6951, f1=0.4101, recall=0.5, precision=0.3475
2026-03-14 20:43:22 | INFO | [Epoch 012] total_loss=0.023312, Lr0=0.000096Lr1=0.000959, time=0.63s
2026-03-14 20:43:22 | INFO | [Epoch 002] total_loss=0.299284, Lr0=0.000100Lr1=0.000998, time=0.60s
2026-03-14 20:43:23 | INFO | Validation — loss=1.8583, acc=0.6951, f1=0.4101, recall=0.5, precision=0.3475
2026-03-14 20:43:24 | INFO | Validation — loss=2.7397, acc=0.3255, f1=0.2725, recall=0.5198, precision=0.6531
2026-03-14 20:43:24 | INFO | [Epoch 003] total_loss=0.208978, Lr0=0.000100Lr1=0.000996, time=0.61s
2026-03-14 20:43:24 | INFO | [Epoch 013] total_loss=0.031974, Lr0=0.000095Lr1=0.000952, time=0.63s
2026-03-14 20:43:25 | INFO | Validation — loss=2.3315, acc=0.6951, f1=0.4101, recall=0.5, precision=0.3475
2026-03-14 20:43:25 | INFO | [Epoch 004] total_loss=0.192607, Lr0=0.000099Lr1=0.000994, time=0.60s
2026-03-14 20:43:26 | INFO | Validation — loss=0.2312, acc=0.9119, f1=0.9016, recall=0.9338, precision=0.8855
2026-03-14 20:43:26 | INFO | Best model logged 0.9016
2026-03-14 20:43:26 | INFO | Validation — loss=4.0314, acc=0.6951, f1=0.4101, recall=0.5, precision=0.3475
2026-03-14 20:43:26 | INFO | [Epoch 014] total_loss=0.023680, Lr0=0.000095Lr1=0.000946, time=0.61s
2026-03-14 20:43:27 | INFO | [Epoch 005] total_loss=0.124903, Lr0=0.000099Lr1=0.000991, time=0.59s
2026-03-14 20:43:27 | INFO | Validation — loss=2.6303, acc=0.3681, f1=0.3336, recall=0.5501, precision=0.6601
2026-03-14 20:43:28 | INFO | Validation — loss=2.7856, acc=0.6951, f1=0.4101, recall=0.5, precision=0.3475
2026-03-14 20:43:28 | INFO | [Epoch 015] total_loss=0.020528, Lr0=0.000094Lr1=0.000938, time=0.62s
2026-03-14 20:43:28 | INFO | [Epoch 006] total_loss=0.103118, Lr0=0.000099Lr1=0.000988, time=0.57s
2026-03-14 20:43:29 | INFO | Validation — loss=2.7670, acc=0.6951, f1=0.4101, recall=0.5, precision=0.3475
2026-03-14 20:43:29 | INFO | Validation — loss=0.7855, acc=0.7496, f1=0.7434, recall=0.8211, precision=0.7709
2026-03-14 20:43:30 | INFO | [Epoch 007] total_loss=0.104052, Lr0=0.000098Lr1=0.000984, time=0.57s
2026-03-14 20:43:30 | INFO | [Epoch 016] total_loss=0.018809, Lr0=0.000093Lr1=0.000930, time=0.63s
2026-03-14 20:43:30 | INFO | Validation — loss=2.5057, acc=0.6951, f1=0.4101, recall=0.5, precision=0.3475
2026-03-14 20:43:31 | INFO | [Epoch 008] total_loss=0.064975, Lr0=0.000098Lr1=0.000980, time=0.59s
2026-03-14 20:43:31 | INFO | Validation — loss=3.3747, acc=0.3576, f1=0.3191, recall=0.5426, precision=0.6584
2026-03-14 20:43:32 | INFO | Validation — loss=2.4129, acc=0.6951, f1=0.4101, recall=0.5, precision=0.3475
2026-03-14 20:43:32 | INFO | [Epoch 017] total_loss=0.011567, Lr0=0.000092Lr1=0.000922, time=0.65s
2026-03-14 20:43:33 | INFO | [Epoch 009] total_loss=0.082761, Lr0=0.000098Lr1=0.000976, time=0.60s
2026-03-14 20:43:33 | INFO | Validation — loss=1.6340, acc=0.5618, f1=0.5613, recall=0.688, precision=0.7023
2026-03-14 20:43:33 | INFO | Validation — loss=0.7392, acc=0.6953, f1=0.4109, recall=0.5004, precision=0.8476
2026-03-14 20:43:33 | INFO | Best model logged 0.4109
2026-03-14 20:43:34 | INFO | [Epoch 018] total_loss=0.006809, Lr0=0.000091Lr1=0.000914, time=0.63s
2026-03-14 20:43:34 | INFO | [Epoch 010] total_loss=0.079734, Lr0=0.000097Lr1=0.000970, time=0.57s
2026-03-14 20:43:35 | INFO | Validation — loss=0.0995, acc=0.9625, f1=0.9541, recall=0.9385, precision=0.9744
2026-03-14 20:43:35 | INFO | Best model logged 0.9541
2026-03-14 20:43:35 | INFO | Validation — loss=0.7541, acc=0.7664, f1=0.7594, recall=0.8337, precision=0.7802
2026-03-14 20:43:35 | INFO | [Epoch 011] total_loss=0.084378, Lr0=0.000097Lr1=0.000965, time=0.60s
2026-03-14 20:43:36 | INFO | [Epoch 019] total_loss=0.005116, Lr0=0.000091Lr1=0.000905, time=0.63s
2026-03-14 20:43:36 | INFO | Validation — loss=0.0059, acc=1.0, f1=1.0, recall=1.0, precision=1.0
2026-03-14 20:43:36 | INFO | Best model logged 1.0
2026-03-14 20:43:37 | INFO | [Epoch 012] total_loss=0.053086, Lr0=0.000096Lr1=0.000959, time=0.58s
2026-03-14 20:43:37 | INFO | Validation — loss=0.8374, acc=0.7521, f1=0.7459, recall=0.8235, precision=0.7728
2026-03-14 20:43:38 | INFO | [Epoch 020] total_loss=0.016618, Lr0=0.000090Lr1=0.000895, time=0.63s
2026-03-14 20:43:38 | INFO | Validation — loss=0.0246, acc=0.992, f1=0.9907, recall=0.9943, precision=0.9873
2026-03-14 20:43:39 | INFO | [Epoch 013] total_loss=0.032638, Lr0=0.000095Lr1=0.000952, time=0.58s
2026-03-14 20:43:39 | INFO | Validation — loss=5.6403, acc=0.2987, f1=0.2309, recall=0.5006, precision=0.649
2026-03-14 20:43:39 | INFO | Validation — loss=0.0045, acc=0.9995, f1=0.9995, recall=0.9997, precision=0.9993
2026-03-14 20:43:40 | INFO | [Epoch 021] total_loss=0.016293, Lr0=0.000089Lr1=0.000885, time=0.65s
2026-03-14 20:43:40 | INFO | [Epoch 014] total_loss=0.024412, Lr0=0.000095Lr1=0.000946, time=0.61s
2026-03-14 20:43:41 | INFO | Validation — loss=0.0105, acc=0.9957, f1=0.9949, recall=0.9969, precision=0.993
2026-03-14 20:43:41 | INFO | Validation — loss=0.1776, acc=0.9388, f1=0.9297, recall=0.9485, precision=0.9164
2026-03-14 20:43:41 | INFO | Best model logged 0.9297
2026-03-14 20:43:41 | INFO | [Epoch 015] total_loss=0.023559, Lr0=0.000094Lr1=0.000938, time=0.60s
2026-03-14 20:43:42 | INFO | [Epoch 022] total_loss=0.020453, Lr0=0.000088Lr1=0.000875, time=0.62s
2026-03-14 20:43:42 | INFO | Validation — loss=0.4026, acc=0.8449, f1=0.8359, recall=0.8885, precision=0.8314
2026-03-14 20:43:43 | INFO | [Epoch 016] total_loss=0.024971, Lr0=0.000093Lr1=0.000930, time=0.61s
2026-03-14 20:43:43 | INFO | Validation — loss=1.5452, acc=0.5868, f1=0.5868, recall=0.7058, precision=0.7094
2026-03-14 20:43:44 | INFO | [Epoch 023] total_loss=0.009354, Lr0=0.000087Lr1=0.000865, time=0.65s
2026-03-14 20:43:44 | INFO | Validation — loss=0.2306, acc=0.9238, f1=0.9155, recall=0.9452, precision=0.9001
2026-03-14 20:43:44 | INFO | [Epoch 017] total_loss=0.013873, Lr0=0.000092Lr1=0.000922, time=0.60s
2026-03-14 20:43:45 | INFO | Validation — loss=1.0886, acc=0.6476, f1=0.6467, recall=0.7491, precision=0.729
2026-03-14 20:43:45 | INFO | Validation — loss=0.0123, acc=0.9952, f1=0.9944, recall=0.9966, precision=0.9923
2026-03-14 20:43:46 | INFO | [Epoch 024] total_loss=0.007916, Lr0=0.000086Lr1=0.000854, time=0.65s
2026-03-14 20:43:46 | INFO | [Epoch 018] total_loss=0.009531, Lr0=0.000091Lr1=0.000914, time=0.60s
2026-03-14 20:43:47 | INFO | Validation — loss=0.0709, acc=0.9729, f1=0.9688, recall=0.9805, precision=0.9592
2026-03-14 20:43:47 | INFO | Validation — loss=1.6554, acc=0.5506, f1=0.5497, recall=0.6801, precision=0.6993
2026-03-14 20:43:47 | INFO | [Epoch 019] total_loss=0.006867, Lr0=0.000091Lr1=0.000905, time=0.60s
2026-03-14 20:43:48 | INFO | [Epoch 025] total_loss=0.005502, Lr0=0.000084Lr1=0.000842, time=0.62s
2026-03-14 20:43:48 | INFO | Validation — loss=0.1588, acc=0.9409, f1=0.9336, recall=0.9575, precision=0.9188
2026-03-14 20:43:49 | INFO | [Epoch 020] total_loss=0.005218, Lr0=0.000090Lr1=0.000895, time=0.67s
2026-03-14 20:43:49 | INFO | Validation — loss=0.6687, acc=0.789, f1=0.7808, recall=0.8498, precision=0.7926
2026-03-14 20:43:50 | INFO | [Epoch 026] total_loss=0.003942, Lr0=0.000083Lr1=0.000831, time=0.66s
2026-03-14 20:43:50 | INFO | Validation — loss=0.0232, acc=0.9925, f1=0.9912, recall=0.9946, precision=0.988
2026-03-14 20:43:50 | INFO | [Epoch 021] total_loss=0.003069, Lr0=0.000089Lr1=0.000885, time=0.62s
2026-03-14 20:43:51 | INFO | Validation — loss=2.9498, acc=0.4193, f1=0.4007, recall=0.5865, precision=0.6695
2026-03-14 20:43:51 | INFO | Validation — loss=0.0048, acc=0.998, f1=0.9976, recall=0.9985, precision=0.9967
2026-03-14 20:43:52 | INFO | [Epoch 027] total_loss=0.002813, Lr0=0.000082Lr1=0.000819, time=0.64s
2026-03-14 20:43:52 | INFO | [Epoch 022] total_loss=0.005041, Lr0=0.000088Lr1=0.000875, time=0.64s
2026-03-14 20:43:53 | INFO | Validation — loss=0.0528, acc=0.9809, f1=0.9779, recall=0.9863, precision=0.9705
2026-03-14 20:43:53 | INFO | Validation — loss=1.1189, acc=0.6941, f1=0.6911, recall=0.7822, precision=0.7466
2026-03-14 20:43:53 | INFO | [Epoch 023] total_loss=0.003200, Lr0=0.000087Lr1=0.000865, time=0.61s
2026-03-14 20:43:54 | INFO | [Epoch 028] total_loss=0.002564, Lr0=0.000081Lr1=0.000807, time=0.64s
2026-03-14 20:43:54 | INFO | Validation — loss=0.0349, acc=0.9893, f1=0.9875, recall=0.9923, precision=0.9831
2026-03-14 20:43:55 | INFO | Validation — loss=2.1952, acc=0.5092, f1=0.5055, recall=0.6506, precision=0.6888
2026-03-14 20:43:55 | INFO | [Epoch 024] total_loss=0.004326, Lr0=0.000086Lr1=0.000854, time=0.61s
2026-03-14 20:43:55 | INFO | [Epoch 029] total_loss=0.001454, Lr0=0.000080Lr1=0.000794, time=0.66s
2026-03-14 20:43:56 | INFO | Validation — loss=0.0108, acc=0.995, f1=0.9941, recall=0.9964, precision=0.9919
2026-03-14 20:43:56 | INFO | [Epoch 025] total_loss=0.002486, Lr0=0.000084Lr1=0.000842, time=0.57s
2026-03-14 20:43:57 | INFO | Validation — loss=2.9831, acc=0.4225, f1=0.4047, recall=0.5888, precision=0.6701
2026-03-14 20:43:57 | INFO | Validation — loss=0.0866, acc=0.9673, f1=0.9625, recall=0.9764, precision=0.9515
2026-03-14 20:43:57 | INFO | [Epoch 030] total_loss=0.000991, Lr0=0.000078Lr1=0.000781, time=0.63s
2026-03-14 20:43:58 | INFO | [Epoch 026] total_loss=0.003299, Lr0=0.000083Lr1=0.000831, time=0.62s
2026-03-14 20:43:59 | INFO | Validation — loss=0.0790, acc=0.9695, f1=0.965, recall=0.9781, precision=0.9546
2026-03-14 20:43:59 | INFO | Validation — loss=2.5393, acc=0.4673, f1=0.4584, recall=0.6207, precision=0.6793
2026-03-14 20:43:59 | INFO | [Epoch 027] total_loss=0.001471, Lr0=0.000082Lr1=0.000819, time=0.61s
2026-03-14 20:43:59 | INFO | [Epoch 031] total_loss=0.000626, Lr0=0.000077Lr1=0.000768, time=0.63s
2026-03-14 20:44:00 | INFO | Validation — loss=0.0771, acc=0.97, f1=0.9655, recall=0.9784, precision=0.9552
2026-03-14 20:44:01 | INFO | [Epoch 028] total_loss=0.001149, Lr0=0.000081Lr1=0.000807, time=0.62s
2026-03-14 20:44:01 | INFO | Validation — loss=1.8770, acc=0.5611, f1=0.5606, recall=0.6875, precision=0.7021
2026-03-14 20:44:01 | INFO | [Epoch 032] total_loss=0.001518, Lr0=0.000076Lr1=0.000755, time=0.65s
2026-03-14 20:44:02 | INFO | Validation — loss=0.0514, acc=0.9832, f1=0.9804, recall=0.9879, precision=0.9739
2026-03-14 20:44:02 | INFO | [Epoch 029] total_loss=0.001134, Lr0=0.000080Lr1=0.000794, time=0.57s
2026-03-14 20:44:03 | INFO | Validation — loss=2.4823, acc=0.4883, f1=0.4823, recall=0.6357, precision=0.6839
2026-03-14 20:44:03 | INFO | Validation — loss=0.0337, acc=0.9905, f1=0.9888, recall=0.9931, precision=0.9848
2026-03-14 20:44:03 | INFO | [Epoch 033] total_loss=0.000854, Lr0=0.000074Lr1=0.000741, time=0.64s
2026-03-14 20:44:04 | INFO | [Epoch 030] total_loss=0.001186, Lr0=0.000078Lr1=0.000781, time=0.62s
2026-03-14 20:44:04 | INFO | Validation — loss=0.0289, acc=0.9911, f1=0.9896, recall=0.9936, precision=0.9859
2026-03-14 20:44:05 | INFO | Validation — loss=2.5726, acc=0.4833, f1=0.4767, recall=0.6321, precision=0.6828
2026-03-14 20:44:05 | INFO | [Epoch 031] total_loss=0.000700, Lr0=0.000077Lr1=0.000768, time=0.58s
2026-03-14 20:44:05 | INFO | [Epoch 034] total_loss=0.001070, Lr0=0.000073Lr1=0.000727, time=0.63s
2026-03-14 20:44:06 | INFO | Validation — loss=0.0406, acc=0.9879, f1=0.9859, recall=0.9913, precision=0.981
2026-03-14 20:44:06 | INFO | Early stopping at epoch 31. Best: 1.000000
2026-03-14 20:44:06 | INFO | Training complete.
2026-03-14 20:44:06 | INFO | Best checkpoint: ./save/cnn_overlap_new/subject_specific_SWELLDataset/finetuned_best_14.pt
2026-03-14 20:44:07 | INFO | Validation — loss=1.7825, acc=0.5914, f1=0.5914, recall=0.7091, precision=0.7108
2026-03-14 20:44:07 | INFO | [Epoch 035] total_loss=0.000590, Lr0=0.000072Lr1=0.000713, time=0.63s
2026-03-14 20:44:09 | INFO | Validation — loss=1.6544, acc=0.6201, f1=0.6198, recall=0.7295, precision=0.7197
2026-03-14 20:44:09 | INFO | [Epoch 036] total_loss=0.000681, Lr0=0.000070Lr1=0.000699, time=0.65s
2026-03-14 20:44:11 | INFO | Validation — loss=2.0052, acc=0.5648, f1=0.5644, recall=0.6901, precision=0.7031
2026-03-14 20:44:11 | INFO | [Epoch 037] total_loss=0.000405, Lr0=0.000069Lr1=0.000684, time=0.66s
2026-03-14 20:44:12 | INFO | Validation — loss=2.2980, acc=0.532, f1=0.5301, recall=0.6668, precision=0.6944
2026-03-14 20:44:13 | INFO | [Epoch 038] total_loss=0.000428, Lr0=0.000067Lr1=0.000670, time=0.65s
2026-03-14 20:44:14 | INFO | Validation — loss=2.2030, acc=0.5431, f1=0.5419, recall=0.6747, precision=0.6973
2026-03-14 20:44:15 | INFO | [Epoch 039] total_loss=0.000341, Lr0=0.000066Lr1=0.000655, time=0.63s
2026-03-14 20:44:16 | INFO | Validation — loss=2.1907, acc=0.5447, f1=0.5436, recall=0.6759, precision=0.6977
2026-03-14 20:44:17 | INFO | [Epoch 040] total_loss=0.000552, Lr0=0.000064Lr1=0.000640, time=0.63s
2026-03-14 20:44:18 | INFO | Validation — loss=2.0811, acc=0.5595, f1=0.559, recall=0.6864, precision=0.7017
2026-03-14 20:44:19 | INFO | [Epoch 041] total_loss=0.000351, Lr0=0.000063Lr1=0.000625, time=0.63s
2026-03-14 20:44:20 | INFO | Validation — loss=2.0798, acc=0.5586, f1=0.558, recall=0.6857, precision=0.7014
2026-03-14 20:44:20 | INFO | Early stopping at epoch 41. Best: 0.929700
2026-03-14 20:44:20 | INFO | Training complete.
2026-03-14 20:44:20 | INFO | Best checkpoint: ./save/cnn_overlap_new/subject_specific_SWELLDataset/finetuned_best_11.pt
2026-03-14 20:44:30 | INFO | Model forward EncoderClassifierModel(
  (encoder): CNNEncoder(
    (cnn_layers): Sequential(
      (0): Conv1d(1, 32, kernel_size=(10,), stride=(1,))
      (1): BatchNorm1d(32, eps=1e-05, momentum=0.1, affine=True, track_running_stats=True)
      (2): ReLU()
      (3): MaxPool1d(kernel_size=2, stride=2, padding=0, dilation=1, ceil_mode=False)
      (4): Dropout(p=0.0, inplace=False)
      (5): Conv1d(32, 64, kernel_size=(10,), stride=(1,))
      (6): BatchNorm1d(64, eps=1e-05, momentum=0.1, affine=True, track_running_stats=True)
      (7): ReLU()
      (8): MaxPool1d(kernel_size=2, stride=2, padding=0, dilation=1, ceil_mode=False)
      (9): Dropout(p=0.0, inplace=False)
      (10): Conv1d(64, 128, kernel_size=(10,), stride=(1,))
      (11): BatchNorm1d(128, eps=1e-05, momentum=0.1, affine=True, track_running_stats=True)
      (12): ReLU()
      (13): MaxPool1d(kernel_size=2, stride=2, padding=0, dilation=1, ceil_mode=False)
      (14): Dropout(p=0.0, inplace=False)
      (15): Conv1d(128, 256, kernel_size=(10,), stride=(1,))
      (16): BatchNorm1d(256, eps=1e-05, momentum=0.1, affine=True, track_running_stats=True)
      (17): ReLU()
      (18): MaxPool1d(kernel_size=2, stride=2, padding=0, dilation=1, ceil_mode=False)
      (19): Dropout(p=0.0, inplace=False)
    )
    (linear_layer): Sequential(
      (0): Linear(in_features=18176, out_features=64, bias=True)
      (1): ReLU()
    )
  )
  (classifier): Linear(in_features=64, out_features=1, bias=True)
  (loss_fn): BCEWithLogitsLoss()
)
2026-03-14 20:44:31 | INFO | [Epoch 000] total_loss=0.638638, Lr0=0.000100Lr1=0.001000, time=0.64s
2026-03-14 20:44:32 | INFO | Validation — loss=0.6428, acc=0.7095, f1=0.415, recall=0.5, precision=0.3547
2026-03-14 20:44:32 | INFO | Best model logged 0.415
2026-03-14 20:44:33 | INFO | [Epoch 001] total_loss=0.489109, Lr0=0.000100Lr1=0.000999, time=0.64s
2026-03-14 20:44:35 | INFO | Validation — loss=0.6048, acc=0.7095, f1=0.415, recall=0.5, precision=0.3547
2026-03-14 20:44:35 | INFO | [Epoch 002] total_loss=0.314034, Lr0=0.000100Lr1=0.000998, time=0.71s
2026-03-14 20:44:37 | INFO | Validation — loss=0.6140, acc=0.7095, f1=0.415, recall=0.5, precision=0.3547
2026-03-14 20:44:37 | INFO | [Epoch 003] total_loss=0.205489, Lr0=0.000100Lr1=0.000996, time=0.67s
2026-03-14 20:44:39 | INFO | Validation — loss=1.5778, acc=0.2905, f1=0.2251, recall=0.5, precision=0.1453
2026-03-14 20:44:39 | INFO | [Epoch 004] total_loss=0.226729, Lr0=0.000099Lr1=0.000994, time=0.62s
2026-03-14 20:44:41 | INFO | Validation — loss=0.6692, acc=0.7095, f1=0.415, recall=0.5, precision=0.3547
2026-03-14 20:44:41 | INFO | [Epoch 005] total_loss=0.150817, Lr0=0.000099Lr1=0.000991, time=0.64s
2026-03-14 20:44:42 | INFO | Validation — loss=0.6154, acc=0.7095, f1=0.415, recall=0.5, precision=0.3547
2026-03-14 20:44:43 | INFO | [Epoch 006] total_loss=0.104224, Lr0=0.000099Lr1=0.000988, time=0.62s
2026-03-14 20:44:44 | INFO | Validation — loss=0.9423, acc=0.7095, f1=0.415, recall=0.5, precision=0.3547
2026-03-14 20:44:45 | INFO | [Epoch 007] total_loss=0.056994, Lr0=0.000098Lr1=0.000984, time=0.64s
2026-03-14 20:44:46 | INFO | Validation — loss=0.9207, acc=0.7095, f1=0.415, recall=0.5, precision=0.3547
2026-03-14 20:44:47 | INFO | [Epoch 008] total_loss=0.049557, Lr0=0.000098Lr1=0.000980, time=0.63s
2026-03-14 20:44:48 | INFO | Validation — loss=1.7500, acc=0.7095, f1=0.415, recall=0.5, precision=0.3547
2026-03-14 20:44:49 | INFO | [Epoch 009] total_loss=0.056145, Lr0=0.000098Lr1=0.000976, time=0.64s
2026-03-14 20:44:50 | INFO | Validation — loss=0.1713, acc=0.9306, f1=0.9089, recall=0.8806, precision=0.9554
2026-03-14 20:44:50 | INFO | Best model logged 0.9089
2026-03-14 20:44:51 | INFO | [Epoch 010] total_loss=0.037046, Lr0=0.000097Lr1=0.000970, time=0.63s
2026-03-14 20:44:53 | INFO | Validation — loss=0.1167, acc=0.9707, f1=0.9634, recall=0.9505, precision=0.979
2026-03-14 20:44:53 | INFO | Best model logged 0.9634
2026-03-14 20:44:54 | INFO | [Epoch 011] total_loss=0.027654, Lr0=0.000097Lr1=0.000965, time=0.66s
2026-03-14 20:44:55 | INFO | Validation — loss=0.1396, acc=0.9525, f1=0.9432, recall=0.9494, precision=0.9375
2026-03-14 20:44:55 | INFO | [Epoch 012] total_loss=0.029924, Lr0=0.000096Lr1=0.000959, time=0.63s
2026-03-14 20:44:57 | INFO | Validation — loss=0.3590, acc=0.8485, f1=0.8367, recall=0.8923, precision=0.8281
2026-03-14 20:44:57 | INFO | [Epoch 013] total_loss=0.022935, Lr0=0.000095Lr1=0.000952, time=0.65s
2026-03-14 20:44:59 | INFO | Validation — loss=0.2397, acc=0.9128, f1=0.8828, recall=0.85, precision=0.9453
2026-03-14 20:44:59 | INFO | [Epoch 014] total_loss=0.020429, Lr0=0.000095Lr1=0.000946, time=0.63s
2026-03-14 20:45:01 | INFO | Validation — loss=0.3681, acc=0.869, f1=0.8572, recall=0.9077, precision=0.8446
2026-03-14 20:45:01 | INFO | [Epoch 015] total_loss=0.031992, Lr0=0.000094Lr1=0.000938, time=0.64s
2026-03-14 20:45:03 | INFO | Validation — loss=0.2166, acc=0.8944, f1=0.8798, recall=0.9075, precision=0.8643
2026-03-14 20:45:03 | INFO | [Epoch 016] total_loss=0.028376, Lr0=0.000093Lr1=0.000930, time=0.64s
2026-03-14 20:45:05 | INFO | Validation — loss=0.0356, acc=0.9852, f1=0.982, recall=0.9802, precision=0.9839
2026-03-14 20:45:05 | INFO | Best model logged 0.982
2026-03-14 20:45:06 | INFO | [Epoch 017] total_loss=0.024024, Lr0=0.000092Lr1=0.000922, time=0.65s
2026-03-14 20:45:07 | INFO | Validation — loss=0.3696, acc=0.8649, f1=0.853, recall=0.9048, precision=0.8413
2026-03-14 20:45:08 | INFO | [Epoch 018] total_loss=0.030390, Lr0=0.000091Lr1=0.000914, time=0.63s
2026-03-14 20:45:09 | INFO | Validation — loss=0.0410, acc=0.9827, f1=0.9789, recall=0.9752, precision=0.9828
2026-03-14 20:45:10 | INFO | [Epoch 019] total_loss=0.052425, Lr0=0.000091Lr1=0.000905, time=0.64s
2026-03-14 20:45:11 | INFO | Validation — loss=0.0678, acc=0.9719, f1=0.9648, recall=0.9516, precision=0.9809
2026-03-14 20:45:12 | INFO | [Epoch 020] total_loss=0.024734, Lr0=0.000090Lr1=0.000895, time=0.64s
2026-03-14 20:45:13 | INFO | Validation — loss=0.1224, acc=0.95, f1=0.9411, recall=0.9547, precision=0.9302
2026-03-14 20:45:14 | INFO | [Epoch 021] total_loss=0.010693, Lr0=0.000089Lr1=0.000885, time=0.61s
2026-03-14 20:45:15 | INFO | Validation — loss=1.5095, acc=0.4923, f1=0.4882, recall=0.6422, precision=0.682
2026-03-14 20:45:16 | INFO | [Epoch 022] total_loss=0.006392, Lr0=0.000088Lr1=0.000875, time=0.65s
2026-03-14 20:45:17 | INFO | Validation — loss=1.0368, acc=0.6539, f1=0.6521, recall=0.7561, precision=0.7282
2026-03-14 20:45:17 | INFO | [Epoch 023] total_loss=0.002689, Lr0=0.000087Lr1=0.000865, time=0.64s
2026-03-14 20:45:19 | INFO | Validation — loss=0.2218, acc=0.9032, f1=0.8919, recall=0.9315, precision=0.875
2026-03-14 20:45:19 | INFO | [Epoch 024] total_loss=0.007659, Lr0=0.000086Lr1=0.000854, time=0.66s
2026-03-14 20:45:21 | INFO | Validation — loss=0.3977, acc=0.86, f1=0.8482, recall=0.9014, precision=0.8374
2026-03-14 20:45:21 | INFO | [Epoch 025] total_loss=0.003567, Lr0=0.000084Lr1=0.000842, time=0.63s
2026-03-14 20:45:23 | INFO | Validation — loss=0.3500, acc=0.8757, f1=0.8639, recall=0.9124, precision=0.8502
2026-03-14 20:45:23 | INFO | [Epoch 026] total_loss=0.002854, Lr0=0.000083Lr1=0.000831, time=0.64s
2026-03-14 20:45:25 | INFO | Validation — loss=0.1495, acc=0.9331, f1=0.9234, recall=0.9505, precision=0.9067
2026-03-14 20:45:25 | INFO | [Epoch 027] total_loss=0.001859, Lr0=0.000082Lr1=0.000819, time=0.64s
2026-03-14 20:45:27 | INFO | Validation — loss=0.3082, acc=0.8819, f1=0.8702, recall=0.9168, precision=0.8555
2026-03-14 20:45:27 | INFO | [Epoch 028] total_loss=0.001371, Lr0=0.000081Lr1=0.000807, time=0.65s
2026-03-14 20:45:29 | INFO | Validation — loss=0.2831, acc=0.8907, f1=0.8791, recall=0.923, precision=0.8633
2026-03-14 20:45:29 | INFO | [Epoch 029] total_loss=0.001072, Lr0=0.000080Lr1=0.000794, time=0.63s
2026-03-14 20:45:31 | INFO | Validation — loss=0.2736, acc=0.8935, f1=0.882, recall=0.9249, precision=0.8659
2026-03-14 20:45:31 | INFO | [Epoch 030] total_loss=0.001135, Lr0=0.000078Lr1=0.000781, time=0.63s
2026-03-14 20:45:32 | INFO | Validation — loss=0.2418, acc=0.9027, f1=0.8915, recall=0.9314, precision=0.8746
2026-03-14 20:45:33 | INFO | [Epoch 031] total_loss=0.001790, Lr0=0.000077Lr1=0.000768, time=0.65s
2026-03-14 20:45:34 | INFO | Validation — loss=0.1955, acc=0.9198, f1=0.9094, recall=0.9435, precision=0.8918
2026-03-14 20:45:35 | INFO | [Epoch 032] total_loss=0.001122, Lr0=0.000076Lr1=0.000755, time=0.64s
2026-03-14 20:45:36 | INFO | Validation — loss=0.1916, acc=0.9216, f1=0.9113, recall=0.9445, precision=0.8937
2026-03-14 20:45:37 | INFO | [Epoch 033] total_loss=0.002013, Lr0=0.000074Lr1=0.000741, time=0.64s
2026-03-14 20:45:38 | INFO | Validation — loss=0.1599, acc=0.9336, f1=0.9241, recall=0.953, precision=0.907
2026-03-14 20:45:39 | INFO | [Epoch 034] total_loss=0.000968, Lr0=0.000073Lr1=0.000727, time=0.64s
2026-03-14 20:45:40 | INFO | Validation — loss=0.2000, acc=0.9168, f1=0.9062, recall=0.9411, precision=0.8886
2026-03-14 20:45:41 | INFO | [Epoch 035] total_loss=0.000985, Lr0=0.000072Lr1=0.000713, time=0.64s
2026-03-14 20:45:42 | INFO | Validation — loss=0.2135, acc=0.9145, f1=0.9038, recall=0.9397, precision=0.8863
2026-03-14 20:45:43 | INFO | [Epoch 036] total_loss=0.000660, Lr0=0.000070Lr1=0.000699, time=0.63s
2026-03-14 20:45:44 | INFO | Validation — loss=0.1910, acc=0.9232, f1=0.913, recall=0.9459, precision=0.8955
2026-03-14 20:45:44 | INFO | Early stopping at epoch 36. Best: 0.982000
2026-03-14 20:45:44 | INFO | Training complete.
2026-03-14 20:45:44 | INFO | Best checkpoint: ./save/cnn_overlap_new/subject_specific_SWELLDataset/finetuned_best_12.pt
2026-03-14 20:45:55 | INFO | Model forward EncoderClassifierModel(
  (encoder): CNNEncoder(
    (cnn_layers): Sequential(
      (0): Conv1d(1, 32, kernel_size=(10,), stride=(1,))
      (1): BatchNorm1d(32, eps=1e-05, momentum=0.1, affine=True, track_running_stats=True)
      (2): ReLU()
      (3): MaxPool1d(kernel_size=2, stride=2, padding=0, dilation=1, ceil_mode=False)
      (4): Dropout(p=0.0, inplace=False)
      (5): Conv1d(32, 64, kernel_size=(10,), stride=(1,))
      (6): BatchNorm1d(64, eps=1e-05, momentum=0.1, affine=True, track_running_stats=True)
      (7): ReLU()
      (8): MaxPool1d(kernel_size=2, stride=2, padding=0, dilation=1, ceil_mode=False)
      (9): Dropout(p=0.0, inplace=False)
      (10): Conv1d(64, 128, kernel_size=(10,), stride=(1,))
      (11): BatchNorm1d(128, eps=1e-05, momentum=0.1, affine=True, track_running_stats=True)
      (12): ReLU()
      (13): MaxPool1d(kernel_size=2, stride=2, padding=0, dilation=1, ceil_mode=False)
      (14): Dropout(p=0.0, inplace=False)
      (15): Conv1d(128, 256, kernel_size=(10,), stride=(1,))
      (16): BatchNorm1d(256, eps=1e-05, momentum=0.1, affine=True, track_running_stats=True)
      (17): ReLU()
      (18): MaxPool1d(kernel_size=2, stride=2, padding=0, dilation=1, ceil_mode=False)
      (19): Dropout(p=0.0, inplace=False)
    )
    (linear_layer): Sequential(
      (0): Linear(in_features=18176, out_features=64, bias=True)
      (1): ReLU()
    )
  )
  (classifier): Linear(in_features=64, out_features=1, bias=True)
  (loss_fn): BCEWithLogitsLoss()
)
2026-03-14 20:45:55 | INFO | [Epoch 000] total_loss=0.631305, Lr0=0.000100Lr1=0.001000, time=0.61s
2026-03-14 20:45:57 | INFO | Validation — loss=0.6501, acc=0.6972, f1=0.4108, recall=0.5, precision=0.3486
2026-03-14 20:45:57 | INFO | Best model logged 0.4108
2026-03-14 20:45:57 | INFO | [Epoch 001] total_loss=0.455870, Lr0=0.000100Lr1=0.000999, time=0.62s
2026-03-14 20:45:59 | INFO | Validation — loss=0.6151, acc=0.6972, f1=0.4108, recall=0.5, precision=0.3486
2026-03-14 20:45:59 | INFO | [Epoch 002] total_loss=0.281311, Lr0=0.000100Lr1=0.000998, time=0.67s
2026-03-14 20:46:01 | INFO | Validation — loss=0.7543, acc=0.6972, f1=0.4108, recall=0.5, precision=0.3486
2026-03-14 20:46:01 | INFO | [Epoch 003] total_loss=0.201172, Lr0=0.000100Lr1=0.000996, time=0.62s
2026-03-14 20:46:03 | INFO | Validation — loss=2.2432, acc=0.6972, f1=0.4108, recall=0.5, precision=0.3486
2026-03-14 20:46:03 | INFO | [Epoch 004] total_loss=0.142658, Lr0=0.000099Lr1=0.000994, time=0.63s
2026-03-14 20:46:05 | INFO | Validation — loss=2.6720, acc=0.6972, f1=0.4108, recall=0.5, precision=0.3486
2026-03-14 20:46:05 | INFO | [Epoch 005] total_loss=0.162916, Lr0=0.000099Lr1=0.000991, time=0.62s
2026-03-14 20:46:07 | INFO | Validation — loss=1.5659, acc=0.6972, f1=0.4108, recall=0.5, precision=0.3486
2026-03-14 20:46:07 | INFO | [Epoch 006] total_loss=0.159606, Lr0=0.000099Lr1=0.000988, time=0.65s
2026-03-14 20:46:09 | INFO | Validation — loss=1.6676, acc=0.6972, f1=0.4108, recall=0.5, precision=0.3486
2026-03-14 20:46:09 | INFO | [Epoch 007] total_loss=0.085713, Lr0=0.000098Lr1=0.000984, time=0.63s
2026-03-14 20:46:11 | INFO | Validation — loss=2.0986, acc=0.6972, f1=0.4108, recall=0.5, precision=0.3486
2026-03-14 20:46:11 | INFO | [Epoch 008] total_loss=0.064606, Lr0=0.000098Lr1=0.000980, time=0.63s
2026-03-14 20:46:13 | INFO | Validation — loss=1.1786, acc=0.6972, f1=0.4108, recall=0.5, precision=0.3486
2026-03-14 20:46:13 | INFO | [Epoch 009] total_loss=0.044634, Lr0=0.000098Lr1=0.000976, time=0.65s
2026-03-14 20:46:15 | INFO | Validation — loss=0.9374, acc=0.6972, f1=0.4108, recall=0.5, precision=0.3486
2026-03-14 20:46:15 | INFO | [Epoch 010] total_loss=0.039191, Lr0=0.000097Lr1=0.000970, time=0.62s
2026-03-14 20:46:16 | INFO | Validation — loss=0.6331, acc=0.7458, f1=0.5617, recall=0.5805, precision=0.8641
2026-03-14 20:46:16 | INFO | Best model logged 0.5617
2026-03-14 20:46:17 | INFO | [Epoch 011] total_loss=0.025302, Lr0=0.000097Lr1=0.000965, time=0.62s
2026-03-14 20:46:18 | INFO | Validation — loss=1.3425, acc=0.6981, f1=0.414, recall=0.5015, precision=0.8489
2026-03-14 20:46:19 | INFO | [Epoch 012] total_loss=0.027819, Lr0=0.000096Lr1=0.000959, time=0.65s
2026-03-14 20:46:20 | INFO | Validation — loss=0.8622, acc=0.7467, f1=0.5647, recall=0.5822, precision=0.8623
2026-03-14 20:46:20 | INFO | Best model logged 0.5647
2026-03-14 20:46:21 | INFO | [Epoch 013] total_loss=0.022158, Lr0=0.000095Lr1=0.000952, time=0.61s
2026-03-14 20:46:22 | INFO | Validation — loss=0.5144, acc=0.824, f1=0.7392, recall=0.7095, precision=0.8992
2026-03-14 20:46:22 | INFO | Best model logged 0.7392
2026-03-14 20:46:23 | INFO | [Epoch 014] total_loss=0.019769, Lr0=0.000095Lr1=0.000946, time=0.61s
2026-03-14 20:46:24 | INFO | Validation — loss=0.9186, acc=0.7451, f1=0.5594, recall=0.5792, precision=0.8661
2026-03-14 20:46:25 | INFO | [Epoch 015] total_loss=0.019422, Lr0=0.000094Lr1=0.000938, time=0.68s
2026-03-14 20:46:26 | INFO | Validation — loss=1.0609, acc=0.7364, f1=0.5352, recall=0.5648, precision=0.8628
2026-03-14 20:46:27 | INFO | [Epoch 016] total_loss=0.021009, Lr0=0.000093Lr1=0.000930, time=0.63s
2026-03-14 20:46:28 | INFO | Validation — loss=1.6836, acc=0.7098, f1=0.4539, recall=0.5208, precision=0.853
2026-03-14 20:46:29 | INFO | [Epoch 017] total_loss=0.013756, Lr0=0.000092Lr1=0.000922, time=0.64s
2026-03-14 20:46:30 | INFO | Validation — loss=1.2996, acc=0.7272, f1=0.5085, recall=0.5496, precision=0.8594
2026-03-14 20:46:31 | INFO | [Epoch 018] total_loss=0.008840, Lr0=0.000091Lr1=0.000914, time=0.65s
2026-03-14 20:46:32 | INFO | Validation — loss=1.6086, acc=0.3228, f1=0.2975, recall=0.2936, precision=0.3257
2026-03-14 20:46:33 | INFO | [Epoch 019] total_loss=0.003954, Lr0=0.000091Lr1=0.000905, time=0.63s
2026-03-14 20:46:34 | INFO | Validation — loss=1.5109, acc=0.7031, f1=0.4785, recall=0.5261, precision=0.6409
2026-03-14 20:46:35 | INFO | [Epoch 020] total_loss=0.002821, Lr0=0.000090Lr1=0.000895, time=0.65s
2026-03-14 20:46:36 | INFO | Validation — loss=2.0389, acc=0.6999, f1=0.4205, recall=0.5045, precision=0.8496
2026-03-14 20:46:37 | INFO | [Epoch 021] total_loss=0.002520, Lr0=0.000089Lr1=0.000885, time=0.65s
2026-03-14 20:46:38 | INFO | Validation — loss=1.9118, acc=0.7054, f1=0.4414, recall=0.5143, precision=0.8159
2026-03-14 20:46:39 | INFO | [Epoch 022] total_loss=0.001514, Lr0=0.000088Lr1=0.000875, time=0.73s
2026-03-14 20:46:40 | INFO | Validation — loss=1.6525, acc=0.7144, f1=0.4718, recall=0.5295, precision=0.8255
2026-03-14 20:46:41 | INFO | [Epoch 023] total_loss=0.002484, Lr0=0.000087Lr1=0.000865, time=0.64s
2026-03-14 20:46:42 | INFO | Validation — loss=2.2252, acc=0.3145, f1=0.2708, recall=0.2581, precision=0.2939
2026-03-14 20:46:43 | INFO | [Epoch 024] total_loss=0.001859, Lr0=0.000086Lr1=0.000854, time=0.63s
2026-03-14 20:46:44 | INFO | Validation — loss=2.5047, acc=0.5634, f1=0.3798, recall=0.4131, precision=0.3584
2026-03-14 20:46:45 | INFO | [Epoch 025] total_loss=0.002560, Lr0=0.000084Lr1=0.000842, time=0.63s
2026-03-14 20:46:46 | INFO | Validation — loss=1.9547, acc=0.6862, f1=0.4544, recall=0.5082, precision=0.5398
2026-03-14 20:46:47 | INFO | [Epoch 026] total_loss=0.003461, Lr0=0.000083Lr1=0.000831, time=0.63s
2026-03-14 20:46:48 | INFO | Validation — loss=1.9267, acc=0.7183, f1=0.4811, recall=0.5348, precision=0.8561
2026-03-14 20:46:49 | INFO | [Epoch 027] total_loss=0.006545, Lr0=0.000082Lr1=0.000819, time=0.63s
2026-03-14 20:46:50 | INFO | Validation — loss=1.4983, acc=0.7376, f1=0.5384, recall=0.5667, precision=0.8633
2026-03-14 20:46:51 | INFO | [Epoch 028] total_loss=0.006509, Lr0=0.000081Lr1=0.000807, time=0.63s
2026-03-14 20:46:52 | INFO | Validation — loss=1.9920, acc=0.7197, f1=0.4854, recall=0.5371, precision=0.8566
2026-03-14 20:46:53 | INFO | [Epoch 029] total_loss=0.010251, Lr0=0.000080Lr1=0.000794, time=0.64s
2026-03-14 20:46:54 | INFO | Validation — loss=2.4357, acc=0.7073, f1=0.4455, recall=0.5167, precision=0.8521
2026-03-14 20:46:55 | INFO | [Epoch 030] total_loss=0.042445, Lr0=0.000078Lr1=0.000781, time=0.63s
2026-03-14 20:46:56 | INFO | Validation — loss=4.8461, acc=0.2907, f1=0.2266, recall=0.4786, precision=0.193
2026-03-14 20:46:57 | INFO | [Epoch 031] total_loss=0.049211, Lr0=0.000077Lr1=0.000768, time=0.69s
2026-03-14 20:46:58 | INFO | Validation — loss=2.4641, acc=0.2829, f1=0.2457, recall=0.4385, precision=0.3257
2026-03-14 20:46:58 | INFO | [Epoch 032] total_loss=0.046769, Lr0=0.000076Lr1=0.000755, time=0.65s
2026-03-14 20:47:00 | INFO | Validation — loss=1.7989, acc=0.3388, f1=0.2885, recall=0.5254, precision=0.6508
2026-03-14 20:47:00 | INFO | [Epoch 033] total_loss=0.017155, Lr0=0.000074Lr1=0.000741, time=0.63s
2026-03-14 20:47:02 | INFO | Validation — loss=0.9363, acc=0.6905, f1=0.5578, recall=0.5619, precision=0.6028
2026-03-14 20:47:02 | INFO | Early stopping at epoch 33. Best: 0.739200
2026-03-14 20:47:02 | INFO | Training complete.
2026-03-14 20:47:02 | INFO | Best checkpoint: ./save/cnn_overlap_new/subject_specific_SWELLDataset/finetuned_best_13.pt
2026-03-14 20:47:12 | INFO | Model forward EncoderClassifierModel(
  (encoder): CNNEncoder(
    (cnn_layers): Sequential(
      (0): Conv1d(1, 32, kernel_size=(10,), stride=(1,))
      (1): BatchNorm1d(32, eps=1e-05, momentum=0.1, affine=True, track_running_stats=True)
      (2): ReLU()
      (3): MaxPool1d(kernel_size=2, stride=2, padding=0, dilation=1, ceil_mode=False)
      (4): Dropout(p=0.0, inplace=False)
      (5): Conv1d(32, 64, kernel_size=(10,), stride=(1,))
      (6): BatchNorm1d(64, eps=1e-05, momentum=0.1, affine=True, track_running_stats=True)
      (7): ReLU()
      (8): MaxPool1d(kernel_size=2, stride=2, padding=0, dilation=1, ceil_mode=False)
      (9): Dropout(p=0.0, inplace=False)
      (10): Conv1d(64, 128, kernel_size=(10,), stride=(1,))
      (11): BatchNorm1d(128, eps=1e-05, momentum=0.1, affine=True, track_running_stats=True)
      (12): ReLU()
      (13): MaxPool1d(kernel_size=2, stride=2, padding=0, dilation=1, ceil_mode=False)
      (14): Dropout(p=0.0, inplace=False)
      (15): Conv1d(128, 256, kernel_size=(10,), stride=(1,))
      (16): BatchNorm1d(256, eps=1e-05, momentum=0.1, affine=True, track_running_stats=True)
      (17): ReLU()
      (18): MaxPool1d(kernel_size=2, stride=2, padding=0, dilation=1, ceil_mode=False)
      (19): Dropout(p=0.0, inplace=False)
    )
    (linear_layer): Sequential(
      (0): Linear(in_features=18176, out_features=64, bias=True)
      (1): ReLU()
    )
  )
  (classifier): Linear(in_features=64, out_features=1, bias=True)
  (loss_fn): BCEWithLogitsLoss()
)
2026-03-14 20:47:13 | INFO | [Epoch 000] total_loss=0.637444, Lr0=0.000100Lr1=0.001000, time=0.66s
2026-03-14 20:47:15 | INFO | Validation — loss=0.6445, acc=0.6951, f1=0.4101, recall=0.5, precision=0.3475
2026-03-14 20:47:15 | INFO | Best model logged 0.4101
2026-03-14 20:47:16 | INFO | [Epoch 001] total_loss=0.477302, Lr0=0.000100Lr1=0.000999, time=0.63s
2026-03-14 20:47:17 | INFO | Validation — loss=0.6453, acc=0.6951, f1=0.4101, recall=0.5, precision=0.3475
2026-03-14 20:47:18 | INFO | [Epoch 002] total_loss=0.298777, Lr0=0.000100Lr1=0.000998, time=0.67s
2026-03-14 20:47:19 | INFO | Validation — loss=1.2749, acc=0.6951, f1=0.4101, recall=0.5, precision=0.3475
2026-03-14 20:47:20 | INFO | [Epoch 003] total_loss=0.203109, Lr0=0.000100Lr1=0.000996, time=0.66s
2026-03-14 20:47:21 | INFO | Validation — loss=1.9749, acc=0.6951, f1=0.4101, recall=0.5, precision=0.3475
2026-03-14 20:47:22 | INFO | [Epoch 004] total_loss=0.188632, Lr0=0.000099Lr1=0.000994, time=0.62s
2026-03-14 20:47:23 | INFO | Validation — loss=2.2963, acc=0.6951, f1=0.4101, recall=0.5, precision=0.3475
2026-03-14 20:47:24 | INFO | [Epoch 005] total_loss=0.118920, Lr0=0.000099Lr1=0.000991, time=0.62s
2026-03-14 20:47:25 | INFO | Validation — loss=0.8594, acc=0.3049, f1=0.2337, recall=0.5, precision=0.1525
2026-03-14 20:47:26 | INFO | [Epoch 006] total_loss=0.104883, Lr0=0.000099Lr1=0.000988, time=0.69s
2026-03-14 20:47:27 | INFO | Validation — loss=0.9406, acc=0.3049, f1=0.2337, recall=0.5, precision=0.1525
2026-03-14 20:47:28 | INFO | [Epoch 007] total_loss=0.112131, Lr0=0.000098Lr1=0.000984, time=0.60s
2026-03-14 20:47:29 | INFO | Validation — loss=0.7014, acc=0.4993, f1=0.3543, recall=0.3709, precision=0.3412
2026-03-14 20:47:30 | INFO | [Epoch 008] total_loss=0.065227, Lr0=0.000098Lr1=0.000980, time=0.66s
2026-03-14 20:47:31 | INFO | Validation — loss=0.5135, acc=0.6951, f1=0.4101, recall=0.5, precision=0.3475
2026-03-14 20:47:32 | INFO | [Epoch 009] total_loss=0.061259, Lr0=0.000098Lr1=0.000976, time=0.61s
2026-03-14 20:47:33 | INFO | Validation — loss=0.0492, acc=0.9991, f1=0.9989, recall=0.9993, precision=0.9985
2026-03-14 20:47:33 | INFO | Best model logged 0.9989
2026-03-14 20:47:34 | INFO | [Epoch 010] total_loss=0.049264, Lr0=0.000097Lr1=0.000970, time=0.64s
2026-03-14 20:47:35 | INFO | Validation — loss=0.0160, acc=1.0, f1=1.0, recall=1.0, precision=1.0
2026-03-14 20:47:35 | INFO | Best model logged 1.0
2026-03-14 20:47:36 | INFO | [Epoch 011] total_loss=0.063377, Lr0=0.000097Lr1=0.000965, time=0.65s
2026-03-14 20:47:37 | INFO | Validation — loss=0.0115, acc=0.9984, f1=0.9981, recall=0.9974, precision=0.9989
2026-03-14 20:47:38 | INFO | [Epoch 012] total_loss=0.049035, Lr0=0.000096Lr1=0.000959, time=0.67s
2026-03-14 20:47:39 | INFO | Validation — loss=0.0584, acc=0.9795, f1=0.9763, recall=0.9853, precision=0.9686
2026-03-14 20:47:40 | INFO | [Epoch 013] total_loss=0.031918, Lr0=0.000095Lr1=0.000952, time=0.63s
2026-03-14 20:47:41 | INFO | Validation — loss=0.0261, acc=0.9925, f1=0.9912, recall=0.9946, precision=0.988
2026-03-14 20:47:42 | INFO | [Epoch 014] total_loss=0.022121, Lr0=0.000095Lr1=0.000946, time=0.66s
2026-03-14 20:47:43 | INFO | Validation — loss=0.0038, acc=0.9991, f1=0.9989, recall=0.9993, precision=0.9985
2026-03-14 20:47:44 | INFO | [Epoch 015] total_loss=0.025548, Lr0=0.000094Lr1=0.000938, time=0.65s
2026-03-14 20:47:45 | INFO | Validation — loss=0.3937, acc=0.8463, f1=0.8372, recall=0.8894, precision=0.8324
2026-03-14 20:47:46 | INFO | [Epoch 016] total_loss=0.019559, Lr0=0.000093Lr1=0.000930, time=0.63s
2026-03-14 20:47:47 | INFO | Validation — loss=0.0113, acc=0.9943, f1=0.9933, recall=0.9959, precision=0.9908
2026-03-14 20:47:48 | INFO | [Epoch 017] total_loss=0.014421, Lr0=0.000092Lr1=0.000922, time=0.66s
2026-03-14 20:47:49 | INFO | Validation — loss=0.1608, acc=0.9393, f1=0.9319, recall=0.9563, precision=0.917
2026-03-14 20:47:50 | INFO | [Epoch 018] total_loss=0.017959, Lr0=0.000091Lr1=0.000914, time=0.63s
2026-03-14 20:47:51 | INFO | Validation — loss=0.1246, acc=0.9502, f1=0.9437, recall=0.9642, precision=0.9298
2026-03-14 20:47:52 | INFO | [Epoch 019] total_loss=0.012735, Lr0=0.000091Lr1=0.000905, time=0.64s
2026-03-14 20:47:53 | INFO | Validation — loss=0.0797, acc=0.9695, f1=0.965, recall=0.9781, precision=0.9546
2026-03-14 20:47:54 | INFO | [Epoch 020] total_loss=0.010131, Lr0=0.000090Lr1=0.000895, time=0.75s
2026-03-14 20:47:55 | INFO | Validation — loss=0.0037, acc=1.0, f1=1.0, recall=1.0, precision=1.0
2026-03-14 20:47:56 | INFO | [Epoch 021] total_loss=0.017058, Lr0=0.000089Lr1=0.000885, time=0.64s
2026-03-14 20:47:57 | INFO | Validation — loss=0.1580, acc=0.9436, f1=0.9365, recall=0.9594, precision=0.922
2026-03-14 20:47:58 | INFO | [Epoch 022] total_loss=0.020573, Lr0=0.000088Lr1=0.000875, time=0.66s
2026-03-14 20:47:59 | INFO | Validation — loss=0.0013, acc=0.9998, f1=0.9997, recall=0.9998, precision=0.9996
2026-03-14 20:48:00 | INFO | [Epoch 023] total_loss=0.008901, Lr0=0.000087Lr1=0.000865, time=0.65s
2026-03-14 20:48:01 | INFO | Validation — loss=0.1056, acc=0.9595, f1=0.9539, recall=0.9709, precision=0.9414
2026-03-14 20:48:02 | INFO | [Epoch 024] total_loss=0.004708, Lr0=0.000086Lr1=0.000854, time=0.64s
2026-03-14 20:48:03 | INFO | Validation — loss=0.2849, acc=0.902, f1=0.8929, recall=0.9295, precision=0.8784
2026-03-14 20:48:04 | INFO | [Epoch 025] total_loss=0.003731, Lr0=0.000084Lr1=0.000842, time=0.65s
2026-03-14 20:48:05 | INFO | Validation — loss=0.1216, acc=0.955, f1=0.9489, recall=0.9676, precision=0.9357
2026-03-14 20:48:06 | INFO | [Epoch 026] total_loss=0.004154, Lr0=0.000083Lr1=0.000831, time=0.64s
2026-03-14 20:48:07 | INFO | Validation — loss=0.0367, acc=0.9891, f1=0.9873, recall=0.9921, precision=0.9827
2026-03-14 20:48:07 | INFO | [Epoch 027] total_loss=0.001804, Lr0=0.000082Lr1=0.000819, time=0.64s
2026-03-14 20:48:09 | INFO | Validation — loss=0.0671, acc=0.9752, f1=0.9714, recall=0.9822, precision=0.9624
2026-03-14 20:48:09 | INFO | [Epoch 028] total_loss=0.001601, Lr0=0.000081Lr1=0.000807, time=0.62s
2026-03-14 20:48:11 | INFO | Validation — loss=0.0339, acc=0.99, f1=0.9883, recall=0.9928, precision=0.9841
2026-03-14 20:48:11 | INFO | [Epoch 029] total_loss=0.001230, Lr0=0.000080Lr1=0.000794, time=0.63s
2026-03-14 20:48:13 | INFO | Validation — loss=0.0317, acc=0.99, f1=0.9883, recall=0.9928, precision=0.9841
2026-03-14 20:48:13 | INFO | [Epoch 030] total_loss=0.001277, Lr0=0.000078Lr1=0.000781, time=0.64s
2026-03-14 20:48:15 | INFO | Validation — loss=0.0473, acc=0.9852, f1=0.9828, recall=0.9894, precision=0.9769
2026-03-14 20:48:15 | INFO | Early stopping at epoch 30. Best: 1.000000
2026-03-14 20:48:15 | INFO | Training complete.
2026-03-14 20:48:15 | INFO | Best checkpoint: ./save/cnn_overlap_new/subject_specific_SWELLDataset/finetuned_best_14.pt
2026-03-15 01:24:20 | INFO | Resuming finetune from pretrain run with seed 0 and fold 0
2026-03-15 01:24:27 | INFO | Model forward EncoderClassifierModel(
  (encoder): CNNEncoder(
    (cnn_layers): Sequential(
      (0): Conv1d(1, 32, kernel_size=(10,), stride=(1,))
      (1): BatchNorm1d(32, eps=1e-05, momentum=0.1, affine=True, track_running_stats=True)
      (2): ReLU()
      (3): MaxPool1d(kernel_size=2, stride=2, padding=0, dilation=1, ceil_mode=False)
      (4): Dropout(p=0.0, inplace=False)
      (5): Conv1d(32, 64, kernel_size=(10,), stride=(1,))
      (6): BatchNorm1d(64, eps=1e-05, momentum=0.1, affine=True, track_running_stats=True)
      (7): ReLU()
      (8): MaxPool1d(kernel_size=2, stride=2, padding=0, dilation=1, ceil_mode=False)
      (9): Dropout(p=0.0, inplace=False)
      (10): Conv1d(64, 128, kernel_size=(10,), stride=(1,))
      (11): BatchNorm1d(128, eps=1e-05, momentum=0.1, affine=True, track_running_stats=True)
      (12): ReLU()
      (13): MaxPool1d(kernel_size=2, stride=2, padding=0, dilation=1, ceil_mode=False)
      (14): Dropout(p=0.0, inplace=False)
      (15): Conv1d(128, 256, kernel_size=(10,), stride=(1,))
      (16): BatchNorm1d(256, eps=1e-05, momentum=0.1, affine=True, track_running_stats=True)
      (17): ReLU()
      (18): MaxPool1d(kernel_size=2, stride=2, padding=0, dilation=1, ceil_mode=False)
      (19): Dropout(p=0.0, inplace=False)
    )
    (linear_layer): Sequential(
      (0): Linear(in_features=18176, out_features=64, bias=True)
      (1): ReLU()
    )
  )
  (classifier): Linear(in_features=64, out_features=1, bias=True)
  (loss_fn): BCEWithLogitsLoss()
)
2026-03-15 01:24:44 | INFO | [Epoch 000] total_loss=0.598842, Lr0=0.000100Lr1=0.001000, time=9.81s
2026-03-15 01:24:45 | INFO | Validation — loss=0.6782, acc=0.6819, f1=0.4054, recall=0.5, precision=0.341
2026-03-15 01:24:45 | INFO | Best model logged 0.4054
2026-03-15 01:24:46 | INFO | [Epoch 001] total_loss=0.417828, Lr0=0.000100Lr1=0.000999, time=0.52s
2026-03-15 01:24:48 | INFO | Validation — loss=2.1814, acc=0.6819, f1=0.4054, recall=0.5, precision=0.341
2026-03-15 01:24:48 | INFO | [Epoch 002] total_loss=0.355999, Lr0=0.000100Lr1=0.000998, time=0.45s
2026-03-15 01:24:49 | INFO | Validation — loss=3.3866, acc=0.6819, f1=0.4054, recall=0.5, precision=0.341
2026-03-15 01:24:50 | INFO | [Epoch 003] total_loss=0.290267, Lr0=0.000100Lr1=0.000996, time=0.50s
2026-03-15 01:24:51 | INFO | Validation — loss=3.4890, acc=0.6819, f1=0.4054, recall=0.5, precision=0.341
2026-03-15 01:24:52 | INFO | [Epoch 004] total_loss=0.270167, Lr0=0.000099Lr1=0.000994, time=0.64s
2026-03-15 01:24:53 | INFO | Validation — loss=1.5149, acc=0.6819, f1=0.4054, recall=0.5, precision=0.341
2026-03-15 01:24:54 | INFO | [Epoch 005] total_loss=0.214335, Lr0=0.000099Lr1=0.000991, time=0.59s
2026-03-15 01:24:55 | INFO | Validation — loss=3.3164, acc=0.6819, f1=0.4054, recall=0.5, precision=0.341
2026-03-15 01:24:56 | INFO | [Epoch 006] total_loss=0.153338, Lr0=0.000099Lr1=0.000988, time=0.51s
2026-03-15 01:24:57 | INFO | Validation — loss=0.6421, acc=0.6819, f1=0.4054, recall=0.5, precision=0.341
2026-03-15 01:24:58 | INFO | [Epoch 007] total_loss=0.114548, Lr0=0.000098Lr1=0.000984, time=0.51s
2026-03-15 01:24:59 | INFO | Validation — loss=0.7173, acc=0.6819, f1=0.4054, recall=0.5, precision=0.341
2026-03-15 01:25:00 | INFO | [Epoch 008] total_loss=0.098812, Lr0=0.000098Lr1=0.000980, time=0.62s
2026-03-15 01:25:01 | INFO | Validation — loss=1.5417, acc=0.3181, f1=0.2413, recall=0.5, precision=0.159
2026-03-15 01:25:02 | INFO | [Epoch 009] total_loss=0.072240, Lr0=0.000098Lr1=0.000976, time=0.49s
2026-03-15 01:25:03 | INFO | Validation — loss=0.9305, acc=0.6928, f1=0.4674, recall=0.5257, precision=0.6836
2026-03-15 01:25:03 | INFO | Best model logged 0.4674
2026-03-15 01:25:04 | INFO | [Epoch 010] total_loss=0.065122, Lr0=0.000097Lr1=0.000970, time=0.45s
2026-03-15 01:25:05 | INFO | Validation — loss=1.0186, acc=0.2978, f1=0.2951, recall=0.3691, precision=0.3511
2026-03-15 01:25:06 | INFO | [Epoch 011] total_loss=0.038739, Lr0=0.000097Lr1=0.000965, time=0.48s
2026-03-15 01:25:07 | INFO | Validation — loss=0.7920, acc=0.5122, f1=0.4871, recall=0.4976, precision=0.4979
2026-03-15 01:25:07 | INFO | Best model logged 0.4871
2026-03-15 01:25:08 | INFO | [Epoch 012] total_loss=0.066322, Lr0=0.000096Lr1=0.000959, time=0.50s
2026-03-15 01:25:09 | INFO | Validation — loss=1.0134, acc=0.4884, f1=0.4832, recall=0.5208, precision=0.5185
2026-03-15 01:25:10 | INFO | [Epoch 013] total_loss=0.037022, Lr0=0.000095Lr1=0.000952, time=0.47s
2026-03-15 01:25:11 | INFO | Validation — loss=2.6699, acc=0.3181, f1=0.2413, recall=0.5, precision=0.159
2026-03-15 01:25:12 | INFO | [Epoch 014] total_loss=0.051370, Lr0=0.000095Lr1=0.000946, time=0.64s
2026-03-15 01:25:13 | INFO | Validation — loss=2.1188, acc=0.4119, f1=0.3833, recall=0.5651, precision=0.6531
2026-03-15 01:25:14 | INFO | [Epoch 015] total_loss=0.031649, Lr0=0.000094Lr1=0.000938, time=0.44s
2026-03-15 01:25:15 | INFO | Validation — loss=3.7722, acc=0.3187, f1=0.2424, recall=0.5005, precision=0.6591
2026-03-15 01:25:16 | INFO | [Epoch 016] total_loss=0.015783, Lr0=0.000093Lr1=0.000930, time=0.68s
2026-03-15 01:25:17 | INFO | Validation — loss=2.3995, acc=0.3601, f1=0.3073, recall=0.5308, precision=0.666
2026-03-15 01:25:18 | INFO | [Epoch 017] total_loss=0.016585, Lr0=0.000092Lr1=0.000922, time=0.61s
2026-03-15 01:25:19 | INFO | Validation — loss=1.9717, acc=0.4417, f1=0.4241, recall=0.5825, precision=0.6457
2026-03-15 01:25:19 | INFO | [Epoch 018] total_loss=0.012076, Lr0=0.000091Lr1=0.000914, time=0.45s
2026-03-15 01:25:21 | INFO | Validation — loss=2.0991, acc=0.4448, f1=0.4302, recall=0.5799, precision=0.6303
2026-03-15 01:25:21 | INFO | [Epoch 019] total_loss=0.013885, Lr0=0.000091Lr1=0.000905, time=0.61s
2026-03-15 01:25:23 | INFO | Validation — loss=3.2467, acc=0.3625, f1=0.3237, recall=0.5184, precision=0.5554
2026-03-15 01:25:23 | INFO | [Epoch 020] total_loss=0.008181, Lr0=0.000090Lr1=0.000895, time=0.49s
2026-03-15 01:25:25 | INFO | Validation — loss=2.3250, acc=0.4344, f1=0.4288, recall=0.5422, precision=0.5535
2026-03-15 01:25:25 | INFO | [Epoch 021] total_loss=0.006235, Lr0=0.000089Lr1=0.000885, time=0.49s
2026-03-15 01:25:26 | INFO | Validation — loss=2.9110, acc=0.387, f1=0.3617, recall=0.5297, precision=0.5615
2026-03-15 01:25:27 | INFO | [Epoch 022] total_loss=0.006563, Lr0=0.000088Lr1=0.000875, time=0.52s
2026-03-15 01:25:28 | INFO | Validation — loss=2.1336, acc=0.4451, f1=0.4397, recall=0.5539, precision=0.5681
2026-03-15 01:25:29 | INFO | [Epoch 023] total_loss=0.005710, Lr0=0.000087Lr1=0.000865, time=0.47s
2026-03-15 01:25:30 | INFO | Validation — loss=2.8048, acc=0.3959, f1=0.3764, recall=0.5306, precision=0.5548
2026-03-15 01:25:31 | INFO | [Epoch 024] total_loss=0.003591, Lr0=0.000086Lr1=0.000854, time=0.69s
2026-03-15 01:25:32 | INFO | Validation — loss=2.8486, acc=0.4068, f1=0.3815, recall=0.5537, precision=0.6137
2026-03-15 01:25:33 | INFO | [Epoch 025] total_loss=0.006233, Lr0=0.000084Lr1=0.000842, time=0.47s
2026-03-15 01:25:34 | INFO | Validation — loss=3.3626, acc=0.3757, f1=0.3302, recall=0.5422, precision=0.6688
2026-03-15 01:25:35 | INFO | [Epoch 026] total_loss=0.005703, Lr0=0.000083Lr1=0.000831, time=0.56s
2026-03-15 01:25:36 | INFO | Validation — loss=2.9578, acc=0.4119, f1=0.386, recall=0.561, precision=0.6324
2026-03-15 01:25:37 | INFO | [Epoch 027] total_loss=0.009129, Lr0=0.000082Lr1=0.000819, time=0.54s
2026-03-15 01:25:38 | INFO | Validation — loss=3.4435, acc=0.363, f1=0.3232, recall=0.5201, precision=0.5623
2026-03-15 01:25:38 | INFO | [Epoch 028] total_loss=0.014672, Lr0=0.000081Lr1=0.000807, time=0.47s
2026-03-15 01:25:40 | INFO | Validation — loss=2.7115, acc=0.4246, f1=0.405, recall=0.5654, precision=0.6202
2026-03-15 01:25:40 | INFO | [Epoch 029] total_loss=0.016098, Lr0=0.000080Lr1=0.000794, time=0.49s
2026-03-15 01:25:41 | INFO | Validation — loss=3.6152, acc=0.3899, f1=0.3545, recall=0.5476, precision=0.6345
2026-03-15 01:25:42 | INFO | [Epoch 030] total_loss=0.013601, Lr0=0.000078Lr1=0.000781, time=0.49s
2026-03-15 01:25:43 | INFO | Validation — loss=3.2934, acc=0.3643, f1=0.3136, recall=0.5339, precision=0.6667
2026-03-15 01:25:44 | INFO | [Epoch 031] total_loss=0.008865, Lr0=0.000077Lr1=0.000768, time=0.48s
2026-03-15 01:25:45 | INFO | Validation — loss=3.7441, acc=0.3554, f1=0.3029, recall=0.5248, precision=0.6289
2026-03-15 01:25:45 | INFO | Early stopping at epoch 31. Best: 0.487100
2026-03-15 01:25:45 | INFO | Training complete.
2026-03-15 01:25:45 | INFO | Best checkpoint: ./save/cnn_overlap_new/subject_specific_SWELLDataset/finetuned_best_0.pt
2026-03-15 01:25:51 | INFO | Model forward EncoderClassifierModel(
  (encoder): CNNEncoder(
    (cnn_layers): Sequential(
      (0): Conv1d(1, 32, kernel_size=(10,), stride=(1,))
      (1): BatchNorm1d(32, eps=1e-05, momentum=0.1, affine=True, track_running_stats=True)
      (2): ReLU()
      (3): MaxPool1d(kernel_size=2, stride=2, padding=0, dilation=1, ceil_mode=False)
      (4): Dropout(p=0.0, inplace=False)
      (5): Conv1d(32, 64, kernel_size=(10,), stride=(1,))
      (6): BatchNorm1d(64, eps=1e-05, momentum=0.1, affine=True, track_running_stats=True)
      (7): ReLU()
      (8): MaxPool1d(kernel_size=2, stride=2, padding=0, dilation=1, ceil_mode=False)
      (9): Dropout(p=0.0, inplace=False)
      (10): Conv1d(64, 128, kernel_size=(10,), stride=(1,))
      (11): BatchNorm1d(128, eps=1e-05, momentum=0.1, affine=True, track_running_stats=True)
      (12): ReLU()
      (13): MaxPool1d(kernel_size=2, stride=2, padding=0, dilation=1, ceil_mode=False)
      (14): Dropout(p=0.0, inplace=False)
      (15): Conv1d(128, 256, kernel_size=(10,), stride=(1,))
      (16): BatchNorm1d(256, eps=1e-05, momentum=0.1, affine=True, track_running_stats=True)
      (17): ReLU()
      (18): MaxPool1d(kernel_size=2, stride=2, padding=0, dilation=1, ceil_mode=False)
      (19): Dropout(p=0.0, inplace=False)
    )
    (linear_layer): Sequential(
      (0): Linear(in_features=18176, out_features=64, bias=True)
      (1): ReLU()
    )
  )
  (classifier): Linear(in_features=64, out_features=1, bias=True)
  (loss_fn): BCEWithLogitsLoss()
)
2026-03-15 01:25:52 | INFO | [Epoch 000] total_loss=0.599029, Lr0=0.000100Lr1=0.001000, time=0.62s
2026-03-15 01:25:54 | INFO | Validation — loss=0.7876, acc=0.7069, f1=0.4141, recall=0.5, precision=0.3534
2026-03-15 01:25:54 | INFO | Best model logged 0.4141
2026-03-15 01:25:55 | INFO | [Epoch 001] total_loss=0.383207, Lr0=0.000100Lr1=0.000999, time=0.79s
2026-03-15 01:25:56 | INFO | Validation — loss=0.6979, acc=0.7069, f1=0.4141, recall=0.5, precision=0.3534
2026-03-15 01:25:57 | INFO | [Epoch 002] total_loss=0.257262, Lr0=0.000100Lr1=0.000998, time=0.58s
2026-03-15 01:25:58 | INFO | Validation — loss=7.7374, acc=0.7069, f1=0.4141, recall=0.5, precision=0.3534
2026-03-15 01:25:59 | INFO | [Epoch 003] total_loss=0.214827, Lr0=0.000100Lr1=0.000996, time=0.70s
2026-03-15 01:26:00 | INFO | Validation — loss=2.8495, acc=0.7069, f1=0.4141, recall=0.5, precision=0.3534
2026-03-15 01:26:01 | INFO | [Epoch 004] total_loss=0.138820, Lr0=0.000099Lr1=0.000994, time=0.64s
2026-03-15 01:26:02 | INFO | Validation — loss=2.8180, acc=0.7069, f1=0.4141, recall=0.5, precision=0.3534
2026-03-15 01:26:03 | INFO | [Epoch 005] total_loss=0.120760, Lr0=0.000099Lr1=0.000991, time=0.83s
2026-03-15 01:26:04 | INFO | Validation — loss=3.3468, acc=0.7069, f1=0.4141, recall=0.5, precision=0.3534
2026-03-15 01:26:05 | INFO | [Epoch 006] total_loss=0.080116, Lr0=0.000099Lr1=0.000988, time=0.64s
2026-03-15 01:26:06 | INFO | Validation — loss=2.7655, acc=0.7069, f1=0.4141, recall=0.5, precision=0.3534
2026-03-15 01:26:07 | INFO | [Epoch 007] total_loss=0.062472, Lr0=0.000098Lr1=0.000984, time=0.60s
2026-03-15 01:26:09 | INFO | Validation — loss=2.4528, acc=0.7069, f1=0.4141, recall=0.5, precision=0.3534
2026-03-15 01:26:09 | INFO | [Epoch 008] total_loss=0.046411, Lr0=0.000098Lr1=0.000980, time=0.64s
2026-03-15 01:26:11 | INFO | Validation — loss=4.2137, acc=0.7069, f1=0.4141, recall=0.5, precision=0.3534
2026-03-15 01:26:11 | INFO | [Epoch 009] total_loss=0.054072, Lr0=0.000098Lr1=0.000976, time=0.65s
2026-03-15 01:26:13 | INFO | Validation — loss=3.8333, acc=0.7069, f1=0.4141, recall=0.5, precision=0.3534
2026-03-15 01:26:13 | INFO | [Epoch 010] total_loss=0.056839, Lr0=0.000097Lr1=0.000970, time=0.60s
2026-03-15 01:26:15 | INFO | Validation — loss=0.9374, acc=0.7177, f1=0.4726, recall=0.5256, precision=0.7167
2026-03-15 01:26:15 | INFO | Best model logged 0.4726
2026-03-15 01:26:15 | INFO | [Epoch 011] total_loss=0.024649, Lr0=0.000097Lr1=0.000965, time=0.59s
2026-03-15 01:26:17 | INFO | Validation — loss=0.4727, acc=0.8157, f1=0.7563, recall=0.7377, precision=0.7937
2026-03-15 01:26:17 | INFO | Best model logged 0.7563
2026-03-15 01:26:18 | INFO | [Epoch 012] total_loss=0.020962, Lr0=0.000096Lr1=0.000959, time=0.79s
2026-03-15 01:26:19 | INFO | Validation — loss=0.8272, acc=0.7223, f1=0.7068, recall=0.7566, precision=0.7131
2026-03-15 01:26:20 | INFO | [Epoch 013] total_loss=0.015055, Lr0=0.000095Lr1=0.000952, time=0.58s
2026-03-15 01:26:21 | INFO | Validation — loss=2.0203, acc=0.3335, f1=0.2931, recall=0.5216, precision=0.5875
2026-03-15 01:26:22 | INFO | [Epoch 014] total_loss=0.015906, Lr0=0.000095Lr1=0.000946, time=0.66s
2026-03-15 01:26:23 | INFO | Validation — loss=0.9773, acc=0.6674, f1=0.6164, recall=0.6232, precision=0.6134
2026-03-15 01:26:24 | INFO | [Epoch 015] total_loss=0.038203, Lr0=0.000094Lr1=0.000938, time=0.72s
2026-03-15 01:26:26 | INFO | Validation — loss=1.6580, acc=0.5581, f1=0.3838, recall=0.4079, precision=0.3679
2026-03-15 01:26:26 | INFO | [Epoch 016] total_loss=0.021791, Lr0=0.000093Lr1=0.000930, time=0.57s
2026-03-15 01:26:28 | INFO | Validation — loss=1.2080, acc=0.6068, f1=0.4243, recall=0.4511, precision=0.4177
2026-03-15 01:26:28 | INFO | [Epoch 017] total_loss=0.025103, Lr0=0.000092Lr1=0.000922, time=0.57s
2026-03-15 01:26:30 | INFO | Validation — loss=1.1126, acc=0.6375, f1=0.5646, recall=0.5649, precision=0.5643
2026-03-15 01:26:30 | INFO | [Epoch 018] total_loss=0.017364, Lr0=0.000091Lr1=0.000914, time=0.60s
2026-03-15 01:26:32 | INFO | Validation — loss=1.4381, acc=0.6155, f1=0.612, recall=0.6951, precision=0.6702
2026-03-15 01:26:32 | INFO | [Epoch 019] total_loss=0.010884, Lr0=0.000091Lr1=0.000905, time=0.59s
2026-03-15 01:26:34 | INFO | Validation — loss=3.4078, acc=0.2945, f1=0.2311, recall=0.4987, precision=0.454
2026-03-15 01:26:34 | INFO | [Epoch 020] total_loss=0.017134, Lr0=0.000090Lr1=0.000895, time=0.72s
2026-03-15 01:26:36 | INFO | Validation — loss=0.6914, acc=0.7043, f1=0.6597, recall=0.6691, precision=0.6551
2026-03-15 01:26:37 | INFO | [Epoch 021] total_loss=0.013322, Lr0=0.000089Lr1=0.000885, time=0.66s
2026-03-15 01:26:38 | INFO | Validation — loss=0.9606, acc=0.604, f1=0.4825, recall=0.4869, precision=0.4843
2026-03-15 01:26:39 | INFO | [Epoch 022] total_loss=0.025139, Lr0=0.000088Lr1=0.000875, time=0.62s
2026-03-15 01:26:40 | INFO | Validation — loss=2.7892, acc=0.7069, f1=0.4141, recall=0.5, precision=0.3534
2026-03-15 01:26:41 | INFO | [Epoch 023] total_loss=0.008391, Lr0=0.000087Lr1=0.000865, time=0.56s
2026-03-15 01:26:42 | INFO | Validation — loss=0.8389, acc=0.643, f1=0.5289, recall=0.5301, precision=0.537
2026-03-15 01:26:43 | INFO | [Epoch 024] total_loss=0.011353, Lr0=0.000086Lr1=0.000854, time=0.66s
2026-03-15 01:26:44 | INFO | Validation — loss=1.7064, acc=0.5482, f1=0.361, recall=0.3912, precision=0.3369
2026-03-15 01:26:45 | INFO | [Epoch 025] total_loss=0.007994, Lr0=0.000084Lr1=0.000842, time=0.56s
2026-03-15 01:26:46 | INFO | Validation — loss=1.3113, acc=0.6607, f1=0.6206, recall=0.6348, precision=0.6184
2026-03-15 01:26:47 | INFO | [Epoch 026] total_loss=0.008665, Lr0=0.000083Lr1=0.000831, time=0.77s
2026-03-15 01:26:48 | INFO | Validation — loss=1.0156, acc=0.6887, f1=0.6624, recall=0.6916, precision=0.6622
2026-03-15 01:26:49 | INFO | [Epoch 027] total_loss=0.002527, Lr0=0.000082Lr1=0.000819, time=0.56s
2026-03-15 01:26:51 | INFO | Validation — loss=0.9168, acc=0.6561, f1=0.5841, recall=0.5838, precision=0.5843
2026-03-15 01:26:51 | INFO | [Epoch 028] total_loss=0.002945, Lr0=0.000081Lr1=0.000807, time=0.79s
2026-03-15 01:26:53 | INFO | Validation — loss=1.0115, acc=0.7138, f1=0.6877, recall=0.717, precision=0.6848
2026-03-15 01:26:53 | INFO | [Epoch 029] total_loss=0.001780, Lr0=0.000080Lr1=0.000794, time=0.76s
2026-03-15 01:26:55 | INFO | Validation — loss=1.3943, acc=0.6405, f1=0.6362, recall=0.719, precision=0.6889
2026-03-15 01:26:56 | INFO | [Epoch 030] total_loss=0.001144, Lr0=0.000078Lr1=0.000781, time=0.73s
2026-03-15 01:26:57 | INFO | Validation — loss=1.6307, acc=0.581, f1=0.5805, recall=0.6842, precision=0.6736
2026-03-15 01:26:58 | INFO | [Epoch 031] total_loss=0.001062, Lr0=0.000077Lr1=0.000768, time=0.62s
2026-03-15 01:26:59 | INFO | Validation — loss=1.6465, acc=0.5874, f1=0.5868, recall=0.6902, precision=0.6782
2026-03-15 01:26:59 | INFO | Early stopping at epoch 31. Best: 0.756300
2026-03-15 01:26:59 | INFO | Training complete.
2026-03-15 01:26:59 | INFO | Best checkpoint: ./save/cnn_overlap_new/subject_specific_SWELLDataset/finetuned_best_1.pt
2026-03-15 01:27:07 | INFO | Model forward EncoderClassifierModel(
  (encoder): CNNEncoder(
    (cnn_layers): Sequential(
      (0): Conv1d(1, 32, kernel_size=(10,), stride=(1,))
      (1): BatchNorm1d(32, eps=1e-05, momentum=0.1, affine=True, track_running_stats=True)
      (2): ReLU()
      (3): MaxPool1d(kernel_size=2, stride=2, padding=0, dilation=1, ceil_mode=False)
      (4): Dropout(p=0.0, inplace=False)
      (5): Conv1d(32, 64, kernel_size=(10,), stride=(1,))
      (6): BatchNorm1d(64, eps=1e-05, momentum=0.1, affine=True, track_running_stats=True)
      (7): ReLU()
      (8): MaxPool1d(kernel_size=2, stride=2, padding=0, dilation=1, ceil_mode=False)
      (9): Dropout(p=0.0, inplace=False)
      (10): Conv1d(64, 128, kernel_size=(10,), stride=(1,))
      (11): BatchNorm1d(128, eps=1e-05, momentum=0.1, affine=True, track_running_stats=True)
      (12): ReLU()
      (13): MaxPool1d(kernel_size=2, stride=2, padding=0, dilation=1, ceil_mode=False)
      (14): Dropout(p=0.0, inplace=False)
      (15): Conv1d(128, 256, kernel_size=(10,), stride=(1,))
      (16): BatchNorm1d(256, eps=1e-05, momentum=0.1, affine=True, track_running_stats=True)
      (17): ReLU()
      (18): MaxPool1d(kernel_size=2, stride=2, padding=0, dilation=1, ceil_mode=False)
      (19): Dropout(p=0.0, inplace=False)
    )
    (linear_layer): Sequential(
      (0): Linear(in_features=18176, out_features=64, bias=True)
      (1): ReLU()
    )
  )
  (classifier): Linear(in_features=64, out_features=1, bias=True)
  (loss_fn): BCEWithLogitsLoss()
)
2026-03-15 01:27:08 | INFO | [Epoch 000] total_loss=0.608297, Lr0=0.000100Lr1=0.001000, time=0.74s
2026-03-15 01:27:09 | INFO | Validation — loss=0.6995, acc=0.7054, f1=0.4136, recall=0.5, precision=0.3527
2026-03-15 01:27:09 | INFO | Best model logged 0.4136
2026-03-15 01:27:10 | INFO | [Epoch 001] total_loss=0.427379, Lr0=0.000100Lr1=0.000999, time=0.57s
2026-03-15 01:27:11 | INFO | Validation — loss=1.3048, acc=0.7054, f1=0.4136, recall=0.5, precision=0.3527
2026-03-15 01:27:12 | INFO | [Epoch 002] total_loss=0.345844, Lr0=0.000100Lr1=0.000998, time=0.66s
2026-03-15 01:27:13 | INFO | Validation — loss=1.5137, acc=0.7054, f1=0.4136, recall=0.5, precision=0.3527
2026-03-15 01:27:14 | INFO | [Epoch 003] total_loss=0.268179, Lr0=0.000100Lr1=0.000996, time=0.68s
2026-03-15 01:27:15 | INFO | Validation — loss=2.8479, acc=0.7054, f1=0.4136, recall=0.5, precision=0.3527
2026-03-15 01:27:16 | INFO | [Epoch 004] total_loss=0.204038, Lr0=0.000099Lr1=0.000994, time=0.63s
2026-03-15 01:27:17 | INFO | Validation — loss=6.3194, acc=0.7054, f1=0.4136, recall=0.5, precision=0.3527
2026-03-15 01:27:18 | INFO | [Epoch 005] total_loss=0.157454, Lr0=0.000099Lr1=0.000991, time=0.59s
2026-03-15 01:27:19 | INFO | Validation — loss=1.8614, acc=0.7054, f1=0.4136, recall=0.5, precision=0.3527
2026-03-15 01:27:20 | INFO | [Epoch 006] total_loss=0.128620, Lr0=0.000099Lr1=0.000988, time=0.59s
2026-03-15 01:27:21 | INFO | Validation — loss=2.4165, acc=0.7054, f1=0.4136, recall=0.5, precision=0.3527
2026-03-15 01:27:22 | INFO | [Epoch 007] total_loss=0.085936, Lr0=0.000098Lr1=0.000984, time=0.59s
2026-03-15 01:27:23 | INFO | Validation — loss=3.2498, acc=0.7054, f1=0.4136, recall=0.5, precision=0.3527
2026-03-15 01:27:24 | INFO | [Epoch 008] total_loss=0.088765, Lr0=0.000098Lr1=0.000980, time=0.65s
2026-03-15 01:27:26 | INFO | Validation — loss=1.3351, acc=0.7054, f1=0.4136, recall=0.5, precision=0.3527
2026-03-15 01:27:26 | INFO | [Epoch 009] total_loss=0.088789, Lr0=0.000098Lr1=0.000976, time=0.71s
2026-03-15 01:27:28 | INFO | Validation — loss=1.1583, acc=0.7054, f1=0.4136, recall=0.5, precision=0.3527
2026-03-15 01:27:28 | INFO | [Epoch 010] total_loss=0.106384, Lr0=0.000097Lr1=0.000970, time=0.59s
2026-03-15 01:27:30 | INFO | Validation — loss=0.6487, acc=0.6845, f1=0.442, recall=0.4977, precision=0.489
2026-03-15 01:27:30 | INFO | Best model logged 0.442
2026-03-15 01:27:31 | INFO | [Epoch 011] total_loss=0.067478, Lr0=0.000097Lr1=0.000965, time=0.73s
2026-03-15 01:27:32 | INFO | Validation — loss=1.8406, acc=0.7054, f1=0.4136, recall=0.5, precision=0.3527
2026-03-15 01:27:33 | INFO | [Epoch 012] total_loss=0.060881, Lr0=0.000096Lr1=0.000959, time=0.70s
2026-03-15 01:27:34 | INFO | Validation — loss=1.5098, acc=0.7056, f1=0.4145, recall=0.5004, precision=0.8528
2026-03-15 01:27:35 | INFO | [Epoch 013] total_loss=0.059811, Lr0=0.000095Lr1=0.000952, time=0.85s
2026-03-15 01:27:37 | INFO | Validation — loss=1.8893, acc=0.7054, f1=0.4136, recall=0.5, precision=0.3527
2026-03-15 01:27:37 | INFO | [Epoch 014] total_loss=0.037864, Lr0=0.000095Lr1=0.000946, time=0.63s
2026-03-15 01:27:39 | INFO | Validation — loss=2.6686, acc=0.7054, f1=0.4136, recall=0.5, precision=0.3527
2026-03-15 01:27:39 | INFO | [Epoch 015] total_loss=0.018916, Lr0=0.000094Lr1=0.000938, time=0.53s
2026-03-15 01:27:40 | INFO | Validation — loss=1.6523, acc=0.7054, f1=0.4136, recall=0.5, precision=0.3527
2026-03-15 01:27:41 | INFO | [Epoch 016] total_loss=0.028205, Lr0=0.000093Lr1=0.000930, time=0.53s
2026-03-15 01:27:42 | INFO | Validation — loss=2.0866, acc=0.7054, f1=0.4136, recall=0.5, precision=0.3527
2026-03-15 01:27:43 | INFO | [Epoch 017] total_loss=0.013664, Lr0=0.000092Lr1=0.000922, time=0.54s
2026-03-15 01:27:44 | INFO | Validation — loss=2.0152, acc=0.7061, f1=0.4161, recall=0.5012, precision=0.8529
2026-03-15 01:27:45 | INFO | [Epoch 018] total_loss=0.024678, Lr0=0.000091Lr1=0.000914, time=0.74s
2026-03-15 01:27:46 | INFO | Validation — loss=1.0599, acc=0.7155, f1=0.4493, recall=0.5172, precision=0.8563
2026-03-15 01:27:46 | INFO | Best model logged 0.4493
2026-03-15 01:27:47 | INFO | [Epoch 019] total_loss=0.012789, Lr0=0.000091Lr1=0.000905, time=0.66s
2026-03-15 01:27:48 | INFO | Validation — loss=2.3123, acc=0.7054, f1=0.4136, recall=0.5, precision=0.3527
2026-03-15 01:27:49 | INFO | [Epoch 020] total_loss=0.010583, Lr0=0.000090Lr1=0.000895, time=0.69s
2026-03-15 01:27:51 | INFO | Validation — loss=1.8688, acc=0.7054, f1=0.4136, recall=0.5, precision=0.3527
2026-03-15 01:27:51 | INFO | [Epoch 021] total_loss=0.008899, Lr0=0.000089Lr1=0.000885, time=0.58s
2026-03-15 01:27:53 | INFO | Validation — loss=2.7586, acc=0.7054, f1=0.4136, recall=0.5, precision=0.3527
2026-03-15 01:27:53 | INFO | [Epoch 022] total_loss=0.007126, Lr0=0.000088Lr1=0.000875, time=0.85s
2026-03-15 01:27:55 | INFO | Validation — loss=2.7372, acc=0.7054, f1=0.4136, recall=0.5, precision=0.3527
2026-03-15 01:27:56 | INFO | [Epoch 023] total_loss=0.004489, Lr0=0.000087Lr1=0.000865, time=0.60s
2026-03-15 01:27:57 | INFO | Validation — loss=2.0723, acc=0.7054, f1=0.4136, recall=0.5, precision=0.3527
2026-03-15 01:27:58 | INFO | [Epoch 024] total_loss=0.003413, Lr0=0.000086Lr1=0.000854, time=0.79s
2026-03-15 01:27:59 | INFO | Validation — loss=1.9843, acc=0.7059, f1=0.4153, recall=0.5008, precision=0.8529
2026-03-15 01:28:00 | INFO | [Epoch 025] total_loss=0.002433, Lr0=0.000084Lr1=0.000842, time=0.81s
2026-03-15 01:28:02 | INFO | Validation — loss=2.2147, acc=0.7054, f1=0.4136, recall=0.5, precision=0.3527
2026-03-15 01:28:02 | INFO | [Epoch 026] total_loss=0.001931, Lr0=0.000083Lr1=0.000831, time=0.69s
2026-03-15 01:28:04 | INFO | Validation — loss=1.6934, acc=0.7061, f1=0.4161, recall=0.5012, precision=0.8529
2026-03-15 01:28:04 | INFO | [Epoch 027] total_loss=0.002000, Lr0=0.000082Lr1=0.000819, time=0.68s
2026-03-15 01:28:06 | INFO | Validation — loss=2.0075, acc=0.7054, f1=0.4136, recall=0.5, precision=0.3527
2026-03-15 01:28:07 | INFO | [Epoch 028] total_loss=0.002357, Lr0=0.000081Lr1=0.000807, time=0.84s
2026-03-15 01:28:08 | INFO | Validation — loss=1.8720, acc=0.7061, f1=0.4161, recall=0.5012, precision=0.8529
2026-03-15 01:28:09 | INFO | [Epoch 029] total_loss=0.001476, Lr0=0.000080Lr1=0.000794, time=0.80s
2026-03-15 01:28:10 | INFO | Validation — loss=2.1098, acc=0.7054, f1=0.4136, recall=0.5, precision=0.3527
2026-03-15 01:28:11 | INFO | [Epoch 030] total_loss=0.001626, Lr0=0.000078Lr1=0.000781, time=0.70s
2026-03-15 01:28:13 | INFO | Validation — loss=2.2269, acc=0.7054, f1=0.4136, recall=0.5, precision=0.3527
2026-03-15 01:28:13 | INFO | [Epoch 031] total_loss=0.001888, Lr0=0.000077Lr1=0.000768, time=0.68s
2026-03-15 01:28:15 | INFO | Validation — loss=2.1047, acc=0.7059, f1=0.4153, recall=0.5008, precision=0.8529
2026-03-15 01:28:16 | INFO | [Epoch 032] total_loss=0.001349, Lr0=0.000076Lr1=0.000755, time=0.79s
2026-03-15 01:28:17 | INFO | Validation — loss=2.4887, acc=0.7054, f1=0.4136, recall=0.5, precision=0.3527
2026-03-15 01:28:18 | INFO | [Epoch 033] total_loss=0.001004, Lr0=0.000074Lr1=0.000741, time=0.79s
2026-03-15 01:28:19 | INFO | Validation — loss=2.0711, acc=0.7056, f1=0.4145, recall=0.5004, precision=0.8528
2026-03-15 01:28:20 | INFO | [Epoch 034] total_loss=0.000892, Lr0=0.000073Lr1=0.000727, time=0.76s
2026-03-15 01:28:21 | INFO | Validation — loss=1.9856, acc=0.7061, f1=0.4161, recall=0.5012, precision=0.8529
2026-03-15 01:28:22 | INFO | [Epoch 035] total_loss=0.001345, Lr0=0.000072Lr1=0.000713, time=0.77s
2026-03-15 01:28:24 | INFO | Validation — loss=2.2990, acc=0.7054, f1=0.4136, recall=0.5, precision=0.3527
2026-03-15 01:28:25 | INFO | [Epoch 036] total_loss=0.001279, Lr0=0.000070Lr1=0.000699, time=0.81s
2026-03-15 01:28:26 | INFO | Validation — loss=2.0871, acc=0.7059, f1=0.4153, recall=0.5008, precision=0.8529
2026-03-15 01:28:27 | INFO | [Epoch 037] total_loss=0.001223, Lr0=0.000069Lr1=0.000684, time=0.61s
2026-03-15 01:28:28 | INFO | Validation — loss=2.1615, acc=0.7054, f1=0.4136, recall=0.5, precision=0.3527
2026-03-15 01:28:29 | INFO | [Epoch 038] total_loss=0.000762, Lr0=0.000067Lr1=0.000670, time=0.66s
2026-03-15 01:28:30 | INFO | Validation — loss=2.4346, acc=0.7054, f1=0.4136, recall=0.5, precision=0.3527
2026-03-15 01:28:30 | INFO | Early stopping at epoch 38. Best: 0.449300
2026-03-15 01:28:30 | INFO | Training complete.
2026-03-15 01:28:30 | INFO | Best checkpoint: ./save/cnn_overlap_new/subject_specific_SWELLDataset/finetuned_best_2.pt
2026-03-15 01:28:36 | INFO | Model forward EncoderClassifierModel(
  (encoder): CNNEncoder(
    (cnn_layers): Sequential(
      (0): Conv1d(1, 32, kernel_size=(10,), stride=(1,))
      (1): BatchNorm1d(32, eps=1e-05, momentum=0.1, affine=True, track_running_stats=True)
      (2): ReLU()
      (3): MaxPool1d(kernel_size=2, stride=2, padding=0, dilation=1, ceil_mode=False)
      (4): Dropout(p=0.0, inplace=False)
      (5): Conv1d(32, 64, kernel_size=(10,), stride=(1,))
      (6): BatchNorm1d(64, eps=1e-05, momentum=0.1, affine=True, track_running_stats=True)
      (7): ReLU()
      (8): MaxPool1d(kernel_size=2, stride=2, padding=0, dilation=1, ceil_mode=False)
      (9): Dropout(p=0.0, inplace=False)
      (10): Conv1d(64, 128, kernel_size=(10,), stride=(1,))
      (11): BatchNorm1d(128, eps=1e-05, momentum=0.1, affine=True, track_running_stats=True)
      (12): ReLU()
      (13): MaxPool1d(kernel_size=2, stride=2, padding=0, dilation=1, ceil_mode=False)
      (14): Dropout(p=0.0, inplace=False)
      (15): Conv1d(128, 256, kernel_size=(10,), stride=(1,))
      (16): BatchNorm1d(256, eps=1e-05, momentum=0.1, affine=True, track_running_stats=True)
      (17): ReLU()
      (18): MaxPool1d(kernel_size=2, stride=2, padding=0, dilation=1, ceil_mode=False)
      (19): Dropout(p=0.0, inplace=False)
    )
    (linear_layer): Sequential(
      (0): Linear(in_features=18176, out_features=64, bias=True)
      (1): ReLU()
    )
  )
  (classifier): Linear(in_features=64, out_features=1, bias=True)
  (loss_fn): BCEWithLogitsLoss()
)
2026-03-15 01:28:37 | INFO | [Epoch 000] total_loss=0.614834, Lr0=0.000100Lr1=0.001000, time=0.73s
2026-03-15 01:28:38 | INFO | Validation — loss=0.6061, acc=0.7074, f1=0.4143, recall=0.5, precision=0.3537
2026-03-15 01:28:38 | INFO | Best model logged 0.4143
2026-03-15 01:28:39 | INFO | [Epoch 001] total_loss=0.433400, Lr0=0.000100Lr1=0.000999, time=0.75s
2026-03-15 01:28:40 | INFO | Validation — loss=0.6041, acc=0.7074, f1=0.4143, recall=0.5, precision=0.3537
2026-03-15 01:28:41 | INFO | [Epoch 002] total_loss=0.332141, Lr0=0.000100Lr1=0.000998, time=0.74s
2026-03-15 01:28:43 | INFO | Validation — loss=0.7307, acc=0.7074, f1=0.4143, recall=0.5, precision=0.3537
2026-03-15 01:28:43 | INFO | [Epoch 003] total_loss=0.252743, Lr0=0.000100Lr1=0.000996, time=0.63s
2026-03-15 01:28:45 | INFO | Validation — loss=2.9741, acc=0.7074, f1=0.4143, recall=0.5, precision=0.3537
2026-03-15 01:28:46 | INFO | [Epoch 004] total_loss=0.199697, Lr0=0.000099Lr1=0.000994, time=0.68s
2026-03-15 01:28:47 | INFO | Validation — loss=5.4114, acc=0.7074, f1=0.4143, recall=0.5, precision=0.3537
2026-03-15 01:28:48 | INFO | [Epoch 005] total_loss=0.171714, Lr0=0.000099Lr1=0.000991, time=0.76s
2026-03-15 01:28:49 | INFO | Validation — loss=5.5629, acc=0.7074, f1=0.4143, recall=0.5, precision=0.3537
2026-03-15 01:28:50 | INFO | [Epoch 006] total_loss=0.162248, Lr0=0.000099Lr1=0.000988, time=0.66s
2026-03-15 01:28:51 | INFO | Validation — loss=1.1498, acc=0.7074, f1=0.4143, recall=0.5, precision=0.3537
2026-03-15 01:28:52 | INFO | [Epoch 007] total_loss=0.113447, Lr0=0.000098Lr1=0.000984, time=0.64s
2026-03-15 01:28:53 | INFO | Validation — loss=1.9001, acc=0.7074, f1=0.4143, recall=0.5, precision=0.3537
2026-03-15 01:28:54 | INFO | [Epoch 008] total_loss=0.076180, Lr0=0.000098Lr1=0.000980, time=0.81s
2026-03-15 01:28:55 | INFO | Validation — loss=1.9523, acc=0.7074, f1=0.4143, recall=0.5, precision=0.3537
2026-03-15 01:28:56 | INFO | [Epoch 009] total_loss=0.080995, Lr0=0.000098Lr1=0.000976, time=0.78s
2026-03-15 01:28:57 | INFO | Validation — loss=1.8599, acc=0.7074, f1=0.4143, recall=0.5, precision=0.3537
2026-03-15 01:28:58 | INFO | [Epoch 010] total_loss=0.067767, Lr0=0.000097Lr1=0.000970, time=0.58s
2026-03-15 01:28:59 | INFO | Validation — loss=1.1410, acc=0.7074, f1=0.4143, recall=0.5, precision=0.3537
2026-03-15 01:29:00 | INFO | [Epoch 011] total_loss=0.059310, Lr0=0.000097Lr1=0.000965, time=0.57s
2026-03-15 01:29:01 | INFO | Validation — loss=3.0989, acc=0.7074, f1=0.4143, recall=0.5, precision=0.3537
2026-03-15 01:29:01 | INFO | [Epoch 012] total_loss=0.044151, Lr0=0.000096Lr1=0.000959, time=0.54s
2026-03-15 01:29:03 | INFO | Validation — loss=2.4321, acc=0.7074, f1=0.4143, recall=0.5, precision=0.3537
2026-03-15 01:29:03 | INFO | [Epoch 013] total_loss=0.059622, Lr0=0.000095Lr1=0.000952, time=0.65s
2026-03-15 01:29:05 | INFO | Validation — loss=0.6259, acc=0.8064, f1=0.6927, recall=0.6692, precision=0.8926
2026-03-15 01:29:05 | INFO | Best model logged 0.6927
2026-03-15 01:29:05 | INFO | [Epoch 014] total_loss=0.043849, Lr0=0.000095Lr1=0.000946, time=0.54s
2026-03-15 01:29:07 | INFO | Validation — loss=2.3086, acc=0.7125, f1=0.4329, recall=0.5088, precision=0.8555
2026-03-15 01:29:08 | INFO | [Epoch 015] total_loss=0.054239, Lr0=0.000094Lr1=0.000938, time=0.69s
2026-03-15 01:29:09 | INFO | Validation — loss=0.3582, acc=0.8291, f1=0.8077, recall=0.8342, precision=0.7956
2026-03-15 01:29:09 | INFO | Best model logged 0.8077
2026-03-15 01:29:10 | INFO | [Epoch 016] total_loss=0.056885, Lr0=0.000093Lr1=0.000930, time=0.65s
2026-03-15 01:29:11 | INFO | Validation — loss=2.9368, acc=0.7079, f1=0.416, recall=0.5008, precision=0.8539
2026-03-15 01:29:12 | INFO | [Epoch 017] total_loss=0.053059, Lr0=0.000092Lr1=0.000922, time=0.67s
2026-03-15 01:29:13 | INFO | Validation — loss=2.8967, acc=0.7074, f1=0.4143, recall=0.5, precision=0.3537
2026-03-15 01:29:14 | INFO | [Epoch 018] total_loss=0.018974, Lr0=0.000091Lr1=0.000914, time=0.84s
2026-03-15 01:29:15 | INFO | Validation — loss=2.4226, acc=0.7118, f1=0.4304, recall=0.5076, precision=0.8553
2026-03-15 01:29:16 | INFO | [Epoch 019] total_loss=0.015358, Lr0=0.000091Lr1=0.000905, time=0.75s
2026-03-15 01:29:17 | INFO | Validation — loss=1.5915, acc=0.7245, f1=0.4737, recall=0.5292, precision=0.8598
2026-03-15 01:29:18 | INFO | [Epoch 020] total_loss=0.008308, Lr0=0.000090Lr1=0.000895, time=0.75s
2026-03-15 01:29:19 | INFO | Validation — loss=1.8838, acc=0.7231, f1=0.469, recall=0.5268, precision=0.8593
2026-03-15 01:29:20 | INFO | [Epoch 021] total_loss=0.009450, Lr0=0.000089Lr1=0.000885, time=0.67s
2026-03-15 01:29:21 | INFO | Validation — loss=1.5755, acc=0.731, f1=0.4949, recall=0.5404, precision=0.8623
2026-03-15 01:29:22 | INFO | [Epoch 022] total_loss=0.007716, Lr0=0.000088Lr1=0.000875, time=0.80s
2026-03-15 01:29:24 | INFO | Validation — loss=0.8856, acc=0.7879, f1=0.6506, recall=0.6376, precision=0.8847
2026-03-15 01:29:24 | INFO | [Epoch 023] total_loss=0.012984, Lr0=0.000087Lr1=0.000865, time=0.72s
2026-03-15 01:29:26 | INFO | Validation — loss=1.3930, acc=0.7727, f1=0.6133, recall=0.6116, precision=0.8784
2026-03-15 01:29:26 | INFO | [Epoch 024] total_loss=0.020111, Lr0=0.000086Lr1=0.000854, time=0.76s
2026-03-15 01:29:28 | INFO | Validation — loss=0.3598, acc=0.8724, f1=0.8193, recall=0.782, precision=0.9236
2026-03-15 01:29:28 | INFO | Best model logged 0.8193
2026-03-15 01:29:28 | INFO | [Epoch 025] total_loss=0.013946, Lr0=0.000084Lr1=0.000842, time=0.68s
2026-03-15 01:29:30 | INFO | Validation — loss=1.7566, acc=0.735, f1=0.5074, recall=0.5472, precision=0.8637
2026-03-15 01:29:30 | INFO | [Epoch 026] total_loss=0.010443, Lr0=0.000083Lr1=0.000831, time=0.80s
2026-03-15 01:29:32 | INFO | Validation — loss=1.8637, acc=0.7247, f1=0.4745, recall=0.5296, precision=0.8599
2026-03-15 01:29:33 | INFO | [Epoch 027] total_loss=0.004168, Lr0=0.000082Lr1=0.000819, time=0.74s
2026-03-15 01:29:34 | INFO | Validation — loss=1.3542, acc=0.7406, f1=0.5246, recall=0.5568, precision=0.8659
2026-03-15 01:29:35 | INFO | [Epoch 028] total_loss=0.004055, Lr0=0.000081Lr1=0.000807, time=0.80s
2026-03-15 01:29:36 | INFO | Validation — loss=1.6460, acc=0.7294, f1=0.4897, recall=0.5376, precision=0.8617
2026-03-15 01:29:37 | INFO | [Epoch 029] total_loss=0.003432, Lr0=0.000080Lr1=0.000794, time=0.75s
2026-03-15 01:29:38 | INFO | Validation — loss=2.0719, acc=0.7219, f1=0.4651, recall=0.5248, precision=0.8589
2026-03-15 01:29:39 | INFO | [Epoch 030] total_loss=0.003526, Lr0=0.000078Lr1=0.000781, time=0.56s
2026-03-15 01:29:40 | INFO | Validation — loss=2.1430, acc=0.7221, f1=0.4659, recall=0.5252, precision=0.859
2026-03-15 01:29:41 | INFO | [Epoch 031] total_loss=0.002502, Lr0=0.000077Lr1=0.000768, time=0.55s
2026-03-15 01:29:42 | INFO | Validation — loss=2.0662, acc=0.7224, f1=0.4667, recall=0.5256, precision=0.8591
2026-03-15 01:29:43 | INFO | [Epoch 032] total_loss=0.003324, Lr0=0.000076Lr1=0.000755, time=0.57s
2026-03-15 01:29:44 | INFO | Validation — loss=1.7147, acc=0.7374, f1=0.5146, recall=0.5512, precision=0.8646
2026-03-15 01:29:45 | INFO | [Epoch 033] total_loss=0.001745, Lr0=0.000074Lr1=0.000741, time=0.80s
2026-03-15 01:29:47 | INFO | Validation — loss=2.1010, acc=0.7235, f1=0.4706, recall=0.5276, precision=0.8595
2026-03-15 01:29:47 | INFO | [Epoch 034] total_loss=0.001217, Lr0=0.000073Lr1=0.000727, time=0.63s
2026-03-15 01:29:49 | INFO | Validation — loss=2.0135, acc=0.7273, f1=0.4829, recall=0.534, precision=0.8609
2026-03-15 01:29:50 | INFO | [Epoch 035] total_loss=0.001086, Lr0=0.000072Lr1=0.000713, time=0.81s
2026-03-15 01:29:51 | INFO | Validation — loss=2.1169, acc=0.7259, f1=0.4783, recall=0.5316, precision=0.8604
2026-03-15 01:29:52 | INFO | [Epoch 036] total_loss=0.001545, Lr0=0.000070Lr1=0.000699, time=0.72s
2026-03-15 01:29:53 | INFO | Validation — loss=2.1722, acc=0.7238, f1=0.4714, recall=0.528, precision=0.8596
2026-03-15 01:29:54 | INFO | [Epoch 037] total_loss=0.000962, Lr0=0.000069Lr1=0.000684, time=0.80s
2026-03-15 01:29:55 | INFO | Validation — loss=2.2308, acc=0.7233, f1=0.4698, recall=0.5272, precision=0.8594
2026-03-15 01:29:56 | INFO | [Epoch 038] total_loss=0.001521, Lr0=0.000067Lr1=0.000670, time=0.79s
2026-03-15 01:29:57 | INFO | Validation — loss=2.4147, acc=0.7219, f1=0.4651, recall=0.5248, precision=0.8589
2026-03-15 01:29:58 | INFO | [Epoch 039] total_loss=0.001157, Lr0=0.000066Lr1=0.000655, time=0.71s
2026-03-15 01:30:00 | INFO | Validation — loss=2.3355, acc=0.7254, f1=0.4768, recall=0.5308, precision=0.8602
2026-03-15 01:30:00 | INFO | [Epoch 040] total_loss=0.000752, Lr0=0.000064Lr1=0.000640, time=0.75s
2026-03-15 01:30:02 | INFO | Validation — loss=2.2797, acc=0.7278, f1=0.4844, recall=0.5348, precision=0.8611
2026-03-15 01:30:02 | INFO | [Epoch 041] total_loss=0.001047, Lr0=0.000063Lr1=0.000625, time=0.62s
2026-03-15 01:30:03 | INFO | Validation — loss=2.2409, acc=0.7285, f1=0.4867, recall=0.536, precision=0.8613
2026-03-15 01:30:04 | INFO | [Epoch 042] total_loss=0.000770, Lr0=0.000061Lr1=0.000609, time=0.75s
2026-03-15 01:30:06 | INFO | Validation — loss=2.1106, acc=0.732, f1=0.4979, recall=0.542, precision=0.8626
2026-03-15 01:30:06 | INFO | [Epoch 043] total_loss=0.000765, Lr0=0.000060Lr1=0.000594, time=0.73s
2026-03-15 01:30:08 | INFO | Validation — loss=2.2115, acc=0.7282, f1=0.4859, recall=0.5356, precision=0.8612
2026-03-15 01:30:09 | INFO | [Epoch 044] total_loss=0.000744, Lr0=0.000058Lr1=0.000579, time=0.71s
2026-03-15 01:30:10 | INFO | Validation — loss=2.1612, acc=0.7306, f1=0.4934, recall=0.5396, precision=0.8621
2026-03-15 01:30:10 | INFO | Early stopping at epoch 44. Best: 0.819300
2026-03-15 01:30:10 | INFO | Training complete.
2026-03-15 01:30:10 | INFO | Best checkpoint: ./save/cnn_overlap_new/subject_specific_SWELLDataset/finetuned_best_3.pt
2026-03-15 01:30:16 | INFO | Model forward EncoderClassifierModel(
  (encoder): CNNEncoder(
    (cnn_layers): Sequential(
      (0): Conv1d(1, 32, kernel_size=(10,), stride=(1,))
      (1): BatchNorm1d(32, eps=1e-05, momentum=0.1, affine=True, track_running_stats=True)
      (2): ReLU()
      (3): MaxPool1d(kernel_size=2, stride=2, padding=0, dilation=1, ceil_mode=False)
      (4): Dropout(p=0.0, inplace=False)
      (5): Conv1d(32, 64, kernel_size=(10,), stride=(1,))
      (6): BatchNorm1d(64, eps=1e-05, momentum=0.1, affine=True, track_running_stats=True)
      (7): ReLU()
      (8): MaxPool1d(kernel_size=2, stride=2, padding=0, dilation=1, ceil_mode=False)
      (9): Dropout(p=0.0, inplace=False)
      (10): Conv1d(64, 128, kernel_size=(10,), stride=(1,))
      (11): BatchNorm1d(128, eps=1e-05, momentum=0.1, affine=True, track_running_stats=True)
      (12): ReLU()
      (13): MaxPool1d(kernel_size=2, stride=2, padding=0, dilation=1, ceil_mode=False)
      (14): Dropout(p=0.0, inplace=False)
      (15): Conv1d(128, 256, kernel_size=(10,), stride=(1,))
      (16): BatchNorm1d(256, eps=1e-05, momentum=0.1, affine=True, track_running_stats=True)
      (17): ReLU()
      (18): MaxPool1d(kernel_size=2, stride=2, padding=0, dilation=1, ceil_mode=False)
      (19): Dropout(p=0.0, inplace=False)
    )
    (linear_layer): Sequential(
      (0): Linear(in_features=18176, out_features=64, bias=True)
      (1): ReLU()
    )
  )
  (classifier): Linear(in_features=64, out_features=1, bias=True)
  (loss_fn): BCEWithLogitsLoss()
)
2026-03-15 01:31:33 | INFO | [Epoch 000] total_loss=0.607423, Lr0=0.000100Lr1=0.001000, time=0.80s
2026-03-15 01:31:35 | INFO | Validation — loss=0.6476, acc=0.6931, f1=0.4094, recall=0.5, precision=0.3465
2026-03-15 01:31:35 | INFO | Best model logged 0.4094
2026-03-15 01:31:35 | INFO | [Epoch 001] total_loss=0.412358, Lr0=0.000100Lr1=0.000999, time=0.63s
2026-03-15 01:31:37 | INFO | Validation — loss=1.3569, acc=0.6931, f1=0.4094, recall=0.5, precision=0.3465
2026-03-15 01:31:37 | INFO | [Epoch 002] total_loss=0.297422, Lr0=0.000100Lr1=0.000998, time=0.59s
2026-03-15 01:31:38 | INFO | Validation — loss=3.1441, acc=0.6931, f1=0.4094, recall=0.5, precision=0.3465
2026-03-15 01:31:39 | INFO | [Epoch 003] total_loss=0.260539, Lr0=0.000100Lr1=0.000996, time=0.54s
2026-03-15 01:31:40 | INFO | Validation — loss=2.5269, acc=0.6931, f1=0.4094, recall=0.5, precision=0.3465
2026-03-15 01:31:41 | INFO | [Epoch 004] total_loss=0.206669, Lr0=0.000099Lr1=0.000994, time=0.54s
2026-03-15 01:31:42 | INFO | Validation — loss=2.2192, acc=0.6931, f1=0.4094, recall=0.5, precision=0.3465
2026-03-15 01:31:42 | INFO | [Epoch 005] total_loss=0.157995, Lr0=0.000099Lr1=0.000991, time=0.53s
2026-03-15 01:31:44 | INFO | Validation — loss=2.3465, acc=0.6931, f1=0.4094, recall=0.5, precision=0.3465
2026-03-15 01:31:44 | INFO | [Epoch 006] total_loss=0.091497, Lr0=0.000099Lr1=0.000988, time=0.59s
2026-03-15 01:31:45 | INFO | Validation — loss=3.5653, acc=0.6931, f1=0.4094, recall=0.5, precision=0.3465
2026-03-15 01:31:46 | INFO | [Epoch 007] total_loss=0.080149, Lr0=0.000098Lr1=0.000984, time=0.55s
2026-03-15 01:31:47 | INFO | Validation — loss=1.7639, acc=0.6931, f1=0.4094, recall=0.5, precision=0.3465
2026-03-15 01:31:48 | INFO | [Epoch 008] total_loss=0.062731, Lr0=0.000098Lr1=0.000980, time=0.59s
2026-03-15 01:31:49 | INFO | Validation — loss=0.8268, acc=0.6931, f1=0.4094, recall=0.5, precision=0.3465
2026-03-15 01:31:50 | INFO | [Epoch 009] total_loss=0.042061, Lr0=0.000098Lr1=0.000976, time=0.74s
2026-03-15 01:31:51 | INFO | Validation — loss=0.5000, acc=0.7981, f1=0.7361, recall=0.718, precision=0.7811
2026-03-15 01:31:51 | INFO | Best model logged 0.7361
2026-03-15 01:31:52 | INFO | [Epoch 010] total_loss=0.035164, Lr0=0.000097Lr1=0.000970, time=0.68s
2026-03-15 01:31:54 | INFO | Validation — loss=1.2717, acc=0.6933, f1=0.4101, recall=0.5004, precision=0.8466
2026-03-15 01:31:54 | INFO | [Epoch 011] total_loss=0.030304, Lr0=0.000097Lr1=0.000965, time=0.69s
2026-03-15 01:31:56 | INFO | Validation — loss=3.7823, acc=0.3069, f1=0.2349, recall=0.5, precision=0.1535
2026-03-15 01:31:56 | INFO | [Epoch 012] total_loss=0.030300, Lr0=0.000096Lr1=0.000959, time=0.68s
2026-03-15 01:31:58 | INFO | Validation — loss=3.2444, acc=0.3069, f1=0.2349, recall=0.5, precision=0.1535
2026-03-15 01:31:59 | INFO | [Epoch 013] total_loss=0.039306, Lr0=0.000095Lr1=0.000952, time=0.57s
2026-03-15 01:32:00 | INFO | Validation — loss=2.9925, acc=0.3201, f1=0.2559, recall=0.5095, precision=0.6555
2026-03-15 01:32:01 | INFO | [Epoch 014] total_loss=0.023461, Lr0=0.000095Lr1=0.000946, time=0.63s
2026-03-15 01:32:02 | INFO | Validation — loss=3.5340, acc=0.3069, f1=0.2349, recall=0.5, precision=0.1535
2026-03-15 01:32:03 | INFO | [Epoch 015] total_loss=0.027788, Lr0=0.000094Lr1=0.000938, time=0.81s
2026-03-15 01:32:05 | INFO | Validation — loss=2.8392, acc=0.3491, f1=0.3003, recall=0.5302, precision=0.6575
2026-03-15 01:32:05 | INFO | [Epoch 016] total_loss=0.014918, Lr0=0.000093Lr1=0.000930, time=0.75s
2026-03-15 01:32:07 | INFO | Validation — loss=1.3171, acc=0.4791, f1=0.4783, recall=0.5808, precision=0.5876
2026-03-15 01:32:07 | INFO | [Epoch 017] total_loss=0.042738, Lr0=0.000092Lr1=0.000922, time=0.76s
2026-03-15 01:32:09 | INFO | Validation — loss=1.0435, acc=0.5694, f1=0.5581, recall=0.5965, precision=0.5825
2026-03-15 01:32:10 | INFO | [Epoch 018] total_loss=0.028189, Lr0=0.000091Lr1=0.000914, time=0.69s
2026-03-15 01:32:11 | INFO | Validation — loss=3.1454, acc=0.3283, f1=0.2686, recall=0.5154, precision=0.6568
2026-03-15 01:32:12 | INFO | [Epoch 019] total_loss=0.045179, Lr0=0.000091Lr1=0.000905, time=0.65s
2026-03-15 01:32:13 | INFO | Validation — loss=0.9955, acc=0.5672, f1=0.5575, recall=0.5996, precision=0.5855
2026-03-15 01:32:14 | INFO | [Epoch 020] total_loss=0.025370, Lr0=0.000090Lr1=0.000895, time=0.72s
2026-03-15 01:32:15 | INFO | Validation — loss=1.4059, acc=0.5195, f1=0.5129, recall=0.5576, precision=0.5502
2026-03-15 01:32:16 | INFO | [Epoch 021] total_loss=0.013984, Lr0=0.000089Lr1=0.000885, time=0.79s
2026-03-15 01:32:17 | INFO | Validation — loss=2.8653, acc=0.3258, f1=0.2647, recall=0.5136, precision=0.6564
2026-03-15 01:32:18 | INFO | [Epoch 022] total_loss=0.011567, Lr0=0.000088Lr1=0.000875, time=0.83s
2026-03-15 01:32:20 | INFO | Validation — loss=3.4369, acc=0.3078, f1=0.2363, recall=0.5007, precision=0.6536
2026-03-15 01:32:20 | INFO | [Epoch 023] total_loss=0.007385, Lr0=0.000087Lr1=0.000865, time=0.83s
2026-03-15 01:32:22 | INFO | Validation — loss=3.7666, acc=0.3097, f1=0.2393, recall=0.502, precision=0.6539
2026-03-15 01:32:22 | INFO | [Epoch 024] total_loss=0.004375, Lr0=0.000086Lr1=0.000854, time=0.69s
2026-03-15 01:32:24 | INFO | Validation — loss=3.1156, acc=0.3392, f1=0.2852, recall=0.5232, precision=0.6586
2026-03-15 01:32:24 | INFO | [Epoch 025] total_loss=0.003438, Lr0=0.000084Lr1=0.000842, time=0.77s
2026-03-15 01:32:26 | INFO | Validation — loss=2.4568, acc=0.3916, f1=0.3677, recall=0.5483, precision=0.6027
2026-03-15 01:32:27 | INFO | [Epoch 026] total_loss=0.002130, Lr0=0.000083Lr1=0.000831, time=0.71s
2026-03-15 01:32:28 | INFO | Validation — loss=2.2218, acc=0.4199, f1=0.4095, recall=0.5537, precision=0.5794
2026-03-15 01:32:29 | INFO | [Epoch 027] total_loss=0.001317, Lr0=0.000082Lr1=0.000819, time=0.77s
2026-03-15 01:32:30 | INFO | Validation — loss=2.2601, acc=0.4124, f1=0.3976, recall=0.5559, precision=0.5933
2026-03-15 01:32:31 | INFO | [Epoch 028] total_loss=0.001556, Lr0=0.000081Lr1=0.000807, time=0.68s
2026-03-15 01:32:32 | INFO | Validation — loss=2.6524, acc=0.3755, f1=0.3403, recall=0.5459, precision=0.6387
2026-03-15 01:32:33 | INFO | [Epoch 029] total_loss=0.001675, Lr0=0.000080Lr1=0.000794, time=0.75s
2026-03-15 01:32:35 | INFO | Validation — loss=2.8470, acc=0.3648, f1=0.3234, recall=0.5409, precision=0.6551
2026-03-15 01:32:35 | INFO | Early stopping at epoch 29. Best: 0.736100
2026-03-15 01:32:35 | INFO | Training complete.
2026-03-15 01:32:35 | INFO | Best checkpoint: ./save/cnn_overlap_new/subject_specific_SWELLDataset/finetuned_best_4.pt
2026-03-15 01:32:40 | INFO | Model forward EncoderClassifierModel(
  (encoder): CNNEncoder(
    (cnn_layers): Sequential(
      (0): Conv1d(1, 32, kernel_size=(10,), stride=(1,))
      (1): BatchNorm1d(32, eps=1e-05, momentum=0.1, affine=True, track_running_stats=True)
      (2): ReLU()
      (3): MaxPool1d(kernel_size=2, stride=2, padding=0, dilation=1, ceil_mode=False)
      (4): Dropout(p=0.0, inplace=False)
      (5): Conv1d(32, 64, kernel_size=(10,), stride=(1,))
      (6): BatchNorm1d(64, eps=1e-05, momentum=0.1, affine=True, track_running_stats=True)
      (7): ReLU()
      (8): MaxPool1d(kernel_size=2, stride=2, padding=0, dilation=1, ceil_mode=False)
      (9): Dropout(p=0.0, inplace=False)
      (10): Conv1d(64, 128, kernel_size=(10,), stride=(1,))
      (11): BatchNorm1d(128, eps=1e-05, momentum=0.1, affine=True, track_running_stats=True)
      (12): ReLU()
      (13): MaxPool1d(kernel_size=2, stride=2, padding=0, dilation=1, ceil_mode=False)
      (14): Dropout(p=0.0, inplace=False)
      (15): Conv1d(128, 256, kernel_size=(10,), stride=(1,))
      (16): BatchNorm1d(256, eps=1e-05, momentum=0.1, affine=True, track_running_stats=True)
      (17): ReLU()
      (18): MaxPool1d(kernel_size=2, stride=2, padding=0, dilation=1, ceil_mode=False)
      (19): Dropout(p=0.0, inplace=False)
    )
    (linear_layer): Sequential(
      (0): Linear(in_features=18176, out_features=64, bias=True)
      (1): ReLU()
    )
  )
  (classifier): Linear(in_features=64, out_features=1, bias=True)
  (loss_fn): BCEWithLogitsLoss()
)
2026-03-15 01:32:42 | INFO | [Epoch 000] total_loss=0.607173, Lr0=0.000100Lr1=0.001000, time=0.83s
2026-03-15 01:32:43 | INFO | Validation — loss=0.6304, acc=0.7106, f1=0.4154, recall=0.5, precision=0.3553
2026-03-15 01:32:43 | INFO | Best model logged 0.4154
2026-03-15 01:32:44 | INFO | [Epoch 001] total_loss=0.397710, Lr0=0.000100Lr1=0.000999, time=0.74s
2026-03-15 01:32:46 | INFO | Validation — loss=1.6953, acc=0.7106, f1=0.4154, recall=0.5, precision=0.3553
2026-03-15 01:32:46 | INFO | [Epoch 002] total_loss=0.286032, Lr0=0.000100Lr1=0.000998, time=0.82s
2026-03-15 01:32:48 | INFO | Validation — loss=5.9253, acc=0.7106, f1=0.4154, recall=0.5, precision=0.3553
2026-03-15 01:32:48 | INFO | [Epoch 003] total_loss=0.234671, Lr0=0.000100Lr1=0.000996, time=0.70s
2026-03-15 01:32:50 | INFO | Validation — loss=2.3616, acc=0.7106, f1=0.4154, recall=0.5, precision=0.3553
2026-03-15 01:32:50 | INFO | [Epoch 004] total_loss=0.174312, Lr0=0.000099Lr1=0.000994, time=0.75s
2026-03-15 01:32:52 | INFO | Validation — loss=1.7942, acc=0.7106, f1=0.4154, recall=0.5, precision=0.3553
2026-03-15 01:32:53 | INFO | [Epoch 005] total_loss=0.122947, Lr0=0.000099Lr1=0.000991, time=0.74s
2026-03-15 01:32:54 | INFO | Validation — loss=2.5084, acc=0.7106, f1=0.4154, recall=0.5, precision=0.3553
2026-03-15 01:32:55 | INFO | [Epoch 006] total_loss=0.090495, Lr0=0.000099Lr1=0.000988, time=0.75s
2026-03-15 01:32:56 | INFO | Validation — loss=2.1987, acc=0.7106, f1=0.4154, recall=0.5, precision=0.3553
2026-03-15 01:32:57 | INFO | [Epoch 007] total_loss=0.087735, Lr0=0.000098Lr1=0.000984, time=0.55s
2026-03-15 01:32:58 | INFO | Validation — loss=1.9097, acc=0.7106, f1=0.4154, recall=0.5, precision=0.3553
2026-03-15 01:32:59 | INFO | [Epoch 008] total_loss=0.053541, Lr0=0.000098Lr1=0.000980, time=0.85s
2026-03-15 01:33:00 | INFO | Validation — loss=5.7518, acc=0.7106, f1=0.4154, recall=0.5, precision=0.3553
2026-03-15 01:33:01 | INFO | [Epoch 009] total_loss=0.060206, Lr0=0.000098Lr1=0.000976, time=0.72s
2026-03-15 01:33:03 | INFO | Validation — loss=1.6529, acc=0.7106, f1=0.4154, recall=0.5, precision=0.3553
2026-03-15 01:33:03 | INFO | [Epoch 010] total_loss=0.033128, Lr0=0.000097Lr1=0.000970, time=0.72s
2026-03-15 01:33:05 | INFO | Validation — loss=3.4491, acc=0.7106, f1=0.4154, recall=0.5, precision=0.3553
2026-03-15 01:33:05 | INFO | [Epoch 011] total_loss=0.041255, Lr0=0.000097Lr1=0.000965, time=0.60s
2026-03-15 01:33:07 | INFO | Validation — loss=1.8042, acc=0.7144, f1=0.4294, recall=0.5066, precision=0.8566
2026-03-15 01:33:07 | INFO | Best model logged 0.4294
2026-03-15 01:33:07 | INFO | [Epoch 012] total_loss=0.019913, Lr0=0.000096Lr1=0.000959, time=0.52s
2026-03-15 01:33:09 | INFO | Validation — loss=1.4911, acc=0.7122, f1=0.4216, recall=0.5029, precision=0.8559
2026-03-15 01:33:09 | INFO | [Epoch 013] total_loss=0.022212, Lr0=0.000095Lr1=0.000952, time=0.81s
2026-03-15 01:33:11 | INFO | Validation — loss=2.3326, acc=0.713, f1=0.4242, recall=0.5041, precision=0.8561
2026-03-15 01:33:12 | INFO | [Epoch 014] total_loss=0.022944, Lr0=0.000095Lr1=0.000946, time=0.85s
2026-03-15 01:33:13 | INFO | Validation — loss=2.6727, acc=0.7108, f1=0.4163, recall=0.5004, precision=0.8554
2026-03-15 01:33:14 | INFO | [Epoch 015] total_loss=0.015185, Lr0=0.000094Lr1=0.000938, time=0.82s
2026-03-15 01:33:15 | INFO | Validation — loss=4.3338, acc=0.7127, f1=0.4233, recall=0.5037, precision=0.856
2026-03-15 01:33:16 | INFO | [Epoch 016] total_loss=0.010730, Lr0=0.000093Lr1=0.000930, time=0.81s
2026-03-15 01:33:17 | INFO | Validation — loss=3.3095, acc=0.7134, f1=0.4259, recall=0.505, precision=0.8563
2026-03-15 01:33:18 | INFO | [Epoch 017] total_loss=0.005957, Lr0=0.000092Lr1=0.000922, time=0.76s
2026-03-15 01:33:20 | INFO | Validation — loss=2.3707, acc=0.7139, f1=0.4276, recall=0.5058, precision=0.8565
2026-03-15 01:33:20 | INFO | [Epoch 018] total_loss=0.007006, Lr0=0.000091Lr1=0.000914, time=0.74s
2026-03-15 01:33:22 | INFO | Validation — loss=2.8015, acc=0.7122, f1=0.4216, recall=0.5029, precision=0.8559
2026-03-15 01:33:22 | INFO | [Epoch 019] total_loss=0.003559, Lr0=0.000091Lr1=0.000905, time=0.70s
2026-03-15 01:33:24 | INFO | Validation — loss=3.1745, acc=0.7118, f1=0.4198, recall=0.5021, precision=0.8557
2026-03-15 01:33:24 | INFO | [Epoch 020] total_loss=0.002768, Lr0=0.000090Lr1=0.000895, time=0.56s
2026-03-15 01:33:25 | INFO | Validation — loss=2.6182, acc=0.7146, f1=0.4302, recall=0.507, precision=0.8567
2026-03-15 01:33:25 | INFO | Best model logged 0.4302
2026-03-15 01:33:26 | INFO | [Epoch 021] total_loss=0.001788, Lr0=0.000089Lr1=0.000885, time=0.57s
2026-03-15 01:33:27 | INFO | Validation — loss=2.2645, acc=0.7156, f1=0.4337, recall=0.5087, precision=0.8571
2026-03-15 01:33:27 | INFO | Best model logged 0.4337
2026-03-15 01:33:28 | INFO | [Epoch 022] total_loss=0.002263, Lr0=0.000088Lr1=0.000875, time=0.52s
2026-03-15 01:33:29 | INFO | Validation — loss=2.3902, acc=0.7149, f1=0.4311, recall=0.5074, precision=0.8568
2026-03-15 01:33:30 | INFO | [Epoch 023] total_loss=0.002483, Lr0=0.000087Lr1=0.000865, time=0.57s
2026-03-15 01:33:31 | INFO | Validation — loss=2.2870, acc=0.7163, f1=0.4362, recall=0.5099, precision=0.8573
2026-03-15 01:33:31 | INFO | Best model logged 0.4362
2026-03-15 01:33:31 | INFO | [Epoch 024] total_loss=0.001449, Lr0=0.000086Lr1=0.000854, time=0.59s
2026-03-15 01:33:33 | INFO | Validation — loss=2.1776, acc=0.7175, f1=0.4405, recall=0.512, precision=0.8578
2026-03-15 01:33:33 | INFO | Best model logged 0.4405
2026-03-15 01:33:33 | INFO | [Epoch 025] total_loss=0.001412, Lr0=0.000084Lr1=0.000842, time=0.52s
2026-03-15 01:33:35 | INFO | Validation — loss=2.1352, acc=0.717, f1=0.4388, recall=0.5111, precision=0.8576
2026-03-15 01:33:35 | INFO | [Epoch 026] total_loss=0.001147, Lr0=0.000083Lr1=0.000831, time=0.56s
2026-03-15 01:33:36 | INFO | Validation — loss=2.3335, acc=0.7156, f1=0.4337, recall=0.5087, precision=0.8571
2026-03-15 01:33:37 | INFO | [Epoch 027] total_loss=0.000905, Lr0=0.000082Lr1=0.000819, time=0.55s
2026-03-15 01:33:38 | INFO | Validation — loss=2.5180, acc=0.7151, f1=0.432, recall=0.5078, precision=0.8569
2026-03-15 01:33:39 | INFO | [Epoch 028] total_loss=0.000995, Lr0=0.000081Lr1=0.000807, time=0.54s
2026-03-15 01:33:40 | INFO | Validation — loss=2.5762, acc=0.7149, f1=0.4311, recall=0.5074, precision=0.8568
2026-03-15 01:33:41 | INFO | [Epoch 029] total_loss=0.000694, Lr0=0.000080Lr1=0.000794, time=0.67s
2026-03-15 01:33:42 | INFO | Validation — loss=2.6437, acc=0.7149, f1=0.4311, recall=0.5074, precision=0.8568
2026-03-15 01:33:43 | INFO | [Epoch 030] total_loss=0.000732, Lr0=0.000078Lr1=0.000781, time=0.80s
2026-03-15 01:33:45 | INFO | Validation — loss=2.6592, acc=0.7149, f1=0.4311, recall=0.5074, precision=0.8568
2026-03-15 01:33:46 | INFO | [Epoch 031] total_loss=0.000686, Lr0=0.000077Lr1=0.000768, time=0.80s
2026-03-15 01:33:47 | INFO | Validation — loss=2.6486, acc=0.7149, f1=0.4311, recall=0.5074, precision=0.8568
2026-03-15 01:33:48 | INFO | [Epoch 032] total_loss=0.000598, Lr0=0.000076Lr1=0.000755, time=0.61s
2026-03-15 01:33:49 | INFO | Validation — loss=2.5555, acc=0.7149, f1=0.4311, recall=0.5074, precision=0.8568
2026-03-15 01:33:50 | INFO | [Epoch 033] total_loss=0.000789, Lr0=0.000074Lr1=0.000741, time=0.65s
2026-03-15 01:33:51 | INFO | Validation — loss=2.3197, acc=0.7163, f1=0.4362, recall=0.5099, precision=0.8573
2026-03-15 01:33:52 | INFO | [Epoch 034] total_loss=0.000816, Lr0=0.000073Lr1=0.000727, time=0.59s
2026-03-15 01:33:53 | INFO | Validation — loss=2.3820, acc=0.7153, f1=0.4328, recall=0.5083, precision=0.857
2026-03-15 01:33:54 | INFO | [Epoch 035] total_loss=0.001380, Lr0=0.000072Lr1=0.000713, time=0.77s
2026-03-15 01:33:56 | INFO | Validation — loss=2.6738, acc=0.7139, f1=0.4276, recall=0.5058, precision=0.8565
2026-03-15 01:33:56 | INFO | [Epoch 036] total_loss=0.000525, Lr0=0.000070Lr1=0.000699, time=0.80s
2026-03-15 01:33:58 | INFO | Validation — loss=2.5124, acc=0.7151, f1=0.432, recall=0.5078, precision=0.8569
2026-03-15 01:33:58 | INFO | [Epoch 037] total_loss=0.000960, Lr0=0.000069Lr1=0.000684, time=0.70s
2026-03-15 01:34:00 | INFO | Validation — loss=2.3936, acc=0.7156, f1=0.4337, recall=0.5087, precision=0.8571
2026-03-15 01:34:00 | INFO | [Epoch 038] total_loss=0.000559, Lr0=0.000067Lr1=0.000670, time=0.76s
2026-03-15 01:34:02 | INFO | Validation — loss=2.6795, acc=0.7139, f1=0.4276, recall=0.5058, precision=0.8565
2026-03-15 01:34:03 | INFO | [Epoch 039] total_loss=0.000582, Lr0=0.000066Lr1=0.000655, time=0.69s
2026-03-15 01:34:04 | INFO | Validation — loss=2.7913, acc=0.7137, f1=0.4268, recall=0.5054, precision=0.8564
2026-03-15 01:34:04 | INFO | [Epoch 040] total_loss=0.000447, Lr0=0.000064Lr1=0.000640, time=0.74s
2026-03-15 01:34:06 | INFO | Validation — loss=2.6910, acc=0.7146, f1=0.4302, recall=0.507, precision=0.8567
2026-03-15 01:34:07 | INFO | [Epoch 041] total_loss=0.000469, Lr0=0.000063Lr1=0.000625, time=0.67s
2026-03-15 01:34:08 | INFO | Validation — loss=2.5636, acc=0.7151, f1=0.432, recall=0.5078, precision=0.8569
2026-03-15 01:34:09 | INFO | [Epoch 042] total_loss=0.000385, Lr0=0.000061Lr1=0.000609, time=0.62s
2026-03-15 01:34:10 | INFO | Validation — loss=2.4089, acc=0.7163, f1=0.4362, recall=0.5099, precision=0.8573
2026-03-15 01:34:11 | INFO | [Epoch 043] total_loss=0.000412, Lr0=0.000060Lr1=0.000594, time=0.70s
2026-03-15 01:34:12 | INFO | Validation — loss=2.3694, acc=0.7165, f1=0.4371, recall=0.5103, precision=0.8574
2026-03-15 01:34:13 | INFO | [Epoch 044] total_loss=0.001017, Lr0=0.000058Lr1=0.000579, time=0.65s
2026-03-15 01:34:14 | INFO | Validation — loss=2.0034, acc=0.7218, f1=0.4555, recall=0.5194, precision=0.8593
2026-03-15 01:34:14 | INFO | Best model logged 0.4555
2026-03-15 01:34:15 | INFO | [Epoch 045] total_loss=0.000481, Lr0=0.000057Lr1=0.000563, time=0.72s
2026-03-15 01:34:17 | INFO | Validation — loss=2.0650, acc=0.7185, f1=0.4438, recall=0.5136, precision=0.8581
2026-03-15 01:34:17 | INFO | [Epoch 046] total_loss=0.000439, Lr0=0.000055Lr1=0.000548, time=0.71s
2026-03-15 01:34:19 | INFO | Validation — loss=2.3172, acc=0.7153, f1=0.4328, recall=0.5083, precision=0.857
2026-03-15 01:34:20 | INFO | [Epoch 047] total_loss=0.000462, Lr0=0.000054Lr1=0.000532, time=0.67s
2026-03-15 01:34:21 | INFO | Validation — loss=2.3664, acc=0.7156, f1=0.4337, recall=0.5087, precision=0.8571
2026-03-15 01:34:22 | INFO | [Epoch 048] total_loss=0.000276, Lr0=0.000052Lr1=0.000516, time=0.65s
2026-03-15 01:34:23 | INFO | Validation — loss=2.4425, acc=0.7153, f1=0.4328, recall=0.5083, precision=0.857
2026-03-15 01:34:24 | INFO | [Epoch 049] total_loss=0.000904, Lr0=0.000051Lr1=0.000501, time=0.75s
2026-03-15 01:34:25 | INFO | Validation — loss=2.0104, acc=0.7249, f1=0.4661, recall=0.5248, precision=0.8605
2026-03-15 01:34:25 | INFO | Best model logged 0.4661
2026-03-15 01:34:26 | INFO | [Epoch 050] total_loss=0.000405, Lr0=0.000049Lr1=0.000485, time=0.74s
2026-03-15 01:34:28 | INFO | Validation — loss=2.1039, acc=0.7232, f1=0.4604, recall=0.5219, precision=0.8598
2026-03-15 01:34:28 | INFO | [Epoch 051] total_loss=0.000591, Lr0=0.000047Lr1=0.000469, time=0.70s
2026-03-15 01:34:30 | INFO | Validation — loss=2.5471, acc=0.7153, f1=0.4328, recall=0.5083, precision=0.857
2026-03-15 01:34:30 | INFO | [Epoch 052] total_loss=0.000471, Lr0=0.000046Lr1=0.000453, time=0.73s
2026-03-15 01:34:32 | INFO | Validation — loss=2.7594, acc=0.7149, f1=0.4311, recall=0.5074, precision=0.8568
2026-03-15 01:34:32 | INFO | [Epoch 053] total_loss=0.000935, Lr0=0.000044Lr1=0.000438, time=0.83s
2026-03-15 01:34:34 | INFO | Validation — loss=2.4370, acc=0.7168, f1=0.4379, recall=0.5107, precision=0.8575
2026-03-15 01:34:34 | INFO | [Epoch 054] total_loss=0.000608, Lr0=0.000043Lr1=0.000422, time=0.62s
2026-03-15 01:34:36 | INFO | Validation — loss=2.5617, acc=0.7151, f1=0.432, recall=0.5078, precision=0.8569
2026-03-15 01:34:36 | INFO | [Epoch 055] total_loss=0.000662, Lr0=0.000041Lr1=0.000407, time=0.66s
2026-03-15 01:34:38 | INFO | Validation — loss=2.3245, acc=0.7163, f1=0.4362, recall=0.5099, precision=0.8573
2026-03-15 01:34:38 | INFO | [Epoch 056] total_loss=0.000581, Lr0=0.000040Lr1=0.000392, time=0.54s
2026-03-15 01:34:39 | INFO | Validation — loss=2.1237, acc=0.718, f1=0.4422, recall=0.5128, precision=0.8579
2026-03-15 01:34:40 | INFO | [Epoch 057] total_loss=0.000308, Lr0=0.000038Lr1=0.000376, time=0.64s
2026-03-15 01:34:41 | INFO | Validation — loss=2.0488, acc=0.7206, f1=0.4514, recall=0.5173, precision=0.8589
2026-03-15 01:34:42 | INFO | [Epoch 058] total_loss=0.000296, Lr0=0.000037Lr1=0.000361, time=0.62s
2026-03-15 01:34:43 | INFO | Validation — loss=2.1345, acc=0.7185, f1=0.4438, recall=0.5136, precision=0.8581
2026-03-15 01:34:44 | INFO | [Epoch 059] total_loss=0.000266, Lr0=0.000035Lr1=0.000346, time=0.58s
2026-03-15 01:34:45 | INFO | Validation — loss=2.2535, acc=0.7173, f1=0.4396, recall=0.5116, precision=0.8577
2026-03-15 01:34:45 | INFO | [Epoch 060] total_loss=0.000259, Lr0=0.000034Lr1=0.000331, time=0.55s
2026-03-15 01:34:47 | INFO | Validation — loss=2.3376, acc=0.7168, f1=0.4379, recall=0.5107, precision=0.8575
2026-03-15 01:34:47 | INFO | [Epoch 061] total_loss=0.000194, Lr0=0.000032Lr1=0.000317, time=0.56s
2026-03-15 01:34:48 | INFO | Validation — loss=2.3475, acc=0.717, f1=0.4388, recall=0.5111, precision=0.8576
2026-03-15 01:34:49 | INFO | [Epoch 062] total_loss=0.000275, Lr0=0.000031Lr1=0.000302, time=0.61s
2026-03-15 01:34:51 | INFO | Validation — loss=2.3690, acc=0.717, f1=0.4388, recall=0.5111, precision=0.8576
2026-03-15 01:34:51 | INFO | [Epoch 063] total_loss=0.000257, Lr0=0.000029Lr1=0.000288, time=0.57s
2026-03-15 01:34:53 | INFO | Validation — loss=2.3599, acc=0.717, f1=0.4388, recall=0.5111, precision=0.8576
2026-03-15 01:34:53 | INFO | [Epoch 064] total_loss=0.000210, Lr0=0.000028Lr1=0.000274, time=0.59s
2026-03-15 01:34:55 | INFO | Validation — loss=2.3581, acc=0.7173, f1=0.4396, recall=0.5116, precision=0.8577
2026-03-15 01:34:55 | INFO | [Epoch 065] total_loss=0.000238, Lr0=0.000027Lr1=0.000260, time=0.57s
2026-03-15 01:34:57 | INFO | Validation — loss=2.3451, acc=0.7175, f1=0.4405, recall=0.512, precision=0.8578
2026-03-15 01:34:57 | INFO | [Epoch 066] total_loss=0.000316, Lr0=0.000025Lr1=0.000246, time=0.83s
2026-03-15 01:34:59 | INFO | Validation — loss=2.2257, acc=0.7201, f1=0.4497, recall=0.5165, precision=0.8587
2026-03-15 01:35:00 | INFO | [Epoch 067] total_loss=0.000215, Lr0=0.000024Lr1=0.000233, time=0.77s
2026-03-15 01:35:01 | INFO | Validation — loss=2.2922, acc=0.7177, f1=0.4413, recall=0.5124, precision=0.8578
2026-03-15 01:35:02 | INFO | [Epoch 068] total_loss=0.000203, Lr0=0.000023Lr1=0.000220, time=0.74s
2026-03-15 01:35:03 | INFO | Validation — loss=2.3026, acc=0.7177, f1=0.4413, recall=0.5124, precision=0.8578
2026-03-15 01:35:04 | INFO | [Epoch 069] total_loss=0.000269, Lr0=0.000021Lr1=0.000207, time=0.76s
2026-03-15 01:35:06 | INFO | Validation — loss=2.2742, acc=0.7192, f1=0.4464, recall=0.5149, precision=0.8584
2026-03-15 01:35:06 | INFO | Early stopping at epoch 69. Best: 0.466100
2026-03-15 01:35:06 | INFO | Training complete.
2026-03-15 01:35:06 | INFO | Best checkpoint: ./save/cnn_overlap_new/subject_specific_SWELLDataset/finetuned_best_5.pt
2026-03-15 01:35:11 | INFO | Model forward EncoderClassifierModel(
  (encoder): CNNEncoder(
    (cnn_layers): Sequential(
      (0): Conv1d(1, 32, kernel_size=(10,), stride=(1,))
      (1): BatchNorm1d(32, eps=1e-05, momentum=0.1, affine=True, track_running_stats=True)
      (2): ReLU()
      (3): MaxPool1d(kernel_size=2, stride=2, padding=0, dilation=1, ceil_mode=False)
      (4): Dropout(p=0.0, inplace=False)
      (5): Conv1d(32, 64, kernel_size=(10,), stride=(1,))
      (6): BatchNorm1d(64, eps=1e-05, momentum=0.1, affine=True, track_running_stats=True)
      (7): ReLU()
      (8): MaxPool1d(kernel_size=2, stride=2, padding=0, dilation=1, ceil_mode=False)
      (9): Dropout(p=0.0, inplace=False)
      (10): Conv1d(64, 128, kernel_size=(10,), stride=(1,))
      (11): BatchNorm1d(128, eps=1e-05, momentum=0.1, affine=True, track_running_stats=True)
      (12): ReLU()
      (13): MaxPool1d(kernel_size=2, stride=2, padding=0, dilation=1, ceil_mode=False)
      (14): Dropout(p=0.0, inplace=False)
      (15): Conv1d(128, 256, kernel_size=(10,), stride=(1,))
      (16): BatchNorm1d(256, eps=1e-05, momentum=0.1, affine=True, track_running_stats=True)
      (17): ReLU()
      (18): MaxPool1d(kernel_size=2, stride=2, padding=0, dilation=1, ceil_mode=False)
      (19): Dropout(p=0.0, inplace=False)
    )
    (linear_layer): Sequential(
      (0): Linear(in_features=18176, out_features=64, bias=True)
      (1): ReLU()
    )
  )
  (classifier): Linear(in_features=64, out_features=1, bias=True)
  (loss_fn): BCEWithLogitsLoss()
)
2026-03-15 01:35:12 | INFO | [Epoch 000] total_loss=0.619450, Lr0=0.000100Lr1=0.001000, time=0.85s
2026-03-15 01:35:14 | INFO | Validation — loss=0.7204, acc=0.6827, f1=0.4057, recall=0.5, precision=0.3413
2026-03-15 01:35:14 | INFO | Best model logged 0.4057
2026-03-15 01:35:15 | INFO | [Epoch 001] total_loss=0.436863, Lr0=0.000100Lr1=0.000999, time=0.54s
2026-03-15 01:35:16 | INFO | Validation — loss=0.7199, acc=0.6827, f1=0.4057, recall=0.5, precision=0.3413
2026-03-15 01:35:17 | INFO | [Epoch 002] total_loss=0.335295, Lr0=0.000100Lr1=0.000998, time=0.76s
2026-03-15 01:35:18 | INFO | Validation — loss=5.1843, acc=0.6827, f1=0.4057, recall=0.5, precision=0.3413
2026-03-15 01:35:19 | INFO | [Epoch 003] total_loss=0.284630, Lr0=0.000100Lr1=0.000996, time=0.65s
2026-03-15 01:35:20 | INFO | Validation — loss=2.4509, acc=0.6827, f1=0.4057, recall=0.5, precision=0.3413
2026-03-15 01:35:21 | INFO | [Epoch 004] total_loss=0.231697, Lr0=0.000099Lr1=0.000994, time=0.81s
2026-03-15 01:35:23 | INFO | Validation — loss=2.5411, acc=0.6827, f1=0.4057, recall=0.5, precision=0.3413
2026-03-15 01:35:23 | INFO | [Epoch 005] total_loss=0.169635, Lr0=0.000099Lr1=0.000991, time=0.66s
2026-03-15 01:35:25 | INFO | Validation — loss=5.8922, acc=0.6827, f1=0.4057, recall=0.5, precision=0.3413
2026-03-15 01:35:26 | INFO | [Epoch 006] total_loss=0.132793, Lr0=0.000099Lr1=0.000988, time=0.69s
2026-03-15 01:35:27 | INFO | Validation — loss=4.0011, acc=0.6827, f1=0.4057, recall=0.5, precision=0.3413
2026-03-15 01:35:28 | INFO | [Epoch 007] total_loss=0.109104, Lr0=0.000098Lr1=0.000984, time=0.86s
2026-03-15 01:35:29 | INFO | Validation — loss=1.8810, acc=0.6827, f1=0.4057, recall=0.5, precision=0.3413
2026-03-15 01:35:30 | INFO | [Epoch 008] total_loss=0.119459, Lr0=0.000098Lr1=0.000980, time=0.81s
2026-03-15 01:35:32 | INFO | Validation — loss=2.5825, acc=0.6827, f1=0.4057, recall=0.5, precision=0.3413
2026-03-15 01:35:32 | INFO | [Epoch 009] total_loss=0.077265, Lr0=0.000098Lr1=0.000976, time=0.58s
2026-03-15 01:35:34 | INFO | Validation — loss=1.2510, acc=0.6827, f1=0.4057, recall=0.5, precision=0.3413
2026-03-15 01:35:34 | INFO | [Epoch 010] total_loss=0.061759, Lr0=0.000097Lr1=0.000970, time=0.60s
2026-03-15 01:35:36 | INFO | Validation — loss=0.4735, acc=0.7381, f1=0.5682, recall=0.5873, precision=0.8614
2026-03-15 01:35:36 | INFO | Best model logged 0.5682
2026-03-15 01:35:37 | INFO | [Epoch 011] total_loss=0.046592, Lr0=0.000097Lr1=0.000965, time=0.80s
2026-03-15 01:35:38 | INFO | Validation — loss=0.2345, acc=0.8838, f1=0.85, recall=0.8198, precision=0.9208
2026-03-15 01:35:38 | INFO | Best model logged 0.85
2026-03-15 01:35:39 | INFO | [Epoch 012] total_loss=0.043768, Lr0=0.000096Lr1=0.000959, time=0.52s
2026-03-15 01:35:40 | INFO | Validation — loss=0.3702, acc=0.8885, f1=0.8557, recall=0.8243, precision=0.9298
2026-03-15 01:35:40 | INFO | Best model logged 0.8557
2026-03-15 01:35:41 | INFO | [Epoch 013] total_loss=0.029921, Lr0=0.000095Lr1=0.000952, time=0.58s
2026-03-15 01:35:42 | INFO | Validation — loss=0.1823, acc=0.9239, f1=0.9155, recall=0.933, precision=0.9039
2026-03-15 01:35:42 | INFO | Best model logged 0.9155
2026-03-15 01:35:43 | INFO | [Epoch 014] total_loss=0.032070, Lr0=0.000095Lr1=0.000946, time=0.67s
2026-03-15 01:35:45 | INFO | Validation — loss=0.1155, acc=0.9517, f1=0.9418, recall=0.9247, precision=0.9659
2026-03-15 01:35:45 | INFO | Best model logged 0.9418
2026-03-15 01:35:45 | INFO | [Epoch 015] total_loss=0.017781, Lr0=0.000094Lr1=0.000938, time=0.66s
2026-03-15 01:35:47 | INFO | Validation — loss=0.3223, acc=0.8858, f1=0.8546, recall=0.8269, precision=0.9138
2026-03-15 01:35:48 | INFO | [Epoch 016] total_loss=0.021029, Lr0=0.000093Lr1=0.000930, time=0.70s
2026-03-15 01:35:49 | INFO | Validation — loss=0.0847, acc=0.9729, f1=0.9693, recall=0.9788, precision=0.9613
2026-03-15 01:35:49 | INFO | Best model logged 0.9693
2026-03-15 01:35:50 | INFO | [Epoch 017] total_loss=0.009967, Lr0=0.000092Lr1=0.000922, time=0.61s
2026-03-15 01:35:52 | INFO | Validation — loss=0.0716, acc=0.972, f1=0.9678, recall=0.9699, precision=0.9658
2026-03-15 01:35:52 | INFO | [Epoch 018] total_loss=0.008251, Lr0=0.000091Lr1=0.000914, time=0.81s
2026-03-15 01:35:54 | INFO | Validation — loss=0.0475, acc=0.9815, f1=0.9785, recall=0.9743, precision=0.983
2026-03-15 01:35:54 | INFO | Best model logged 0.9785
2026-03-15 01:35:54 | INFO | [Epoch 019] total_loss=0.005687, Lr0=0.000091Lr1=0.000905, time=0.68s
2026-03-15 01:35:56 | INFO | Validation — loss=0.0810, acc=0.9771, f1=0.973, recall=0.9644, precision=0.9831
2026-03-15 01:35:57 | INFO | [Epoch 020] total_loss=0.005462, Lr0=0.000090Lr1=0.000895, time=0.83s
2026-03-15 01:35:58 | INFO | Validation — loss=0.0881, acc=0.9742, f1=0.9697, recall=0.9618, precision=0.9788
2026-03-15 01:35:59 | INFO | [Epoch 021] total_loss=0.005044, Lr0=0.000089Lr1=0.000885, time=0.65s
2026-03-15 01:36:00 | INFO | Validation — loss=0.0373, acc=0.9833, f1=0.9809, recall=0.9846, precision=0.9774
2026-03-15 01:36:00 | INFO | Best model logged 0.9809
2026-03-15 01:36:01 | INFO | [Epoch 022] total_loss=0.005036, Lr0=0.000088Lr1=0.000875, time=0.69s
2026-03-15 01:36:02 | INFO | Validation — loss=0.2675, acc=0.9032, f1=0.8957, recall=0.9291, precision=0.8831
2026-03-15 01:36:03 | INFO | [Epoch 023] total_loss=0.017940, Lr0=0.000087Lr1=0.000865, time=0.58s
2026-03-15 01:36:04 | INFO | Validation — loss=0.1222, acc=0.9633, f1=0.9588, recall=0.9729, precision=0.9482
2026-03-15 01:36:05 | INFO | [Epoch 024] total_loss=0.021387, Lr0=0.000086Lr1=0.000854, time=0.59s
2026-03-15 01:36:06 | INFO | Validation — loss=0.6986, acc=0.7766, f1=0.772, recall=0.8364, precision=0.7934
2026-03-15 01:36:07 | INFO | [Epoch 025] total_loss=0.014764, Lr0=0.000084Lr1=0.000842, time=0.56s
2026-03-15 01:36:08 | INFO | Validation — loss=0.6556, acc=0.7648, f1=0.7607, recall=0.8277, precision=0.7872
2026-03-15 01:36:09 | INFO | [Epoch 026] total_loss=0.009896, Lr0=0.000083Lr1=0.000831, time=0.63s
2026-03-15 01:36:10 | INFO | Validation — loss=0.0530, acc=0.9802, f1=0.9767, recall=0.9688, precision=0.9859
2026-03-15 01:36:10 | INFO | [Epoch 027] total_loss=0.008855, Lr0=0.000082Lr1=0.000819, time=0.57s
2026-03-15 01:36:12 | INFO | Validation — loss=0.1520, acc=0.937, f1=0.9305, recall=0.9522, precision=0.9174
2026-03-15 01:36:13 | INFO | [Epoch 028] total_loss=0.019263, Lr0=0.000081Lr1=0.000807, time=0.72s
2026-03-15 01:36:14 | INFO | Validation — loss=0.0662, acc=0.9751, f1=0.9718, recall=0.9814, precision=0.9638
2026-03-15 01:36:15 | INFO | [Epoch 029] total_loss=0.016730, Lr0=0.000080Lr1=0.000794, time=0.58s
2026-03-15 01:36:16 | INFO | Validation — loss=0.1789, acc=0.9522, f1=0.9428, recall=0.9282, precision=0.9622
2026-03-15 01:36:17 | INFO | [Epoch 030] total_loss=0.018340, Lr0=0.000078Lr1=0.000781, time=0.61s
2026-03-15 01:36:18 | INFO | Validation — loss=0.0287, acc=0.9889, f1=0.9872, recall=0.9873, precision=0.987
2026-03-15 01:36:18 | INFO | Best model logged 0.9872
2026-03-15 01:36:19 | INFO | [Epoch 031] total_loss=0.005460, Lr0=0.000077Lr1=0.000768, time=0.73s
2026-03-15 01:36:20 | INFO | Validation — loss=0.0226, acc=0.9902, f1=0.9886, recall=0.9853, precision=0.9921
2026-03-15 01:36:20 | INFO | Best model logged 0.9886
2026-03-15 01:36:21 | INFO | [Epoch 032] total_loss=0.010160, Lr0=0.000076Lr1=0.000755, time=0.60s
2026-03-15 01:36:22 | INFO | Validation — loss=0.0578, acc=0.9815, f1=0.9784, recall=0.9716, precision=0.986
2026-03-15 01:36:23 | INFO | [Epoch 033] total_loss=0.017719, Lr0=0.000074Lr1=0.000741, time=0.70s
2026-03-15 01:36:24 | INFO | Validation — loss=0.3685, acc=0.8721, f1=0.8644, recall=0.9063, precision=0.8563
2026-03-15 01:36:25 | INFO | [Epoch 034] total_loss=0.007408, Lr0=0.000073Lr1=0.000727, time=0.63s
2026-03-15 01:36:26 | INFO | Validation — loss=0.0978, acc=0.9562, f1=0.9473, recall=0.9309, precision=0.9698
2026-03-15 01:36:27 | INFO | [Epoch 035] total_loss=0.006020, Lr0=0.000072Lr1=0.000713, time=0.60s
2026-03-15 01:36:28 | INFO | Validation — loss=0.1261, acc=0.9564, f1=0.9476, recall=0.9313, precision=0.97
2026-03-15 01:36:29 | INFO | [Epoch 036] total_loss=0.002255, Lr0=0.000070Lr1=0.000699, time=0.81s
2026-03-15 01:36:31 | INFO | Validation — loss=0.0988, acc=0.9646, f1=0.9583, recall=0.9488, precision=0.9696
2026-03-15 01:36:31 | INFO | [Epoch 037] total_loss=0.002225, Lr0=0.000069Lr1=0.000684, time=0.69s
2026-03-15 01:36:33 | INFO | Validation — loss=0.0634, acc=0.974, f1=0.9698, recall=0.9674, precision=0.9723
2026-03-15 01:36:33 | INFO | [Epoch 038] total_loss=0.001098, Lr0=0.000067Lr1=0.000670, time=0.56s
2026-03-15 01:36:35 | INFO | Validation — loss=0.0473, acc=0.98, f1=0.9768, recall=0.9744, precision=0.9792
2026-03-15 01:36:35 | INFO | [Epoch 039] total_loss=0.001431, Lr0=0.000066Lr1=0.000655, time=0.71s
2026-03-15 01:36:37 | INFO | Validation — loss=0.0501, acc=0.9804, f1=0.9773, recall=0.9757, precision=0.979
2026-03-15 01:36:37 | INFO | [Epoch 040] total_loss=0.001157, Lr0=0.000064Lr1=0.000640, time=0.74s
2026-03-15 01:36:39 | INFO | Validation — loss=0.0541, acc=0.9773, f1=0.9738, recall=0.9734, precision=0.9741
2026-03-15 01:36:39 | INFO | [Epoch 041] total_loss=0.001040, Lr0=0.000063Lr1=0.000625, time=0.62s
2026-03-15 01:36:41 | INFO | Validation — loss=0.0510, acc=0.9771, f1=0.9736, recall=0.9742, precision=0.973
2026-03-15 01:36:42 | INFO | [Epoch 042] total_loss=0.001146, Lr0=0.000061Lr1=0.000609, time=0.68s
2026-03-15 01:36:43 | INFO | Validation — loss=0.0509, acc=0.9789, f1=0.9757, recall=0.9783, precision=0.9733
2026-03-15 01:36:44 | INFO | [Epoch 043] total_loss=0.000820, Lr0=0.000060Lr1=0.000594, time=0.78s
2026-03-15 01:36:45 | INFO | Validation — loss=0.0478, acc=0.9802, f1=0.9773, recall=0.9804, precision=0.9743
2026-03-15 01:36:46 | INFO | [Epoch 044] total_loss=0.000665, Lr0=0.000058Lr1=0.000579, time=0.65s
2026-03-15 01:36:47 | INFO | Validation — loss=0.0462, acc=0.9806, f1=0.9778, recall=0.9806, precision=0.9751
2026-03-15 01:36:48 | INFO | [Epoch 045] total_loss=0.000571, Lr0=0.000057Lr1=0.000563, time=0.82s
2026-03-15 01:36:50 | INFO | Validation — loss=0.0458, acc=0.9793, f1=0.9762, recall=0.9773, precision=0.975
2026-03-15 01:36:50 | INFO | [Epoch 046] total_loss=0.000601, Lr0=0.000055Lr1=0.000548, time=0.55s
2026-03-15 01:36:52 | INFO | Validation — loss=0.0464, acc=0.9804, f1=0.9774, recall=0.9778, precision=0.9771
2026-03-15 01:36:52 | INFO | [Epoch 047] total_loss=0.000573, Lr0=0.000054Lr1=0.000532, time=0.60s
2026-03-15 01:36:54 | INFO | Validation — loss=0.0461, acc=0.9798, f1=0.9767, recall=0.9788, precision=0.9747
2026-03-15 01:36:54 | INFO | [Epoch 048] total_loss=0.000545, Lr0=0.000052Lr1=0.000516, time=0.82s
2026-03-15 01:36:56 | INFO | Validation — loss=0.0449, acc=0.9804, f1=0.9775, recall=0.98, precision=0.9751
2026-03-15 01:36:57 | INFO | [Epoch 049] total_loss=0.000521, Lr0=0.000051Lr1=0.000501, time=0.72s
2026-03-15 01:36:58 | INFO | Validation — loss=0.0453, acc=0.9811, f1=0.9783, recall=0.9815, precision=0.9753
2026-03-15 01:36:59 | INFO | [Epoch 050] total_loss=0.000355, Lr0=0.000049Lr1=0.000485, time=0.65s
2026-03-15 01:37:00 | INFO | Validation — loss=0.0435, acc=0.9809, f1=0.9781, recall=0.9811, precision=0.9752
2026-03-15 01:37:01 | INFO | [Epoch 051] total_loss=0.000427, Lr0=0.000047Lr1=0.000469, time=0.64s
2026-03-15 01:37:02 | INFO | Validation — loss=0.0416, acc=0.982, f1=0.9793, recall=0.9821, precision=0.9767
2026-03-15 01:37:02 | INFO | Early stopping at epoch 51. Best: 0.988600
2026-03-15 01:37:02 | INFO | Training complete.
2026-03-15 01:37:02 | INFO | Best checkpoint: ./save/cnn_overlap_new/subject_specific_SWELLDataset/finetuned_best_6.pt
2026-03-15 01:37:08 | INFO | Model forward EncoderClassifierModel(
  (encoder): CNNEncoder(
    (cnn_layers): Sequential(
      (0): Conv1d(1, 32, kernel_size=(10,), stride=(1,))
      (1): BatchNorm1d(32, eps=1e-05, momentum=0.1, affine=True, track_running_stats=True)
      (2): ReLU()
      (3): MaxPool1d(kernel_size=2, stride=2, padding=0, dilation=1, ceil_mode=False)
      (4): Dropout(p=0.0, inplace=False)
      (5): Conv1d(32, 64, kernel_size=(10,), stride=(1,))
      (6): BatchNorm1d(64, eps=1e-05, momentum=0.1, affine=True, track_running_stats=True)
      (7): ReLU()
      (8): MaxPool1d(kernel_size=2, stride=2, padding=0, dilation=1, ceil_mode=False)
      (9): Dropout(p=0.0, inplace=False)
      (10): Conv1d(64, 128, kernel_size=(10,), stride=(1,))
      (11): BatchNorm1d(128, eps=1e-05, momentum=0.1, affine=True, track_running_stats=True)
      (12): ReLU()
      (13): MaxPool1d(kernel_size=2, stride=2, padding=0, dilation=1, ceil_mode=False)
      (14): Dropout(p=0.0, inplace=False)
      (15): Conv1d(128, 256, kernel_size=(10,), stride=(1,))
      (16): BatchNorm1d(256, eps=1e-05, momentum=0.1, affine=True, track_running_stats=True)
      (17): ReLU()
      (18): MaxPool1d(kernel_size=2, stride=2, padding=0, dilation=1, ceil_mode=False)
      (19): Dropout(p=0.0, inplace=False)
    )
    (linear_layer): Sequential(
      (0): Linear(in_features=18176, out_features=64, bias=True)
      (1): ReLU()
    )
  )
  (classifier): Linear(in_features=64, out_features=1, bias=True)
  (loss_fn): BCEWithLogitsLoss()
)
2026-03-15 01:37:09 | INFO | [Epoch 000] total_loss=0.624551, Lr0=0.000100Lr1=0.001000, time=0.70s
2026-03-15 01:37:11 | INFO | Validation — loss=0.6149, acc=0.6975, f1=0.4109, recall=0.5, precision=0.3488
2026-03-15 01:37:11 | INFO | Best model logged 0.4109
2026-03-15 01:37:11 | INFO | [Epoch 001] total_loss=0.428210, Lr0=0.000100Lr1=0.000999, time=0.81s
2026-03-15 01:37:13 | INFO | Validation — loss=1.6673, acc=0.6975, f1=0.4109, recall=0.5, precision=0.3488
2026-03-15 01:37:14 | INFO | [Epoch 002] total_loss=0.294995, Lr0=0.000100Lr1=0.000998, time=0.80s
2026-03-15 01:37:15 | INFO | Validation — loss=6.5644, acc=0.6975, f1=0.4109, recall=0.5, precision=0.3488
2026-03-15 01:37:16 | INFO | [Epoch 003] total_loss=0.240487, Lr0=0.000100Lr1=0.000996, time=0.73s
2026-03-15 01:37:17 | INFO | Validation — loss=3.8495, acc=0.6975, f1=0.4109, recall=0.5, precision=0.3488
2026-03-15 01:37:17 | INFO | [Epoch 004] total_loss=0.183128, Lr0=0.000099Lr1=0.000994, time=0.68s
2026-03-15 01:37:19 | INFO | Validation — loss=2.5039, acc=0.6975, f1=0.4109, recall=0.5, precision=0.3488
2026-03-15 01:37:20 | INFO | [Epoch 005] total_loss=0.125860, Lr0=0.000099Lr1=0.000991, time=0.78s
2026-03-15 01:37:21 | INFO | Validation — loss=3.3666, acc=0.6975, f1=0.4109, recall=0.5, precision=0.3488
2026-03-15 01:37:21 | INFO | [Epoch 006] total_loss=0.113964, Lr0=0.000099Lr1=0.000988, time=0.67s
2026-03-15 01:37:23 | INFO | Validation — loss=1.5398, acc=0.6975, f1=0.4109, recall=0.5, precision=0.3488
2026-03-15 01:37:23 | INFO | [Epoch 007] total_loss=0.069161, Lr0=0.000098Lr1=0.000984, time=0.76s
2026-03-15 01:37:25 | INFO | Validation — loss=1.1647, acc=0.6975, f1=0.4109, recall=0.5, precision=0.3488
2026-03-15 01:37:25 | INFO | [Epoch 008] total_loss=0.092849, Lr0=0.000098Lr1=0.000980, time=0.73s
2026-03-15 01:37:27 | INFO | Validation — loss=2.5497, acc=0.6975, f1=0.4109, recall=0.5, precision=0.3488
2026-03-15 01:37:28 | INFO | [Epoch 009] total_loss=0.073073, Lr0=0.000098Lr1=0.000976, time=0.76s
2026-03-15 01:37:29 | INFO | Validation — loss=0.6489, acc=0.7071, f1=0.4439, recall=0.5158, precision=0.8521
2026-03-15 01:37:29 | INFO | Best model logged 0.4439
2026-03-15 01:37:30 | INFO | [Epoch 010] total_loss=0.051980, Lr0=0.000097Lr1=0.000970, time=0.62s
2026-03-15 01:37:31 | INFO | Validation — loss=0.0138, acc=1.0, f1=1.0, recall=1.0, precision=1.0
2026-03-15 01:37:31 | INFO | Best model logged 1.0
2026-03-15 01:37:32 | INFO | [Epoch 011] total_loss=0.035433, Lr0=0.000097Lr1=0.000965, time=0.76s
2026-03-15 01:37:33 | INFO | Validation — loss=0.0393, acc=0.9872, f1=0.985, recall=0.9879, precision=0.9822
2026-03-15 01:37:34 | INFO | [Epoch 012] total_loss=0.037934, Lr0=0.000096Lr1=0.000959, time=0.75s
2026-03-15 01:37:36 | INFO | Validation — loss=0.0917, acc=0.9676, f1=0.9627, recall=0.9768, precision=0.9516
2026-03-15 01:37:36 | INFO | [Epoch 013] total_loss=0.035482, Lr0=0.000095Lr1=0.000952, time=0.55s
2026-03-15 01:37:38 | INFO | Validation — loss=0.4845, acc=0.8424, f1=0.833, recall=0.887, precision=0.8287
2026-03-15 01:37:38 | INFO | [Epoch 014] total_loss=0.051954, Lr0=0.000095Lr1=0.000946, time=0.62s
2026-03-15 01:37:40 | INFO | Validation — loss=0.7564, acc=0.8312, f1=0.8221, recall=0.879, precision=0.8209
2026-03-15 01:37:41 | INFO | [Epoch 015] total_loss=0.044548, Lr0=0.000094Lr1=0.000938, time=0.77s
2026-03-15 01:37:42 | INFO | Validation — loss=1.0581, acc=0.7963, f1=0.7886, recall=0.854, precision=0.7988
2026-03-15 01:37:43 | INFO | [Epoch 016] total_loss=0.016633, Lr0=0.000093Lr1=0.000930, time=0.76s
2026-03-15 01:37:44 | INFO | Validation — loss=0.4635, acc=0.8504, f1=0.8408, recall=0.8927, precision=0.8345
2026-03-15 01:37:45 | INFO | [Epoch 017] total_loss=0.014150, Lr0=0.000092Lr1=0.000922, time=0.70s
2026-03-15 01:37:46 | INFO | Validation — loss=0.8083, acc=0.8365, f1=0.8272, recall=0.8828, precision=0.8245
2026-03-15 01:37:47 | INFO | [Epoch 018] total_loss=0.007948, Lr0=0.000091Lr1=0.000914, time=0.56s
2026-03-15 01:37:48 | INFO | Validation — loss=0.6222, acc=0.8378, f1=0.8285, recall=0.8837, precision=0.8255
2026-03-15 01:37:49 | INFO | [Epoch 019] total_loss=0.005512, Lr0=0.000091Lr1=0.000905, time=0.57s
2026-03-15 01:37:50 | INFO | Validation — loss=0.5338, acc=0.8449, f1=0.8354, recall=0.8888, precision=0.8305
2026-03-15 01:37:51 | INFO | [Epoch 020] total_loss=0.004939, Lr0=0.000090Lr1=0.000895, time=0.62s
2026-03-15 01:37:52 | INFO | Validation — loss=0.7433, acc=0.8319, f1=0.8228, recall=0.8795, precision=0.8214
2026-03-15 01:37:53 | INFO | [Epoch 021] total_loss=0.003507, Lr0=0.000089Lr1=0.000885, time=0.64s
2026-03-15 01:37:54 | INFO | Validation — loss=0.7719, acc=0.8282, f1=0.8192, recall=0.8769, precision=0.8189
2026-03-15 01:37:55 | INFO | [Epoch 022] total_loss=0.002975, Lr0=0.000088Lr1=0.000875, time=0.69s
2026-03-15 01:37:56 | INFO | Validation — loss=0.5676, acc=0.8458, f1=0.8363, recall=0.8895, precision=0.8312
2026-03-15 01:37:57 | INFO | [Epoch 023] total_loss=0.003083, Lr0=0.000087Lr1=0.000865, time=0.75s
2026-03-15 01:37:58 | INFO | Validation — loss=1.1476, acc=0.8052, f1=0.7971, recall=0.8604, precision=0.8041
2026-03-15 01:37:59 | INFO | [Epoch 024] total_loss=0.002348, Lr0=0.000086Lr1=0.000854, time=0.62s
2026-03-15 01:38:00 | INFO | Validation — loss=1.0142, acc=0.8123, f1=0.8038, recall=0.8654, precision=0.8085
2026-03-15 01:38:01 | INFO | [Epoch 025] total_loss=0.001863, Lr0=0.000084Lr1=0.000842, time=0.82s
2026-03-15 01:38:02 | INFO | Validation — loss=0.6970, acc=0.8419, f1=0.8325, recall=0.8867, precision=0.8284
2026-03-15 01:38:03 | INFO | [Epoch 026] total_loss=0.001554, Lr0=0.000083Lr1=0.000831, time=0.68s
2026-03-15 01:38:05 | INFO | Validation — loss=0.9150, acc=0.836, f1=0.8267, recall=0.8824, precision=0.8242
2026-03-15 01:38:05 | INFO | [Epoch 027] total_loss=0.002142, Lr0=0.000082Lr1=0.000819, time=0.60s
2026-03-15 01:38:07 | INFO | Validation — loss=1.1923, acc=0.8086, f1=0.8003, recall=0.8628, precision=0.8062
2026-03-15 01:38:07 | INFO | [Epoch 028] total_loss=0.001139, Lr0=0.000081Lr1=0.000807, time=0.69s
2026-03-15 01:38:09 | INFO | Validation — loss=1.0857, acc=0.8187, f1=0.81, recall=0.87, precision=0.8126
2026-03-15 01:38:09 | INFO | [Epoch 029] total_loss=0.002029, Lr0=0.000080Lr1=0.000794, time=0.66s
2026-03-15 01:38:11 | INFO | Validation — loss=1.2582, acc=0.7755, f1=0.7688, recall=0.8391, precision=0.787
2026-03-15 01:38:12 | INFO | [Epoch 030] total_loss=0.001273, Lr0=0.000078Lr1=0.000781, time=0.77s
2026-03-15 01:38:13 | INFO | Validation — loss=1.0740, acc=0.8141, f1=0.8056, recall=0.8667, precision=0.8097
2026-03-15 01:38:13 | INFO | Early stopping at epoch 30. Best: 1.000000
2026-03-15 01:38:13 | INFO | Training complete.
2026-03-15 01:38:13 | INFO | Best checkpoint: ./save/cnn_overlap_new/subject_specific_SWELLDataset/finetuned_best_7.pt
2026-03-15 01:38:19 | INFO | Model forward EncoderClassifierModel(
  (encoder): CNNEncoder(
    (cnn_layers): Sequential(
      (0): Conv1d(1, 32, kernel_size=(10,), stride=(1,))
      (1): BatchNorm1d(32, eps=1e-05, momentum=0.1, affine=True, track_running_stats=True)
      (2): ReLU()
      (3): MaxPool1d(kernel_size=2, stride=2, padding=0, dilation=1, ceil_mode=False)
      (4): Dropout(p=0.0, inplace=False)
      (5): Conv1d(32, 64, kernel_size=(10,), stride=(1,))
      (6): BatchNorm1d(64, eps=1e-05, momentum=0.1, affine=True, track_running_stats=True)
      (7): ReLU()
      (8): MaxPool1d(kernel_size=2, stride=2, padding=0, dilation=1, ceil_mode=False)
      (9): Dropout(p=0.0, inplace=False)
      (10): Conv1d(64, 128, kernel_size=(10,), stride=(1,))
      (11): BatchNorm1d(128, eps=1e-05, momentum=0.1, affine=True, track_running_stats=True)
      (12): ReLU()
      (13): MaxPool1d(kernel_size=2, stride=2, padding=0, dilation=1, ceil_mode=False)
      (14): Dropout(p=0.0, inplace=False)
      (15): Conv1d(128, 256, kernel_size=(10,), stride=(1,))
      (16): BatchNorm1d(256, eps=1e-05, momentum=0.1, affine=True, track_running_stats=True)
      (17): ReLU()
      (18): MaxPool1d(kernel_size=2, stride=2, padding=0, dilation=1, ceil_mode=False)
      (19): Dropout(p=0.0, inplace=False)
    )
    (linear_layer): Sequential(
      (0): Linear(in_features=18176, out_features=64, bias=True)
      (1): ReLU()
    )
  )
  (classifier): Linear(in_features=64, out_features=1, bias=True)
  (loss_fn): BCEWithLogitsLoss()
)
2026-03-15 01:38:20 | INFO | [Epoch 000] total_loss=0.601032, Lr0=0.000100Lr1=0.001000, time=0.63s
2026-03-15 01:38:21 | INFO | Validation — loss=0.6295, acc=0.7036, f1=0.413, recall=0.5, precision=0.3518
2026-03-15 01:38:21 | INFO | Best model logged 0.413
2026-03-15 01:38:22 | INFO | [Epoch 001] total_loss=0.420006, Lr0=0.000100Lr1=0.000999, time=0.66s
2026-03-15 01:38:23 | INFO | Validation — loss=0.9753, acc=0.7036, f1=0.413, recall=0.5, precision=0.3518
2026-03-15 01:38:24 | INFO | [Epoch 002] total_loss=0.327809, Lr0=0.000100Lr1=0.000998, time=0.64s
2026-03-15 01:38:25 | INFO | Validation — loss=1.4103, acc=0.7036, f1=0.413, recall=0.5, precision=0.3518
2026-03-15 01:38:26 | INFO | [Epoch 003] total_loss=0.238328, Lr0=0.000100Lr1=0.000996, time=0.63s
2026-03-15 01:38:27 | INFO | Validation — loss=1.9237, acc=0.7036, f1=0.413, recall=0.5, precision=0.3518
2026-03-15 01:38:28 | INFO | [Epoch 004] total_loss=0.198724, Lr0=0.000099Lr1=0.000994, time=0.66s
2026-03-15 01:38:29 | INFO | Validation — loss=2.5456, acc=0.7036, f1=0.413, recall=0.5, precision=0.3518
2026-03-15 01:38:30 | INFO | [Epoch 005] total_loss=0.157161, Lr0=0.000099Lr1=0.000991, time=0.64s
2026-03-15 01:38:31 | INFO | Validation — loss=8.5104, acc=0.7036, f1=0.413, recall=0.5, precision=0.3518
2026-03-15 01:38:32 | INFO | [Epoch 006] total_loss=0.115203, Lr0=0.000099Lr1=0.000988, time=0.73s
2026-03-15 01:38:33 | INFO | Validation — loss=2.4956, acc=0.7036, f1=0.413, recall=0.5, precision=0.3518
2026-03-15 01:38:34 | INFO | [Epoch 007] total_loss=0.066774, Lr0=0.000098Lr1=0.000984, time=0.75s
2026-03-15 01:38:36 | INFO | Validation — loss=1.8231, acc=0.7036, f1=0.413, recall=0.5, precision=0.3518
2026-03-15 01:38:36 | INFO | [Epoch 008] total_loss=0.033655, Lr0=0.000098Lr1=0.000980, time=0.80s
2026-03-15 01:38:38 | INFO | Validation — loss=0.2829, acc=0.9614, f1=0.952, recall=0.9358, precision=0.9728
2026-03-15 01:38:38 | INFO | Best model logged 0.952
2026-03-15 01:38:38 | INFO | [Epoch 009] total_loss=0.044860, Lr0=0.000098Lr1=0.000976, time=0.78s
2026-03-15 01:38:40 | INFO | Validation — loss=1.5321, acc=0.2964, f1=0.2286, recall=0.5, precision=0.1482
2026-03-15 01:38:40 | INFO | [Epoch 010] total_loss=0.042246, Lr0=0.000097Lr1=0.000970, time=0.64s
2026-03-15 01:38:42 | INFO | Validation — loss=0.8880, acc=0.757, f1=0.579, recall=0.5901, precision=0.8716
2026-03-15 01:38:43 | INFO | [Epoch 011] total_loss=0.066241, Lr0=0.000097Lr1=0.000965, time=0.82s
2026-03-15 01:38:44 | INFO | Validation — loss=1.1347, acc=0.7429, f1=0.5398, recall=0.5663, precision=0.8662
2026-03-15 01:38:45 | INFO | [Epoch 012] total_loss=0.053592, Lr0=0.000096Lr1=0.000959, time=0.74s
2026-03-15 01:38:46 | INFO | Validation — loss=1.2886, acc=0.753, f1=0.5682, recall=0.5833, precision=0.8701
2026-03-15 01:38:47 | INFO | [Epoch 013] total_loss=0.028593, Lr0=0.000095Lr1=0.000952, time=0.73s
2026-03-15 01:38:48 | INFO | Validation — loss=0.8605, acc=0.7542, f1=0.6517, recall=0.6393, precision=0.7149
2026-03-15 01:38:49 | INFO | [Epoch 014] total_loss=0.014361, Lr0=0.000095Lr1=0.000946, time=0.67s
2026-03-15 01:38:50 | INFO | Validation — loss=1.3731, acc=0.7391, f1=0.5551, recall=0.5721, precision=0.7647
2026-03-15 01:38:51 | INFO | [Epoch 015] total_loss=0.017953, Lr0=0.000094Lr1=0.000938, time=0.66s
2026-03-15 01:38:52 | INFO | Validation — loss=1.3142, acc=0.7518, f1=0.565, recall=0.5813, precision=0.8696
2026-03-15 01:38:53 | INFO | [Epoch 016] total_loss=0.007527, Lr0=0.000093Lr1=0.000930, time=0.55s
2026-03-15 01:38:54 | INFO | Validation — loss=1.5657, acc=0.7441, f1=0.5432, recall=0.5683, precision=0.8666
2026-03-15 01:38:55 | INFO | [Epoch 017] total_loss=0.007731, Lr0=0.000092Lr1=0.000922, time=0.77s
2026-03-15 01:38:57 | INFO | Validation — loss=0.8418, acc=0.8088, f1=0.702, recall=0.6774, precision=0.8931
2026-03-15 01:38:57 | INFO | [Epoch 018] total_loss=0.003316, Lr0=0.000091Lr1=0.000914, time=0.78s
2026-03-15 01:38:59 | INFO | Validation — loss=1.4963, acc=0.7542, f1=0.5714, recall=0.5853, precision=0.8705
2026-03-15 01:39:00 | INFO | [Epoch 019] total_loss=0.002069, Lr0=0.000091Lr1=0.000905, time=0.77s
2026-03-15 01:39:01 | INFO | Validation — loss=1.5205, acc=0.7542, f1=0.5714, recall=0.5853, precision=0.8705
2026-03-15 01:39:02 | INFO | [Epoch 020] total_loss=0.001956, Lr0=0.000090Lr1=0.000895, time=0.66s
2026-03-15 01:39:03 | INFO | Validation — loss=1.4814, acc=0.7596, f1=0.5859, recall=0.5944, precision=0.8727
2026-03-15 01:39:04 | INFO | [Epoch 021] total_loss=0.002342, Lr0=0.000089Lr1=0.000885, time=0.69s
2026-03-15 01:39:06 | INFO | Validation — loss=1.3630, acc=0.7706, f1=0.6144, recall=0.6131, precision=0.8771
2026-03-15 01:39:06 | INFO | [Epoch 022] total_loss=0.003668, Lr0=0.000088Lr1=0.000875, time=0.68s
2026-03-15 01:39:08 | INFO | Validation — loss=1.4206, acc=0.7681, f1=0.6079, recall=0.6087, precision=0.876
2026-03-15 01:39:09 | INFO | [Epoch 023] total_loss=0.020984, Lr0=0.000087Lr1=0.000865, time=0.81s
2026-03-15 01:39:10 | INFO | Validation — loss=1.3092, acc=0.7772, f1=0.636, recall=0.6277, precision=0.8589
2026-03-15 01:39:10 | INFO | [Epoch 024] total_loss=0.044102, Lr0=0.000086Lr1=0.000854, time=0.61s
2026-03-15 01:39:12 | INFO | Validation — loss=2.9379, acc=0.7398, f1=0.5309, recall=0.5611, precision=0.865
2026-03-15 01:39:12 | INFO | [Epoch 025] total_loss=0.041289, Lr0=0.000084Lr1=0.000842, time=0.66s
2026-03-15 01:39:14 | INFO | Validation — loss=1.8510, acc=0.5721, f1=0.4563, recall=0.4605, precision=0.4551
2026-03-15 01:39:14 | INFO | [Epoch 026] total_loss=0.015661, Lr0=0.000083Lr1=0.000831, time=0.57s
2026-03-15 01:39:16 | INFO | Validation — loss=1.2827, acc=0.5975, f1=0.4989, recall=0.4997, precision=0.4997
2026-03-15 01:39:16 | INFO | [Epoch 027] total_loss=0.007055, Lr0=0.000082Lr1=0.000819, time=0.68s
2026-03-15 01:39:18 | INFO | Validation — loss=1.2005, acc=0.7645, f1=0.5988, recall=0.6028, precision=0.8746
2026-03-15 01:39:18 | INFO | [Epoch 028] total_loss=0.004559, Lr0=0.000081Lr1=0.000807, time=0.61s
2026-03-15 01:39:19 | INFO | Validation — loss=1.3137, acc=0.7615, f1=0.5909, recall=0.5976, precision=0.8734
2026-03-15 01:39:19 | INFO | Early stopping at epoch 28. Best: 0.952000
2026-03-15 01:39:19 | INFO | Training complete.
2026-03-15 01:39:19 | INFO | Best checkpoint: ./save/cnn_overlap_new/subject_specific_SWELLDataset/finetuned_best_8.pt
2026-03-15 01:39:25 | INFO | Model forward EncoderClassifierModel(
  (encoder): CNNEncoder(
    (cnn_layers): Sequential(
      (0): Conv1d(1, 32, kernel_size=(10,), stride=(1,))
      (1): BatchNorm1d(32, eps=1e-05, momentum=0.1, affine=True, track_running_stats=True)
      (2): ReLU()
      (3): MaxPool1d(kernel_size=2, stride=2, padding=0, dilation=1, ceil_mode=False)
      (4): Dropout(p=0.0, inplace=False)
      (5): Conv1d(32, 64, kernel_size=(10,), stride=(1,))
      (6): BatchNorm1d(64, eps=1e-05, momentum=0.1, affine=True, track_running_stats=True)
      (7): ReLU()
      (8): MaxPool1d(kernel_size=2, stride=2, padding=0, dilation=1, ceil_mode=False)
      (9): Dropout(p=0.0, inplace=False)
      (10): Conv1d(64, 128, kernel_size=(10,), stride=(1,))
      (11): BatchNorm1d(128, eps=1e-05, momentum=0.1, affine=True, track_running_stats=True)
      (12): ReLU()
      (13): MaxPool1d(kernel_size=2, stride=2, padding=0, dilation=1, ceil_mode=False)
      (14): Dropout(p=0.0, inplace=False)
      (15): Conv1d(128, 256, kernel_size=(10,), stride=(1,))
      (16): BatchNorm1d(256, eps=1e-05, momentum=0.1, affine=True, track_running_stats=True)
      (17): ReLU()
      (18): MaxPool1d(kernel_size=2, stride=2, padding=0, dilation=1, ceil_mode=False)
      (19): Dropout(p=0.0, inplace=False)
    )
    (linear_layer): Sequential(
      (0): Linear(in_features=18176, out_features=64, bias=True)
      (1): ReLU()
    )
  )
  (classifier): Linear(in_features=64, out_features=1, bias=True)
  (loss_fn): BCEWithLogitsLoss()
)
2026-03-15 01:39:26 | INFO | [Epoch 000] total_loss=0.608937, Lr0=0.000100Lr1=0.001000, time=0.53s
2026-03-15 01:39:27 | INFO | Validation — loss=0.6293, acc=0.6972, f1=0.4108, recall=0.5, precision=0.3486
2026-03-15 01:39:27 | INFO | Best model logged 0.4108
2026-03-15 01:39:28 | INFO | [Epoch 001] total_loss=0.414863, Lr0=0.000100Lr1=0.000999, time=0.55s
2026-03-15 01:39:29 | INFO | Validation — loss=0.9285, acc=0.6972, f1=0.4108, recall=0.5, precision=0.3486
2026-03-15 01:39:30 | INFO | [Epoch 002] total_loss=0.314639, Lr0=0.000100Lr1=0.000998, time=0.53s
2026-03-15 01:39:31 | INFO | Validation — loss=2.2417, acc=0.6972, f1=0.4108, recall=0.5, precision=0.3486
2026-03-15 01:39:31 | INFO | [Epoch 003] total_loss=0.255703, Lr0=0.000100Lr1=0.000996, time=0.54s
2026-03-15 01:39:33 | INFO | Validation — loss=0.6329, acc=0.6972, f1=0.4108, recall=0.5, precision=0.3486
2026-03-15 01:39:33 | INFO | [Epoch 004] total_loss=0.194105, Lr0=0.000099Lr1=0.000994, time=0.59s
2026-03-15 01:39:35 | INFO | Validation — loss=4.0295, acc=0.6972, f1=0.4108, recall=0.5, precision=0.3486
2026-03-15 01:39:35 | INFO | [Epoch 005] total_loss=0.129475, Lr0=0.000099Lr1=0.000991, time=0.55s
2026-03-15 01:39:37 | INFO | Validation — loss=2.8799, acc=0.6972, f1=0.4108, recall=0.5, precision=0.3486
2026-03-15 01:39:38 | INFO | [Epoch 006] total_loss=0.093740, Lr0=0.000099Lr1=0.000988, time=0.73s
2026-03-15 01:39:39 | INFO | Validation — loss=2.1269, acc=0.6972, f1=0.4108, recall=0.5, precision=0.3486
2026-03-15 01:39:40 | INFO | [Epoch 007] total_loss=0.069473, Lr0=0.000098Lr1=0.000984, time=0.75s
2026-03-15 01:39:41 | INFO | Validation — loss=2.4883, acc=0.6972, f1=0.4108, recall=0.5, precision=0.3486
2026-03-15 01:39:42 | INFO | [Epoch 008] total_loss=0.044925, Lr0=0.000098Lr1=0.000980, time=0.72s
2026-03-15 01:39:44 | INFO | Validation — loss=0.4090, acc=0.8722, f1=0.8242, recall=0.7889, precision=0.9225
2026-03-15 01:39:44 | INFO | Best model logged 0.8242
2026-03-15 01:39:44 | INFO | [Epoch 009] total_loss=0.030062, Lr0=0.000098Lr1=0.000976, time=0.83s
2026-03-15 01:39:46 | INFO | Validation — loss=0.0378, acc=0.9927, f1=0.9914, recall=0.9933, precision=0.9896
2026-03-15 01:39:46 | INFO | Best model logged 0.9914
2026-03-15 01:39:47 | INFO | [Epoch 010] total_loss=0.018944, Lr0=0.000097Lr1=0.000970, time=0.63s
2026-03-15 01:39:48 | INFO | Validation — loss=0.8015, acc=0.7268, f1=0.7227, recall=0.8041, precision=0.7628
2026-03-15 01:39:49 | INFO | [Epoch 011] total_loss=0.022654, Lr0=0.000097Lr1=0.000965, time=0.70s
2026-03-15 01:39:50 | INFO | Validation — loss=0.7495, acc=0.6617, f1=0.6607, recall=0.7574, precision=0.7362
2026-03-15 01:39:51 | INFO | [Epoch 012] total_loss=0.011854, Lr0=0.000096Lr1=0.000959, time=0.68s
2026-03-15 01:39:52 | INFO | Validation — loss=2.0319, acc=0.3069, f1=0.239, recall=0.5029, precision=0.652
2026-03-15 01:39:53 | INFO | [Epoch 013] total_loss=0.008489, Lr0=0.000095Lr1=0.000952, time=0.69s
2026-03-15 01:39:54 | INFO | Validation — loss=1.0602, acc=0.5962, f1=0.5962, recall=0.7104, precision=0.7143
2026-03-15 01:39:55 | INFO | [Epoch 014] total_loss=0.007473, Lr0=0.000095Lr1=0.000946, time=0.54s
2026-03-15 01:39:56 | INFO | Validation — loss=0.7800, acc=0.6918, f1=0.6895, recall=0.779, precision=0.7478
2026-03-15 01:39:57 | INFO | [Epoch 015] total_loss=0.005231, Lr0=0.000094Lr1=0.000938, time=0.74s
2026-03-15 01:39:58 | INFO | Validation — loss=0.3389, acc=0.8865, f1=0.8768, recall=0.9186, precision=0.8637
2026-03-15 01:39:59 | INFO | [Epoch 016] total_loss=0.004551, Lr0=0.000093Lr1=0.000930, time=0.60s
2026-03-15 01:40:00 | INFO | Validation — loss=0.4289, acc=0.8687, f1=0.859, recall=0.9059, precision=0.8488
2026-03-15 01:40:01 | INFO | [Epoch 017] total_loss=0.003201, Lr0=0.000092Lr1=0.000922, time=0.71s
2026-03-15 01:40:02 | INFO | Validation — loss=0.2122, acc=0.9217, f1=0.9131, recall=0.9439, precision=0.8973
2026-03-15 01:40:03 | INFO | [Epoch 018] total_loss=0.005734, Lr0=0.000091Lr1=0.000914, time=0.74s
2026-03-15 01:40:05 | INFO | Validation — loss=0.4062, acc=0.8728, f1=0.8631, recall=0.9088, precision=0.8521
2026-03-15 01:40:06 | INFO | [Epoch 019] total_loss=0.009316, Lr0=0.000091Lr1=0.000905, time=0.90s
2026-03-15 01:40:07 | INFO | Validation — loss=1.0590, acc=0.5387, f1=0.5366, recall=0.6692, precision=0.6981
2026-03-15 01:40:08 | INFO | [Epoch 020] total_loss=0.014098, Lr0=0.000090Lr1=0.000895, time=0.75s
2026-03-15 01:40:09 | INFO | Validation — loss=0.6628, acc=0.806, f1=0.7978, recall=0.8608, precision=0.8047
2026-03-15 01:40:10 | INFO | [Epoch 021] total_loss=0.019680, Lr0=0.000089Lr1=0.000885, time=0.71s
2026-03-15 01:40:11 | INFO | Validation — loss=0.1800, acc=0.9356, f1=0.92, recall=0.9013, precision=0.9462
2026-03-15 01:40:12 | INFO | [Epoch 022] total_loss=0.060305, Lr0=0.000088Lr1=0.000875, time=0.75s
2026-03-15 01:40:14 | INFO | Validation — loss=0.0254, acc=0.9909, f1=0.9893, recall=0.9935, precision=0.9854
2026-03-15 01:40:14 | INFO | [Epoch 023] total_loss=0.052153, Lr0=0.000087Lr1=0.000865, time=0.59s
2026-03-15 01:40:16 | INFO | Validation — loss=0.2407, acc=0.9124, f1=0.9023, recall=0.9304, precision=0.8873
2026-03-15 01:40:16 | INFO | [Epoch 024] total_loss=0.044271, Lr0=0.000086Lr1=0.000854, time=0.68s
2026-03-15 01:40:18 | INFO | Validation — loss=3.4118, acc=0.3028, f1=0.2324, recall=0.5, precision=0.1514
2026-03-15 01:40:19 | INFO | [Epoch 025] total_loss=0.024984, Lr0=0.000084Lr1=0.000842, time=0.76s
2026-03-15 01:40:20 | INFO | Validation — loss=1.7618, acc=0.4488, f1=0.4368, recall=0.5996, precision=0.6589
2026-03-15 01:40:21 | INFO | [Epoch 026] total_loss=0.014497, Lr0=0.000083Lr1=0.000831, time=0.77s
2026-03-15 01:40:22 | INFO | Validation — loss=1.0818, acc=0.6754, f1=0.6738, recall=0.7672, precision=0.7413
2026-03-15 01:40:23 | INFO | [Epoch 027] total_loss=0.010758, Lr0=0.000082Lr1=0.000819, time=0.77s
2026-03-15 01:40:24 | INFO | Validation — loss=0.4319, acc=0.8606, f1=0.8509, recall=0.9, precision=0.8423
2026-03-15 01:40:25 | INFO | [Epoch 028] total_loss=0.004252, Lr0=0.000081Lr1=0.000807, time=0.59s
2026-03-15 01:40:26 | INFO | Validation — loss=0.3386, acc=0.8737, f1=0.864, recall=0.9095, precision=0.8529
2026-03-15 01:40:26 | INFO | [Epoch 029] total_loss=0.014963, Lr0=0.000080Lr1=0.000794, time=0.53s
2026-03-15 01:40:28 | INFO | Validation — loss=0.2454, acc=0.9156, f1=0.9066, recall=0.9395, precision=0.891
2026-03-15 01:40:28 | INFO | Early stopping at epoch 29. Best: 0.991400
2026-03-15 01:40:28 | INFO | Training complete.
2026-03-15 01:40:28 | INFO | Best checkpoint: ./save/cnn_overlap_new/subject_specific_SWELLDataset/finetuned_best_9.pt
2026-03-15 01:40:34 | INFO | Model forward EncoderClassifierModel(
  (encoder): CNNEncoder(
    (cnn_layers): Sequential(
      (0): Conv1d(1, 32, kernel_size=(10,), stride=(1,))
      (1): BatchNorm1d(32, eps=1e-05, momentum=0.1, affine=True, track_running_stats=True)
      (2): ReLU()
      (3): MaxPool1d(kernel_size=2, stride=2, padding=0, dilation=1, ceil_mode=False)
      (4): Dropout(p=0.0, inplace=False)
      (5): Conv1d(32, 64, kernel_size=(10,), stride=(1,))
      (6): BatchNorm1d(64, eps=1e-05, momentum=0.1, affine=True, track_running_stats=True)
      (7): ReLU()
      (8): MaxPool1d(kernel_size=2, stride=2, padding=0, dilation=1, ceil_mode=False)
      (9): Dropout(p=0.0, inplace=False)
      (10): Conv1d(64, 128, kernel_size=(10,), stride=(1,))
      (11): BatchNorm1d(128, eps=1e-05, momentum=0.1, affine=True, track_running_stats=True)
      (12): ReLU()
      (13): MaxPool1d(kernel_size=2, stride=2, padding=0, dilation=1, ceil_mode=False)
      (14): Dropout(p=0.0, inplace=False)
      (15): Conv1d(128, 256, kernel_size=(10,), stride=(1,))
      (16): BatchNorm1d(256, eps=1e-05, momentum=0.1, affine=True, track_running_stats=True)
      (17): ReLU()
      (18): MaxPool1d(kernel_size=2, stride=2, padding=0, dilation=1, ceil_mode=False)
      (19): Dropout(p=0.0, inplace=False)
    )
    (linear_layer): Sequential(
      (0): Linear(in_features=18176, out_features=64, bias=True)
      (1): ReLU()
    )
  )
  (classifier): Linear(in_features=64, out_features=1, bias=True)
  (loss_fn): BCEWithLogitsLoss()
)
2026-03-15 01:40:34 | INFO | [Epoch 000] total_loss=0.612290, Lr0=0.000100Lr1=0.001000, time=0.71s
2026-03-15 01:40:36 | INFO | Validation — loss=0.6375, acc=0.7097, f1=0.4151, recall=0.5, precision=0.3549
2026-03-15 01:40:36 | INFO | Best model logged 0.4151
2026-03-15 01:40:36 | INFO | [Epoch 001] total_loss=0.432269, Lr0=0.000100Lr1=0.000999, time=0.74s
2026-03-15 01:40:38 | INFO | Validation — loss=0.8670, acc=0.7097, f1=0.4151, recall=0.5, precision=0.3549
2026-03-15 01:40:38 | INFO | [Epoch 002] total_loss=0.344348, Lr0=0.000100Lr1=0.000998, time=0.80s
2026-03-15 01:40:40 | INFO | Validation — loss=0.7617, acc=0.7097, f1=0.4151, recall=0.5, precision=0.3549
2026-03-15 01:40:41 | INFO | [Epoch 003] total_loss=0.293452, Lr0=0.000100Lr1=0.000996, time=0.78s
2026-03-15 01:40:42 | INFO | Validation — loss=0.6356, acc=0.7097, f1=0.4151, recall=0.5, precision=0.3549
2026-03-15 01:40:43 | INFO | [Epoch 004] total_loss=0.219255, Lr0=0.000099Lr1=0.000994, time=0.58s
2026-03-15 01:40:44 | INFO | Validation — loss=2.6805, acc=0.7097, f1=0.4151, recall=0.5, precision=0.3549
2026-03-15 01:40:45 | INFO | [Epoch 005] total_loss=0.182263, Lr0=0.000099Lr1=0.000991, time=0.60s
2026-03-15 01:40:46 | INFO | Validation — loss=5.6454, acc=0.7097, f1=0.4151, recall=0.5, precision=0.3549
2026-03-15 01:40:47 | INFO | [Epoch 006] total_loss=0.133135, Lr0=0.000099Lr1=0.000988, time=0.55s
2026-03-15 01:40:48 | INFO | Validation — loss=4.3152, acc=0.7097, f1=0.4151, recall=0.5, precision=0.3549
2026-03-15 01:40:49 | INFO | [Epoch 007] total_loss=0.109773, Lr0=0.000098Lr1=0.000984, time=0.63s
2026-03-15 01:40:50 | INFO | Validation — loss=2.3879, acc=0.7097, f1=0.4151, recall=0.5, precision=0.3549
2026-03-15 01:40:51 | INFO | [Epoch 008] total_loss=0.100146, Lr0=0.000098Lr1=0.000980, time=0.60s
2026-03-15 01:40:52 | INFO | Validation — loss=0.9661, acc=0.7097, f1=0.4151, recall=0.5, precision=0.3549
2026-03-15 01:40:53 | INFO | [Epoch 009] total_loss=0.080611, Lr0=0.000098Lr1=0.000976, time=0.52s
2026-03-15 01:40:54 | INFO | Validation — loss=0.0562, acc=1.0, f1=1.0, recall=1.0, precision=1.0
2026-03-15 01:40:54 | INFO | Best model logged 1.0
2026-03-15 01:40:55 | INFO | [Epoch 010] total_loss=0.080475, Lr0=0.000097Lr1=0.000970, time=0.53s
2026-03-15 01:40:56 | INFO | Validation — loss=0.1265, acc=0.9465, f1=0.9311, recall=0.9079, precision=0.965
2026-03-15 01:40:57 | INFO | [Epoch 011] total_loss=0.074294, Lr0=0.000097Lr1=0.000965, time=0.58s
2026-03-15 01:40:58 | INFO | Validation — loss=0.7753, acc=0.7554, f1=0.5626, recall=0.5787, precision=0.8719
2026-03-15 01:40:59 | INFO | [Epoch 012] total_loss=0.056555, Lr0=0.000096Lr1=0.000959, time=0.74s
2026-03-15 01:41:00 | INFO | Validation — loss=0.0303, acc=0.9989, f1=0.9986, recall=0.998, precision=0.9992
2026-03-15 01:41:01 | INFO | [Epoch 013] total_loss=0.037612, Lr0=0.000095Lr1=0.000952, time=0.70s
2026-03-15 01:41:03 | INFO | Validation — loss=0.0704, acc=0.9749, f1=0.9687, recall=0.9567, precision=0.9829
2026-03-15 01:41:03 | INFO | [Epoch 014] total_loss=0.027176, Lr0=0.000095Lr1=0.000946, time=0.75s
2026-03-15 01:41:05 | INFO | Validation — loss=0.1664, acc=0.9083, f1=0.8759, recall=0.8421, precision=0.9428
2026-03-15 01:41:05 | INFO | [Epoch 015] total_loss=0.015166, Lr0=0.000094Lr1=0.000938, time=0.77s
2026-03-15 01:41:07 | INFO | Validation — loss=0.4245, acc=0.8633, f1=0.8021, recall=0.7646, precision=0.9193
2026-03-15 01:41:07 | INFO | [Epoch 016] total_loss=0.023688, Lr0=0.000093Lr1=0.000930, time=0.56s
2026-03-15 01:41:09 | INFO | Validation — loss=0.0064, acc=0.9998, f1=0.9997, recall=0.9996, precision=0.9998
2026-03-15 01:41:10 | INFO | [Epoch 017] total_loss=0.013794, Lr0=0.000092Lr1=0.000922, time=0.82s
2026-03-15 01:41:11 | INFO | Validation — loss=0.1083, acc=0.9499, f1=0.9358, recall=0.9138, precision=0.9671
2026-03-15 01:41:12 | INFO | [Epoch 018] total_loss=0.019793, Lr0=0.000091Lr1=0.000914, time=0.81s
2026-03-15 01:41:13 | INFO | Validation — loss=0.0029, acc=1.0, f1=1.0, recall=1.0, precision=1.0
2026-03-15 01:41:14 | INFO | [Epoch 019] total_loss=0.023732, Lr0=0.000091Lr1=0.000905, time=0.78s
2026-03-15 01:41:15 | INFO | Validation — loss=0.0734, acc=0.9682, f1=0.9601, recall=0.9453, precision=0.9786
2026-03-15 01:41:16 | INFO | [Epoch 020] total_loss=0.024884, Lr0=0.000090Lr1=0.000895, time=0.69s
2026-03-15 01:41:17 | INFO | Validation — loss=0.0037, acc=1.0, f1=1.0, recall=1.0, precision=1.0
2026-03-15 01:41:18 | INFO | [Epoch 021] total_loss=0.018799, Lr0=0.000089Lr1=0.000885, time=0.84s
2026-03-15 01:41:20 | INFO | Validation — loss=0.0029, acc=1.0, f1=1.0, recall=1.0, precision=1.0
2026-03-15 01:41:20 | INFO | [Epoch 022] total_loss=0.007156, Lr0=0.000088Lr1=0.000875, time=0.54s
2026-03-15 01:41:22 | INFO | Validation — loss=0.0055, acc=1.0, f1=1.0, recall=1.0, precision=1.0
2026-03-15 01:41:22 | INFO | [Epoch 023] total_loss=0.007104, Lr0=0.000087Lr1=0.000865, time=0.62s
2026-03-15 01:41:24 | INFO | Validation — loss=0.0389, acc=0.9858, f1=0.9825, recall=0.9756, precision=0.9902
2026-03-15 01:41:24 | INFO | [Epoch 024] total_loss=0.005633, Lr0=0.000086Lr1=0.000854, time=0.67s
2026-03-15 01:41:26 | INFO | Validation — loss=0.1143, acc=0.944, f1=0.9276, recall=0.9035, precision=0.9634
2026-03-15 01:41:27 | INFO | [Epoch 025] total_loss=0.003406, Lr0=0.000084Lr1=0.000842, time=0.57s
2026-03-15 01:41:28 | INFO | Validation — loss=0.3376, acc=0.8775, f1=0.8265, recall=0.789, precision=0.9264
2026-03-15 01:41:29 | INFO | [Epoch 026] total_loss=0.003155, Lr0=0.000083Lr1=0.000831, time=0.71s
2026-03-15 01:41:30 | INFO | Validation — loss=0.1712, acc=0.9173, f1=0.8894, recall=0.8575, precision=0.9478
2026-03-15 01:41:31 | INFO | [Epoch 027] total_loss=0.002018, Lr0=0.000082Lr1=0.000819, time=0.85s
2026-03-15 01:41:32 | INFO | Validation — loss=0.0867, acc=0.9593, f1=0.9484, recall=0.9299, precision=0.9729
2026-03-15 01:41:33 | INFO | [Epoch 028] total_loss=0.002071, Lr0=0.000081Lr1=0.000807, time=0.72s
2026-03-15 01:41:34 | INFO | Validation — loss=0.0402, acc=0.9845, f1=0.9808, recall=0.9732, precision=0.9893
2026-03-15 01:41:35 | INFO | [Epoch 029] total_loss=0.001051, Lr0=0.000080Lr1=0.000794, time=0.56s
2026-03-15 01:41:37 | INFO | Validation — loss=0.0662, acc=0.9703, f1=0.9628, recall=0.9488, precision=0.9799
2026-03-15 01:41:37 | INFO | Early stopping at epoch 29. Best: 1.000000
2026-03-15 01:41:37 | INFO | Training complete.
2026-03-15 01:41:37 | INFO | Best checkpoint: ./save/cnn_overlap_new/subject_specific_SWELLDataset/finetuned_best_10.pt
2026-03-15 01:41:42 | INFO | Model forward EncoderClassifierModel(
  (encoder): CNNEncoder(
    (cnn_layers): Sequential(
      (0): Conv1d(1, 32, kernel_size=(10,), stride=(1,))
      (1): BatchNorm1d(32, eps=1e-05, momentum=0.1, affine=True, track_running_stats=True)
      (2): ReLU()
      (3): MaxPool1d(kernel_size=2, stride=2, padding=0, dilation=1, ceil_mode=False)
      (4): Dropout(p=0.0, inplace=False)
      (5): Conv1d(32, 64, kernel_size=(10,), stride=(1,))
      (6): BatchNorm1d(64, eps=1e-05, momentum=0.1, affine=True, track_running_stats=True)
      (7): ReLU()
      (8): MaxPool1d(kernel_size=2, stride=2, padding=0, dilation=1, ceil_mode=False)
      (9): Dropout(p=0.0, inplace=False)
      (10): Conv1d(64, 128, kernel_size=(10,), stride=(1,))
      (11): BatchNorm1d(128, eps=1e-05, momentum=0.1, affine=True, track_running_stats=True)
      (12): ReLU()
      (13): MaxPool1d(kernel_size=2, stride=2, padding=0, dilation=1, ceil_mode=False)
      (14): Dropout(p=0.0, inplace=False)
      (15): Conv1d(128, 256, kernel_size=(10,), stride=(1,))
      (16): BatchNorm1d(256, eps=1e-05, momentum=0.1, affine=True, track_running_stats=True)
      (17): ReLU()
      (18): MaxPool1d(kernel_size=2, stride=2, padding=0, dilation=1, ceil_mode=False)
      (19): Dropout(p=0.0, inplace=False)
    )
    (linear_layer): Sequential(
      (0): Linear(in_features=18176, out_features=64, bias=True)
      (1): ReLU()
    )
  )
  (classifier): Linear(in_features=64, out_features=1, bias=True)
  (loss_fn): BCEWithLogitsLoss()
)
2026-03-15 01:41:43 | INFO | [Epoch 000] total_loss=0.607918, Lr0=0.000100Lr1=0.001000, time=0.69s
2026-03-15 01:41:44 | INFO | Validation — loss=0.6307, acc=0.7023, f1=0.4125, recall=0.5, precision=0.3511
2026-03-15 01:41:44 | INFO | Best model logged 0.4125
2026-03-15 01:41:45 | INFO | [Epoch 001] total_loss=0.408457, Lr0=0.000100Lr1=0.000999, time=0.65s
2026-03-15 01:41:46 | INFO | Validation — loss=1.2663, acc=0.7023, f1=0.4125, recall=0.5, precision=0.3511
2026-03-15 01:41:47 | INFO | [Epoch 002] total_loss=0.303682, Lr0=0.000100Lr1=0.000998, time=0.82s
2026-03-15 01:41:49 | INFO | Validation — loss=1.1201, acc=0.7023, f1=0.4125, recall=0.5, precision=0.3511
2026-03-15 01:41:49 | INFO | [Epoch 003] total_loss=0.229859, Lr0=0.000100Lr1=0.000996, time=0.81s
2026-03-15 01:41:51 | INFO | Validation — loss=0.9766, acc=0.7023, f1=0.4125, recall=0.5, precision=0.3511
2026-03-15 01:41:51 | INFO | [Epoch 004] total_loss=0.177593, Lr0=0.000099Lr1=0.000994, time=0.61s
2026-03-15 01:41:53 | INFO | Validation — loss=1.1385, acc=0.2977, f1=0.2294, recall=0.5, precision=0.1489
2026-03-15 01:41:54 | INFO | [Epoch 005] total_loss=0.139069, Lr0=0.000099Lr1=0.000991, time=0.71s
2026-03-15 01:41:55 | INFO | Validation — loss=0.8850, acc=0.2977, f1=0.2294, recall=0.5, precision=0.1489
2026-03-15 01:41:56 | INFO | [Epoch 006] total_loss=0.105341, Lr0=0.000099Lr1=0.000988, time=0.60s
2026-03-15 01:41:57 | INFO | Validation — loss=0.5891, acc=0.7023, f1=0.4125, recall=0.5, precision=0.3511
2026-03-15 01:41:58 | INFO | [Epoch 007] total_loss=0.093163, Lr0=0.000098Lr1=0.000984, time=0.76s
2026-03-15 01:41:59 | INFO | Validation — loss=1.5147, acc=0.7023, f1=0.4125, recall=0.5, precision=0.3511
2026-03-15 01:42:00 | INFO | [Epoch 008] total_loss=0.074793, Lr0=0.000098Lr1=0.000980, time=0.52s
2026-03-15 01:42:01 | INFO | Validation — loss=0.9063, acc=0.3003, f1=0.2334, recall=0.5018, precision=0.6492
2026-03-15 01:42:02 | INFO | [Epoch 009] total_loss=0.040975, Lr0=0.000098Lr1=0.000976, time=0.60s
2026-03-15 01:42:03 | INFO | Validation — loss=0.2487, acc=0.9524, f1=0.9451, recall=0.9622, precision=0.9324
2026-03-15 01:42:03 | INFO | Best model logged 0.9451
2026-03-15 01:42:04 | INFO | [Epoch 010] total_loss=0.041794, Lr0=0.000097Lr1=0.000970, time=0.51s
2026-03-15 01:42:05 | INFO | Validation — loss=1.4871, acc=0.4286, f1=0.4123, recall=0.5932, precision=0.6713
2026-03-15 01:42:05 | INFO | [Epoch 011] total_loss=0.026610, Lr0=0.000097Lr1=0.000965, time=0.57s
2026-03-15 01:42:07 | INFO | Validation — loss=0.0982, acc=0.9602, f1=0.953, recall=0.9593, precision=0.9473
2026-03-15 01:42:07 | INFO | Best model logged 0.953
2026-03-15 01:42:07 | INFO | [Epoch 012] total_loss=0.012300, Lr0=0.000096Lr1=0.000959, time=0.63s
2026-03-15 01:42:09 | INFO | Validation — loss=0.6621, acc=0.7517, f1=0.7454, recall=0.8232, precision=0.7726
2026-03-15 01:42:09 | INFO | [Epoch 013] total_loss=0.014466, Lr0=0.000095Lr1=0.000952, time=0.67s
2026-03-15 01:42:11 | INFO | Validation — loss=1.8701, acc=0.4309, f1=0.4151, recall=0.5948, precision=0.6717
2026-03-15 01:42:11 | INFO | [Epoch 014] total_loss=0.017662, Lr0=0.000095Lr1=0.000946, time=0.80s
2026-03-15 01:42:13 | INFO | Validation — loss=0.4191, acc=0.8454, f1=0.8351, recall=0.89, precision=0.8291
2026-03-15 01:42:14 | INFO | [Epoch 015] total_loss=0.017146, Lr0=0.000094Lr1=0.000938, time=0.87s
2026-03-15 01:42:15 | INFO | Validation — loss=0.0405, acc=0.9827, f1=0.9793, recall=0.9778, precision=0.9808
2026-03-15 01:42:15 | INFO | Best model logged 0.9793
2026-03-15 01:42:16 | INFO | [Epoch 016] total_loss=0.021430, Lr0=0.000093Lr1=0.000930, time=0.66s
2026-03-15 01:42:17 | INFO | Validation — loss=2.3633, acc=0.3965, f1=0.3717, recall=0.5703, precision=0.6652
2026-03-15 01:42:18 | INFO | [Epoch 017] total_loss=0.010962, Lr0=0.000092Lr1=0.000922, time=0.65s
2026-03-15 01:42:19 | INFO | Validation — loss=0.1303, acc=0.9486, f1=0.9408, recall=0.9594, precision=0.9275
2026-03-15 01:42:20 | INFO | [Epoch 018] total_loss=0.010079, Lr0=0.000091Lr1=0.000914, time=0.67s
2026-03-15 01:42:21 | INFO | Validation — loss=0.7935, acc=0.7466, f1=0.7407, recall=0.8196, precision=0.7701
2026-03-15 01:42:22 | INFO | [Epoch 019] total_loss=0.007198, Lr0=0.000091Lr1=0.000905, time=0.64s
2026-03-15 01:42:23 | INFO | Validation — loss=0.1674, acc=0.9483, f1=0.9408, recall=0.9619, precision=0.9264
2026-03-15 01:42:24 | INFO | [Epoch 020] total_loss=0.009184, Lr0=0.000090Lr1=0.000895, time=0.65s
2026-03-15 01:42:25 | INFO | Validation — loss=0.7899, acc=0.7526, f1=0.7463, recall=0.8238, precision=0.7731
2026-03-15 01:42:26 | INFO | [Epoch 021] total_loss=0.003531, Lr0=0.000089Lr1=0.000885, time=0.58s
2026-03-15 01:42:27 | INFO | Validation — loss=2.0616, acc=0.4685, f1=0.4598, recall=0.6216, precision=0.6795
2026-03-15 01:42:28 | INFO | [Epoch 022] total_loss=0.004957, Lr0=0.000088Lr1=0.000875, time=0.74s
2026-03-15 01:42:30 | INFO | Validation — loss=0.1973, acc=0.934, f1=0.9254, recall=0.9526, precision=0.9093
2026-03-15 01:42:30 | INFO | [Epoch 023] total_loss=0.003348, Lr0=0.000087Lr1=0.000865, time=0.66s
2026-03-15 01:42:32 | INFO | Validation — loss=0.4566, acc=0.858, f1=0.8474, recall=0.8989, precision=0.8385
2026-03-15 01:42:32 | INFO | [Epoch 024] total_loss=0.003496, Lr0=0.000086Lr1=0.000854, time=0.66s
2026-03-15 01:42:34 | INFO | Validation — loss=0.8068, acc=0.7708, f1=0.7635, recall=0.8368, precision=0.7825
2026-03-15 01:42:35 | INFO | [Epoch 025] total_loss=0.001403, Lr0=0.000084Lr1=0.000842, time=0.86s
2026-03-15 01:42:36 | INFO | Validation — loss=0.6280, acc=0.8115, f1=0.8023, recall=0.8658, precision=0.8062
2026-03-15 01:42:37 | INFO | [Epoch 026] total_loss=0.001805, Lr0=0.000083Lr1=0.000831, time=0.69s
2026-03-15 01:42:38 | INFO | Validation — loss=0.6955, acc=0.7947, f1=0.7862, recall=0.8538, precision=0.7959
2026-03-15 01:42:39 | INFO | [Epoch 027] total_loss=0.001584, Lr0=0.000082Lr1=0.000819, time=0.85s
2026-03-15 01:42:41 | INFO | Validation — loss=1.1049, acc=0.6986, f1=0.6954, recall=0.7854, precision=0.7485
2026-03-15 01:42:41 | INFO | [Epoch 028] total_loss=0.000816, Lr0=0.000081Lr1=0.000807, time=0.71s
2026-03-15 01:42:43 | INFO | Validation — loss=1.2814, acc=0.6642, f1=0.6626, recall=0.7609, precision=0.735
2026-03-15 01:42:43 | INFO | [Epoch 029] total_loss=0.001444, Lr0=0.000080Lr1=0.000794, time=0.80s
2026-03-15 01:42:45 | INFO | Validation — loss=1.5307, acc=0.6167, f1=0.6165, recall=0.7271, precision=0.7186
2026-03-15 01:42:45 | INFO | [Epoch 030] total_loss=0.000840, Lr0=0.000078Lr1=0.000781, time=0.58s
2026-03-15 01:42:47 | INFO | Validation — loss=1.0212, acc=0.7255, f1=0.7208, recall=0.8045, precision=0.7601
2026-03-15 01:42:47 | INFO | [Epoch 031] total_loss=0.000583, Lr0=0.000077Lr1=0.000768, time=0.60s
2026-03-15 01:42:49 | INFO | Validation — loss=0.5742, acc=0.8311, f1=0.8212, recall=0.8797, precision=0.819
2026-03-15 01:42:50 | INFO | [Epoch 032] total_loss=0.001583, Lr0=0.000076Lr1=0.000755, time=0.63s
2026-03-15 01:42:51 | INFO | Validation — loss=0.9318, acc=0.7507, f1=0.7446, recall=0.8225, precision=0.7722
2026-03-15 01:42:52 | INFO | [Epoch 033] total_loss=0.000715, Lr0=0.000074Lr1=0.000741, time=0.73s
2026-03-15 01:42:53 | INFO | Validation — loss=1.4278, acc=0.6392, f1=0.6385, recall=0.7431, precision=0.7261
2026-03-15 01:42:54 | INFO | [Epoch 034] total_loss=0.000750, Lr0=0.000073Lr1=0.000727, time=0.63s
2026-03-15 01:42:55 | INFO | Validation — loss=0.8729, acc=0.7619, f1=0.7551, recall=0.8305, precision=0.7778
2026-03-15 01:42:56 | INFO | [Epoch 035] total_loss=0.000501, Lr0=0.000072Lr1=0.000713, time=0.83s
2026-03-15 01:42:57 | INFO | Validation — loss=0.6479, acc=0.8131, f1=0.8038, recall=0.8669, precision=0.8072
2026-03-15 01:42:57 | INFO | Early stopping at epoch 35. Best: 0.979300
2026-03-15 01:42:57 | INFO | Training complete.
2026-03-15 01:42:57 | INFO | Best checkpoint: ./save/cnn_overlap_new/subject_specific_SWELLDataset/finetuned_best_11.pt
2026-03-15 01:43:03 | INFO | Model forward EncoderClassifierModel(
  (encoder): CNNEncoder(
    (cnn_layers): Sequential(
      (0): Conv1d(1, 32, kernel_size=(10,), stride=(1,))
      (1): BatchNorm1d(32, eps=1e-05, momentum=0.1, affine=True, track_running_stats=True)
      (2): ReLU()
      (3): MaxPool1d(kernel_size=2, stride=2, padding=0, dilation=1, ceil_mode=False)
      (4): Dropout(p=0.0, inplace=False)
      (5): Conv1d(32, 64, kernel_size=(10,), stride=(1,))
      (6): BatchNorm1d(64, eps=1e-05, momentum=0.1, affine=True, track_running_stats=True)
      (7): ReLU()
      (8): MaxPool1d(kernel_size=2, stride=2, padding=0, dilation=1, ceil_mode=False)
      (9): Dropout(p=0.0, inplace=False)
      (10): Conv1d(64, 128, kernel_size=(10,), stride=(1,))
      (11): BatchNorm1d(128, eps=1e-05, momentum=0.1, affine=True, track_running_stats=True)
      (12): ReLU()
      (13): MaxPool1d(kernel_size=2, stride=2, padding=0, dilation=1, ceil_mode=False)
      (14): Dropout(p=0.0, inplace=False)
      (15): Conv1d(128, 256, kernel_size=(10,), stride=(1,))
      (16): BatchNorm1d(256, eps=1e-05, momentum=0.1, affine=True, track_running_stats=True)
      (17): ReLU()
      (18): MaxPool1d(kernel_size=2, stride=2, padding=0, dilation=1, ceil_mode=False)
      (19): Dropout(p=0.0, inplace=False)
    )
    (linear_layer): Sequential(
      (0): Linear(in_features=18176, out_features=64, bias=True)
      (1): ReLU()
    )
  )
  (classifier): Linear(in_features=64, out_features=1, bias=True)
  (loss_fn): BCEWithLogitsLoss()
)
2026-03-15 01:43:04 | INFO | [Epoch 000] total_loss=0.615407, Lr0=0.000100Lr1=0.001000, time=0.75s
2026-03-15 01:43:06 | INFO | Validation — loss=0.6107, acc=0.7095, f1=0.415, recall=0.5, precision=0.3547
2026-03-15 01:43:06 | INFO | Best model logged 0.415
2026-03-15 01:43:07 | INFO | [Epoch 001] total_loss=0.435568, Lr0=0.000100Lr1=0.000999, time=0.73s
2026-03-15 01:43:08 | INFO | Validation — loss=0.6264, acc=0.7095, f1=0.415, recall=0.5, precision=0.3547
2026-03-15 01:43:09 | INFO | [Epoch 002] total_loss=0.302444, Lr0=0.000100Lr1=0.000998, time=0.57s
2026-03-15 01:43:10 | INFO | Validation — loss=1.1012, acc=0.7095, f1=0.415, recall=0.5, precision=0.3547
2026-03-15 01:43:11 | INFO | [Epoch 003] total_loss=0.223276, Lr0=0.000100Lr1=0.000996, time=0.55s
2026-03-15 01:43:12 | INFO | Validation — loss=2.4954, acc=0.7095, f1=0.415, recall=0.5, precision=0.3547
2026-03-15 01:43:13 | INFO | [Epoch 004] total_loss=0.178238, Lr0=0.000099Lr1=0.000994, time=0.55s
2026-03-15 01:43:14 | INFO | Validation — loss=1.7298, acc=0.7095, f1=0.415, recall=0.5, precision=0.3547
2026-03-15 01:43:14 | INFO | [Epoch 005] total_loss=0.138132, Lr0=0.000099Lr1=0.000991, time=0.58s
2026-03-15 01:43:16 | INFO | Validation — loss=1.5897, acc=0.7095, f1=0.415, recall=0.5, precision=0.3547
2026-03-15 01:43:16 | INFO | [Epoch 006] total_loss=0.120928, Lr0=0.000099Lr1=0.000988, time=0.55s
2026-03-15 01:43:18 | INFO | Validation — loss=1.0189, acc=0.7095, f1=0.415, recall=0.5, precision=0.3547
2026-03-15 01:43:18 | INFO | [Epoch 007] total_loss=0.065452, Lr0=0.000098Lr1=0.000984, time=0.51s
2026-03-15 01:43:19 | INFO | Validation — loss=0.4989, acc=0.7489, f1=0.5443, recall=0.5679, precision=0.8693
2026-03-15 01:43:19 | INFO | Best model logged 0.5443
2026-03-15 01:43:20 | INFO | [Epoch 008] total_loss=0.067894, Lr0=0.000098Lr1=0.000980, time=0.61s
2026-03-15 01:43:21 | INFO | Validation — loss=2.3448, acc=0.7095, f1=0.415, recall=0.5, precision=0.3547
2026-03-15 01:43:22 | INFO | [Epoch 009] total_loss=0.078653, Lr0=0.000098Lr1=0.000976, time=0.56s
2026-03-15 01:43:23 | INFO | Validation — loss=0.2432, acc=0.8852, f1=0.8394, recall=0.8024, precision=0.9303
2026-03-15 01:43:23 | INFO | Best model logged 0.8394
2026-03-15 01:43:24 | INFO | [Epoch 010] total_loss=0.031934, Lr0=0.000097Lr1=0.000970, time=0.55s
2026-03-15 01:43:25 | INFO | Validation — loss=0.1489, acc=0.9396, f1=0.9216, recall=0.896, precision=0.9608
2026-03-15 01:43:25 | INFO | Best model logged 0.9216
2026-03-15 01:43:26 | INFO | [Epoch 011] total_loss=0.028106, Lr0=0.000097Lr1=0.000965, time=0.72s
2026-03-15 01:43:28 | INFO | Validation — loss=0.0894, acc=0.9728, f1=0.966, recall=0.9532, precision=0.9815
2026-03-15 01:43:28 | INFO | Best model logged 0.966
2026-03-15 01:43:28 | INFO | [Epoch 012] total_loss=0.028283, Lr0=0.000096Lr1=0.000959, time=0.75s
2026-03-15 01:43:30 | INFO | Validation — loss=0.0895, acc=0.9656, f1=0.9589, recall=0.9659, precision=0.9527
2026-03-15 01:43:30 | INFO | [Epoch 013] total_loss=0.023517, Lr0=0.000095Lr1=0.000952, time=0.73s
2026-03-15 01:43:32 | INFO | Validation — loss=0.0490, acc=0.9892, f1=0.9868, recall=0.9849, precision=0.9888
2026-03-15 01:43:32 | INFO | Best model logged 0.9868
2026-03-15 01:43:33 | INFO | [Epoch 014] total_loss=0.018188, Lr0=0.000095Lr1=0.000946, time=0.71s
2026-03-15 01:43:34 | INFO | Validation — loss=0.3038, acc=0.8868, f1=0.8751, recall=0.9202, precision=0.8598
2026-03-15 01:43:35 | INFO | [Epoch 015] total_loss=0.014500, Lr0=0.000094Lr1=0.000938, time=0.61s
2026-03-15 01:43:36 | INFO | Validation — loss=0.1539, acc=0.9336, f1=0.9242, recall=0.9532, precision=0.907
2026-03-15 01:43:37 | INFO | [Epoch 016] total_loss=0.012118, Lr0=0.000093Lr1=0.000930, time=0.76s
2026-03-15 01:43:38 | INFO | Validation — loss=0.0336, acc=0.9889, f1=0.9867, recall=0.991, precision=0.9826
2026-03-15 01:43:39 | INFO | [Epoch 017] total_loss=0.007225, Lr0=0.000092Lr1=0.000922, time=0.64s
2026-03-15 01:43:40 | INFO | Validation — loss=0.1738, acc=0.9269, f1=0.917, recall=0.9485, precision=0.8995
2026-03-15 01:43:41 | INFO | [Epoch 018] total_loss=0.010963, Lr0=0.000091Lr1=0.000914, time=0.78s
2026-03-15 01:43:43 | INFO | Validation — loss=0.6753, acc=0.7519, f1=0.7444, recall=0.8252, precision=0.7697
2026-03-15 01:43:43 | INFO | [Epoch 019] total_loss=0.063008, Lr0=0.000091Lr1=0.000905, time=0.75s
2026-03-15 01:43:45 | INFO | Validation — loss=0.4115, acc=0.8218, f1=0.8108, recall=0.8744, precision=0.8099
2026-03-15 01:43:46 | INFO | [Epoch 020] total_loss=0.047135, Lr0=0.000090Lr1=0.000895, time=0.74s
2026-03-15 01:43:47 | INFO | Validation — loss=0.0880, acc=0.9631, f1=0.9556, recall=0.9595, precision=0.952
2026-03-15 01:43:48 | INFO | [Epoch 021] total_loss=0.029553, Lr0=0.000089Lr1=0.000885, time=0.78s
2026-03-15 01:43:49 | INFO | Validation — loss=0.6255, acc=0.7736, f1=0.7649, recall=0.8404, precision=0.781
2026-03-15 01:43:50 | INFO | [Epoch 022] total_loss=0.023060, Lr0=0.000088Lr1=0.000875, time=0.69s
2026-03-15 01:43:51 | INFO | Validation — loss=0.0372, acc=0.9855, f1=0.9821, recall=0.975, precision=0.99
2026-03-15 01:43:52 | INFO | [Epoch 023] total_loss=0.024424, Lr0=0.000087Lr1=0.000865, time=0.70s
2026-03-15 01:43:53 | INFO | Validation — loss=1.0682, acc=0.5751, f1=0.575, recall=0.7005, precision=0.703
2026-03-15 01:43:54 | INFO | [Epoch 024] total_loss=0.012619, Lr0=0.000086Lr1=0.000854, time=0.70s
2026-03-15 01:43:55 | INFO | Validation — loss=0.3078, acc=0.8822, f1=0.8704, recall=0.917, precision=0.8557
2026-03-15 01:43:56 | INFO | [Epoch 025] total_loss=0.005350, Lr0=0.000084Lr1=0.000842, time=0.76s
2026-03-15 01:43:57 | INFO | Validation — loss=0.2223, acc=0.9115, f1=0.9006, recall=0.9376, precision=0.8832
2026-03-15 01:43:58 | INFO | [Epoch 026] total_loss=0.005175, Lr0=0.000083Lr1=0.000831, time=0.56s
2026-03-15 01:44:00 | INFO | Validation — loss=0.3567, acc=0.8598, f1=0.848, recall=0.9012, precision=0.8373
2026-03-15 01:44:00 | INFO | [Epoch 027] total_loss=0.002500, Lr0=0.000082Lr1=0.000819, time=0.64s
2026-03-15 01:44:02 | INFO | Validation — loss=0.7462, acc=0.7595, f1=0.7516, recall=0.8305, precision=0.7736
2026-03-15 01:44:02 | INFO | [Epoch 028] total_loss=0.002946, Lr0=0.000081Lr1=0.000807, time=0.74s
2026-03-15 01:44:04 | INFO | Validation — loss=0.3148, acc=0.8829, f1=0.8711, recall=0.9175, precision=0.8563
2026-03-15 01:44:04 | INFO | [Epoch 029] total_loss=0.001700, Lr0=0.000080Lr1=0.000794, time=0.63s
2026-03-15 01:44:06 | INFO | Validation — loss=0.1593, acc=0.9345, f1=0.9251, recall=0.9536, precision=0.9081
2026-03-15 01:44:07 | INFO | [Epoch 030] total_loss=0.001948, Lr0=0.000078Lr1=0.000781, time=0.76s
2026-03-15 01:44:08 | INFO | Validation — loss=0.1309, acc=0.9458, f1=0.9374, recall=0.9611, precision=0.9216
2026-03-15 01:44:09 | INFO | [Epoch 031] total_loss=0.001979, Lr0=0.000077Lr1=0.000768, time=0.79s
2026-03-15 01:44:10 | INFO | Validation — loss=0.1325, acc=0.9437, f1=0.9352, recall=0.9599, precision=0.919
2026-03-15 01:44:11 | INFO | [Epoch 032] total_loss=0.001064, Lr0=0.000076Lr1=0.000755, time=0.74s
2026-03-15 01:44:13 | INFO | Validation — loss=0.1627, acc=0.9318, f1=0.9221, recall=0.9517, precision=0.9049
2026-03-15 01:44:13 | INFO | [Epoch 033] total_loss=0.001671, Lr0=0.000074Lr1=0.000741, time=0.72s
2026-03-15 01:44:15 | INFO | Validation — loss=0.2861, acc=0.8942, f1=0.8827, recall=0.9254, precision=0.8665
2026-03-15 01:44:15 | INFO | Early stopping at epoch 33. Best: 0.986800
2026-03-15 01:44:15 | INFO | Training complete.
2026-03-15 01:44:15 | INFO | Best checkpoint: ./save/cnn_overlap_new/subject_specific_SWELLDataset/finetuned_best_12.pt
2026-03-15 01:44:21 | INFO | Model forward EncoderClassifierModel(
  (encoder): CNNEncoder(
    (cnn_layers): Sequential(
      (0): Conv1d(1, 32, kernel_size=(10,), stride=(1,))
      (1): BatchNorm1d(32, eps=1e-05, momentum=0.1, affine=True, track_running_stats=True)
      (2): ReLU()
      (3): MaxPool1d(kernel_size=2, stride=2, padding=0, dilation=1, ceil_mode=False)
      (4): Dropout(p=0.0, inplace=False)
      (5): Conv1d(32, 64, kernel_size=(10,), stride=(1,))
      (6): BatchNorm1d(64, eps=1e-05, momentum=0.1, affine=True, track_running_stats=True)
      (7): ReLU()
      (8): MaxPool1d(kernel_size=2, stride=2, padding=0, dilation=1, ceil_mode=False)
      (9): Dropout(p=0.0, inplace=False)
      (10): Conv1d(64, 128, kernel_size=(10,), stride=(1,))
      (11): BatchNorm1d(128, eps=1e-05, momentum=0.1, affine=True, track_running_stats=True)
      (12): ReLU()
      (13): MaxPool1d(kernel_size=2, stride=2, padding=0, dilation=1, ceil_mode=False)
      (14): Dropout(p=0.0, inplace=False)
      (15): Conv1d(128, 256, kernel_size=(10,), stride=(1,))
      (16): BatchNorm1d(256, eps=1e-05, momentum=0.1, affine=True, track_running_stats=True)
      (17): ReLU()
      (18): MaxPool1d(kernel_size=2, stride=2, padding=0, dilation=1, ceil_mode=False)
      (19): Dropout(p=0.0, inplace=False)
    )
    (linear_layer): Sequential(
      (0): Linear(in_features=18176, out_features=64, bias=True)
      (1): ReLU()
    )
  )
  (classifier): Linear(in_features=64, out_features=1, bias=True)
  (loss_fn): BCEWithLogitsLoss()
)
2026-03-15 01:44:22 | INFO | [Epoch 000] total_loss=0.595412, Lr0=0.000100Lr1=0.001000, time=0.54s
2026-03-15 01:44:23 | INFO | Validation — loss=0.6308, acc=0.6972, f1=0.4108, recall=0.5, precision=0.3486
2026-03-15 01:44:23 | INFO | Best model logged 0.4108
2026-03-15 01:44:24 | INFO | [Epoch 001] total_loss=0.397824, Lr0=0.000100Lr1=0.000999, time=0.70s
2026-03-15 01:44:25 | INFO | Validation — loss=1.1919, acc=0.6972, f1=0.4108, recall=0.5, precision=0.3486
2026-03-15 01:44:26 | INFO | [Epoch 002] total_loss=0.307876, Lr0=0.000100Lr1=0.000998, time=0.69s
2026-03-15 01:44:27 | INFO | Validation — loss=2.6882, acc=0.6972, f1=0.4108, recall=0.5, precision=0.3486
2026-03-15 01:44:28 | INFO | [Epoch 003] total_loss=0.272703, Lr0=0.000100Lr1=0.000996, time=0.68s
2026-03-15 01:44:29 | INFO | Validation — loss=3.8046, acc=0.6972, f1=0.4108, recall=0.5, precision=0.3486
2026-03-15 01:44:30 | INFO | [Epoch 004] total_loss=0.229203, Lr0=0.000099Lr1=0.000994, time=0.68s
2026-03-15 01:44:31 | INFO | Validation — loss=0.6750, acc=0.6972, f1=0.4108, recall=0.5, precision=0.3486
2026-03-15 01:44:32 | INFO | [Epoch 005] total_loss=0.198578, Lr0=0.000099Lr1=0.000991, time=0.70s
2026-03-15 01:44:33 | INFO | Validation — loss=0.6984, acc=0.6972, f1=0.4108, recall=0.5, precision=0.3486
2026-03-15 01:44:34 | INFO | [Epoch 006] total_loss=0.166266, Lr0=0.000099Lr1=0.000988, time=0.81s
2026-03-15 01:44:36 | INFO | Validation — loss=2.3728, acc=0.6972, f1=0.4108, recall=0.5, precision=0.3486
2026-03-15 01:44:37 | INFO | [Epoch 007] total_loss=0.113276, Lr0=0.000098Lr1=0.000984, time=0.66s
2026-03-15 01:44:38 | INFO | Validation — loss=0.9104, acc=0.6972, f1=0.4108, recall=0.5, precision=0.3486
2026-03-15 01:44:39 | INFO | [Epoch 008] total_loss=0.083075, Lr0=0.000098Lr1=0.000980, time=0.81s
2026-03-15 01:44:40 | INFO | Validation — loss=3.2610, acc=0.6972, f1=0.4108, recall=0.5, precision=0.3486
2026-03-15 01:44:41 | INFO | [Epoch 009] total_loss=0.075238, Lr0=0.000098Lr1=0.000976, time=0.61s
2026-03-15 01:44:43 | INFO | Validation — loss=1.7821, acc=0.6972, f1=0.4108, recall=0.5, precision=0.3486
2026-03-15 01:44:43 | INFO | [Epoch 010] total_loss=0.054027, Lr0=0.000097Lr1=0.000970, time=0.55s
2026-03-15 01:44:45 | INFO | Validation — loss=1.3955, acc=0.3028, f1=0.2324, recall=0.5, precision=0.1514
2026-03-15 01:44:45 | INFO | [Epoch 011] total_loss=0.045121, Lr0=0.000097Lr1=0.000965, time=0.60s
2026-03-15 01:44:46 | INFO | Validation — loss=0.3050, acc=0.8697, f1=0.8202, recall=0.7848, precision=0.9213
2026-03-15 01:44:46 | INFO | Best model logged 0.8202
2026-03-15 01:44:48 | INFO | [Epoch 012] total_loss=0.044819, Lr0=0.000096Lr1=0.000959, time=0.69s
2026-03-15 01:44:49 | INFO | Validation — loss=2.4917, acc=0.3028, f1=0.2324, recall=0.5, precision=0.1514
2026-03-15 01:44:50 | INFO | [Epoch 013] total_loss=0.062524, Lr0=0.000095Lr1=0.000952, time=0.65s
2026-03-15 01:44:51 | INFO | Validation — loss=0.5548, acc=0.6632, f1=0.6613, recall=0.7501, precision=0.7245
2026-03-15 01:44:52 | INFO | [Epoch 014] total_loss=0.041657, Lr0=0.000095Lr1=0.000946, time=0.59s
2026-03-15 01:44:54 | INFO | Validation — loss=0.1724, acc=0.9355, f1=0.9184, recall=0.8938, precision=0.9573
2026-03-15 01:44:54 | INFO | Best model logged 0.9184
2026-03-15 01:44:55 | INFO | [Epoch 015] total_loss=0.027605, Lr0=0.000094Lr1=0.000938, time=0.77s
2026-03-15 01:44:56 | INFO | Validation — loss=0.2899, acc=0.8832, f1=0.8419, recall=0.8072, precision=0.9283
2026-03-15 01:44:57 | INFO | [Epoch 016] total_loss=0.026047, Lr0=0.000093Lr1=0.000930, time=0.82s
2026-03-15 01:44:58 | INFO | Validation — loss=0.3091, acc=0.8835, f1=0.8464, recall=0.8168, precision=0.9089
2026-03-15 01:44:59 | INFO | [Epoch 017] total_loss=0.014099, Lr0=0.000092Lr1=0.000922, time=0.73s
2026-03-15 01:45:01 | INFO | Validation — loss=0.6821, acc=0.6261, f1=0.623, recall=0.699, precision=0.6761
2026-03-15 01:45:01 | INFO | [Epoch 018] total_loss=0.011217, Lr0=0.000091Lr1=0.000914, time=0.71s
2026-03-15 01:45:03 | INFO | Validation — loss=1.0922, acc=0.4418, f1=0.4417, recall=0.5301, precision=0.5309
2026-03-15 01:45:04 | INFO | [Epoch 019] total_loss=0.006598, Lr0=0.000091Lr1=0.000905, time=0.82s
2026-03-15 01:45:05 | INFO | Validation — loss=0.5939, acc=0.7015, f1=0.672, recall=0.6906, precision=0.6681
2026-03-15 01:45:06 | INFO | [Epoch 020] total_loss=0.005738, Lr0=0.000090Lr1=0.000895, time=0.67s
2026-03-15 01:45:07 | INFO | Validation — loss=0.5357, acc=0.8217, f1=0.7451, recall=0.717, precision=0.8616
2026-03-15 01:45:08 | INFO | [Epoch 021] total_loss=0.009804, Lr0=0.000089Lr1=0.000885, time=0.62s
2026-03-15 01:45:09 | INFO | Validation — loss=0.4958, acc=0.7963, f1=0.7525, recall=0.7466, precision=0.7601
2026-03-15 01:45:10 | INFO | [Epoch 022] total_loss=0.017975, Lr0=0.000088Lr1=0.000875, time=0.67s
2026-03-15 01:45:11 | INFO | Validation — loss=0.6644, acc=0.6467, f1=0.6454, recall=0.7376, precision=0.7169
2026-03-15 01:45:12 | INFO | [Epoch 023] total_loss=0.020595, Lr0=0.000087Lr1=0.000865, time=0.61s
2026-03-15 01:45:13 | INFO | Validation — loss=1.7029, acc=0.3641, f1=0.3337, recall=0.5309, precision=0.5802
2026-03-15 01:45:14 | INFO | [Epoch 024] total_loss=0.010099, Lr0=0.000086Lr1=0.000854, time=0.68s
2026-03-15 01:45:15 | INFO | Validation — loss=1.1778, acc=0.7316, f1=0.5213, recall=0.5568, precision=0.861
2026-03-15 01:45:16 | INFO | [Epoch 025] total_loss=0.006214, Lr0=0.000084Lr1=0.000842, time=0.65s
2026-03-15 01:45:17 | INFO | Validation — loss=1.2047, acc=0.7197, f1=0.4854, recall=0.5371, precision=0.8566
2026-03-15 01:45:18 | INFO | [Epoch 026] total_loss=0.004268, Lr0=0.000083Lr1=0.000831, time=0.77s
2026-03-15 01:45:20 | INFO | Validation — loss=1.4820, acc=0.707, f1=0.4447, recall=0.5163, precision=0.8521
2026-03-15 01:45:20 | INFO | [Epoch 027] total_loss=0.002829, Lr0=0.000082Lr1=0.000819, time=0.68s
2026-03-15 01:45:21 | INFO | Validation — loss=1.0716, acc=0.7323, f1=0.5249, recall=0.5586, precision=0.852
2026-03-15 01:45:22 | INFO | [Epoch 028] total_loss=0.002589, Lr0=0.000081Lr1=0.000807, time=0.82s
2026-03-15 01:45:24 | INFO | Validation — loss=0.9597, acc=0.7538, f1=0.5826, recall=0.5936, precision=0.8695
2026-03-15 01:45:24 | INFO | [Epoch 029] total_loss=0.001471, Lr0=0.000080Lr1=0.000794, time=0.68s
2026-03-15 01:45:26 | INFO | Validation — loss=0.8001, acc=0.7841, f1=0.656, recall=0.6436, precision=0.8818
2026-03-15 01:45:26 | INFO | [Epoch 030] total_loss=0.001583, Lr0=0.000078Lr1=0.000781, time=0.70s
2026-03-15 01:45:28 | INFO | Validation — loss=0.4765, acc=0.8195, f1=0.776, recall=0.7647, precision=0.7928
2026-03-15 01:45:28 | INFO | [Epoch 031] total_loss=0.001320, Lr0=0.000077Lr1=0.000768, time=0.73s
2026-03-15 01:45:30 | INFO | Validation — loss=0.6056, acc=0.7281, f1=0.6907, recall=0.6998, precision=0.6856
2026-03-15 01:45:30 | INFO | [Epoch 032] total_loss=0.002320, Lr0=0.000076Lr1=0.000755, time=0.78s
2026-03-15 01:45:32 | INFO | Validation — loss=0.7588, acc=0.7821, f1=0.6589, recall=0.6455, precision=0.8528
2026-03-15 01:45:33 | INFO | [Epoch 033] total_loss=0.000921, Lr0=0.000074Lr1=0.000741, time=0.57s
2026-03-15 01:45:34 | INFO | Validation — loss=0.7469, acc=0.7756, f1=0.665, recall=0.6501, precision=0.7948
2026-03-15 01:45:35 | INFO | [Epoch 034] total_loss=0.001006, Lr0=0.000073Lr1=0.000727, time=0.78s
2026-03-15 01:45:36 | INFO | Validation — loss=0.6921, acc=0.7979, f1=0.6988, recall=0.677, precision=0.8448
2026-03-15 01:45:36 | INFO | Early stopping at epoch 34. Best: 0.918400
2026-03-15 01:45:36 | INFO | Training complete.
2026-03-15 01:45:36 | INFO | Best checkpoint: ./save/cnn_overlap_new/subject_specific_SWELLDataset/finetuned_best_13.pt
2026-03-15 01:45:42 | INFO | Model forward EncoderClassifierModel(
  (encoder): CNNEncoder(
    (cnn_layers): Sequential(
      (0): Conv1d(1, 32, kernel_size=(10,), stride=(1,))
      (1): BatchNorm1d(32, eps=1e-05, momentum=0.1, affine=True, track_running_stats=True)
      (2): ReLU()
      (3): MaxPool1d(kernel_size=2, stride=2, padding=0, dilation=1, ceil_mode=False)
      (4): Dropout(p=0.0, inplace=False)
      (5): Conv1d(32, 64, kernel_size=(10,), stride=(1,))
      (6): BatchNorm1d(64, eps=1e-05, momentum=0.1, affine=True, track_running_stats=True)
      (7): ReLU()
      (8): MaxPool1d(kernel_size=2, stride=2, padding=0, dilation=1, ceil_mode=False)
      (9): Dropout(p=0.0, inplace=False)
      (10): Conv1d(64, 128, kernel_size=(10,), stride=(1,))
      (11): BatchNorm1d(128, eps=1e-05, momentum=0.1, affine=True, track_running_stats=True)
      (12): ReLU()
      (13): MaxPool1d(kernel_size=2, stride=2, padding=0, dilation=1, ceil_mode=False)
      (14): Dropout(p=0.0, inplace=False)
      (15): Conv1d(128, 256, kernel_size=(10,), stride=(1,))
      (16): BatchNorm1d(256, eps=1e-05, momentum=0.1, affine=True, track_running_stats=True)
      (17): ReLU()
      (18): MaxPool1d(kernel_size=2, stride=2, padding=0, dilation=1, ceil_mode=False)
      (19): Dropout(p=0.0, inplace=False)
    )
    (linear_layer): Sequential(
      (0): Linear(in_features=18176, out_features=64, bias=True)
      (1): ReLU()
    )
  )
  (classifier): Linear(in_features=64, out_features=1, bias=True)
  (loss_fn): BCEWithLogitsLoss()
)
2026-03-15 01:45:43 | INFO | [Epoch 000] total_loss=0.606844, Lr0=0.000100Lr1=0.001000, time=0.68s
2026-03-15 01:45:45 | INFO | Validation — loss=0.6921, acc=0.6951, f1=0.4101, recall=0.5, precision=0.3475
2026-03-15 01:45:45 | INFO | Best model logged 0.4101
2026-03-15 01:45:46 | INFO | [Epoch 001] total_loss=0.430063, Lr0=0.000100Lr1=0.000999, time=0.77s
2026-03-15 01:45:47 | INFO | Validation — loss=1.6708, acc=0.6951, f1=0.4101, recall=0.5, precision=0.3475
2026-03-15 01:45:48 | INFO | [Epoch 002] total_loss=0.320238, Lr0=0.000100Lr1=0.000998, time=0.71s
2026-03-15 01:45:49 | INFO | Validation — loss=5.0036, acc=0.6951, f1=0.4101, recall=0.5, precision=0.3475
2026-03-15 01:45:50 | INFO | [Epoch 003] total_loss=0.281294, Lr0=0.000100Lr1=0.000996, time=0.75s
2026-03-15 01:45:51 | INFO | Validation — loss=4.0905, acc=0.6951, f1=0.4101, recall=0.5, precision=0.3475
2026-03-15 01:45:52 | INFO | [Epoch 004] total_loss=0.267234, Lr0=0.000099Lr1=0.000994, time=0.78s
2026-03-15 01:45:54 | INFO | Validation — loss=2.2455, acc=0.6951, f1=0.4101, recall=0.5, precision=0.3475
2026-03-15 01:45:54 | INFO | [Epoch 005] total_loss=0.218714, Lr0=0.000099Lr1=0.000991, time=0.70s
2026-03-15 01:45:56 | INFO | Validation — loss=2.8472, acc=0.6951, f1=0.4101, recall=0.5, precision=0.3475
2026-03-15 01:45:56 | INFO | [Epoch 006] total_loss=0.178312, Lr0=0.000099Lr1=0.000988, time=0.76s
2026-03-15 01:45:58 | INFO | Validation — loss=1.5293, acc=0.6951, f1=0.4101, recall=0.5, precision=0.3475
2026-03-15 01:45:58 | INFO | [Epoch 007] total_loss=0.139301, Lr0=0.000098Lr1=0.000984, time=0.64s
2026-03-15 01:46:00 | INFO | Validation — loss=5.1739, acc=0.6951, f1=0.4101, recall=0.5, precision=0.3475
2026-03-15 01:46:00 | INFO | [Epoch 008] total_loss=0.097322, Lr0=0.000098Lr1=0.000980, time=0.66s
2026-03-15 01:46:02 | INFO | Validation — loss=3.1032, acc=0.6951, f1=0.4101, recall=0.5, precision=0.3475
2026-03-15 01:46:03 | INFO | [Epoch 009] total_loss=0.085265, Lr0=0.000098Lr1=0.000976, time=0.70s
2026-03-15 01:46:04 | INFO | Validation — loss=1.5089, acc=0.6951, f1=0.4101, recall=0.5, precision=0.3475
2026-03-15 01:46:05 | INFO | [Epoch 010] total_loss=0.067890, Lr0=0.000097Lr1=0.000970, time=0.65s
2026-03-15 01:46:06 | INFO | Validation — loss=0.0182, acc=0.9995, f1=0.9995, recall=0.9993, precision=0.9997
2026-03-15 01:46:06 | INFO | Best model logged 0.9995
2026-03-15 01:46:07 | INFO | [Epoch 011] total_loss=0.063698, Lr0=0.000097Lr1=0.000965, time=0.75s
2026-03-15 01:46:09 | INFO | Validation — loss=0.0062, acc=0.9986, f1=0.9984, recall=0.999, precision=0.9978
2026-03-15 01:46:09 | INFO | [Epoch 012] total_loss=0.052344, Lr0=0.000096Lr1=0.000959, time=0.70s
2026-03-15 01:46:11 | INFO | Validation — loss=0.5094, acc=0.7842, f1=0.7775, recall=0.8448, precision=0.7928
2026-03-15 01:46:12 | INFO | [Epoch 013] total_loss=0.047394, Lr0=0.000095Lr1=0.000952, time=0.66s
2026-03-15 01:46:13 | INFO | Validation — loss=0.0587, acc=0.9739, f1=0.9699, recall=0.9812, precision=0.9605
2026-03-15 01:46:14 | INFO | [Epoch 014] total_loss=0.023111, Lr0=0.000095Lr1=0.000946, time=0.77s
2026-03-15 01:46:15 | INFO | Validation — loss=0.0136, acc=0.9934, f1=0.9923, recall=0.9953, precision=0.9894
2026-03-15 01:46:16 | INFO | [Epoch 015] total_loss=0.026215, Lr0=0.000094Lr1=0.000938, time=0.73s
2026-03-15 01:46:17 | INFO | Validation — loss=0.0064, acc=0.9977, f1=0.9973, recall=0.9984, precision=0.9963
2026-03-15 01:46:18 | INFO | [Epoch 016] total_loss=0.011631, Lr0=0.000093Lr1=0.000930, time=0.83s
2026-03-15 01:46:19 | INFO | Validation — loss=0.0826, acc=0.9677, f1=0.963, recall=0.9768, precision=0.9521
2026-03-15 01:46:20 | INFO | [Epoch 017] total_loss=0.008240, Lr0=0.000092Lr1=0.000922, time=0.59s
2026-03-15 01:46:21 | INFO | Validation — loss=0.0425, acc=0.9859, f1=0.9836, recall=0.9899, precision=0.9779
2026-03-15 01:46:22 | INFO | [Epoch 018] total_loss=0.009201, Lr0=0.000091Lr1=0.000914, time=0.57s
2026-03-15 01:46:23 | INFO | Validation — loss=0.2020, acc=0.9193, f1=0.9107, recall=0.9419, precision=0.8953
2026-03-15 01:46:23 | INFO | [Epoch 019] total_loss=0.005698, Lr0=0.000091Lr1=0.000905, time=0.55s
2026-03-15 01:46:25 | INFO | Validation — loss=0.1240, acc=0.952, f1=0.9457, recall=0.9655, precision=0.932
2026-03-15 01:46:25 | INFO | [Epoch 020] total_loss=0.003923, Lr0=0.000090Lr1=0.000895, time=0.53s
2026-03-15 01:46:26 | INFO | Validation — loss=0.1854, acc=0.9281, f1=0.92, recall=0.9483, precision=0.9046
2026-03-15 01:46:27 | INFO | [Epoch 021] total_loss=0.010557, Lr0=0.000089Lr1=0.000885, time=0.60s
2026-03-15 01:46:28 | INFO | Validation — loss=0.0584, acc=0.98, f1=0.9768, recall=0.9856, precision=0.9692
2026-03-15 01:46:29 | INFO | [Epoch 022] total_loss=0.012610, Lr0=0.000088Lr1=0.000875, time=0.66s
2026-03-15 01:46:30 | INFO | Validation — loss=0.1354, acc=0.945, f1=0.938, recall=0.9604, precision=0.9236
2026-03-15 01:46:31 | INFO | [Epoch 023] total_loss=0.026258, Lr0=0.000087Lr1=0.000865, time=0.60s
2026-03-15 01:46:32 | INFO | Validation — loss=0.0107, acc=0.9957, f1=0.9949, recall=0.9969, precision=0.993
2026-03-15 01:46:33 | INFO | [Epoch 024] total_loss=0.023922, Lr0=0.000086Lr1=0.000854, time=0.72s
2026-03-15 01:46:34 | INFO | Validation — loss=0.3684, acc=0.8688, f1=0.8594, recall=0.9056, precision=0.8496
2026-03-15 01:46:35 | INFO | [Epoch 025] total_loss=0.022199, Lr0=0.000084Lr1=0.000842, time=0.61s
2026-03-15 01:46:37 | INFO | Validation — loss=0.0008, acc=1.0, f1=1.0, recall=1.0, precision=1.0
2026-03-15 01:46:37 | INFO | Best model logged 1.0
2026-03-15 01:46:37 | INFO | [Epoch 026] total_loss=0.030143, Lr0=0.000083Lr1=0.000831, time=0.64s
2026-03-15 01:46:39 | INFO | Validation — loss=0.1453, acc=0.9432, f1=0.9361, recall=0.9591, precision=0.9214
2026-03-15 01:46:39 | INFO | [Epoch 027] total_loss=0.027572, Lr0=0.000082Lr1=0.000819, time=0.63s
2026-03-15 01:46:41 | INFO | Validation — loss=1.2504, acc=0.5682, f1=0.5675, recall=0.6894, precision=0.7069
2026-03-15 01:46:41 | INFO | [Epoch 028] total_loss=0.028235, Lr0=0.000081Lr1=0.000807, time=0.71s
2026-03-15 01:46:43 | INFO | Validation — loss=1.9577, acc=0.402, f1=0.375, recall=0.5698, precision=0.6688
2026-03-15 01:46:43 | INFO | [Epoch 029] total_loss=0.010981, Lr0=0.000080Lr1=0.000794, time=0.61s
2026-03-15 01:46:45 | INFO | Validation — loss=0.6382, acc=0.7788, f1=0.7723, recall=0.8409, precision=0.7898
2026-03-15 01:46:46 | INFO | [Epoch 030] total_loss=0.011115, Lr0=0.000078Lr1=0.000781, time=0.61s
2026-03-15 01:46:47 | INFO | Validation — loss=0.0054, acc=0.998, f1=0.9976, recall=0.9985, precision=0.9967
2026-03-15 01:46:48 | INFO | [Epoch 031] total_loss=0.009487, Lr0=0.000077Lr1=0.000768, time=0.64s
2026-03-15 01:46:49 | INFO | Validation — loss=0.0831, acc=0.97, f1=0.9655, recall=0.9784, precision=0.9552
2026-03-15 01:46:50 | INFO | [Epoch 032] total_loss=0.004297, Lr0=0.000076Lr1=0.000755, time=0.83s
2026-03-15 01:46:51 | INFO | Validation — loss=0.0229, acc=0.9923, f1=0.9909, recall=0.9944, precision=0.9876
2026-03-15 01:46:52 | INFO | [Epoch 033] total_loss=0.003253, Lr0=0.000074Lr1=0.000741, time=0.85s
2026-03-15 01:46:54 | INFO | Validation — loss=0.0589, acc=0.982, f1=0.9791, recall=0.9871, precision=0.9722
2026-03-15 01:46:55 | INFO | [Epoch 034] total_loss=0.001673, Lr0=0.000073Lr1=0.000727, time=0.79s
2026-03-15 01:46:56 | INFO | Validation — loss=0.0955, acc=0.9682, f1=0.9635, recall=0.9771, precision=0.9527
2026-03-15 01:46:57 | INFO | [Epoch 035] total_loss=0.002182, Lr0=0.000072Lr1=0.000713, time=0.80s
2026-03-15 01:46:58 | INFO | Validation — loss=0.0643, acc=0.9807, f1=0.9776, recall=0.9861, precision=0.9702
2026-03-15 01:46:59 | INFO | [Epoch 036] total_loss=0.001101, Lr0=0.000070Lr1=0.000699, time=0.76s
2026-03-15 01:47:00 | INFO | Validation — loss=0.0901, acc=0.9691, f1=0.9645, recall=0.9778, precision=0.954
2026-03-15 01:47:01 | INFO | [Epoch 037] total_loss=0.000756, Lr0=0.000069Lr1=0.000684, time=0.57s
2026-03-15 01:47:02 | INFO | Validation — loss=0.0793, acc=0.9734, f1=0.9693, recall=0.9809, precision=0.9599
2026-03-15 01:47:03 | INFO | [Epoch 038] total_loss=0.000657, Lr0=0.000067Lr1=0.000670, time=0.76s
2026-03-15 01:47:05 | INFO | Validation — loss=0.0705, acc=0.9773, f1=0.9737, recall=0.9836, precision=0.9653
2026-03-15 01:47:05 | INFO | [Epoch 039] total_loss=0.000782, Lr0=0.000066Lr1=0.000655, time=0.74s
2026-03-15 01:47:07 | INFO | Validation — loss=0.0583, acc=0.9818, f1=0.9789, recall=0.9869, precision=0.9719
2026-03-15 01:47:07 | INFO | [Epoch 040] total_loss=0.000649, Lr0=0.000064Lr1=0.000640, time=0.62s
2026-03-15 01:47:09 | INFO | Validation — loss=0.0401, acc=0.987, f1=0.9849, recall=0.9907, precision=0.9796
2026-03-15 01:47:10 | INFO | [Epoch 041] total_loss=0.000649, Lr0=0.000063Lr1=0.000625, time=0.77s
2026-03-15 01:47:11 | INFO | Validation — loss=0.0345, acc=0.9886, f1=0.9867, recall=0.9918, precision=0.982
2026-03-15 01:47:12 | INFO | [Epoch 042] total_loss=0.000537, Lr0=0.000061Lr1=0.000609, time=0.72s
2026-03-15 01:47:13 | INFO | Validation — loss=0.0296, acc=0.9898, f1=0.988, recall=0.9926, precision=0.9838
2026-03-15 01:47:14 | INFO | [Epoch 043] total_loss=0.000839, Lr0=0.000060Lr1=0.000594, time=0.72s
2026-03-15 01:47:15 | INFO | Validation — loss=0.0364, acc=0.9879, f1=0.9859, recall=0.9913, precision=0.981
2026-03-15 01:47:16 | INFO | [Epoch 044] total_loss=0.000420, Lr0=0.000058Lr1=0.000579, time=0.71s
2026-03-15 01:47:17 | INFO | Validation — loss=0.0450, acc=0.9859, f1=0.9836, recall=0.9899, precision=0.9779
2026-03-15 01:47:18 | INFO | [Epoch 045] total_loss=0.000659, Lr0=0.000057Lr1=0.000563, time=0.76s
2026-03-15 01:47:19 | INFO | Validation — loss=0.0383, acc=0.9879, f1=0.9859, recall=0.9913, precision=0.981
2026-03-15 01:47:19 | INFO | Early stopping at epoch 45. Best: 1.000000
2026-03-15 01:47:19 | INFO | Training complete.
2026-03-15 01:47:19 | INFO | Best checkpoint: ./save/cnn_overlap_new/subject_specific_SWELLDataset/finetuned_best_14.pt
